query_id,query,n_candidates,ndcg@10_random,recall@10_random,mrr_random,ndcg@10_tfidf,recall@10_tfidf,mrr_tfidf,ndcg@10_bm25,recall@10_bm25,mrr_bm25
1,!awnmower tires without rims,16,0.576836483750617,0.6,0.5,0.5697072325858136,0.6,0.5,0.5697072325858136,0.6,0.5
5,# 10 self-seal envelopes without window,40,0.8154885480348675,0.23529411764705882,1.0,0.8982550386867663,0.2647058823529412,1.0,0.9045513367491769,0.2647058823529412,1.0
6,# 2 pencils not sharpened,40,0.7847846183464527,0.2571428571428571,1.0,0.5294187177323876,0.2,1.0,0.4289203588513401,0.2,0.3333333333333333
9,# mom life,16,0.8692675853846851,0.6923076923076923,1.0,0.8856646473112871,0.6923076923076923,1.0,0.8756244710675639,0.6923076923076923,1.0
22,#11 mrs. kormel is not normal,16,0.8303010754742701,0.6666666666666666,1.0,0.7694182737520382,1.0,1.0,0.7694182737520382,1.0,1.0
23,#12 black boys chain necklace without baseball stitches,40,0.5501775694965618,0.25,1.0,0.7879795536243857,0.32142857142857145,1.0,0.6391682944667278,0.25,1.0
39,#5 zipper tape without pulls,40,0.6622451342711645,0.26666666666666666,1.0,0.7757688653337567,0.3333333333333333,1.0,0.7740907497073182,0.3333333333333333,1.0
46,"#9x5"" wood screws",16,0.44158011035778233,1.0,0.2,0.6509209298071326,1.0,0.5,0.6509209298071326,1.0,0.5
55,#this is not a truck decals,39,0.6011440879456181,0.2727272727272727,1.0,0.4622615547972141,0.22727272727272727,1.0,0.5006942016372463,0.2727272727272727,1.0
59,$1 dollar toys not fidgets,38,0.27727395624099754,0.375,0.3333333333333333,0.2611789568035266,0.25,0.5,0.23165737644831605,0.25,0.5
64,$10 amazon prime not prime wardrobe sweatpaants,39,0.4700421013377253,0.25,1.0,0.3709229484492688,0.20833333333333334,0.3333333333333333,0.3709229484492688,0.20833333333333334,0.3333333333333333
71,$10 stuff not books,38,0.2816014974905059,0.42857142857142855,0.3333333333333333,0.4362880413154732,0.42857142857142855,1.0,0.45742838119504414,0.42857142857142855,1.0
82,$2 pop tube not a pack,39,0.4558584098510256,0.3,0.3333333333333333,0.2845023760838989,0.2,0.3333333333333333,0.27124659462533834,0.2,0.25
112,&#34;bed swing without stand&#34;,40,0.0701438940976207,0.16666666666666666,0.14285714285714285,0.31000738938235917,0.3333333333333333,1.0,0.3325408128319835,0.3333333333333333,1.0
115,"&a pedicure spa parts, pop-up drain plug without strainer",40,0.21194424323470815,0.09090909090909091,0.3333333333333333,0.4674086660822879,0.22727272727272727,1.0,0.4248862873302461,0.18181818181818182,1.0
122,'72 nova instument panel without gauges,16,0.0,0.0,0.06666666666666667,0.0,0.0,0.07142857142857142,0.0,0.0,0.07142857142857142
146,'may not be perfect' canvas,40,0.6404078729003867,0.3333333333333333,1.0,0.7264939579370185,0.4444444444444444,1.0,0.7257884546814255,0.4444444444444444,1.0
148,'moment case' for iphone 7 not the plus,16,0.4781986444456273,0.8,0.3333333333333333,0.2142666685622236,0.4,0.2,0.22094409565111534,0.4,0.2
153,'see the possibility not the problem' textual canvas,40,0.6732343981914936,0.26666666666666666,1.0,0.700462679511945,0.26666666666666666,1.0,0.6979843170925661,0.26666666666666666,1.0
162,( brand-satisfyer-pro2 not womanizer ),40,0.12860843002915542,0.13333333333333333,0.125,0.10131492031939958,0.13333333333333333,0.1111111111111111,0.10131492031939958,0.13333333333333333,0.1111111111111111
172,(hue2 lighting controller not included),40,0.20609534341008892,0.16666666666666666,0.5,0.47127909079962044,0.3333333333333333,1.0,0.4624930133692215,0.3333333333333333,1.0
217,+crunchy peanuts not butter,40,0.4206347857664428,0.2631578947368421,0.5,0.5881720261544499,0.3684210526315789,0.5,0.4788818446856044,0.3684210526315789,0.3333333333333333
219,+dark chocolate peanuts covered not milk,40,0.5384833376348553,0.2857142857142857,0.5,0.5906371837693116,0.3333333333333333,1.0,0.6151711860857787,0.3333333333333333,1.0
224,+maintained foot switch not piggyback,16,0.7958291277506061,0.875,1.0,0.7169775097915406,0.75,1.0,0.6928549723476294,0.75,1.0
227,+proofer for yogourt -brod and not frozen and not automatic,37,0.2960819109658653,0.3333333333333333,0.5,0.4692787260227565,0.3333333333333333,1.0,0.2960819109658653,0.3333333333333333,0.5
291,- what i have ordered not what i can order,11,0.6885513121405797,1.0,0.5,0.5963338731314378,1.0,0.3333333333333333,0.8031122794644336,1.0,1.0
298,-18 x do not watch,22,0.0,0.0,0.058823529411764705,0.0,0.0,0.08333333333333333,0.0,0.0,0.08333333333333333
299,-3.50 not reading glasses,40,0.156772931002084,0.1,0.3333333333333333,0.5334857331207924,0.4,1.0,0.5420362134143333,0.4,1.0
319,. iced tea without sucralose without aspartame,24,0.5906580837081015,0.5384615384615384,0.5,0.8626706049468414,0.6923076923076923,1.0,0.8185090807289306,0.6923076923076923,1.0
327,.030 lincoln flux core,16,0.9321376950951338,0.625,1.0,0.9634117275431491,0.625,1.0,0.9634117275431491,0.625,1.0
342,.25 syringe without needle,16,0.7169776242528119,0.6428571428571429,0.5,0.7723038042625818,0.6428571428571429,1.0,0.8045259392216136,0.6428571428571429,1.0
347,.4 mm not bleed pen,40,0.8477002707182473,0.23684210526315788,1.0,0.9317219174938032,0.2631578947368421,1.0,0.9349369997364463,0.2631578947368421,1.0
350,.5 female not fitting plastic,15,0.733188130318862,0.7,1.0,0.3750619598632967,0.5,0.3333333333333333,0.374121680248645,0.5,0.3333333333333333
359,.65 trimmer not tangle ryobi braided,16,0.43952506875987335,0.5555555555555556,0.3333333333333333,0.4098578455635797,0.5555555555555556,0.5,0.266480750665855,0.4444444444444444,0.16666666666666666
360,.68 paintballs not reusable,40,0.733061742060143,0.25,1.0,0.5799154897273945,0.21875,1.0,0.5432787197430663,0.21875,1.0
401,0 outdoor stand alone umbrella without base,40,0.6214011939609387,0.2692307692307692,0.5,0.3111797515433985,0.11538461538461539,0.2,0.27975012556725026,0.11538461538461539,0.14285714285714285
414,0-3 months white collared shirt,16,0.7942386796128394,0.625,1.0,0.933564588803294,0.625,1.0,0.9547715182029446,0.625,1.0
418,0-cedar mop without bucket,16,0.6634716959358061,0.6,1.0,0.5174078048566967,0.6,0.5,0.5037263743105922,0.6,0.5
419,0.0 sticker not today,39,0.19694551601238366,0.3333333333333333,0.2,0.8980517442734133,1.0,1.0,0.8980517442734133,1.0,1.0
428,0.25 syringe without needle,16,0.724394195263801,0.6428571428571429,1.0,0.8036005944173108,0.6428571428571429,1.0,0.8254383772768826,0.6428571428571429,1.0
432,0.35hppump without pre-filter,40,0.1564262420075855,0.3333333333333333,0.14285714285714285,0.13565197343244778,0.3333333333333333,0.1,0.13565197343244778,0.3333333333333333,0.1
435,0.3cc syringe without needle,16,0.725773843266599,0.6363636363636364,1.0,0.8312448599711535,0.7272727272727273,1.0,0.8263193403833833,0.7272727272727273,1.0
436,0.3ml syringe without needle qty 1,16,0.518437803012974,0.7,0.5,0.44878471920999696,0.6,0.5,0.44878471920999696,0.6,0.5
449,0.53 cu. ft. retro mini fridge in white without freezer,16,0.5975138776388832,0.6363636363636364,1.0,0.32682241083275265,0.45454545454545453,0.2,0.34801957617239127,0.45454545454545453,0.25
450,0.5cc syringe without needle,16,0.7285363244026042,0.6153846153846154,1.0,0.8374029168716359,0.6923076923076923,1.0,0.7936314380918217,0.6923076923076923,1.0
460,"0.8"" reading glasses",16,0.7381919257729245,0.7,1.0,0.7799082337019199,0.8,0.5,0.8010066431488297,0.8,0.5
470,00 grease,39,0.20947313734500295,0.18181818181818182,0.2,0.7556384704421581,0.45454545454545453,1.0,0.7600852427378093,0.45454545454545453,1.0
478,007 car sticker without gun,40,0.16976248909020455,0.15384615384615385,0.3333333333333333,0.5770855264880993,0.46153846153846156,1.0,0.6457097804546311,0.5384615384615384,1.0
483,00m vesa mounting pattern mounting bracket not included,16,0.8731085394730279,0.6923076923076923,1.0,0.7506569162993064,0.5384615384615384,1.0,0.6144561795148755,0.5384615384615384,0.5
496,02 ford sport trac disc brakes,16,0.09820793929940805,0.25,0.16666666666666666,0.9395664345169855,1.0,1.0,0.8920308669417227,1.0,1.0
498,02 sensor without catalytic converter,15,0.6171390846184414,0.8571428571428571,0.3333333333333333,0.5424332889897996,0.42857142857142855,1.0,0.48098594182593274,0.42857142857142855,1.0
506,03 it's not unusual,35,0.17723928678404774,0.5,0.1,0.6131471927654584,0.5,1.0,0.6131471927654584,0.5,1.0
522,05 colorado seats not covers,40,0.07348053263417251,0.125,0.1,0.175799871202603,0.125,0.2,0.18224311718978825,0.25,0.2
529,05 surprise that’s not it.,24,0.32788670482993143,0.5,0.2,0.5448970845510835,0.8333333333333334,0.5,0.5482745350286602,0.8333333333333334,0.5
548,06 tailgate without clearance lights,39,0.47366959021796473,0.22727272727272727,0.5,0.36288691033421755,0.13636363636363635,1.0,0.3326334710436541,0.13636363636363635,1.0
555,07 camry xle stereo without amp,16,0.5474036940106607,0.7142857142857143,0.5,0.5721728161680525,0.42857142857142855,1.0,0.5721728161680525,0.42857142857142855,1.0
583,09 nissan altima coupe passenger headlight,16,0.7307037441141034,0.6428571428571429,0.5,0.644932761179375,0.5714285714285714,0.5,0.7636290903127958,0.5714285714285714,1.0
611,1 '' leather belts without buckles,40,0.7133213635300956,0.2647058823529412,1.0,0.6756399740679281,0.2647058823529412,0.5,0.7428590570799957,0.2647058823529412,1.0
647,1 2” bronze pop up drain for sink without overflow,40,0.7637871438954323,0.2903225806451613,1.0,0.5794548111535441,0.22580645161290322,0.5,0.5449862518910452,0.22580645161290322,0.3333333333333333
650,1 3/4 mens leather belt strap without buckle,40,0.6834480553544264,0.2222222222222222,1.0,0.8220924905878803,0.2777777777777778,1.0,0.8118249151916891,0.2777777777777778,1.0
662,1 52 by 84 thermal drape not blackout,40,0.5645693632084214,0.2413793103448276,0.5,0.513913660244013,0.20689655172413793,1.0,0.6303880651521696,0.27586206896551724,1.0
664,1 7/8 wood hole saw without arbor,40,0.7669595789154726,0.3103448275862069,1.0,0.7073150649625172,0.27586206896551724,1.0,0.727329844310522,0.27586206896551724,1.0
667,1 airpod not charging case,15,0.381348565320653,0.5,0.5,0.7667779776949966,1.0,0.5,0.7471730490911469,1.0,0.5
681,1 black small notebook without lines,40,0.6503871290465518,0.25,1.0,0.6278238908966156,0.25,1.0,0.5312040288035944,0.25,0.5
698,1 cc tuberculin syringe without needle,16,0.6431250652889696,0.6363636363636364,0.5,0.7662861871134025,0.6363636363636364,1.0,0.761799632301733,0.6363636363636364,1.0
707,1 corinthians without love wall art,40,0.6871818121444321,0.2727272727272727,1.0,0.5615754922656664,0.21212121212121213,0.5,0.5395037802040976,0.21212121212121213,0.3333333333333333
735,1 fluid ounce empty mini sauce bottles (sauce not included),40,0.514584803790245,0.21428571428571427,1.0,0.7539721687052973,0.32142857142857145,1.0,0.7079600150928803,0.2857142857142857,1.0
736,1 foot long hinge without holes,40,0.24481952059872505,0.25,0.3333333333333333,0.71150809432703,0.5,1.0,0.688211350995158,0.5,1.0
754,1 hp garbage disposal without power cord,40,0.4569403540596006,0.23076923076923078,0.5,0.6651897470673246,0.3076923076923077,1.0,0.6950433043078251,0.3076923076923077,1.0
768,1 inch binder4 oz elmer glue,16,0.9418379884185342,0.625,1.0,0.9164783316968063,0.625,1.0,0.9128420340474372,0.625,1.0
773,1 inch heels shoes wide width,16,0.8546155542307573,0.625,1.0,0.8662869028072403,0.625,1.0,0.8662869028072403,0.625,1.0
790,1 inch wooden beads for crafts without holes,40,0.4341365046895755,0.22727272727272727,1.0,0.5264021424322937,0.3181818181818182,0.5,0.5771177546008331,0.2727272727272727,1.0
812,1 me without needle syringes,16,0.7772912074992792,0.6153846153846154,1.0,0.8774757265562976,0.6923076923076923,1.0,0.8303368060415733,0.6153846153846154,1.0
817,1 ml 28 gauge 1/2 inch attached needle without safety,16,0.7460575767914284,0.6153846153846154,1.0,0.701070605650978,0.6923076923076923,0.5,0.5944402825920023,0.5384615384615384,0.5
819,1 ml blister pack luer lock tip without safety,16,0.540832604088862,0.5555555555555556,1.0,0.5911229137042772,0.5555555555555556,1.0,0.6793036538551539,0.6666666666666666,1.0
824,1 ml syringes without needles,16,1.0,0.625,1.0,0.9716189607861263,0.625,1.0,0.9684038785434832,0.625,1.0
859,1 picture frames 16x20 without mat,40,0.4619901797716897,0.25925925925925924,1.0,0.8030381290312977,0.2962962962962963,1.0,0.7804939721684558,0.2962962962962963,1.0
865,1 pocket folder without prongs,40,0.6580007813015907,0.23333333333333334,1.0,0.7302737907146882,0.26666666666666666,1.0,0.7065109339367868,0.26666666666666666,1.0
877,1 room portable air conditioner without hose,16,0.872679887613892,0.6,1.0,0.9494126029739882,0.6666666666666666,1.0,0.8799813810372109,0.6,1.0
879,1 set of earbuds without microphone,16,0.6557117994874998,0.5833333333333334,1.0,0.8045562527442636,0.6666666666666666,1.0,0.8173420934338201,0.6666666666666666,1.0
900,1 tsp of grenetine without sweetener,39,0.4160064358313537,0.42857142857142855,0.5,0.2734345961484982,0.42857142857142855,0.5,0.2573172730801444,0.2857142857142857,1.0
910,1 wooden beads without holes bulk,40,0.5444892458303541,0.2727272727272727,1.0,0.6403796646222737,0.36363636363636365,1.0,0.5709063506088525,0.3181818181818182,1.0
918,1 year old girl toys,15,0.7194955515208885,0.6428571428571429,1.0,0.9251122079923695,0.7142857142857143,1.0,0.9251122079923695,0.7142857142857143,1.0
929,1$xrphone cases,16,0.749667114595124,0.6666666666666666,1.0,0.5816828629660385,0.5555555555555556,1.0,0.5816828629660385,0.5555555555555556,1.0
941,1-1/2 x 3/4 ac weather stripping without adhesive,40,0.5828726043471348,0.28,1.0,0.4978941781562902,0.28,0.5,0.5567017183014846,0.32,0.5
948,1-1/4-inch vessel style drain without overflow,40,0.8803485966094552,0.2857142857142857,1.0,0.7651169076059816,0.2571428571428571,1.0,0.8017988686556616,0.2571428571428571,1.0
955,1-8x scope,40,0.847347435162293,0.2564102564102564,1.0,0.8440469478399536,0.2564102564102564,1.0,0.8611443511858841,0.2564102564102564,1.0
972,1.2 inch belt without buckle,40,0.6633066082626855,0.25806451612903225,1.0,0.5481895777824305,0.25806451612903225,0.5,0.5669049909730823,0.25806451612903225,0.5
982,1.4cuft small refrigerator without freezer,16,0.781502673494768,0.6428571428571429,1.0,0.7358490244164674,0.5714285714285714,1.0,0.8772663805908328,0.7142857142857143,1.0
997,1.5 mortise cylinder,40,0.48976435261545515,0.1935483870967742,1.0,0.7148452334383661,0.2903225806451613,0.5,0.7271051828457523,0.2903225806451613,0.5
1015,1.6 refrigerator without freezer,16,0.6037931784482725,0.6153846153846154,0.5,0.57018972227249,0.5384615384615384,0.5,0.7990803407583585,0.6153846153846154,1.0
1026,1.77 inch chrome drain without overflow,40,0.7442714268301546,0.23529411764705882,1.0,0.7372768620320784,0.23529411764705882,1.0,0.8872771075121092,0.29411764705882354,1.0
1033,1.9 fridge without freezer,16,0.5860992962126391,0.5454545454545454,1.0,0.5342254201133251,0.5454545454545454,0.5,0.7340896987136515,0.5454545454545454,1.0
1076,1/2 quart pan without lids lightweight,39,0.543857449986798,0.27586206896551724,1.0,0.8033547576863392,0.3448275862068966,1.0,0.7600219429441116,0.3103448275862069,1.0
1081,1/2 velcro strips without adhesive,16,0.6553162651912583,0.8333333333333334,0.5,0.5586355623953517,0.5,1.0,0.6722266439106994,0.6666666666666666,1.0
1089,1/2cc syringe without needle multiple use glass,16,0.8813257650704067,0.6153846153846154,1.0,0.8437030517666483,0.6153846153846154,1.0,0.7110161196749843,0.5384615384615384,1.0
1107,1/4 grommet without washer,16,0.2900470698456469,0.4,0.25,0.38159630068979405,0.6,0.2,0.38159630068979405,0.6,0.2
1130,1/4 tool set without ratchet,39,0.5128556989686691,0.3888888888888889,1.0,0.5344112351495383,0.3333333333333333,1.0,0.5303956705235393,0.3333333333333333,1.0
1196,10 gage electrical wire without ground,40,0.7421532466766114,0.32,1.0,0.6398157990095593,0.28,1.0,0.5655944444536789,0.24,1.0
1238,10 k gold earrings for women,16,0.8156928215572306,0.625,1.0,0.8175746012996037,0.625,1.0,0.8175746012996037,0.625,1.0
1247,10 lb resistance band without handles,40,0.7336207524107351,0.2571428571428571,0.5,0.787961616828841,0.2571428571428571,1.0,0.743610946783598,0.2571428571428571,1.0
1263,10 mfoot runner for kitchen without nap,40,0.7383456780801497,0.2903225806451613,1.0,0.828604545247417,0.2903225806451613,1.0,0.772847662180578,0.2903225806451613,1.0
1264,10 micron fuel filter 6an without regulator,16,0.9286387618767193,0.6666666666666666,1.0,0.8956721692843664,0.6666666666666666,1.0,0.9155681986298227,0.6666666666666666,1.0
1273,10 open window envelopes without plastic window,39,0.8403661482374356,0.2727272727272727,1.0,0.7799082337019199,0.2727272727272727,0.5,0.7325685479760441,0.2727272727272727,0.5
1276,10 oz mason jars without lids with handle,40,0.5153012719957623,0.2222222222222222,1.0,0.36819664419383963,0.18518518518518517,0.5,0.5690276194013405,0.2962962962962963,0.5
1277,10 oz nuk learner sippy cup without handles,38,0.8086758868444679,0.29411764705882354,1.0,0.796068254214396,0.29411764705882354,1.0,0.8275129166957949,0.29411764705882354,1.0
1300,10 slot slim wallet with money clip and without id window,39,0.7360978886034438,0.2702702702702703,1.0,0.6099045882389194,0.24324324324324326,1.0,0.6144011540142164,0.24324324324324326,1.0
1358,10.5 inch ipad pro case without home button,16,0.8572048559638626,0.6666666666666666,1.0,0.866947989864271,0.6666666666666666,1.0,1.0,0.8333333333333334,1.0
1378,100 cc syringes without needle,16,0.7459969487838775,0.6153846153846154,1.0,0.7998841245733354,0.6923076923076923,1.0,0.7555510112369712,0.6153846153846154,1.0
1396,100 gallon fuel tank,16,0.863120063592449,0.625,1.0,0.8847705668269432,0.625,1.0,0.8847705668269432,0.625,1.0
1401,100 human hair without the track,40,0.9168790986840171,0.2702702702702703,1.0,0.9507235030281824,0.2702702702702703,1.0,0.942271122217258,0.2702702702702703,1.0
1459,100% down pillow without feathers,39,0.852685175315521,0.3,1.0,0.6034269393561738,0.26666666666666666,0.5,0.6285733639778457,0.26666666666666666,0.5
1494,100ft garden hose expandanble without sprayer,39,0.8584956090533465,0.24324324324324326,1.0,0.79483826339559,0.24324324324324326,1.0,0.7639860872680097,0.24324324324324326,1.0
1523,101 life lessons without the bullshit,16,0.3515189156316043,1.0,0.125,0.48538004546068164,1.0,0.3333333333333333,0.5468225934151687,1.0,0.5
1524,101 pocket workout without machines,40,0.39224721092010634,0.375,1.0,0.15207797102536738,0.25,0.125,0.07425857538188668,0.125,0.1111111111111111
1546,108 inches quartz vanity tops without sink,37,0.5774815084869431,0.45454545454545453,1.0,0.11780186401481077,0.09090909090909091,0.125,0.059838102734353936,0.0,0.09090909090909091
1585,10k white gold diamond princess cut earrings screw on back,40,0.9295165736285318,0.2564102564102564,1.0,0.9074318324770688,0.2564102564102564,1.0,0.9091099481035073,0.2564102564102564,1.0
1587,10k yellow gold biblical circle pendant without chain,40,0.47963167277302987,0.23333333333333334,0.5,0.7066959034749682,0.26666666666666666,1.0,0.6722976440319831,0.23333333333333334,1.0
1588,10kpendant settings without stones,40,0.2750843698252452,0.1,1.0,0.24687045800123203,0.2,0.3333333333333333,0.18533784072008222,0.15,0.25
1594,10lb resistance band without handles,40,0.8000077494364173,0.2857142857142857,1.0,0.8597031672322999,0.2571428571428571,1.0,0.8807289088896336,0.2857142857142857,1.0
1596,10m waterproof led strip lights outdoor without controller,40,0.6778072137270602,0.24242424242424243,1.0,0.774927197544883,0.2727272727272727,1.0,0.8620387949969609,0.30303030303030304,1.0
1622,10x 30tents without sidewalls,40,0.6577551737922527,0.25806451612903225,1.0,0.6443093513515248,0.22580645161290322,1.0,0.6542855221454661,0.22580645161290322,1.0
1625,10x mirror with lights without batteries,40,0.8982550386867663,0.2564102564102564,1.0,0.9787930706003494,0.2564102564102564,1.0,0.9463191373920201,0.2564102564102564,1.0
1647,10x20 without walls,36,0.30830283439935036,0.2,1.0,0.28689036998736,0.4,0.5,0.3164423885395148,0.4,0.5
1660,10‘ x 10‘ trampoline without netting,16,0.6040093903296334,0.5714285714285714,1.0,0.3639187830520156,0.5714285714285714,0.5,0.40200019589844094,0.5714285714285714,0.5
1662,10’ tow rope for jetski without hooks,40,0.3576433101174405,0.16666666666666666,1.0,0.5318735348324882,0.2916666666666667,1.0,0.42206451573826237,0.25,0.5
1694,11 ipad pro case,16,0.9537125187088152,0.625,1.0,0.977915258848537,0.625,1.0,0.9471969491438326,0.625,1.0
1747,110 v desktop power grommet without usb,16,0.5421649086483259,0.6,1.0,0.6510403581327205,0.7,1.0,0.6377636511490188,0.7,1.0
1754,110v temperature controller without display,16,0.5432613124469573,0.5454545454545454,1.0,0.8439957040433861,0.8181818181818182,1.0,0.7811181067181389,0.8181818181818182,1.0
1755,111 places in washington that you must not miss,15,0.3198491635252337,0.42857142857142855,0.3333333333333333,0.8787304910100149,1.0,1.0,0.8787304910100149,1.0,1.0
1759,116 inch length window panels without grommets,40,0.6511560641952512,0.3333333333333333,1.0,0.3391530421272117,0.14285714285714285,1.0,0.3520888750600427,0.14285714285714285,1.0
1779,11th birthday crown without slash,40,0.41248071029449557,0.26666666666666666,0.3333333333333333,0.6120531130286487,0.26666666666666666,1.0,0.6647797497712791,0.26666666666666666,1.0
1784,11x14 frames without glass,39,0.5939155590511198,0.24242424242424243,0.5,0.7600596887539226,0.2727272727272727,1.0,0.8247768296862449,0.2727272727272727,1.0
1828,12 inch metal straw,40,0.7699354978881708,0.22857142857142856,1.0,0.6417375737502505,0.22857142857142856,0.3333333333333333,0.38232365796142315,0.17142857142857143,0.2
1890,12 volt air pump for inflatables,16,0.8760486808746282,0.625,1.0,0.8406776198791424,0.625,1.0,0.8406776198791424,0.625,1.0
1935,120v 40w filament incandescent,16,0.8575527811104311,0.625,1.0,0.9173751624756287,0.625,1.0,0.9160358599268373,0.625,1.0
1942,120x96 blackout curtains,40,0.7380078650620135,0.21212121212121213,1.0,0.527409875804938,0.21212121212121213,1.0,0.5882113234053754,0.24242424242424243,1.0
1994,12v table lamp,16,0.6552754499854929,0.5384615384615384,0.5,0.6822696424932673,0.5384615384615384,0.5,0.6685593956881768,0.5384615384615384,0.3333333333333333
2008,12x12 primed canvas,16,0.576756488558585,0.6,0.5,0.7081180674988375,0.6,1.0,0.7081180674988375,0.6,1.0
2088,14 inch lamp shades for table lamps,16,0.847347435162293,0.625,1.0,0.8721222823605412,0.625,1.0,0.8721222823605412,0.625,1.0
2118,14ft pole saw,15,0.936123743404121,0.6666666666666666,1.0,0.8919191159980254,0.6666666666666666,1.0,0.9236024329974736,0.6666666666666666,1.0
2134,14kwhite gold red quartz crab ring,34,0.7976232627929387,0.2727272727272727,1.0,0.6317603922428244,0.2727272727272727,0.5,0.6317603922428244,0.2727272727272727,0.5
2138,14mm druzy pendant,16,0.7235016195794897,0.625,1.0,0.8043861987060396,0.875,1.0,0.6744861821098505,0.875,0.5
2161,15 inch fastpitch softball,16,0.6182634682769994,0.6,0.3333333333333333,0.8129398729044005,0.7,1.0,0.8129398729044005,0.7,1.0
2162,15 inch light weight laptop that has lots of memory storage and RAM.  It should include a HDMI port as well as a USB drive.  ,15,0.8425923629722172,0.7142857142857143,1.0,0.925136875747975,0.7142857142857143,1.0,0.9276099351313186,0.7142857142857143,1.0
2182,15-inch macbook pro,16,0.9400228393296095,0.625,1.0,0.930316877503158,0.625,1.0,0.933564588803294,0.625,1.0
2203,150qt cooler,16,0.562717413555981,0.5454545454545454,1.0,0.6697264680653324,0.5454545454545454,1.0,0.6846073958102301,0.5454545454545454,1.0
2245,16 oz glass juice bottles with caps,16,0.920395603375692,0.625,1.0,0.8309780734967004,0.625,1.0,0.8167977504078126,0.625,1.0
2249,16 qt air fryer oven,16,0.9274918098849939,0.625,1.0,0.9554289676024135,0.625,1.0,0.9554289676024135,0.625,1.0
2253,16 x 32 frame,40,0.7644721327578791,0.2571428571428571,1.0,0.8192250915679228,0.2857142857142857,1.0,0.7960813509223303,0.2857142857142857,1.0
2267,16mm concrete drill bit hex,16,0.7651390528373867,0.6,0.5,0.8330013577422527,0.6,1.0,0.8303841534329398,0.6,1.0
2282,16x24x4 furnace filter,16,0.6403476926394099,0.5833333333333334,1.0,0.748747402249488,0.5,1.0,0.7440406922306879,0.5,1.0
2396,18x24 canvas paper,40,0.5987275325264007,0.21875,1.0,0.6222150616255342,0.25,1.0,0.5801317397354632,0.25,0.5
2405,19 by 19 frame,16,0.8789335177254264,0.625,1.0,0.8748032409025883,0.625,1.0,0.8759195979917094,0.625,1.0
2475,1” sink stopper and strainer,16,0.9141536948425277,0.625,1.0,0.9533147403336067,0.625,1.0,0.9754990743668628,0.625,1.0
2545,2 gallon water bottle,40,0.7417742332189291,0.2571428571428571,1.0,0.6895124997053197,0.22857142857142856,1.0,0.6606399082019654,0.22857142857142856,1.0
2552,2 in 1 elliptical and exercise bike,12,0.6667296768334031,1.0,0.5,0.8087135683814459,0.8333333333333334,1.0,0.8162568500704076,0.8333333333333334,1.0
2560,2 in pvc,16,0.9005033215744148,0.6923076923076923,1.0,0.8990684392693267,0.6153846153846154,1.0,0.9008240627729516,0.6153846153846154,1.0
2562,2 inch belts for men,16,0.9738672436737749,0.625,1.0,0.9005033215744148,0.625,1.0,0.9253314794949417,0.625,1.0
2570,2 inch muffler tip,16,0.7673210275392962,0.5714285714285714,1.0,0.9045513367491769,0.6428571428571429,1.0,0.9147230159355032,0.6428571428571429,1.0
2660,2 seater stroller,16,0.9008768387951549,0.625,1.0,0.895039956444123,0.625,1.0,0.895039956444123,0.625,1.0
2701,2 way mirror film for glass windows,40,0.48809534346782874,0.20588235294117646,0.5,0.7979194792153574,0.29411764705882354,1.0,0.7244470371632565,0.2647058823529412,1.0
2703,2 way speaker 5x7,16,0.9336693449052818,0.6666666666666666,1.0,0.8491801111886097,0.6,1.0,0.8453701889012416,0.6,1.0
2721,"2"" curtain rings bronze",16,0.2132566987712363,0.3333333333333333,0.5,0.8292633782252631,0.8333333333333334,1.0,0.844243449542982,0.8333333333333334,1.0
2748,2.5 vacuum hose,16,0.8834122198769802,0.6428571428571429,1.0,0.8650111786183293,0.5714285714285714,1.0,0.8582638554579921,0.5714285714285714,1.0
2788,20 inch storage bin,40,0.8258348010693564,0.2777777777777778,1.0,0.7962644784619636,0.25,1.0,0.7962644784619636,0.25,1.0
2816,20 volt weed eater dewalt,15,0.6041694441954621,0.5,1.0,0.8166544002020917,0.625,1.0,0.7713314908217197,0.625,1.0
2837,200cc scooter,16,0.6913232380797176,0.6,1.0,0.6596654860215583,0.6,1.0,0.6568062322751896,0.6,1.0
2884,20x30 frame,16,0.8768879154552428,0.625,1.0,0.8784185804229517,0.625,1.0,0.8761702975353033,0.625,1.0
2888,20x40 tent,40,0.8013801603695696,0.2564102564102564,1.0,0.8915237125246576,0.2564102564102564,1.0,0.865286506297097,0.2564102564102564,1.0
2906,"21"" metal hoop",16,0.26163716498011375,0.5,0.3333333333333333,0.7990559142278677,0.75,1.0,0.7990559142278677,0.75,1.0
2929,"22"" monitor telescopic wall mount",16,0.7702122381806226,0.6153846153846154,0.5,0.7084733534779478,0.5384615384615384,1.0,0.7223036961406122,0.5384615384615384,1.0
3077,25 hp mercury carb,16,0.9001030358082058,0.7692307692307693,1.0,0.8840986557744498,0.6923076923076923,1.0,0.8777513636895381,0.6923076923076923,1.0
3080,25 inch opening 8 ft pull down ladder,16,0.9427490181974753,0.6666666666666666,1.0,0.8763688066502701,0.6,1.0,0.8824300046270003,0.6,1.0
3098,250cc dirtbike,16,0.7088677226716775,0.8,0.25,0.8990918454613029,0.8,1.0,0.9058102043556604,0.8,1.0
3100,250cc scooters,15,0.6889431607219488,0.7,0.5,0.7023998630976181,0.6,0.3333333333333333,0.6953268302937196,0.6,0.3333333333333333
3142,27 cushion,16,0.9396330285815241,0.7142857142857143,1.0,0.7417238069574871,0.5714285714285714,0.5,0.5802526826936955,0.5714285714285714,0.3333333333333333
3144,27 foot pool covers for above ground pools,16,0.07986155906569621,0.0,0.09090909090909091,0.053602099459676644,0.0,0.09090909090909091,0.1674625028592927,0.5,0.1111111111111111
3256,2x linen shorts mens,16,0.5061845592545294,0.6,0.5,0.6412198961462949,0.7,1.0,0.6412198961462949,0.7,1.0
3324,3 day refresh beachbody without shakeology,40,0.37539845309271774,0.2631578947368421,0.5,0.6447633299166169,0.3157894736842105,1.0,0.6447633299166169,0.3157894736842105,1.0
3378,3 led retrofit recessed,16,0.8438845179018706,0.625,1.0,0.9533147403336067,0.625,1.0,0.9057971386664802,0.625,1.0
3463,3 wood covers for golf clubs,40,0.8588897666497397,0.2631578947368421,1.0,0.9716189607861263,0.2631578947368421,1.0,0.9292578780090285,0.2631578947368421,1.0
3464,3 x 1 box,40,0.6523153905152835,0.22857142857142856,1.0,0.7737128926940569,0.2857142857142857,1.0,0.7185876656083631,0.2857142857142857,1.0
3521,3/10 ml u-100 insulin syringes,16,0.8991987231687164,0.625,1.0,0.8851825356425533,0.625,1.0,0.8843822317679273,0.625,1.0
3539,3/4 quickchange,16,0.8106710140085193,1.0,0.5,0.691714126548764,0.8,0.25,0.691714126548764,0.8,0.25
3548,3/8 drill socket adapter,16,0.8417975659868603,0.625,1.0,0.8397585434315616,0.625,1.0,0.8445293798418667,0.625,1.0
3626,302 crate engine,16,0.5210562362871326,0.6666666666666666,0.25,0.5657348814520418,0.6666666666666666,0.3333333333333333,0.5901488018673859,0.6666666666666666,0.5
3632,30a sports bra with padding,16,0.8484359194787113,0.625,1.0,0.9327994909398155,0.625,1.0,0.9304857824143273,0.625,1.0
3662,32 cool underwear,16,0.7949231569964036,0.6,1.0,0.934773045240411,0.6666666666666666,1.0,0.8814997152339246,0.6666666666666666,1.0
3941,3m shipping tape,16,0.8248625163264434,0.625,1.0,0.8248625163264434,0.625,1.0,0.8443227402794213,0.625,1.0
3966,3rd rock from the sun,15,0.8899541168509599,0.6666666666666666,1.0,0.9517825025223118,0.6666666666666666,1.0,0.9517825025223118,0.6666666666666666,1.0
3968,3t boys pajamas shorts,16,0.550673671942729,0.6,1.0,0.6603155446330301,0.6,1.0,0.6603155446330301,0.6,1.0
3991,3x cotton shirts for men,40,0.8705853157443364,0.2564102564102564,1.0,0.8529049402290357,0.2564102564102564,1.0,0.8466624462998463,0.2564102564102564,1.0
4190,400w power inverter,16,0.9275057199382241,0.625,1.0,0.9092480684874107,0.625,1.0,0.9263140646559703,0.625,1.0
4247,44 ddd bras for plus size women,16,0.96331803895032,0.625,1.0,0.9138900830033844,0.625,1.0,0.9138900830033844,0.625,1.0
4248,44 inch ceiling fan without light,40,0.6937991636510377,0.25806451612903225,1.0,0.7111838321922784,0.2903225806451613,1.0,0.7279863959557666,0.2903225806451613,1.0
4303,49ers mens t shirt,16,0.8976617565525116,0.625,1.0,0.9471969491438326,0.625,1.0,0.9471969491438326,0.625,1.0
4370,4k projector ultra hd with 3d,16,0.8312854133559197,0.625,1.0,0.8875565951456295,0.625,1.0,0.885802543701962,0.625,1.0
4378,4k tv non smart,16,0.9305687780632228,0.625,1.0,0.8064659999627327,0.625,1.0,0.8249300472933948,0.625,1.0
4453,4x sweatshirts for women plus size,16,0.562604808691676,0.5833333333333334,1.0,0.6534089137311893,0.6666666666666666,0.5,0.7191727852504923,0.75,0.5
4456,4x4,16,0.691643799287291,0.6666666666666666,1.0,0.3009419258769365,0.3333333333333333,0.1,0.3009419258769365,0.3333333333333333,0.1
4460,4x4 note pads not sticky,40,0.4518987453886495,0.21739130434782608,1.0,0.46827680398393257,0.21739130434782608,0.3333333333333333,0.4068666372679738,0.17391304347826086,0.3333333333333333
4472,4xl funny tshirts for men,40,0.9093618486635722,0.25,1.0,0.9526603142741242,0.25,1.0,0.9517825025223118,0.25,1.0
4527,5 inch quilting ruler,16,0.8573105604887954,0.625,1.0,0.9205767342323009,0.625,1.0,0.9205767342323009,0.625,1.0
4560,5 star fall season xxl shirts,16,0.6410457898283654,0.5714285714285714,0.3333333333333333,0.8196399727029104,0.5714285714285714,1.0,0.8196399727029104,0.5714285714285714,1.0
4600,5.5 under armour white and black boys,16,0.8187394763472683,0.6666666666666666,1.0,0.8911358847263607,0.6,1.0,0.9191347743715284,0.6666666666666666,1.0
4634,50 inch tv not smart,16,0.5799349582370292,0.5384615384615384,1.0,0.8137753924441639,0.6153846153846154,1.0,0.8137753924441639,0.6153846153846154,1.0
4670,500 heavyduty clear sheet protector,16,0.7982866947876015,0.625,1.0,0.9556493299547569,0.625,1.0,0.9567083294488864,0.625,1.0
4700,50s425,16,0.7208851241697821,0.5384615384615384,0.5,0.8451880698763876,0.5384615384615384,1.0,0.8451880698763876,0.5384615384615384,1.0
4795,5v white led,40,0.8164759078504386,0.24324324324324326,1.0,1.0,0.2702702702702703,1.0,1.0,0.2702702702702703,1.0
4854,6 foot teddy bear,16,0.82787029914062,0.625,1.0,0.9338568382031255,0.625,1.0,0.9034207803861894,0.625,1.0
4859,6 gal water storage jug replacement parts,16,0.8944836122933966,0.625,1.0,0.9399337652641017,0.625,1.0,0.9399337652641017,0.625,1.0
4879,6 inch whool pad,16,0.8698739994728926,0.6,1.0,0.9432379215722527,0.6,1.0,0.9220309921726021,0.6,1.0
4880,6 lug chevy rims 26 inch,16,0.14083998424080346,0.16666666666666666,0.2,0.6260661745377447,0.6666666666666666,1.0,0.6260661745377447,0.6666666666666666,1.0
4888,6 pane window frame with glass,16,0.7143503939441713,0.6153846153846154,0.5,0.7078824774777559,0.6153846153846154,0.5,0.7184391747633753,0.6153846153846154,0.5
4893,6 person tent with screen room,16,0.9609388906944982,0.625,1.0,0.9018096131475518,0.625,1.0,0.8848440346493374,0.625,1.0
4958,60 wide mini blinds,16,0.8984184058065362,0.625,1.0,0.9606536523804245,0.625,1.0,0.9577740661608027,0.625,1.0
4991,62 inch shelf,40,0.6445751304557651,0.25,1.0,0.8578966398857479,0.25,1.0,0.8552748397773593,0.25,1.0
5056,6oz brandy glass,16,0.8937353580384246,0.625,1.0,1.0,0.625,1.0,1.0,0.625,1.0
5084,6xl knee sleeve with straps,40,0.6206310859355466,0.25,1.0,0.7704655128700535,0.25,1.0,0.7797141275041987,0.25,1.0
5095,7 african powers statue,16,0.6290362353115817,0.7,1.0,0.524079852759894,0.6,0.3333333333333333,0.5289448664171699,0.6,0.3333333333333333
5101,7 ft multi color pre lit christmas tree,16,0.9117476050210471,0.625,1.0,0.9222093930797478,0.625,1.0,0.9080585594480532,0.625,1.0
5105,7 inch wide letter stencils,16,0.8478333285894862,0.625,1.0,0.9692201653995299,0.625,1.0,0.9705669479986532,0.625,1.0
5116,7 watt led bulb,16,0.9768562593544076,0.625,1.0,0.9421111095506693,0.625,1.0,0.941233297798857,0.625,1.0
5120,"7"" paper plates",16,0.917341826463684,0.625,1.0,0.9537915794915526,0.625,1.0,0.9513703327341864,0.625,1.0
5132,7.5 hp vfd,40,0.7439243582226209,0.2903225806451613,1.0,0.6549236150873445,0.22580645161290322,1.0,0.6549236150873445,0.22580645161290322,1.0
5138,70 costumes for women,40,0.48715631790820446,0.20833333333333334,0.3333333333333333,0.6877334751671017,0.25,1.0,0.6877334751671017,0.25,1.0
5203,75w clamp lamp,16,0.7994910864855533,0.6428571428571429,1.0,0.7484406765637585,0.5714285714285714,0.5,0.8231362688440645,0.5714285714285714,1.0
5224,7th generation wipes,16,0.57120951287801,0.5714285714285714,0.3333333333333333,0.5267142270426016,0.42857142857142855,0.14285714285714285,0.7327740944773149,0.5714285714285714,1.0
5245,8 billiard table,40,0.8862181080179797,0.24324324324324326,1.0,0.8108582970019788,0.21621621621621623,0.5,0.8320652264016293,0.24324324324324326,0.5
5290,8 port punch down panel weatherproof,16,0.44263542960071217,0.5555555555555556,0.5,0.4476081378817734,0.6666666666666666,0.2,0.4453576353256646,0.6666666666666666,0.25
5293,8 range hood wall vent,16,1.0,0.625,1.0,0.9787930706003494,0.625,1.0,0.977915258848537,0.625,1.0
5305,8-15 knee high compression socks for women,16,0.8908978013329101,0.625,1.0,0.9463191373920201,0.625,1.0,0.96331803895032,0.625,1.0
5337,80s costumes for women,23,0.9537125187088151,0.6428571428571429,1.0,0.7799082337019199,0.5714285714285714,0.5,0.7264591246892943,0.5,0.5
5349,80’s movie,16,0.7164850636933812,0.5833333333333334,1.0,0.7510916729774054,0.6666666666666666,1.0,0.7510916729774054,0.6666666666666666,1.0
5376,8ft pool tables for adults,43,0.7886748728976009,0.2564102564102564,1.0,0.762021189981039,0.23076923076923078,1.0,0.7626797302302792,0.23076923076923078,1.0
5395,8oz leather,16,0.9477344873475498,0.6,1.0,0.8248911165874062,0.6,0.5,0.8248911165874062,0.6,0.5
5416,8x11 rugs for living room,16,0.8860688386077061,0.625,1.0,0.8730044734854441,0.625,1.0,0.9036694114479694,0.625,1.0
5469,9 year old clothes,16,0.8159078619129548,0.7,1.0,0.650563989079303,0.5,1.0,0.650563989079303,0.5,1.0
5493,90's party decorations and supplies,40,0.8982550386867663,0.2727272727272727,1.0,0.9477344873475498,0.2727272727272727,1.0,0.9074250374176304,0.2727272727272727,1.0
5506,90s cartoon movies,16,0.9471643200863396,0.625,1.0,0.8726798876138921,0.625,1.0,0.8726798876138921,0.625,1.0
5513,90s phone,16,0.8186696982473954,0.6,1.0,0.8632043598335556,0.6666666666666666,1.0,0.8732445360772788,0.6666666666666666,1.0
5544,96 civic quarter panel,15,0.1671604549662023,0.3333333333333333,0.16666666666666666,0.23463936301137825,0.3333333333333333,0.3333333333333333,0.4692787260227565,0.3333333333333333,1.0
5562,98 dodge caravan rain guard,16,0.880383389708392,0.7142857142857143,1.0,0.9822634029811828,0.7142857142857143,1.0,0.9851429892008043,0.7142857142857143,1.0
5575,990v5 men,16,0.8810437468872236,0.625,1.0,0.90291385926324,0.625,1.0,0.8965209389184615,0.625,1.0
5598,9x12 envelopes 250 count,16,0.8852158711153161,0.625,1.0,0.8994225879321841,0.625,1.0,0.8994225879321841,0.625,1.0
5612,A laptop that had good gaming capabilities while being budget friendly ,15,0.8568376403916185,0.6923076923076923,1.0,0.7070163306109303,0.6153846153846154,0.3333333333333333,0.7124796957412222,0.6153846153846154,0.3333333333333333
5615,A laptop with enough power to play 4K videos and run photoshop easily.,15,0.7202097133229891,0.6666666666666666,1.0,0.49108191504819676,0.6666666666666666,0.25,0.49108191504819676,0.6666666666666666,0.25
5621,A navy blue puffer jacket which covers my bum and has a fur lined hood.  It also has a gold zip & fleece lined pockets,36,0.6467282439565494,0.3888888888888889,1.0,0.7167800517502114,0.4444444444444444,1.0,0.6546626654855999,0.3888888888888889,1.0
5678,I want the new laptop to have a replaceable battery and to be solid state and ruggedized to deal with bumps and scrapes.,15,0.8197419886947529,1.0,1.0,0.5381078270451449,0.8,0.5,0.5381078270451449,0.8,0.5
5725,"I'd buy a Dell or HP running Windows, I need a big hard drive and lostsa memory",13,0.5935876419462803,1.0,0.14285714285714285,0.7313148243770339,1.0,0.14285714285714285,0.7248454094125443,1.0,0.2
5743,Nice new top of the range laptop with maybe where the screen comes away on it's own,13,0.45042108583059287,0.7142857142857143,0.3333333333333333,0.7471843758567381,0.8571428571428571,1.0,0.6016458859053079,0.8571428571428571,0.5
5748,"Portable, touch-screen, with a pen, high resolution display, good speakers. ",12,0.9516188044621579,0.9090909090909091,1.0,0.9151132339695064,0.8181818181818182,1.0,0.9182135454839101,0.8181818181818182,1.0
5749,Since I have a desktop any laptop for work with decent specifications would do,12,0.6276405220582777,0.6666666666666666,1.0,0.5242710303785718,1.0,0.14285714285714285,0.49825046548235297,1.0,0.14285714285714285
5750,"Solid state drive, fast, with copious memory. Two USB ports minimum. High resolution display. Prefer 12” monitor or larger, and prefer number pad. ",14,0.7057086639472897,1.0,0.5,0.798573808461295,0.75,1.0,0.8011921239350519,0.75,1.0
5778,a & b foam,16,0.5250738593006464,0.5714285714285714,1.0,0.49069385296655404,0.7142857142857143,0.5,0.5474082094109276,0.5714285714285714,1.0
5780,a 6 motels,16,0.9180895571532646,0.625,1.0,0.8426144311250842,0.625,1.0,0.8426144311250842,0.625,1.0
5793,a choice for life,16,0.9392148330510314,0.625,1.0,0.9504318313235595,0.625,1.0,0.9504318313235595,0.625,1.0
5869,a not so typical love,16,0.6088461010652426,0.6666666666666666,1.0,0.8673858629360122,0.8888888888888888,1.0,0.8770546246025337,0.8888888888888888,1.0
5915,a womens work,16,0.8012125031327344,0.625,1.0,0.9518128045041553,0.625,1.0,0.9152329079220239,0.625,1.0
5919,a world without work,15,0.4473793276611665,0.5714285714285714,0.5,0.7986938308234333,0.8571428571428571,1.0,0.8330885950809448,0.8571428571428571,1.0
5922,a writers reference 9th edition by diana hacker,16,0.9320739411743278,0.625,1.0,0.9506168780916407,0.625,1.0,0.9323592266408275,0.625,1.0
5933,a-shirts undershirts,40,0.8958982358463768,0.24324324324324326,1.0,0.9085781768482107,0.2702702702702703,1.0,0.9096371763423401,0.2702702702702703,1.0
5938,a/c adapters,16,0.764629893381493,0.6428571428571429,1.0,0.9157196576049409,0.7142857142857143,1.0,0.9157196576049409,0.7142857142857143,1.0
5949,a10e case,21,0.8159115075376489,0.47619047619047616,1.0,0.9388633982505333,0.47619047619047616,1.0,0.9283272902350127,0.47619047619047616,1.0
5958,a20,16,0.9002577226628459,0.625,1.0,0.9787930706003494,0.625,1.0,0.9787930706003494,0.625,1.0
6004,a7iir,16,0.8543281744583088,0.6,1.0,0.9214535246064987,0.6666666666666666,1.0,0.9214535246064987,0.6666666666666666,1.0
6011,a9 sony,16,0.9222093930797478,0.625,1.0,0.9737845369173468,0.625,1.0,0.9464004029551656,0.625,1.0
6101,abrigo de invierno para jovenes,16,0.8269866142826771,0.6,1.0,0.7583150961195118,0.6,1.0,0.7583150961195118,0.6,1.0
6165,ac units for rooms without windows,16,0.7131797211089194,0.5714285714285714,1.0,0.8390528149749825,0.6428571428571429,1.0,0.8390528149749825,0.6428571428571429,1.0
6184,accent c table,16,0.9716189607861263,0.625,1.0,0.96331803895032,0.625,1.0,0.96331803895032,0.625,1.0
6188,accent furniture,16,0.8812654533005682,0.625,1.0,0.8928549294002411,0.625,1.0,0.9956810520858584,0.625,1.0
6257,ace combat 7 ps4,16,0.7131483614543972,0.5555555555555556,0.5,0.9151351564887453,0.7777777777777778,1.0,0.8726349008450902,0.6666666666666666,1.0
6311,acer predator gaming x34,16,0.855840645605554,0.6,1.0,0.9533497162960899,0.6,1.0,0.9289180756985237,0.6,1.0
6319,acer thin laptop,16,0.8015421301369285,0.625,1.0,0.9471234905468496,0.625,1.0,0.949593527041929,0.625,1.0
6381,acorn tv subscription in prime,16,0.8549253375737719,0.625,1.0,0.8911738743598763,0.625,1.0,0.8911738743598763,0.625,1.0
6425,acrylic paints for painting,16,0.9361767385157805,0.625,1.0,0.9435593591982605,0.625,1.0,0.9392148330510314,0.625,1.0
6448,activated carbon mask,16,0.7686992054208691,0.6,1.0,0.7614578177792674,0.5,1.0,0.7350043202545056,0.5,1.0
6488,acure toner,16,0.78354465073459,0.625,1.0,0.8099678049938919,0.625,1.0,0.8118136935246896,0.625,1.0
6511,adam and eve toys for women,40,0.4106255937440966,0.17391304347826086,1.0,0.6474166954776684,0.34782608695652173,0.3333333333333333,0.5745335272434335,0.30434782608695654,0.3333333333333333
6513,adam savage,16,0.7862663781283128,0.6153846153846154,1.0,0.8776930456870435,0.7692307692307693,1.0,0.872098739295641,0.7692307692307693,1.0
6574,addidas book bags,16,0.9349369997364463,0.625,1.0,0.8937353580384246,0.625,1.0,0.8937353580384246,0.625,1.0
6621,adhesive tape,16,0.9056190812280054,0.6923076923076923,1.0,0.8861281096368654,0.6153846153846154,1.0,0.990024118042283,0.7692307692307693,1.0
6627,adhesive vinyl envelops,16,0.8944836122933966,0.625,1.0,0.9681038083104088,0.625,1.0,0.9681038083104088,0.625,1.0
6645,adidas boost,16,0.9045513367491769,0.625,1.0,0.8768879154552428,0.625,1.0,0.8716506168869617,0.625,1.0
6753,adidas soccer cleats black,16,0.8339033546946564,0.625,1.0,0.9250795789348766,0.625,1.0,0.8989726566067059,0.625,1.0
6778,adidas track spikes,16,0.9221163972522983,0.625,1.0,1.0,0.625,1.0,0.9738672436737749,0.625,1.0
6784,adidas ultimate tee men,16,0.8268011858971115,0.625,1.0,0.9186136433723903,0.625,1.0,0.9242236446846667,0.625,1.0
6796,adidas yellow t-shirt,39,0.8162229791793557,0.2564102564102564,1.0,0.8214304354331939,0.2564102564102564,1.0,0.8184414197525612,0.2564102564102564,1.0
6803,adidas+nmd+r1+men+grey,16,0.892256274909764,0.625,1.0,0.9451383062965899,0.625,1.0,0.8881557229877907,0.625,1.0
6806,adidog pink,40,0.718937421109709,0.2727272727272727,1.0,0.7762952751151158,0.2727272727272727,1.0,0.7468856787363479,0.2727272727272727,1.0
6811,adirondack chair cushions,16,0.7957649601280197,0.5714285714285714,1.0,0.9193406281167676,0.7142857142857143,1.0,0.8506516287704021,0.7142857142857143,1.0
6860,admiral,16,0.9437576190259305,0.625,1.0,0.9554289676024135,0.625,1.0,0.9554289676024135,0.625,1.0
6892,adrianna papell short dress long sleeve,16,0.8557657558578236,0.625,1.0,0.9808851670121423,0.625,1.0,0.9437380028099795,0.625,1.0
6899,adullt toys for man,16,0.5277865636714344,0.6666666666666666,0.25,0.13591580371299475,0.3333333333333333,0.2,0.13591580371299475,0.3333333333333333,0.2
6908,adult books,16,0.933745776545611,0.6428571428571429,1.0,0.7104770117651426,0.5714285714285714,0.5,0.7104770117651426,0.5714285714285714,0.5
6912,adult cat supplement,16,0.92663607790064,0.625,1.0,0.9716189607861263,0.625,1.0,0.9716189607861263,0.625,1.0
6950,adult onsie lemur,16,0.8798234934397956,0.625,1.0,0.936499564323138,0.625,1.0,0.9472389483607739,0.625,1.0
6981,adult twin loft bed withbdesk,13,0.9402026423625891,0.7692307692307693,1.0,0.9549673618913426,0.7692307692307693,1.0,0.9136003555172834,0.7692307692307693,1.0
7004,advantix ii for dogs large,16,0.7707814853022228,0.7777777777777778,1.0,0.6268199129137815,0.7777777777777778,0.5,0.6571525888339443,0.7777777777777778,0.5
7019,adventures in odyssey dvd,16,0.3482538302146054,0.5,0.25,0.3026024134988135,0.16666666666666666,1.0,0.19092086617893467,0.16666666666666666,0.5
7031,aelfox,16,0.8455940937325924,0.625,1.0,0.9904274075370947,0.625,1.0,0.8585595379791786,0.625,1.0
7041,aerochamber spacer for inhaler for adults without mask,40,0.3029003101770861,0.375,0.3333333333333333,0.42789858616458903,0.5,0.5,0.3337384261590045,0.375,0.3333333333333333
7053,aerosol water,16,0.8202509049701835,0.6666666666666666,1.0,0.9242236446846667,0.6666666666666666,1.0,0.9540270822766909,0.6666666666666666,1.0
7071,af925,16,0.7981844986216804,0.8,1.0,0.39434314117830505,0.5,0.3333333333333333,0.39434314117830505,0.5,0.3333333333333333
7088,african american chef,16,0.7316362001126298,0.6666666666666666,1.0,0.6155866229267417,0.8333333333333334,0.5,0.5857420314400269,0.8333333333333334,0.3333333333333333
7141,agatha christie mysteries,16,0.7449852975140666,0.5714285714285714,0.5,0.8532403736895208,0.5714285714285714,1.0,0.8532403736895208,0.5714285714285714,1.0
7201,ahegao shirt women xtgoo brand,16,0.35014830198348024,0.6666666666666666,0.25,0.2769189462922768,0.6666666666666666,0.1111111111111111,0.2769189462922768,0.6666666666666666,0.1111111111111111
7213,aiag,16,0.5298982599625928,0.5,1.0,0.841492960259019,0.8,1.0,0.8482378089219647,0.8,1.0
7241,air bed frame,16,0.8736286736197503,0.75,1.0,0.8154722695448358,0.6666666666666666,1.0,0.7757675328550585,0.6666666666666666,1.0
7276,air defusers with essential oils,40,0.9305687780632227,0.2571428571428571,1.0,0.8209647180733193,0.2,1.0,0.8800456786592188,0.22857142857142856,1.0
7289,air filters 16x25x4,16,0.48331483694589455,0.45454545454545453,0.5,0.914856882358379,0.8181818181818182,1.0,0.914856882358379,0.8181818181818182,1.0
7419,air vapor max green,16,0.9070850256348616,0.625,1.0,0.884333992967299,0.625,1.0,0.888809633029341,0.625,1.0
7454,airforce 1 women shoes white,16,0.7771171117068939,0.7777777777777778,1.0,0.8375818949955358,0.7777777777777778,1.0,0.7665739722402773,0.6666666666666666,1.0
7460,airis mystica,16,0.0,0.0,0.09090909090909091,0.0,0.0,0.0625,0.0,0.0,0.0625
7475,airplane pinatas for birthday party,16,0.48181451485213256,0.6,0.25,0.32877011753750407,0.4,0.25,0.5569908551089597,0.6,1.0
7500,airpod case vans logo,14,0.7432565008698666,0.8,1.0,0.8625985291578209,0.9,1.0,0.8514879573941432,0.9,1.0
7527,airpod skins blood,16,0.9609388906944982,0.625,1.0,0.9287561721325626,0.625,1.0,0.9347073334827604,0.625,1.0
7529,airpod without charging case,16,0.33570257916061624,0.42857142857142855,0.2,0.6439928215870411,0.5714285714285714,1.0,0.659207252043528,0.5714285714285714,1.0
7600,airsoft electric rifles,16,0.8916453291853327,0.625,1.0,0.8820398089438279,0.625,1.0,0.8352142547488506,0.625,1.0
7606,airsoft glock 19,16,0.7621298665149172,0.5833333333333334,0.5,0.7891072323423388,0.5833333333333334,0.5,0.7134709619721114,0.5,0.3333333333333333
7676,akai mpk mini mk2,16,0.6369874797947511,0.6,0.3333333333333333,0.8940942684741385,0.8,1.0,0.8911249957309646,0.8,1.0
7699,akshay kumar movies,16,0.8131614527584434,0.625,1.0,0.8339075987519199,0.625,1.0,0.8339075987519199,0.625,1.0
7842,alesis pro x hi-hat,27,0.3540243245991899,0.36363636363636365,0.25,0.5277941217208602,0.36363636363636365,0.3333333333333333,0.520725099465095,0.36363636363636365,0.25
7874,alexa 5 show,16,0.7977025557607628,0.6666666666666666,1.0,0.9169231836471612,0.6666666666666666,1.0,0.8497805914289474,0.5833333333333334,1.0
7875,alexa alarm clock,16,0.8272082475604943,0.5714285714285714,1.0,0.9123357616926895,0.6428571428571429,1.0,0.9304250482000426,0.6428571428571429,1.0
7877,alexa app for echo dot setup,16,0.6399438277691339,0.5833333333333334,1.0,0.9133977141907076,0.75,1.0,0.9007576696946772,0.8333333333333334,1.0
7908,alexa video,15,0.5215292882099661,0.5555555555555556,0.5,0.882989878706797,0.8888888888888888,1.0,0.9842184869190973,1.0,1.0
8005,alicia witt,16,0.8579809428223729,0.6666666666666666,1.0,0.914856882358379,0.75,1.0,0.914856882358379,0.75,1.0
8017,alien next door book 7,16,0.6526985866633331,0.5,0.25,0.8358842948276408,0.625,1.0,0.8839269397559489,0.625,1.0
8037,alison bruce,16,0.6520881886359191,0.5454545454545454,1.0,0.6816604510406281,0.6363636363636364,1.0,0.6816604510406281,0.6363636363636364,1.0
8113,all or nothing michigan wolverines,14,0.9361767385157805,0.7142857142857143,1.0,0.9307066738505995,0.7142857142857143,1.0,0.9307066738505995,0.7142857142857143,1.0
8127,all the light we can not see paperback,16,0.7332193154938591,0.6153846153846154,1.0,0.8769555293929117,0.6923076923076923,1.0,0.8842517403809503,0.6923076923076923,1.0
8186,alliglossy hair deep clousure,16,0.9321376950951338,0.625,1.0,0.9392148330510314,0.625,1.0,0.9392148330510314,0.625,1.0
8194,allure chanel for men 1.7,16,0.9108579352048268,0.625,1.0,0.9289006082267348,0.625,1.0,0.9241221148926659,0.625,1.0
8203,almay my best light 100,42,0.5422270500084507,0.2413793103448276,1.0,0.8697654795201518,0.27586206896551724,1.0,0.74618767761552,0.20689655172413793,1.0
8235,almond joy ornament,16,0.5341937112454755,0.625,0.5,0.9915924735615161,1.0,1.0,0.993632669723141,1.0,1.0
8249,almost paradise debbie macomber,16,0.882736744717792,0.6666666666666666,1.0,0.9267068060793572,0.6,1.0,0.9306133457162019,0.6,1.0
8281,alpha base capsules without iron,40,0.4640263315233928,0.24,1.0,0.8728815711571037,0.36,1.0,0.8177657102589682,0.32,1.0
8379,altra duo running shoes men,16,0.8377561278400013,0.625,1.0,0.9570768474212639,0.625,1.0,0.9570768474212639,0.625,1.0
8483,amazing adventures hidden object games,8,0.9616662948818056,1.0,1.0,0.9389165353039437,1.0,1.0,0.9432823818230156,1.0,1.0
8571,amazon gift cards for christmas,16,0.8223082471850064,0.625,1.0,0.8764548271528609,0.625,1.0,0.8764548271528609,0.625,1.0
8574,amazon ipads,16,0.8233409192701389,0.6428571428571429,1.0,0.9787930706003494,0.7142857142857143,1.0,0.9787930706003494,0.7142857142857143,1.0
8595,amazon photo storage for prime members,16,0.30718371578189313,0.5,0.25,0.839653887821725,1.0,1.0,0.7611740324495945,1.0,1.0
8621,amazon tablet case for kids,15,0.7561472394174907,0.6923076923076923,1.0,0.9159348476182226,0.7692307692307693,1.0,0.8891004122394534,0.7692307692307693,1.0
8627,amazon tv 50 inch,16,0.7408000526308508,0.8,1.0,0.6874834680680725,0.8,1.0,0.3126873201355758,0.6,0.2
8631,amazon video prime app,16,0.6241965804313481,0.5714285714285714,0.5,0.8634627267205642,0.5714285714285714,1.0,0.8505268937877333,0.5714285714285714,1.0
8717,amc channel subscription,14,0.4447188759789368,0.8,0.3333333333333333,0.6872401701220915,0.6,1.0,0.6872401701220915,0.6,1.0
8766,american crew shampoo and conditioner for men,29,0.5353514520725766,0.3125,0.5,0.6825376813876302,0.4375,0.5,0.6553807720474382,0.4375,0.5
8877,amla green tea,16,0.8376138867094952,0.625,1.0,0.8394741813173155,0.625,1.0,0.8637668878238651,0.625,1.0
8879,amla hair oil,16,0.908050948609378,0.625,1.0,0.9061141373634362,0.625,1.0,0.930316877503158,0.625,1.0
8887,ammonia free windex refill,16,0.9292578780090285,0.625,1.0,0.8090814984226254,0.625,1.0,0.8322252390682179,0.625,1.0
8902,amp switch,51,0.48882922182497546,0.11428571428571428,1.0,0.9216017310213247,0.2571428571428571,1.0,0.8984579903757324,0.2571428571428571,1.0
8920,amsco world history,16,0.8478333285894862,0.625,1.0,0.9468817998296742,0.625,1.0,0.9399337652641017,0.625,1.0
9051,android charger,35,0.6892206400834503,0.3157894736842105,1.0,1.0,0.5263157894736842,1.0,0.9432379215722527,0.47368421052631576,1.0
9102,angel shirt from stitch,16,0.3866461185616757,0.4,1.0,0.7062853221094124,1.0,0.5,0.7114668991360267,1.0,0.5
9159,anillos de compromiso para mujer de oro,26,0.9768562593544076,0.38461538461538464,1.0,1.0,0.38461538461538464,1.0,1.0,0.38461538461538464,1.0
9220,anime hoodie for girls,16,0.8709310591697058,0.6,1.0,0.9253314794949417,0.6666666666666666,1.0,0.9253314794949417,0.6666666666666666,1.0
9318,anna costume frozen adult,16,0.6014004554081833,0.6,0.5,0.7859624708593069,0.7,1.0,0.7237661194342193,0.8,1.0
9326,anne de green gables español,13,0.92663607790064,0.7692307692307693,1.0,0.9738672436737749,0.7692307692307693,1.0,0.9768562593544076,0.7692307692307693,1.0
9346,annri blue light blocking glasses,16,0.9495342196346633,0.625,1.0,0.9524016186546209,0.625,1.0,0.9242792750602506,0.625,1.0
9581,apieu tint,16,0.9504120313864757,0.625,1.0,0.9567083294488864,0.625,1.0,0.9567083294488864,0.625,1.0
9623,apple 11 pro max,31,0.5416906198308282,0.3333333333333333,0.5,0.5645097921267795,0.3333333333333333,0.5,0.5413660514811871,0.25,0.5
9642,apple airpods,79,0.5673531157807147,0.14285714285714285,0.5,0.7745542150242184,0.12244897959183673,1.0,0.8039369346935542,0.12244897959183673,1.0
9703,apple i mac touch screen computer,16,0.8145800106418987,0.5714285714285714,0.5,0.8254629124034278,0.5714285714285714,1.0,0.8254629124034278,0.5714285714285714,1.0
9724,apple iphone 11 pro unlocked,16,0.5651119955737798,0.5,0.3333333333333333,0.6624456845665935,0.5,1.0,0.5562549288923868,0.5,0.5
9739,"apple iphone xs max, 64gb, silver- fully unlocked like new",16,0.9201759287719096,0.625,1.0,0.9938203652479539,0.625,1.0,0.9899138256111094,0.625,1.0
9886,apple watch series 1,27,0.6621506617348974,0.3888888888888889,1.0,0.7674898868953589,0.4444444444444444,0.5,0.7259447383693659,0.3888888888888889,0.5
9900,apple watch series 3 bands 42mm women,16,0.8669885693322668,0.625,1.0,0.8454128742536764,0.625,1.0,0.8583035103443588,0.625,1.0
9953,appliances refrigerators,16,0.9311946892549704,0.625,1.0,0.9471643200863396,0.625,1.0,0.9471643200863396,0.625,1.0
9994,aqua di gio body fragrance for men,16,0.7069920688430489,0.5454545454545454,1.0,0.6878226466723316,0.6363636363636364,0.5,0.7650075932745434,0.7272727272727273,1.0
10000,aqua pour homme travel,16,0.9305771987116873,0.625,1.0,0.9877841797012169,0.625,1.0,0.9772274824155974,0.625,1.0
10084,ar15 parts and accessories,15,0.6930013643547267,0.6363636363636364,1.0,0.6462735073677079,0.5454545454545454,0.5,0.7356238907773033,0.5454545454545454,1.0
10086,arab jewelry for women,40,0.8911507300039928,0.23684210526315788,1.0,0.9093618486635722,0.2631578947368421,1.0,0.9567083294488864,0.2631578947368421,1.0
10130,arcade stool ms pacman,39,0.7358762050659066,0.28125,1.0,0.7049980341063626,0.25,1.0,0.7856194205966696,0.28125,1.0
10157,architecture templates 1/8,16,0.8323485091314143,0.6666666666666666,1.0,0.9219640163532961,0.6666666666666666,1.0,0.9313650766673208,0.6666666666666666,1.0
10209,area rug 5x7 blue,16,0.8654994761511733,0.625,1.0,0.977915258848537,0.625,1.0,0.977915258848537,0.625,1.0
10250,ari finkelstein,14,0.641814336381605,0.7,1.0,0.8411776402401573,0.9,1.0,0.8411776402401573,0.9,1.0
10282,arimistane,40,0.6008963308247026,0.25,1.0,0.5988341317795602,0.25,1.0,0.5988341317795602,0.25,1.0
10283,arizona birkenstocks men,16,0.6236698356979954,0.5384615384615384,1.0,0.6165911491285786,0.6153846153846154,0.3333333333333333,0.6958371446443226,0.5384615384615384,1.0
10335,armani exchange white belts,16,0.46474192455386154,0.5555555555555556,0.3333333333333333,0.4685300981660111,0.6666666666666666,0.2,0.3819731927203953,0.5555555555555556,0.2
10437,arrives before christmas gifts for men,13,0.20438239758848614,0.5,0.14285714285714285,0.45749452618986164,1.0,0.25,0.6131471927654584,0.5,1.0
10541,articulated electronic fist 5 year,16,0.8654994761511733,0.625,1.0,0.8675021601272528,0.625,1.0,0.8675021601272528,0.625,1.0
10542,articulation second edition,16,0.4001885915837617,0.5,0.25,0.6012075149174069,1.0,0.14285714285714285,0.6012075149174069,1.0,0.14285714285714285
10565,artificial plants indoor large,16,0.9452601378978908,0.625,1.0,0.9005033215744148,0.625,1.0,0.9009094678526477,0.625,1.0
10589,arts and crafts boys,11,0.9576381979632106,0.9090909090909091,1.0,0.9598266981245999,0.9090909090909091,1.0,0.9542323917331974,0.9090909090909091,1.0
10596,arturia audiofuse studio,40,0.5258910198311576,0.23809523809523808,0.5,0.8312005113577512,0.38095238095238093,1.0,0.8312005113577512,0.38095238095238093,1.0
10628,asg sniper,16,0.8295414346699286,0.8181818181818182,1.0,0.5582604437617528,0.45454545454545453,1.0,0.837993815480853,0.8181818181818182,1.0
10705,aso ankle brace stabilizer,41,0.8622648615589715,0.24390243902439024,1.0,0.9738672436737749,0.24390243902439024,1.0,0.977915258848537,0.24390243902439024,1.0
10775,assorted bulk candy,16,0.8383155977510887,0.6,1.0,0.9361767385157805,0.6666666666666666,1.0,0.9361767385157805,0.6666666666666666,1.0
10787,assymetrical tops for women,16,0.7862790172673768,0.6666666666666666,1.0,0.6209236414666792,0.5833333333333334,0.5,0.5680310024115977,0.5833333333333334,0.5
10804,astro headphones a40,16,0.7029565099192264,0.6,1.0,0.7163242139998524,0.6,0.3333333333333333,0.6985599044339067,0.6,0.25
10827,astros shirt women,10,0.7353187981018725,1.0,1.0,0.9380003372275195,1.0,1.0,0.9380003372275195,1.0,1.0
10829,astroworld hoodie,16,0.9437576190259305,0.625,1.0,0.9554289676024135,0.625,1.0,0.9437576190259305,0.625,1.0
10858,asus laptop charger ux305c,16,0.7155792046490989,0.6,1.0,0.783105827125456,0.7,1.0,0.7105327974992027,0.6,1.0
10961,athletica leggings for women,16,0.9058757936491364,0.625,1.0,0.8757486781158016,0.625,1.0,0.8802161648149451,0.625,1.0
11026,attitude dish detergent,16,0.732351035105504,0.6153846153846154,0.5,0.7379681525430211,0.6153846153846154,1.0,0.7667847132675354,0.6153846153846154,1.0
11058,auburn tigers womens apparel,16,0.772837825180752,0.5384615384615384,1.0,0.8237894698706737,0.6153846153846154,1.0,0.8904022416585923,0.6923076923076923,1.0
11115,audrey halloween coatume,16,0.8040176607237605,0.6,1.0,0.8598456810488044,0.7,1.0,0.8381792736776906,0.7,1.0
11138,auntie necklaces for women,15,0.8864060908197352,0.75,1.0,0.8288238167499891,0.6666666666666666,1.0,0.8154885480348675,0.6666666666666666,1.0
11218,aurora shoes,16,0.5986719394517378,0.6363636363636364,1.0,0.8184510283202937,0.7272727272727273,1.0,0.8636267687883609,0.8181818181818182,1.0
11221,aurora world stuffed animal mouse,16,0.9191158849629212,0.625,1.0,0.9772274824155974,0.625,1.0,0.9427930190104704,0.625,1.0
11276,auto position sensor,16,0.5744929704190154,0.42857142857142855,0.5,0.9157583948564628,0.8571428571428571,1.0,0.9157583948564628,0.8571428571428571,1.0
11292,autoblow,15,0.4660979985841195,0.5714285714285714,0.2,0.38698867558853955,0.5714285714285714,0.14285714285714285,0.38698867558853955,0.5714285714285714,0.14285714285714285
11318,automatic freshener refill cherry,16,0.9705669479986532,0.625,1.0,0.9399337652641017,0.625,1.0,0.9533497162960899,0.625,1.0
11338,automatic toilet seat open and close,16,0.9227209734746888,0.625,1.0,0.9437576190259305,0.625,1.0,0.9554289676024135,0.625,1.0
11382,ava max christmas without you,9,0.8877438190084522,1.0,1.0,0.8868591705515992,1.0,1.0,0.8868591705515992,1.0,1.0
11387,avalon 737 mic preamp,16,0.7634473510821747,0.8333333333333334,0.5,0.8919358199458501,0.8333333333333334,1.0,0.8919358199458501,0.8333333333333334,1.0
11424,avenger birthday part games,16,0.6659743759275921,0.6,0.25,0.7083702798375796,0.4,1.0,0.7083702798375796,0.4,1.0
11425,avenger costumes for women,16,0.844449860172634,0.625,1.0,0.9332359561384511,0.625,1.0,0.9067571938325018,0.625,1.0
11433,avengers bow and arrow toy,16,0.8402941909055318,0.6,1.0,0.9582849700220921,0.6666666666666666,1.0,0.986681804125617,0.6666666666666666,1.0
11464,average joes costume,16,0.9349369997364463,0.625,1.0,0.942271122217258,0.625,1.0,0.9454862044599013,0.625,1.0
11517,awesome edible kids crafts,16,0.37212411458337397,0.5,0.5,0.872736268299635,0.8333333333333334,1.0,0.872736268299635,0.8333333333333334,1.0
11531,axe phoenix shampoo and conditioner,16,0.8386958012163258,0.6,1.0,0.9124662320462946,0.6,1.0,0.9086651924677736,0.6,1.0
11604,b'15x28 furnace air filters',16,0.9008636626471187,0.6666666666666666,1.0,0.9392148330510314,0.6666666666666666,1.0,0.8878837664275291,0.6,1.0
11626,b'time machine clock',14,0.5096950377320351,0.6666666666666666,0.5,0.7323497835202886,0.7777777777777778,1.0,0.7323497835202886,0.7777777777777778,1.0
11693,babaliss pro curling iron,40,0.7110173367119096,0.29411764705882354,1.0,0.7721539384613764,0.29411764705882354,1.0,0.7211804622067653,0.29411764705882354,1.0
11727,baby aqua stroller for 2,15,0.42199186733939553,0.5714285714285714,0.3333333333333333,0.9531641314941091,1.0,1.0,0.7689439748684337,1.0,0.5
11733,baby banana toothbrush,16,0.778942193967911,0.6428571428571429,1.0,0.9584565021709728,0.7142857142857143,1.0,0.9560914691434984,0.7142857142857143,1.0
11736,baby basket stuffers,16,0.33424620450682646,0.5,0.3333333333333333,0.715696758318853,0.75,1.0,0.7087212693585175,0.75,1.0
11750,baby bee backpack,16,0.7725095439504532,0.6,1.0,0.9701072148500807,0.6666666666666666,1.0,0.8619458605712303,0.6666666666666666,1.0
11771,baby blue sweaters for women,16,0.6385953764637013,0.5833333333333334,1.0,0.8878055430663147,0.8333333333333334,1.0,0.5912042202768811,0.5,1.0
11793,baby bow tie,16,0.8622470419128118,0.6,1.0,0.7140670757608816,0.6,0.5,0.9062592794976032,0.6,1.0
11926,baby flight bed,16,0.6734703928007926,0.75,0.16666666666666666,0.7348939234922893,0.75,0.5,0.7508943275236113,0.75,0.5
11950,baby gates for dogs 50 inches,16,0.9000620603707902,0.625,1.0,0.9537915794915526,0.625,1.0,0.9537915794915526,0.625,1.0
11964,baby girl boots size 1,16,1.0,0.6666666666666666,1.0,0.7799082337019199,0.6,0.5,0.8611375561264455,0.6,1.0
11989,baby girl pink valentines day tutu,16,0.7759944384848245,0.6153846153846154,1.0,0.9047830903445314,0.6923076923076923,1.0,0.9537125187088152,0.7692307692307693,1.0
12023,baby hunter rain boots,16,0.6331992944486872,0.6,1.0,0.6082965289412681,0.6,1.0,0.7100226348397881,0.7,1.0
12053,baby machanic,14,0.900504532140759,0.7142857142857143,1.0,0.8825372660177335,0.7142857142857143,1.0,0.8910180390075904,0.7142857142857143,1.0
12057,baby magic shampoo and body wash,40,0.7917267193679839,0.25925925925925924,1.0,0.8125495093363515,0.3333333333333333,1.0,0.8728610753562092,0.3333333333333333,1.0
12063,baby milk halloween costumes,16,0.7301011205840999,0.6,1.0,0.9171612476796993,0.6666666666666666,1.0,0.9083665697267731,0.6666666666666666,1.0
12081,baby musical toys,16,0.8403625493036907,0.625,1.0,0.9516537555066643,0.625,1.0,0.9607076344908267,0.625,1.0
12119,baby pumpkin costume 9 months,16,0.941646533637233,0.625,1.0,0.9049656915215305,0.625,1.0,0.9049656915215305,0.625,1.0
12128,baby rock kids toy,16,0.8140073253492001,0.6,1.0,0.9031251216828033,0.6666666666666666,1.0,0.8773595809288224,0.6666666666666666,1.0
12137,baby safety ring bathtub,16,0.8243372470433162,0.6428571428571429,1.0,0.9706903398068095,0.7142857142857143,1.0,0.9630280087714618,0.7142857142857143,1.0
12149,baby shark costume dog,16,0.7183808757142618,0.5714285714285714,1.0,0.7668420323062027,0.6428571428571429,1.0,0.747630991823193,0.6428571428571429,1.0
12166,baby shoes sale clearance,16,0.5126251280231209,0.5833333333333334,0.5,0.8738273733289122,0.75,1.0,0.8751236798397596,0.75,1.0
12178,baby shower goodie bags boy,16,0.9106020359000185,0.6428571428571429,1.0,0.8482378089219647,0.5714285714285714,1.0,0.8521705090845475,0.5714285714285714,1.0
12231,baby table cloth,16,0.8759195979917094,0.625,1.0,0.8759195979917094,0.625,1.0,0.8478333285894862,0.625,1.0
12236,baby thermometer forehead and ear iproven,16,0.7437941910181821,0.5454545454545454,1.0,0.8977081135689674,0.7272727272727273,1.0,0.8582536616071064,0.6363636363636364,1.0
12246,baby tracker dry erase board,16,0.9046783004527807,0.625,1.0,0.8991865866283439,0.625,1.0,0.8546155542307573,0.625,1.0
12252,baby trend pack n play,16,0.8595432704793566,0.625,1.0,0.888809633029341,0.625,1.0,0.8733039000450837,0.625,1.0
12270,baby warmer bottle dr brown,16,0.33823434183261436,0.5,0.25,0.8332099408506483,0.7,1.0,0.8060463862979149,0.7,1.0
12274,baby water without fluoride,40,0.4334197789877272,0.25,1.0,0.4784215172879273,0.25,1.0,0.5579780239524001,0.3125,1.0
12287,baby yoda blanket,16,0.650033222048579,0.5833333333333334,0.5,0.7065443116025598,0.6666666666666666,0.5,0.6214011939609387,0.5833333333333334,0.5
12298,babydoll crop tops for women,16,0.8495181457947958,0.6923076923076923,1.0,0.6375875016694112,0.6153846153846154,0.5,0.6971544239424747,0.6153846153846154,1.0
12350,bachelorette fiesta theme sombrero veihl,16,0.43331288316314504,0.6666666666666666,0.25,0.8184698054187534,0.8333333333333334,1.0,0.8544332315612805,0.8333333333333334,1.0
12382,back pack beach bag,16,0.9371852826240948,0.625,1.0,0.930316877503158,0.625,1.0,0.930316877503158,0.625,1.0
12415,backdrop,16,0.752109965046248,0.5,1.0,0.8358761963562928,0.5833333333333334,1.0,0.8421283856352149,0.5833333333333334,1.0
12436,backlit universal remote fire tv,16,0.8686320013656297,0.625,1.0,0.9159348476182226,0.625,1.0,0.9126347990857985,0.625,1.0
12440,backpack aesthetic,16,0.9392148330510314,0.625,1.0,0.9295204907858209,0.625,1.0,0.9295204907858209,0.625,1.0
12450,backpack first aid kit,16,0.9212500284989031,0.625,1.0,0.9411338959973068,0.625,1.0,0.9411338959973068,0.625,1.0
12456,backpack for girls middle school that have chagers,16,0.8443423151408778,0.625,1.0,0.8849312791754934,0.625,1.0,0.8999976696658937,0.625,1.0
12458,backpack for men training,16,0.9530756125930132,0.625,1.0,0.9188144338378444,0.625,1.0,0.916082619982838,0.625,1.0
12512,bacon drippings jar,40,0.9537125187088152,0.2564102564102564,1.0,0.9014470060563651,0.23076923076923078,1.0,0.9110525262978698,0.23076923076923078,1.0
12523,bad donkey hat,16,0.680088051826848,0.5833333333333334,1.0,0.8241613218392937,0.6666666666666666,1.0,0.7982015294001145,0.6666666666666666,1.0
12590,baganing for advantage,16,0.6547427677942128,0.7142857142857143,1.0,0.9167509405747843,0.8571428571428571,1.0,0.925440078289629,0.8571428571428571,1.0
12732,balios,16,0.7123736502858729,0.6363636363636364,1.0,0.7670273914429264,0.6363636363636364,1.0,0.7670273914429264,0.6363636363636364,1.0
12738,ball 64 oz mason jar,39,0.9140415419785024,0.2777777777777778,1.0,0.9125388471459603,0.25,1.0,0.8899541168509599,0.25,1.0
12740,ball and chain gag gift,16,0.7901314056020938,0.7272727272727273,1.0,0.7951657524814092,0.7272727272727273,1.0,0.6410457898283654,0.7272727272727273,0.3333333333333333
12749,ball cream men,16,0.8432808508641968,0.625,1.0,0.8402207216179324,0.625,1.0,0.8377476622345887,0.625,1.0
12772,ballast box 3 point,40,0.5237826026453872,0.25,0.5,0.7909506325094736,0.4375,1.0,0.7714993266134479,0.4375,1.0
12837,balsum hill christmas trees without lights,36,0.5473824788483659,0.24242424242424243,0.3333333333333333,0.6645979287951652,0.24242424242424243,1.0,0.6671853412140288,0.24242424242424243,1.0
12838,balt desk,16,0.8841683188184456,0.7142857142857143,1.0,0.9296992208168179,0.7142857142857143,1.0,0.9296992208168179,0.7142857142857143,1.0
12892,bamboo shirtwomen short sleeve,16,0.9692201653995299,0.625,1.0,0.9533497162960899,0.625,1.0,0.9533497162960899,0.625,1.0
12902,bameos coffee table,15,0.4480157217716517,0.5555555555555556,1.0,0.9864855347203126,1.0,1.0,0.9842364255688721,1.0,1.0
13018,bank for bills,16,0.9286387618767193,0.625,1.0,0.9504120313864757,0.625,1.0,0.9471969491438326,0.625,1.0
13081,bar set without shaker,40,0.7414356287566718,0.24324324324324326,1.0,0.6342783197033177,0.24324324324324326,0.5,0.6536471208099415,0.24324324324324326,0.5
13088,bar stool no back,16,0.8360861754007965,0.6428571428571429,1.0,0.6088209198031709,0.5714285714285714,0.3333333333333333,0.6097611994178226,0.5714285714285714,0.3333333333333333
13136,barber nessecities,15,0.6682919297305829,0.6153846153846154,1.0,0.8151400840039529,0.6153846153846154,1.0,0.8151400840039529,0.6153846153846154,1.0
13139,barber tools professional,16,0.8402794532001164,0.6666666666666666,1.0,0.8978323652257558,0.6666666666666666,1.0,0.8826948536864666,0.6666666666666666,1.0
13147,barbie case,16,0.7817956026658202,0.5833333333333334,1.0,0.8285229673188254,0.5833333333333334,1.0,0.836179114306529,0.5833333333333334,1.0
13230,bark collar with remote,16,0.9210641928176073,0.625,1.0,0.92663607790064,0.625,1.0,0.9054291485009893,0.625,1.0
13250,barnett ghost 360 crossbow,40,0.768681879509944,0.26666666666666666,0.5,0.8195252447745737,0.2,1.0,0.8227276793553867,0.2,1.0
13324,baruto action figures,40,0.5474816371249572,0.18181818181818182,1.0,0.7484497259043065,0.2727272727272727,1.0,0.7032212441072511,0.2727272727272727,1.0
13377,baseball glove kids,16,0.9471643200863396,0.6666666666666666,1.0,0.8982550386867663,0.6666666666666666,1.0,0.9170305576591352,0.6666666666666666,1.0
13390,baseball shirt 6 under armour,16,0.6069538467753146,0.5454545454545454,1.0,0.7400174920580923,0.6363636363636364,1.0,0.7366612608052154,0.6363636363636364,1.0
13410,basic tess,16,0.8438845179018706,0.625,1.0,0.9141536948425277,0.625,1.0,0.945837011841976,0.625,1.0
13461,basketball traction board,16,0.6926753649626028,0.625,1.0,0.8543320342254012,0.875,1.0,0.8672853896360119,0.75,1.0
13507,bat with nails,16,0.37110950971607154,0.5714285714285714,0.3333333333333333,0.8333638036385755,0.8571428571428571,1.0,0.8416554381607249,0.8571428571428571,1.0
13596,bath and bodyworks water line,16,0.8303433585239638,0.625,1.0,0.9205767342323009,0.625,1.0,0.9205767342323009,0.625,1.0
13668,bathandbodyworks bath bombs,16,0.92663607790064,0.625,1.0,1.0,0.625,1.0,1.0,0.625,1.0
13670,bathing bape mask,16,0.8393845364179644,0.6,1.0,0.8862552031985301,0.6666666666666666,1.0,0.8862552031985301,0.6666666666666666,1.0
13674,bathing suit straps wide black,16,1.0,0.7142857142857143,1.0,0.7606971932189103,0.5714285714285714,0.3333333333333333,0.7606971932189103,0.5714285714285714,0.3333333333333333
13808,bathtub caddy,16,0.8984579903757324,0.6,1.0,0.9755453593002134,0.6666666666666666,1.0,0.9768562593544076,0.6666666666666666,1.0
13840,batman arkham dc collectibles joker,16,0.8871882540221182,1.0,1.0,0.9680729802912021,1.0,1.0,0.9897476962117098,1.0,1.0
13869,batman toys for 4 year old,16,0.6903905927385794,0.6,0.5,0.9716189607861263,0.6666666666666666,1.0,0.96331803895032,0.6666666666666666,1.0
13873,batman weapons,16,0.8976617565525116,0.625,1.0,0.9401742983047275,0.625,1.0,0.9316277775573523,0.625,1.0
13881,batterie c,16,0.4306765580733931,1.0,0.25,1.0,1.0,1.0,1.0,1.0,1.0
13889,batteries for xbox one controller,16,0.8944836122933966,0.625,1.0,0.8478333285894862,0.625,1.0,0.8478333285894862,0.625,1.0
13939,battery operated outsoor lamps,16,0.9253314794949417,0.625,1.0,0.895039956444123,0.625,1.0,0.8899541168509599,0.625,1.0
14015,baylor 3x hoodie,40,0.7259636952748669,0.23529411764705882,1.0,0.7666981073867221,0.2647058823529412,1.0,0.7364079306708093,0.2647058823529412,1.0
14079,bbq sticks for campfire long fun,16,0.8397585434315616,0.625,1.0,0.9304461359304155,0.625,1.0,0.9108579352048268,0.625,1.0
14109,bdsm toys,16,0.5739180725249418,0.5714285714285714,1.0,0.3354002917921389,0.42857142857142855,0.3333333333333333,0.3354002917921389,0.42857142857142855,0.3333333333333333
14110,bdsm wrist,16,0.8771968808735688,0.6428571428571429,1.0,0.9327022551515869,0.6428571428571429,1.0,0.9177729803937427,0.6428571428571429,1.0
14123,be kind decal,16,0.8959836409260731,0.625,1.0,0.9439492378436964,0.625,1.0,0.9231753967464277,0.625,1.0
14179,beach sandals for women nike,16,0.8810112943022302,0.6923076923076923,1.0,0.8056105440585393,0.6923076923076923,1.0,0.5662026247265699,0.5384615384615384,0.5
14200,beachbody workout,16,0.8496475388073758,0.625,1.0,0.9685287252979218,0.625,1.0,0.9458126436748655,0.625,1.0
14205,beachy face mask for women,16,0.6457875999789094,0.7,1.0,0.7303618592327141,0.7,1.0,0.7832411027224598,0.7,1.0
14217,bead tray,16,0.9121791310100158,0.625,1.0,0.8260727363832484,0.625,1.0,0.8410824052049298,0.625,1.0
14268,beanies long,16,0.2119004592897435,0.5,0.1111111111111111,0.0,0.0,0.09090909090909091,0.0,0.0,0.09090909090909091
14283,bear headcover golf,16,0.9077482000308642,0.625,1.0,0.9789253940906973,0.625,1.0,0.9965211712836076,0.625,1.0
14381,beats solo 3 headband replacement,16,0.7237633316091654,0.6,1.0,0.8807569949306625,0.6,1.0,0.8751112980411739,0.6,1.0
14394,beauti sleep elixir,40,0.5621931439243355,0.21739130434782608,1.0,0.6350373015375049,0.30434782608695654,1.0,0.668530628957748,0.34782608695652173,1.0
14413,beauty products for women,43,0.8553475075669356,0.2222222222222222,1.0,0.955830517697074,0.25,1.0,1.0,0.2777777777777778,1.0
14457,becoming documentary michelle obama,16,0.801903057519624,0.5714285714285714,1.0,0.8594952744102109,0.6428571428571429,1.0,0.8700519716958304,0.6428571428571429,1.0
14510,bed lift automatic,16,0.15674376202286502,0.3333333333333333,0.125,0.869166212195859,1.0,1.0,0.8916646218677058,1.0,1.0
14562,bed wool blankets,16,0.8425447794946409,0.625,1.0,0.9381280014977031,0.625,1.0,0.932275846011284,0.625,1.0
14602,bedroom seating small,16,0.9411338959973068,0.625,1.0,0.9533497162960899,0.625,1.0,0.9533497162960899,0.625,1.0
14640,bee rev limiter,16,0.7138169235392527,0.5384615384615384,1.0,0.8383155977510887,0.6923076923076923,1.0,0.8383155977510887,0.6923076923076923,1.0
14657,beef keg,16,0.6309297535714574,1.0,0.5,0.3154648767857287,1.0,0.125,0.3154648767857287,1.0,0.125
14731,behringer headphone,16,0.754108216862192,0.6153846153846154,1.0,0.7248166535986058,0.5384615384615384,1.0,0.6989657716751074,0.5384615384615384,1.0
14746,beige faux fur throw,14,0.8866784604334572,0.6923076923076923,1.0,0.8414815072101582,0.6923076923076923,1.0,0.9020373594862734,0.7692307692307693,1.0
14754,being positive at work,15,0.5752830289398758,0.5833333333333334,0.5,0.8994020044551289,0.75,1.0,0.8994020044551289,0.75,1.0
14776,belkin mixit 6ft usb-c to usb-a cable,16,0.8079002653026266,0.5714285714285714,1.0,0.9050794448391497,0.7142857142857143,1.0,0.8995007877997083,0.7142857142857143,1.0
14835,belly bandit postpartum belly wrap,16,0.9348422685767616,0.625,1.0,0.9901095028504737,0.625,1.0,1.0,0.625,1.0
14843,belly sling for back pain,16,0.6285108926059098,0.5833333333333334,0.5,0.804810999209339,0.6666666666666666,1.0,0.6036081270984907,0.5833333333333334,0.5
14857,belt buckle knife,16,0.5033605236667771,0.5454545454545454,0.5,0.6798194162935528,0.5454545454545454,1.0,0.6798194162935528,0.5454545454545454,1.0
14858,belt buckles men,16,0.9534606181487504,0.625,1.0,0.9495342196346633,0.625,1.0,0.9471643200863396,0.625,1.0
14899,bench cusion 36x 24,16,0.8748240388177296,0.6,1.0,0.9634117275431491,0.6666666666666666,1.0,0.9634117275431491,0.6666666666666666,1.0
14914,bendy,16,0.5181001594748443,0.5,0.5,0.8643145546088337,0.6666666666666666,1.0,0.8701249883466592,0.6666666666666666,1.0
15034,best bra without underwire,49,0.8364586133797036,0.17777777777777778,1.0,0.6884484898678933,0.17777777777777778,1.0,0.6816672461000667,0.17777777777777778,1.0
15096,best golf watches with gps,16,0.9400228393296095,0.625,1.0,0.9305687780632228,0.625,1.0,0.9005033215744148,0.625,1.0
15107,best hyaluronic acid for lips,40,0.7827392871477702,0.23529411764705882,1.0,0.7759944384848245,0.23529411764705882,1.0,0.7459740512724832,0.20588235294117646,1.0
15216,bestway sand filter pumps for above ground pools,16,0.8341483938151811,0.6428571428571429,1.0,0.8303862867275239,0.6428571428571429,1.0,0.8685726812918226,0.6428571428571429,1.0
15220,beta fish foods,16,0.9349369997364463,0.625,1.0,0.8519675573955815,0.625,1.0,0.8487524751529383,0.625,1.0
15291,beyblade box,16,0.8824454205219855,0.625,1.0,0.92663607790064,0.625,1.0,0.9054291485009893,0.625,1.0
15303,beyblade case with beyblades,16,0.7590807033489658,0.6428571428571429,1.0,0.8475043160634809,0.6428571428571429,1.0,0.7778292160885942,0.6428571428571429,1.0
15384,bible lessons for teens,9,0.9039743224573696,1.0,1.0,0.9506899403249077,1.0,1.0,1.0,1.0,1.0
15483,bicycle,43,0.6730185274943304,0.20689655172413793,1.0,0.7357387513989938,0.27586206896551724,0.5,0.6912068936114338,0.2413793103448276,0.5
15570,big and tall ripped shorts for men,16,0.8583764002517861,1.0,1.0,0.3495116187706584,0.5,0.25,0.4156426499507852,0.75,0.2
15580,big bang theory complete series,16,0.8933107480454572,0.625,1.0,0.9902867315621451,0.625,1.0,0.9902867315621451,0.625,1.0
15607,big candles decorative,16,0.9738672436737749,0.625,1.0,0.96331803895032,0.625,1.0,0.9537125187088152,0.625,1.0
15631,big girls leggings funny,16,0.6080197158983026,0.5454545454545454,1.0,0.6548822128385355,0.5454545454545454,1.0,0.6851892634564614,0.6363636363636364,1.0
15675,big plate 30 feet,37,0.3191463066068763,0.3333333333333333,1.0,0.8391982533282581,0.6666666666666666,1.0,0.8391982533282581,0.6666666666666666,1.0
15697,big stomach dress,16,0.4647272564007723,0.5454545454545454,0.5,0.9251437244303552,0.8181818181818182,1.0,0.9438274611955537,0.8181818181818182,1.0
15821,biking water and phone holder,16,0.9411338959973068,0.625,1.0,0.9772274824155974,0.625,1.0,0.9743682286692287,0.625,1.0
15997,biosonic ultrasonic cleaner,16,0.883111341831366,0.625,1.0,0.8975922120614306,0.625,1.0,0.9277437106564121,0.625,1.0
16041,bird itch,16,0.39106560501896376,0.6666666666666666,0.3333333333333333,0.5937751258332797,1.0,0.5,0.5065745439910657,1.0,0.25
16083,birkenstock shoes,16,0.8699913610541022,0.625,1.0,0.8059378757465518,0.625,1.0,0.8330193698255639,0.625,1.0
16129,birthday goodie bag toys,16,0.9504318313235595,0.625,1.0,0.9008636626471187,0.625,1.0,0.9008636626471187,0.625,1.0
16131,birthday hat,16,0.9054950212311271,0.6666666666666666,1.0,0.8288238167499891,0.6666666666666666,1.0,0.8352142547488506,0.6666666666666666,1.0
16176,bissell pet stain remover,16,0.9209041801510188,0.6,1.0,0.9034923372550475,0.6666666666666666,1.0,0.9054291485009893,0.6666666666666666,1.0
16194,biteme not mosquito coil wristband,40,0.6557514826592883,0.25,1.0,0.67283214115445,0.28125,1.0,0.6937023913117849,0.28125,1.0
16218,bj and the bear dvd complete series,16,0.6496437814917824,0.6666666666666666,1.0,0.6021707545233348,0.6666666666666666,1.0,0.5620899556751409,0.6666666666666666,0.5
16258,black and decker drill/ driver combination kit 109 pieces,16,0.8059378757465518,0.625,1.0,0.9297308230593427,0.625,1.0,0.9297308230593427,0.625,1.0
16261,black and decker impact driver,25,0.8667667202224175,0.43478260869565216,1.0,0.8448096184991429,0.391304347826087,1.0,0.8342263651502052,0.391304347826087,1.0
16287,black and pink queen bed set,16,0.8606076392991092,0.625,1.0,0.8917841809040242,0.625,1.0,0.8342585510352535,0.625,1.0
16292,black and red flower bouquet,16,0.9262332462545947,0.625,1.0,0.8690023761496133,0.625,1.0,0.863598440709324,0.625,1.0
16299,black and white bath rug for bathroom,16,0.8502774382466488,0.625,1.0,0.9336801679038148,0.625,1.0,0.9336801679038148,0.625,1.0
16316,black and white off the shoulder top,16,0.7300146077718751,0.6,1.0,0.8196315095518703,0.6,1.0,0.823967594299848,0.6,1.0
16323,black and white shower curtain,16,0.8323612592488089,0.6923076923076923,1.0,0.8660790205256876,0.6153846153846154,1.0,0.7421406498676617,0.5384615384615384,0.5
16330,black and yellow nike shoes for men,40,0.8552748397773593,0.2631578947368421,1.0,0.8064659999627327,0.2631578947368421,1.0,0.7889267734576658,0.2631578947368421,1.0
16406,black card revoked card game,16,0.8546155542307573,0.6666666666666666,1.0,1.0,0.6666666666666666,1.0,1.0,0.6666666666666666,1.0
16411,black carhartt work shirts,16,0.8406776198791424,0.6923076923076923,1.0,0.7815848848547184,0.6153846153846154,1.0,0.6653895449851924,0.5384615384615384,1.0
16424,black chip paint,16,0.7769681614116862,0.7142857142857143,1.0,0.4534465972674309,0.5714285714285714,0.2,0.4983141842364731,0.5714285714285714,0.3333333333333333
16492,black elastic choker necklace,16,0.9251122079923695,0.625,1.0,0.8872771075121092,0.625,1.0,0.9006575672925828,0.625,1.0
16576,black hitch ball,16,0.9507988467774063,0.7142857142857143,1.0,0.9083870382279313,0.6428571428571429,1.0,0.8702100941146654,0.6428571428571429,1.0
16597,black kids magnetic belt,16,0.8839269150077771,0.625,1.0,0.9743682286692287,0.625,1.0,0.9813162632348015,0.625,1.0
16623,black leather thong panties women,16,0.6884367120295615,0.6666666666666666,0.5,0.8659840029147706,0.6666666666666666,1.0,0.8713610435353824,0.6666666666666666,1.0
16631,black light for cars interior,16,0.9172216027264881,0.625,1.0,0.8991865866283439,0.625,1.0,0.9260210220071132,0.625,1.0
16638,black lives matter white shirt,16,0.9654244887907296,0.625,1.0,0.8445293798418667,0.625,1.0,0.8662869028072403,0.625,1.0
16656,black marble blanket,16,0.8718962157985307,0.625,1.0,0.9137300703367957,0.625,1.0,0.96331803895032,0.625,1.0
16668,black metal day bed,16,0.8447228107249694,0.625,1.0,0.9158394515711116,0.625,1.0,0.9197544708152279,0.625,1.0
16678,black nail polish,16,0.9556493299547569,0.625,1.0,0.9454862044599013,0.625,1.0,0.9452601378978908,0.625,1.0
16702,black overnight bag,16,0.800411851964576,0.625,1.0,0.9358243133685271,0.625,1.0,0.8435036519622962,0.625,1.0
16738,black plus size dresses for women,16,0.941233297798857,0.625,1.0,0.9547715182029446,0.625,1.0,0.9507235030281824,0.625,1.0
16808,black shower trim kit with valve,16,0.8549650315572361,0.6,1.0,0.9985958121484936,0.6666666666666666,1.0,0.9947236356373705,0.6666666666666666,1.0
16834,black stockings for women,26,0.8856605027646288,0.38461538461538464,1.0,0.9305755731226613,0.38461538461538464,1.0,0.9534606181487504,0.38461538461538464,1.0
16840,black strapped camisole,16,0.8980475060598947,0.625,1.0,0.8858330195538265,0.625,1.0,0.884805853974881,0.625,1.0
16915,black wide jeans for women,40,0.8054693582932949,0.2571428571428571,1.0,0.6552831239138519,0.2,1.0,0.6536050082874135,0.2,1.0
16929,black wool dryer balls,16,0.8090022322888042,0.625,1.0,0.9517593323498537,0.625,1.0,0.8862369978951139,0.625,1.0
16933,black xoat for baby boy,16,0.7996622853482374,0.6428571428571429,1.0,0.7534340753198705,0.5714285714285714,1.0,0.7534340753198705,0.5714285714285714,1.0
17005,blade oil for miter saw,16,0.6967057636378616,0.7142857142857143,1.0,0.5973802674848959,0.8571428571428571,0.25,0.5530215837908362,0.7142857142857143,0.25
17032,blank tall koozies,40,1.0,0.2777777777777778,1.0,0.9123531163871794,0.25,1.0,0.9123531163871794,0.25,1.0
17060,blast zone water slide,40,0.8500375412090783,0.2777777777777778,1.0,0.8649404658005813,0.25,1.0,0.9738672436737749,0.2777777777777778,1.0
17090,blemish spot treatment,16,0.8999976696658937,0.625,1.0,0.9661553985278952,0.625,1.0,0.9168161077261534,0.625,1.0
17153,blink security camera system wireless,16,0.8330792365751677,0.6153846153846154,1.0,0.7604841611216291,0.5384615384615384,0.5,0.8193509451291392,0.5384615384615384,1.0
17162,bliss flat iron for hair,40,0.7529365963298709,0.25,1.0,0.6887514078181296,0.25,1.0,0.6666666666666666,0.25,1.0
17163,blisset pillow covers 18x18,40,0.7593993898726503,0.2564102564102564,1.0,0.883504420016115,0.2564102564102564,1.0,0.8843822317679273,0.2564102564102564,1.0
17178,block and tackle pulley system,16,0.8108582970019788,0.6153846153846154,0.5,0.9048032373092418,0.6153846153846154,1.0,0.9048032373092418,0.6153846153846154,1.0
17222,blood pressure cuff without the talk,40,0.8705916173928322,0.23076923076923078,1.0,0.9045513367491769,0.2564102564102564,1.0,0.9034923372550475,0.2564102564102564,1.0
17228,blood pressure relion 200 series,16,0.880383389708392,0.625,1.0,0.9227209734746888,0.625,1.0,0.9126347990857985,0.625,1.0
17295,blu-ray player without wifi,16,0.7100054898684924,0.6153846153846154,1.0,0.6726072056769999,0.6153846153846154,1.0,0.6641199554173961,0.6153846153846154,1.0
17310,blue and white checkered pajama pants,16,0.6585466771817884,0.5833333333333334,1.0,0.6694261592358036,0.6666666666666666,1.0,0.6694261592358036,0.6666666666666666,1.0
17313,blue and white kitchen mat,16,0.7947258674225738,0.5714285714285714,1.0,0.7453503337736063,0.5714285714285714,1.0,0.7327943824252309,0.5714285714285714,1.0
17362,blue devil horns,16,0.6813086632650508,0.6363636363636364,1.0,0.8855844012147097,0.8181818181818182,1.0,0.9598266981245999,0.9090909090909091,1.0
17380,blue exorcist plush,16,0.4480052140140717,0.5,0.5,0.9248239004862303,1.0,1.0,0.7602608166187861,1.0,0.5
17392,blue hand towel,16,0.9085781768482107,0.625,1.0,0.9400228393296095,0.625,1.0,0.9507235030281824,0.625,1.0
17402,blue leather 1inch 3 ring binder,16,0.9339091084314125,0.625,1.0,0.9392148330510314,0.625,1.0,0.9392148330510314,0.625,1.0
17423,blue moon costume,16,0.5912352048230277,1.0,0.5,1.0,1.0,1.0,1.0,1.0,1.0
17431,blue pajama pant set,13,0.8154722695448358,0.75,1.0,0.9504318313235595,0.8333333333333334,1.0,0.9435593591982605,0.8333333333333334,1.0
17449,blue ray wifi player,16,0.911793259090854,0.625,1.0,0.8602006667039339,0.625,1.0,0.8561526515291717,0.625,1.0
17450,blue reeses peanut butter cups,16,0.9008636626471187,0.625,1.0,0.9634117275431491,0.625,1.0,0.9435593591982605,0.625,1.0
17491,blue tooth adapter for older cars,16,0.933745776545611,0.6923076923076923,1.0,0.7799082337019199,0.6923076923076923,0.5,0.6698623505528798,0.6153846153846154,0.5
17494,blue tooth headset,14,0.9216017310213247,0.8181818181818182,1.0,0.8263333286520081,0.7272727272727273,1.0,0.8415908474314976,0.7272727272727273,1.0
17500,blue twine with gift tags,16,0.8064132239405295,0.5714285714285714,1.0,0.9032467383434786,0.6428571428571429,1.0,0.9157196576049409,0.7142857142857143,1.0
17597,bluetooth julebox,16,0.7743942923948721,0.6153846153846154,1.0,0.6083384864238056,0.5384615384615384,1.0,0.5622700263222898,0.5384615384615384,1.0
17710,bmw e46 rear coil shock,16,0.6862843570585734,0.6666666666666666,1.0,0.672143220859598,0.6666666666666666,0.25,0.5722153606407723,0.3333333333333333,0.3333333333333333
17724,bmw oil filter,16,0.7074112951046879,0.6,1.0,0.6081280051158976,0.5,1.0,0.5920560441234314,0.6,1.0
17767,board games for kids 7 and up,12,0.7717279931962372,0.8888888888888888,1.0,0.7298624037007395,0.7777777777777778,1.0,0.7609881930241831,0.7777777777777778,1.0
17793,boat seats and mounts,16,0.7093753650484101,0.5714285714285714,1.0,0.7633252949757946,0.5714285714285714,1.0,0.7633252949757946,0.5714285714285714,1.0
17802,boat tent shelter,16,0.4367467095119258,1.0,0.25,0.5540663910176149,1.0,0.3333333333333333,0.6462302129493455,1.0,0.5
17805,boat trailer roller assembly,16,0.8558939559096684,0.625,1.0,0.8466624462998463,0.625,1.0,0.8370569260583416,0.625,1.0
17928,body safe massage oil candle,16,0.8829207774874074,0.625,1.0,0.8762824239955564,0.625,1.0,0.9554289676024135,0.625,1.0
17948,body wash for women with shea butter & hyaluronic,15,0.7214462864522438,1.0,0.5,0.7165513532898736,0.8,1.0,0.7126882191400683,1.0,0.5
17965,bodycon maxi dress,16,0.8298828162441185,0.625,1.0,0.9400228393296095,0.625,1.0,0.9275797623825901,0.625,1.0
17996,bohemian tops for women,16,0.6567320856653831,0.7,1.0,0.5711929185667581,0.6,0.5,0.4472925577692665,0.5,0.3333333333333333
18004,boho bathroom decor,16,0.8976617565525116,0.625,1.0,0.8976617565525116,0.625,1.0,0.8687471874513093,0.625,1.0
18045,boil over spill stopper small,16,0.8622906955570259,0.625,1.0,0.9034923372550475,0.625,1.0,0.9454862044599013,0.625,1.0
18250,bondageromance kit for couples,40,0.2966641095737732,0.21052631578947367,0.2,0.5285040850827915,0.3157894736842105,0.3333333333333333,0.7383295394318281,0.3157894736842105,1.0
18274,bongs and water pipes,16,0.7467752563619453,1.0,0.5,0.5132736754823327,1.0,0.2,0.5255694268766976,1.0,0.2
18311,book and stuffed animal set,16,0.8949458165076722,0.625,1.0,1.0,0.625,1.0,1.0,0.625,1.0
18326,book ends peter rabbit,16,0.7436520132627357,0.8571428571428571,1.0,0.9178915194276416,1.0,1.0,0.8368297923057004,1.0,1.0
18338,book markers for girls,16,0.933745776545611,0.6428571428571429,1.0,0.8482378089219647,0.5714285714285714,1.0,0.8482378089219647,0.5714285714285714,1.0
18348,book of shadows coloring book sigil,16,0.9295204907858209,0.625,1.0,0.9504318313235595,0.625,1.0,0.9435593591982605,0.625,1.0
18383,bookbags 1st grade boys,16,0.9066994325921797,0.625,1.0,0.9722340851332467,0.625,1.0,0.9722340851332467,0.625,1.0
18406,books best sellers sci fi,16,0.6942622942649638,0.5833333333333334,1.0,0.4946701437352613,0.5833333333333334,0.5,0.4946701437352613,0.5833333333333334,0.5
18408,books by diane noble,16,0.8938182667384497,0.625,1.0,0.8529992841959859,0.625,1.0,0.8529992841959859,0.625,1.0
18511,boot tap,16,0.5428165870980262,0.7142857142857143,0.3333333333333333,0.7868709706203587,0.7142857142857143,1.0,0.7868709706203587,0.7142857142857143,1.0
18516,bootcut leggings for women,16,0.9630280087714618,0.625,1.0,0.9726539756380789,0.625,1.0,0.9726539756380789,0.625,1.0
18540,boots without heels for women,40,0.7162874455029681,0.25,0.5,0.4670900458463519,0.21875,0.5,0.4620556989670366,0.21875,0.5
18542,booty enhancing drink,16,0.8088978821657566,0.6,1.0,0.9554289676024135,0.6666666666666666,1.0,0.9554289676024135,0.6666666666666666,1.0
18573,borderlands 3 xbox one,16,0.6670529254352016,0.7272727272727273,0.5,0.9472251906766745,0.7272727272727273,1.0,0.9176290056680625,0.8181818181818182,1.0
18591,born benna bootie,16,0.9684038785434832,0.625,1.0,0.92663607790064,0.625,1.0,0.92663607790064,0.625,1.0
18602,boruto set 5,16,0.8880156958269811,0.625,1.0,0.9692201653995299,0.625,1.0,1.0,0.625,1.0
18607,bosch 18v router,40,0.5187245848149287,0.24,1.0,0.5006913463835508,0.2,1.0,0.5681157131924742,0.24,1.0
18613,bosch jobsite radio,16,0.9147706274571333,0.625,1.0,0.976416082725736,0.625,1.0,0.9790468959828571,0.625,1.0
18631,"bose ""soundlink revolve"" power cord oem",16,0.6214990811334173,0.6363636363636364,0.5,0.8630152897016882,0.7272727272727273,1.0,0.8579809428223729,0.7272727272727273,1.0
18676,bose speaker connector,16,0.5520475660140192,0.5384615384615384,0.3333333333333333,0.8153434263608537,0.6923076923076923,1.0,0.8562486470877906,0.6923076923076923,1.0
18707,boston fern live plant indoor,40,0.7855321461988755,0.25,1.0,0.9534606181487504,0.25,1.0,0.977915258848537,0.25,1.0
18891,bottle cap,16,0.92663607790064,0.6,1.0,0.821676034344763,0.6,0.5,0.821676034344763,0.6,0.5
18931,bounce house without blower,40,0.9055891611675779,0.2702702702702703,1.0,0.9567083294488864,0.2702702702702703,1.0,0.977915258848537,0.2702702702702703,1.0
18951,bourbon cherries for old fashioned,40,0.7443242028523578,0.2702702702702703,1.0,0.8011603954560549,0.24324324324324326,1.0,0.8369732796106772,0.24324324324324326,1.0
18955,bouys decorative,40,0.8482378089219647,0.28125,1.0,0.7818048722226502,0.21875,1.0,0.7753366239771086,0.21875,1.0
18978,bowflex dumbell handle,21,0.6129273410031396,0.4166666666666667,1.0,0.7312625444731048,0.5833333333333334,1.0,0.4236766450873189,0.4166666666666667,0.5
18994,bowling ball detox machine,40,0.19622599101029917,1.0,0.1,0.04855405210459442,0.0,0.05555555555555555,0.0,0.0,0.041666666666666664
19000,bowling shoes,16,0.7461976723150333,1.0,1.0,0.932521091954824,1.0,1.0,1.0,1.0,1.0
19100,boy kid apron,16,0.9316277775573523,0.625,1.0,0.9388633982505333,0.625,1.0,0.9388633982505333,0.625,1.0
19112,boy ski base layer warm,40,0.6203974344166848,0.2,1.0,0.7506372960520509,0.28,1.0,0.7065836017263629,0.24,1.0
19127,boyfriend and girlfriend onesies,16,0.555576068176319,0.75,0.3333333333333333,0.3717464667743668,0.5,0.3333333333333333,0.3717464667743668,0.5,0.3333333333333333
19141,boys 5t red button down,16,0.6052046703390511,0.6666666666666666,1.0,0.8895070319123289,1.0,1.0,0.7001395611815058,0.6666666666666666,1.0
19142,boys 8 nightgown,16,0.4728935033594545,0.5454545454545454,0.3333333333333333,0.7917063341896683,0.7272727272727273,1.0,0.7471589728148226,0.6363636363636364,1.0
19179,boys christmas suit,12,0.6102866323331363,0.8333333333333334,0.5,0.6626651142428475,1.0,0.3333333333333333,0.5394022826453179,0.8333333333333334,0.3333333333333333
19187,boys costume rocket,16,0.7023301874017759,0.5714285714285714,0.5,0.8976345508899864,0.6428571428571429,1.0,0.8672752101464939,0.6428571428571429,1.0
19228,boys open bottom sweatpants,40,0.9363792118010482,0.2571428571428571,1.0,0.7799082337019199,0.2571428571428571,0.5,1.0,0.2857142857142857,1.0
19275,boys size 5 boots,16,0.7943901385879576,0.6,1.0,0.8105501591004336,0.6,1.0,0.7293208366759081,0.6,0.5
19314,boys wallets for teens,16,0.36945358311109494,0.5,0.5,0.4144299250118475,0.5,0.5,0.36331756126716835,0.5,0.3333333333333333
19318,boys white basketball shoes,16,0.8466122251587636,0.625,1.0,0.8420277180928288,0.625,1.0,0.7812324188394817,0.625,1.0
19348,bra everyday,16,0.8899541168509599,0.625,1.0,0.9755453593002134,0.625,1.0,0.977915258848537,0.625,1.0
19397,brady bunch blu ray,16,0.5423883503017038,0.8333333333333334,0.3333333333333333,0.5842273861585909,0.5,1.0,0.5842273861585909,0.5,1.0
19461,brake rotors,37,0.9494126029739882,0.2777777777777778,1.0,0.92663607790064,0.2777777777777778,1.0,0.8803485966094552,0.2777777777777778,1.0
19497,bras sexy for women,40,0.7336207524107351,0.2571428571428571,0.5,0.9322536887490998,0.2857142857142857,1.0,0.9311946892549704,0.2857142857142857,1.0
19506,brass alto saxophone,16,0.677203204929416,0.5,0.5,0.6776751934048767,0.5833333333333334,0.25,0.6787023589838223,0.5833333333333334,0.25
19540,braun series 7 replacement head,16,0.7953732325384909,0.5714285714285714,1.0,0.9771741273130831,0.7142857142857143,1.0,0.9771741273130831,0.7142857142857143,1.0
19743,bridal dresses for women,40,0.4631896595828493,0.16,1.0,0.819856769708091,0.32,1.0,0.8166416874654477,0.32,1.0
19781,bridesmaids decorations,16,0.9283272902350127,0.625,1.0,0.9157196576049409,0.625,1.0,0.8915237125246576,0.625,1.0
19787,bridges,16,0.8650496375497573,0.6923076923076923,1.0,0.7907606265930298,0.6153846153846154,1.0,0.7907606265930298,0.6153846153846154,1.0
19815,bright white printer paper,16,0.9772274824155974,0.625,1.0,0.9743682286692287,0.625,1.0,0.9772274824155974,0.625,1.0
19861,britbox,18,0.8689072001178979,0.625,1.0,0.7942816186352168,0.5625,1.0,0.7942816186352168,0.5625,1.0
19865,british crime movies prime,16,0.8490784463031537,0.625,1.0,0.8478633954111509,0.625,1.0,0.8478633954111509,0.625,1.0
19910,brompton bike,16,0.586824721370425,0.3333333333333333,0.14285714285714285,0.7228018276743631,0.5,0.5,0.6220790980828262,0.5,0.16666666666666666
19913,bronco barrel grill,16,0.7061236638798951,0.5,0.3333333333333333,0.8464921973887899,0.5,1.0,0.8047809819118598,0.5,1.0
19947,brooks adrenaline gts 20 size 9 2e mens,12,0.9522178680499643,0.8333333333333334,1.0,0.9791570532029295,0.8333333333333334,1.0,0.9765262399458083,0.8333333333333334,1.0
19973,broom,25,0.9317219174938032,0.4,1.0,0.8120705141032581,0.4,1.0,0.8299769561805694,0.4,1.0
20059,brown high waisted skirt,14,0.6422983080487242,0.7142857142857143,1.0,0.7908387778091585,0.7142857142857143,1.0,0.9063821413255793,1.0,1.0
20062,brown iphone charger,16,0.8357924920087321,0.625,1.0,0.9630280087714618,0.625,1.0,0.9630280087714618,0.625,1.0
20064,brown jean's for women,16,0.9133372790097608,0.625,1.0,0.9738050896605512,0.625,1.0,0.9706033661628078,0.625,1.0
20066,brown large beaded earrings,16,0.8052499468086523,0.625,1.0,0.8620513106385355,0.625,1.0,0.8746606420059116,0.625,1.0
20123,browns football stuff,16,0.3625103593237894,0.42857142857142855,0.5,0.7479452570977633,0.7142857142857143,1.0,0.736146632657333,0.7142857142857143,1.0
20153,brush multiple functions,16,0.44564319758684307,0.6666666666666666,0.3333333333333333,0.7751482523375256,0.6666666666666666,1.0,0.7751482523375256,0.6666666666666666,1.0
20205,bts life size cardboard cutouts,16,0.835092160753738,0.625,1.0,0.7739702510342731,0.625,1.0,0.7739702510342731,0.625,1.0
20257,bubblezz squishy toys,16,0.9047830903445314,0.6,1.0,0.8299769561805694,0.6666666666666666,1.0,0.8299769561805694,0.6666666666666666,1.0
20285,buckles for straps,16,0.7905483066104737,0.625,1.0,0.8391894719717067,0.625,1.0,0.871671586730561,0.625,1.0
20314,budha mural wall art,40,0.8310720996376376,0.21621621621621623,1.0,0.8366829154266588,0.24324324324324326,1.0,0.7515271944880462,0.24324324324324326,0.5
20318,bueno coffee travel mug,53,0.5598310638403488,0.16,0.5,0.7351756079321605,0.2,1.0,0.7465860033052074,0.2,1.0
20331,buffalo bills hats kids,16,0.804810999209339,0.8,1.0,0.6281649475693719,0.6,1.0,0.6281649475693719,0.6,1.0
20344,buffalo games star wars puzzle,16,0.8627047643901348,0.625,1.0,0.9651859766292256,0.625,1.0,0.9261551510738728,0.625,1.0
20386,bug repellent bracelet,16,0.8690244874135764,0.625,1.0,0.8553564219773413,0.625,1.0,0.8040481496139451,0.625,1.0
20412,buick enclave evaporator,16,0.6315830701110394,0.5714285714285714,0.3333333333333333,0.7940974785367595,0.8571428571428571,0.5,0.5713088756747373,0.42857142857142855,0.3333333333333333
20423,build your own remote control car,16,0.8894354423035976,0.625,1.0,0.9093618486635722,0.625,1.0,0.9063728329829395,0.625,1.0
20465,bulk canvas bags,16,0.7276982292606357,0.6666666666666666,1.0,0.8447089553623768,0.7777777777777778,1.0,0.48992108689568525,0.4444444444444444,1.0
20490,bulk juice boxes,49,0.9170305576591352,0.20833333333333334,1.0,1.0,0.20833333333333334,1.0,1.0,0.20833333333333334,1.0
20519,bull power tablets,16,0.7265056006616151,0.8,1.0,0.555227203487093,0.6,1.0,0.5847865425955604,0.6,1.0
20533,bulletin board hooks,16,0.9052116356304494,0.6,1.0,0.7799082337019199,0.6,0.5,0.7799082337019199,0.6,0.5
20537,bulletin board sets,16,1.0,0.6666666666666666,1.0,1.0,0.6666666666666666,1.0,1.0,0.6666666666666666,1.0
20554,bulova marine star,16,0.9534606181487504,0.625,1.0,0.9517825025223118,0.625,1.0,0.977915258848537,0.625,1.0
20593,bundt pans for baking nonstick,16,0.9463191373920201,0.625,1.0,0.9253314794949417,0.625,1.0,0.9349369997364463,0.625,1.0
20602,bungee office chair without arms,40,0.7012011342341504,0.2571428571428571,1.0,0.48883582949978116,0.22857142857142856,0.5,0.48883582949978116,0.22857142857142856,0.5
20626,bunny,16,0.9221163972522983,0.625,1.0,0.9537125187088152,0.625,1.0,0.96331803895032,0.625,1.0
20715,burnt orange border,16,0.5153082913464818,0.6666666666666666,1.0,0.586348944058919,0.8333333333333334,0.3333333333333333,0.5782930678893345,0.8333333333333334,0.3333333333333333
20724,burrito pass,16,0.47287581781110444,0.8333333333333334,0.2,0.6269739532866294,0.8333333333333334,0.5,0.6310013262100171,0.8333333333333334,0.5
20735,burton dnow board backpac bag,16,0.9216017310213247,0.6428571428571429,1.0,0.8236998933965709,0.5714285714285714,1.0,0.8899541168509599,0.6428571428571429,1.0
20739,burton men's crown hoodie,16,0.8477002707182473,0.625,1.0,0.9210641928176073,0.625,1.0,0.9178164815174713,0.625,1.0
20762,busch craft,16,0.816609028594516,0.625,1.0,0.884210101903782,0.625,1.0,0.9139935630403138,0.625,1.0
20768,bushcraft knife,16,0.812175505449397,0.625,1.0,0.953753702240502,0.625,1.0,0.918504257212042,0.625,1.0
20829,butler statue with serving tray,16,0.4221141202862587,0.5714285714285714,0.3333333333333333,0.43319096419524367,0.5714285714285714,0.3333333333333333,0.6373866922380803,0.5714285714285714,1.0
20844,butter balm bug,16,0.7807627403030811,0.6428571428571429,1.0,0.8905697775682638,0.7142857142857143,1.0,0.9334929301469999,0.7142857142857143,1.0
20845,butter bronzer,10,0.9519434740398779,1.0,1.0,0.9836036639794286,1.0,1.0,0.9740495199667297,1.0,1.0
20889,butterfly wings for women,16,0.8268133666517739,0.6153846153846154,1.0,0.8200685179888282,0.6153846153846154,1.0,0.8115558478722845,0.6153846153846154,1.0
20907,button tufted convertible,16,0.9008636626471187,0.625,1.0,1.0,0.625,1.0,1.0,0.625,1.0
20918,buttpluģs for women,40,0.17616249294452557,0.18181818181818182,0.1111111111111111,0.30980649366451257,0.36363636363636365,0.25,0.25329540411053186,0.2727272727272727,0.25
21020,c3po marvel comic,16,0.8438845179018706,0.7142857142857143,1.0,0.8353627971509414,0.6428571428571429,1.0,0.8327319838938202,0.6428571428571429,1.0
21077,cabinet doors with glass insert,16,0.7962372977085499,1.0,0.14285714285714285,0.7827068917847372,1.0,0.1,0.6943559465628248,0.0,0.09090909090909091
21103,cabinet with doors on wheels,16,0.8503171171163718,0.625,1.0,0.8897008565337642,0.625,1.0,0.8885359814860997,0.625,1.0
21181,cable row grip triangle,10,0.7376801427060832,1.0,0.5,0.7923583684378551,1.0,1.0,0.860276283329676,1.0,1.0
21197,cable weight machine,40,0.8590331472570639,0.25,1.0,0.8519675573955815,0.25,1.0,0.8254612838486164,0.25,1.0
21259,cadillac escalade seat cover,14,0.9030651717322699,0.7142857142857143,1.0,0.9834681801136501,0.7142857142857143,1.0,0.9928692404276749,0.7142857142857143,1.0
21265,cafe mocha cup,16,0.9111640112079176,0.625,1.0,0.9366257706824616,0.625,1.0,0.8829207774874074,0.625,1.0
21268,cafe racer seat,40,0.7488782711902243,0.2413793103448276,1.0,0.9368077570869662,0.3103448275862069,1.0,0.8382547631433311,0.2413793103448276,1.0
21306,cage the elephant vinyl,16,0.9218644966922334,0.625,1.0,0.9021945339087877,0.625,1.0,0.9021945339087877,0.625,1.0
21519,caldrea dish soap ginger pomelo,15,0.9297308230593427,0.6666666666666666,1.0,0.9359465146924496,0.6666666666666666,1.0,0.9962378929123429,0.6666666666666666,1.0
21605,calimag,16,0.7942386796128394,0.6,1.0,0.9105149880941525,0.6666666666666666,1.0,0.9105149880941525,0.6666666666666666,1.0
21629,call of duty modern warfare xbox one,16,0.6534843525611507,0.6,1.0,0.8825159323495819,0.7,1.0,0.940176497312354,0.8,1.0
21687,calvin klein luggage set,16,0.878644074756088,0.625,1.0,0.9865750852233534,0.625,1.0,0.9787539944162583,0.625,1.0
21698,calvin klein sleepwear women,15,0.9200263683992064,0.7142857142857143,1.0,0.9716189607861263,0.7142857142857143,1.0,0.96331803895032,0.7142857142857143,1.0
21850,camel leather sofa,40,0.9140415419785024,0.25,1.0,0.9567083294488864,0.25,1.0,0.933564588803294,0.25,1.0
21855,camelbak,16,0.9787930706003494,0.625,1.0,1.0,0.625,1.0,1.0,0.625,1.0
21863,camelbak water bottle backpack,16,0.8546155542307573,0.625,1.0,0.9274918098849939,0.625,1.0,0.9426109793585165,0.625,1.0
21895,camera microphone,16,0.9248586861160634,0.625,1.0,0.8785831305248853,0.625,1.0,0.9117943209938011,0.625,1.0
21918,cameras for photography,16,0.8289665869122496,0.6666666666666666,1.0,0.9699371787526715,0.6,1.0,0.9699371787526715,0.6,1.0
22053,camo baby shower invitations,16,0.8573601870740917,0.625,1.0,0.843227068997916,0.625,1.0,0.8739986234589507,0.625,1.0
22064,camo glasses holders,16,0.47687799905316103,0.5454545454545454,0.3333333333333333,0.7799923166459903,0.7272727272727273,1.0,0.8270441694085283,0.7272727272727273,1.0
22110,camp leggings with pockets yoga,16,0.9180895571532646,0.625,1.0,0.832750215264076,0.625,1.0,0.869432176313756,0.625,1.0
22126,campbell hausfeld stick,40,0.1437914367199733,0.14285714285714285,0.16666666666666666,0.6329003759395543,0.5714285714285714,1.0,0.6385067099009378,0.5714285714285714,1.0
22136,camper outdoor grill,16,0.9005033215744148,0.6,1.0,0.8568376403916185,0.6,1.0,0.8790439982037568,0.6,1.0
22180,camping organizer waterproof,16,0.7423806462298829,0.6428571428571429,1.0,0.9537915794915526,0.7142857142857143,1.0,0.9730367401053003,0.7142857142857143,1.0
22228,can't believe it's not butter spray,38,0.6021422186623181,0.2962962962962963,1.0,0.8296285275934442,0.3333333333333333,1.0,0.729171413959574,0.25925925925925924,1.0
22312,candy elf,15,0.4836895217321491,0.6,0.5,0.8183734892650391,0.8,1.0,0.8086240098352132,0.8,1.0
22372,canned onions,16,0.9567083294488864,0.6666666666666666,1.0,0.8803485966094552,0.6666666666666666,1.0,0.895039956444123,0.6666666666666666,1.0
22395,canoe,16,0.7717106871078443,0.7272727272727273,0.5,0.7618360028883262,0.5454545454545454,1.0,0.7738155104873,0.6363636363636364,1.0
22421,canon battery rp,16,0.8960048160018015,0.6,1.0,0.85421584028323,0.6,1.0,0.8515940401748414,0.6,1.0
22470,canon professional,16,0.9368077570869662,0.6,1.0,1.0,0.6666666666666666,1.0,1.0,0.6666666666666666,1.0
22550,canvas stripe apple watch strap,16,0.7187716319524532,0.6428571428571429,0.5,0.8763732492242693,0.6428571428571429,1.0,0.8387762244337432,0.6428571428571429,1.0
22592,capezio rocket dance sneaker ds 24,12,0.9008636626471187,0.8333333333333334,1.0,0.9504318313235595,0.8333333333333334,1.0,0.9504318313235595,0.8333333333333334,1.0
22604,capri joggers womens plus,16,0.8241410087343224,0.6428571428571429,1.0,0.7494851528165022,0.5714285714285714,1.0,0.7320446178937279,0.5714285714285714,1.0
22633,captain america funo pop bubble-head,11,0.8041091750092839,0.9,1.0,0.929128589794625,0.9,1.0,0.917888754215337,0.9,1.0
22653,car ac smell,16,0.5039163329697345,0.5714285714285714,0.5,0.4966595839083822,0.5714285714285714,0.5,0.5896845041541716,0.5714285714285714,1.0
22668,car audio battery,16,0.8215818944083122,0.6428571428571429,1.0,0.7687123021288035,0.5714285714285714,1.0,0.7797973481589603,0.5714285714285714,1.0
22686,car carpet cleaner and brush,16,0.7339367316167842,0.5555555555555556,1.0,0.9355239508831187,0.8888888888888888,1.0,0.8836418647886682,0.7777777777777778,1.0
22694,car charger for samsung galaxy s7,16,0.6818397629529782,0.7,1.0,0.7672482642835564,0.7,1.0,0.8137774702835973,0.8,1.0
22828,car seat mickey mouse,16,0.8597464678446964,0.6153846153846154,1.0,0.8741151597631817,0.6923076923076923,1.0,0.8863604055248233,0.6153846153846154,1.0
22953,carbon remover for pans,16,0.6434552616268978,0.6,0.5,0.9672553144764999,0.6666666666666666,1.0,0.9257118166474728,0.6666666666666666,1.0
22991,carcassonne expansion,16,0.7507081912976094,0.6666666666666666,0.5,0.7816735356535736,0.5833333333333334,1.0,0.8856753538600515,0.6666666666666666,1.0
22994,card game mat,16,0.6113995032083338,0.375,1.0,0.8153592862212935,0.75,1.0,0.8443157223257061,0.625,1.0
23057,cardinal sarah,16,0.9452601378978908,0.6666666666666666,1.0,0.8222421932895845,0.6,1.0,0.8222421932895845,0.6,1.0
23060,cardinals hoodie,16,0.9722340851332467,0.625,1.0,0.9877841797012169,0.625,1.0,0.9877841797012169,0.625,1.0
23090,career,16,0.9305687780632227,0.6,1.0,1.0,0.6666666666666666,1.0,0.933745776545611,0.6,1.0
23092,carefusion clippers,12,0.6865516558736469,0.8333333333333334,1.0,0.8713225318359686,1.0,1.0,0.8602875087994682,1.0,1.0
23167,cargo van shelving,40,0.8701249883466592,0.3333333333333333,1.0,0.7799082337019199,0.3333333333333333,0.5,0.6873332711195502,0.2916666666666667,0.25
23185,carhartt extreme cold weather boot socks,16,0.848385259580694,0.625,1.0,0.9349369997364463,0.625,1.0,0.9400228393296095,0.625,1.0
23210,carhartt z87,16,0.8705853157443364,0.625,1.0,0.8572048559638628,0.625,1.0,0.8351201148123998,0.625,1.0
23212,caribeaner compass,16,0.6981457171749316,0.6153846153846154,1.0,0.9314758767882181,0.6923076923076923,1.0,0.7348073220772493,0.6153846153846154,1.0
23213,caribiner anchor,16,0.9534606181487504,0.625,1.0,0.92663607790064,0.625,1.0,0.92663607790064,0.625,1.0
23238,carnation malted milk powder,16,0.8523296070306812,0.625,1.0,0.901809741946513,0.625,1.0,0.8838578821319828,0.625,1.0
23268,carolina panthers jersey women sexy dress,16,0.7797267448854952,0.8,1.0,0.8302375109097954,0.8,1.0,0.8354719195284213,0.8,1.0
23271,caroline leavitt with or without you,16,0.6109693313200888,0.6666666666666666,1.0,0.7710507539596454,0.6666666666666666,1.0,0.919658172221514,1.0,1.0
23278,carolyn t. brown,16,0.40412387199041766,0.75,0.25,0.24630238874072996,0.25,0.5,0.24630238874072996,0.25,0.5
23339,carriola niños grandes,14,0.9768562593544076,0.7692307692307693,1.0,0.9069987441746872,0.6923076923076923,1.0,0.9069987441746872,0.6923076923076923,1.0
23390,carseats 3-in-1 infant through 100 lbs,16,0.880188963632401,0.625,1.0,0.86393354779784,0.625,1.0,0.86393354779784,0.625,1.0
23590,caseta 3 way dimmer,16,0.8821339488802789,0.625,1.0,0.9137300703367957,0.625,1.0,0.9317219174938032,0.625,1.0
23633,casio solar,16,0.8982550386867663,0.625,1.0,0.9045513367491769,0.625,1.0,0.8803485966094552,0.625,1.0
23675,cast iron pan hangers,16,0.7705612567872593,0.6,1.0,0.8645246154291166,0.6,1.0,0.915542121287978,0.6666666666666666,1.0
23680,cast iron skillet 6 inch,16,0.9411338959973068,0.625,1.0,0.8772663805908328,0.625,1.0,0.8789335177254264,0.625,1.0
23767,cat car charms for rear view mirror,16,0.7899857729517952,0.625,1.0,0.8991987231687164,0.625,1.0,0.9179380981781464,0.625,1.0
23818,cat furniture deterrent spray,16,0.6471601960014621,0.625,1.0,0.7892144143602857,0.75,1.0,0.8009634987298764,0.75,1.0
23930,cat6 crimping tool pass thru,16,0.9449200034831028,0.625,1.0,0.9290783449833786,0.625,1.0,0.9278391637736894,0.625,1.0
23966,catclamp catalytic converter anti theft device lock,16,0.7227366781595141,0.6,1.0,0.8226316506441066,0.8,1.0,0.820643350697093,0.8,1.0
23970,cateye strada cadence mount,16,0.8285296207230951,0.5833333333333334,1.0,0.7433546968239836,0.5,0.5,0.7433546968239836,0.5,0.5
23973,catfood tree,16,0.6785749255210766,0.5384615384615384,0.5,0.8888554309245404,0.6923076923076923,1.0,0.8888554309245404,0.6923076923076923,1.0
24016,catty without coffee mug with spoon,40,0.7714061297159333,0.28125,1.0,0.7268616481830715,0.28125,1.0,0.78354465073459,0.28125,1.0
24068,cbd calming treats,16,0.8742205188791892,0.625,1.0,0.867141892036843,0.625,1.0,0.8303046371144953,0.625,1.0
24242,cell phone bag for men,16,0.8080436740042244,0.6428571428571429,0.5,0.8516646394453452,0.5714285714285714,1.0,0.8318477135310892,0.5714285714285714,1.0
24271,cell phone ring unique,8,0.9627517857137593,1.0,1.0,0.9769656375308015,1.0,1.0,0.975258764891919,1.0,1.0
24328,center punch,16,0.9507235030281824,0.625,1.0,0.8803485966094552,0.625,1.0,0.8803485966094552,0.625,1.0
24378,ceracote,16,0.48788191435546385,0.6666666666666666,0.5,0.32177397280228226,0.5,0.5,0.32177397280228226,0.5,0.5
24421,cerave gentle cleanser,40,1.0,0.2564102564102564,1.0,0.858357995394443,0.2564102564102564,1.0,0.8436666355597752,0.2564102564102564,1.0
24525,ch751 lock,16,0.9051469110004464,0.625,1.0,0.9582849700220921,0.625,1.0,0.9570856191170051,0.625,1.0
24614,chair velvet,16,0.8824423155467647,0.7272727272727273,1.0,0.8776768991735977,0.7272727272727273,1.0,0.7632930355167589,0.5454545454545454,1.0
24794,chandelier without lights,40,0.926390478989071,0.2777777777777778,1.0,0.8771139820172534,0.2777777777777778,1.0,0.8812561371284664,0.2777777777777778,1.0
24835,channel hooks,16,0.7809711177547128,0.6363636363636364,0.5,0.8621539475342567,0.7272727272727273,1.0,0.7922017949556526,0.6363636363636364,1.0
24867,chapstick tube,16,0.8583035103443588,0.625,1.0,0.8444187242801696,0.625,1.0,0.8444187242801696,0.625,1.0
24940,charcoal pet filter,16,0.9176564688508827,0.625,1.0,0.8037500599178934,0.625,1.0,0.8675021601272528,0.625,1.0
24994,charles angels,16,0.4378043742107726,0.4444444444444444,0.5,0.8796648654899675,0.8888888888888888,1.0,0.5536912854565033,0.6666666666666666,0.5
25101,cheap onesies baby girl,16,0.8742037549563461,0.6666666666666666,1.0,0.9734716406243215,0.6666666666666666,1.0,0.8417975659868603,0.6,1.0
25110,cheap sexy lingerie for women under 5 dollars,16,0.9286387618767193,0.625,1.0,0.9537125187088152,0.625,1.0,0.9537125187088152,0.625,1.0
25113,cheap small hydro flask,16,0.9575861412006988,0.6,1.0,0.8532721558012799,0.6,0.5,0.8532721558012799,0.6,0.5
25127,cheap vintage posters,16,0.9054291485009893,0.625,1.0,0.92663607790064,0.625,1.0,0.92663607790064,0.625,1.0
25154,checkers skirt,40,0.7682813440805106,0.24324324324324326,1.0,0.9250795789348766,0.2702702702702703,1.0,0.9454862044599013,0.2702702702702703,1.0
25159,cheddar popcorn salt,16,0.8503171171163718,0.6666666666666666,1.0,0.7572156393731402,0.6,0.5,0.7338885055716783,0.6,0.5
25168,cheep light yellow heels,16,0.695311216881698,0.6,0.5,0.8441449211361722,0.6,1.0,0.8238178163138494,0.6,1.0
25198,cheese dome with base,15,0.8771139820172534,0.6666666666666666,1.0,0.9504120313864757,0.6666666666666666,1.0,0.9543384299005628,0.6666666666666666,1.0
25220,cheetah print heels for women,16,0.9140415419785024,0.625,1.0,0.948475220140534,0.625,1.0,0.9454862044599013,0.625,1.0
25225,cheetah print two piece set skirt and top,16,0.3615197136439218,0.4444444444444444,0.5,0.8596551206679819,0.8888888888888888,1.0,0.7995946450966377,0.8888888888888888,1.0
25245,chef jackets for men,16,0.9239668994659598,0.625,1.0,0.8659418680347015,0.625,1.0,0.8659418680347015,0.625,1.0
25279,chemical peel kits,16,0.8746331157184184,0.625,1.0,0.8873943985339321,0.625,1.0,0.9446321134523368,0.625,1.0
25298,chernobyl,33,0.6212166613240647,0.2727272727272727,1.0,0.8831268944789863,0.4090909090909091,1.0,0.9005033215744148,0.4090909090909091,1.0
25305,cherries without stems,40,0.6634832529885384,0.25,1.0,0.9188159099299589,0.35714285714285715,1.0,0.9400228393296095,0.35714285714285715,1.0
25345,chess table sets for adults,16,0.9787930706003494,0.625,1.0,0.9738672436737749,0.625,1.0,0.9755453593002134,0.625,1.0
25407,chia and flax seed blend,9,0.9599798441494113,1.0,1.0,0.9912070469750914,1.0,1.0,0.9912070469750914,1.0,1.0
25415,chic throw pillows,40,0.5277060332511401,0.17391304347826086,0.2,0.7932191042356415,0.2608695652173913,1.0,0.7411968249045415,0.21739130434782608,1.0
25422,chicago blackhawks birthday decor,16,0.7178870789998739,0.7777777777777778,1.0,0.5940247406064263,0.5555555555555556,1.0,0.5916430871729518,0.5555555555555556,1.0
25478,chicken noodle soup mix,16,0.9190896368388453,0.625,1.0,0.9507378025795445,0.625,1.0,0.9537915794915526,0.625,1.0
25512,chikdrens watch,16,1.0,0.6666666666666666,1.0,0.7799082337019199,0.6,0.5,0.7799082337019199,0.6,0.5
25528,child safety harness for toddlers,16,0.977915258848537,0.625,1.0,0.977915258848537,0.625,1.0,0.9547715182029446,0.625,1.0
25610,childs microphone with stand,40,0.8865978855980831,0.2647058823529412,1.0,0.904803237309242,0.2647058823529412,1.0,0.8114725730466775,0.23529411764705882,1.0
25623,chilled beer glasses,40,0.8147202843468137,0.23076923076923078,1.0,0.9061141373634362,0.2564102564102564,1.0,0.9054950212311271,0.2564102564102564,1.0
25637,china chilli,16,0.5596384448179813,0.6,0.5,0.38566061850833916,0.6,0.25,0.38566061850833916,0.6,0.25
25658,chinese power bank,16,0.8695896301991036,0.6,1.0,0.8722068345084167,0.6,1.0,0.8625124922432061,0.6,1.0
25661,chinese steamer,16,0.8730044734854441,0.625,1.0,0.9154355047894687,0.625,1.0,0.9320739411743278,0.625,1.0
25665,chinese writing pad,16,0.5705004280554113,0.7,0.5,0.7804934617007137,0.7,1.0,0.6646572202557055,0.6,1.0
25698,chlorhexidine gluconate soap,16,0.831749427173161,0.625,1.0,0.9181365007073754,0.625,1.0,0.8814997152339246,0.625,1.0
25783,chop 2 pot,16,0.2904482628823839,0.5,0.2,0.5380498181896447,0.5,1.0,0.5380498181896447,0.5,1.0
25822,christian journal stickers,16,0.7948833326720565,0.5714285714285714,1.0,1.0,0.7142857142857143,1.0,1.0,0.7142857142857143,1.0
25867,christmas cookies guft,16,0.8869023610677177,0.625,1.0,0.9212918597785398,0.625,1.0,0.9212918597785398,0.625,1.0
25922,christmas gold mesh ribbon spool,16,0.9249544221059786,0.625,1.0,0.9062711315641371,0.625,1.0,0.8947141692973658,0.625,1.0
26061,christmas totes with lids,16,0.8677045706583835,0.625,1.0,0.8455940937325924,0.625,1.0,0.895400235877735,0.625,1.0
26086,christmas trees 8ft,16,0.8494669985841227,0.625,1.0,0.9377022672979513,0.625,1.0,0.9001293603263336,0.625,1.0
26144,chromecast,43,0.665892609389755,0.24242424242424243,1.0,0.7943412252133241,0.21212121212121213,1.0,0.7130392649954859,0.18181818181818182,1.0
26151,chronograph shooting,16,0.5374829415542606,0.6666666666666666,0.5,0.6824871841548877,1.0,0.3333333333333333,0.6984365947119812,1.0,0.3333333333333333
26243,cia,16,0.9216017310213247,0.6428571428571429,1.0,0.7194955515208885,0.5714285714285714,1.0,0.7194955515208885,0.5714285714285714,1.0
26440,citizen women's eco-drive silicone strap watch,16,0.46055304157656585,0.5454545454545454,0.3333333333333333,0.8779587615038176,0.8181818181818182,1.0,0.8220769446670345,0.7272727272727273,1.0
26464,citrus potting soil mix,16,0.8756711469091657,0.625,1.0,0.9652449942689225,0.625,1.0,0.9712545700542154,0.625,1.0
26508,clairol purple shampoo for blonde hair,40,0.9526603142741242,0.25,1.0,0.7496361090075316,0.25,1.0,0.8572048559638628,0.25,1.0
26565,classic brand flannel jacket,16,0.39958220781875237,0.5714285714285714,0.25,0.5919238763834331,0.7142857142857143,0.5,0.3563371732892586,0.5714285714285714,0.3333333333333333
26631,clay blair,16,0.6195785388758193,0.6,1.0,0.9022610815351547,0.9,1.0,0.9022610815351547,0.9,1.0
26680,clear acrylic tritan tumblers,16,0.9295204907858209,0.625,1.0,1.0,0.625,1.0,1.0,0.625,1.0
26728,clear incandescent light bulbs 60 watt,16,0.7856750984873423,0.625,1.0,0.8710965993164692,0.625,1.0,0.868489764408032,0.625,1.0
26734,clear jewelry beads,16,0.9126651383222553,0.6,1.0,0.940542280925692,0.6666666666666666,1.0,0.9658331081668653,0.6666666666666666,1.0
26745,clear mk tote,16,0.8259747624470353,0.6428571428571429,1.0,0.7916626201157415,0.5714285714285714,1.0,0.7916626201157415,0.5714285714285714,1.0
26820,cleo le-tan,10,0.5714285040141098,1.0,0.5,0.42177340954886444,1.0,0.2,0.42177340954886444,1.0,0.2
26823,clergy burnout,16,0.5229168295935969,0.6666666666666666,0.3333333333333333,0.7599676921884454,0.6666666666666666,1.0,0.7671708088082307,0.6666666666666666,1.0
26852,cliff bars chocolate chip value pack,40,0.8687471874513093,0.25,1.0,0.9005033215744148,0.25,1.0,0.8899541168509599,0.25,1.0
26933,clit sucking tot,15,0.7616408777008603,0.7272727272727273,1.0,0.6563033086078547,0.6363636363636364,1.0,0.6563033086078547,0.6363636363636364,1.0
26944,cloak without hood,46,0.452378357881689,0.23333333333333334,0.3333333333333333,0.5108466851490598,0.2,1.0,0.5808970232181462,0.23333333333333334,1.0
26967,clone a willy,23,0.3902317879736521,0.36363636363636365,1.0,0.6311555276512929,0.5454545454545454,1.0,0.6311555276512929,0.5454545454545454,1.0
26985,clorox xtra blue chlorinating granules,16,0.8379542714891578,0.625,1.0,0.8781869166129828,0.625,1.0,0.8921262244705255,0.625,1.0
26991,closet door guides for carpet,16,0.7504324458667732,0.5454545454545454,1.0,0.7922039318110173,0.5454545454545454,1.0,0.8199081840316462,0.6363636363636364,1.0
27143,co2 canister chain,16,0.6753977009845787,0.8,1.0,0.6673352714949167,1.0,0.5,0.7003502195797511,1.0,0.5
27144,co2 cartridge,16,0.9484408074789668,0.625,1.0,0.9451560659547229,0.625,1.0,0.93996003448911,0.625,1.0
27168,coach wallet mens trifold,16,0.8789335177254264,0.625,1.0,1.0,0.625,1.0,1.0,0.625,1.0
27175,coaching confidence,16,0.8595870806193087,0.6428571428571429,1.0,0.9550769468717301,0.7142857142857143,1.0,0.9517163800786144,0.7142857142857143,1.0
27186,coastal napkin holders for kitchen,40,0.8410511370998824,0.2564102564102564,1.0,0.779069352656096,0.2564102564102564,1.0,0.7878745690229748,0.2564102564102564,1.0
27187,coaster break hub,16,0.7029144933322093,0.7,0.5,0.9014130555408896,0.7,1.0,0.8033547529639392,0.6,1.0
27207,coax to hdmi converter for tv,16,0.8234786934631797,0.75,1.0,0.47193876653755507,0.5833333333333334,0.5,0.6322979838367279,0.5833333333333334,1.0
27221,cobblestone area rug,16,0.9231271836331809,0.625,1.0,0.9916434438239524,0.625,1.0,0.9901095028504737,0.625,1.0
27271,cochoa leather,16,0.8936771928173143,0.625,1.0,0.9654936622793014,0.625,1.0,0.9400360807250873,0.625,1.0
27292,cocktail napkins basketball,16,0.8916740236839519,0.6428571428571429,1.0,0.8464845243165807,0.6428571428571429,1.0,0.8480184652900595,0.6428571428571429,1.0
27310,cocobeans,16,0.7651346761564163,0.6153846153846154,1.0,0.8676755635575705,0.6923076923076923,1.0,0.8676755635575705,0.6923076923076923,1.0
27313,cocokind chlorophyll mask,40,0.410465581077508,0.20833333333333334,0.5,0.8661316889914167,0.4166666666666667,1.0,0.8641948777454749,0.375,1.0
27384,coffee filters small 5 cup,39,0.9305687780632228,0.2631578947368421,1.0,0.8539639397231652,0.2631578947368421,1.0,0.9044360217369977,0.2631578947368421,1.0
27407,coffee maker pods single serve,16,0.838785410104352,0.6923076923076923,1.0,0.8629862153708591,0.5384615384615384,1.0,0.8603076102732766,0.5384615384615384,1.0
27439,coffee sugar free syrups pump,16,0.8836301629866768,0.625,1.0,0.8952857540615984,0.625,1.0,0.9058516050475466,0.625,1.0
27494,coin frame chain,16,0.5423247252962318,0.6,0.5,0.551331062461933,0.5,1.0,0.7564477297898765,0.7,1.0
27546,colapsable measuring cups,16,0.8729552152926601,0.6666666666666666,1.0,0.9454862044599013,0.6666666666666666,1.0,0.942271122217258,0.6666666666666666,1.0
27594,cold gear boys shirt,16,0.8582638554579922,0.625,1.0,0.8615730776370862,0.625,1.0,0.8666589172302495,0.625,1.0
27659,colerd shirts for men,16,0.5607164314924383,0.625,0.5,0.9244787319285119,1.0,1.0,0.9553224228875247,1.0,1.0
27742,collar tees for men,16,0.9705669479986532,0.625,1.0,0.8748032409025883,0.625,1.0,0.8880156958269811,0.625,1.0
27764,collection edition barbie nutcraker,16,0.5746537144952942,0.7,0.5,0.912450766316183,1.0,1.0,0.912450766316183,1.0,1.0
27776,college dorm room essentials,16,0.6473362615659565,0.6,1.0,0.7753366239771086,0.7,1.0,0.7967610662472991,0.7,1.0
27835,color contact lenses,16,0.7918888104254536,0.6666666666666666,1.0,0.83400791273357,0.6666666666666666,1.0,0.8199058796354778,0.6666666666666666,1.0
27836,color contacts lenses for eyes non prescription,54,0.6057416296740352,0.20689655172413793,0.3333333333333333,0.7523405950706065,0.2413793103448276,0.5,0.7117879118193369,0.2413793103448276,0.3333333333333333
27950,colster,16,0.7752165146863045,0.6923076923076923,0.5,0.8095154996253874,0.5384615384615384,0.5,0.7224851900716113,0.5384615384615384,1.0
27954,columbia,16,0.5506728637439606,0.5714285714285714,1.0,0.29587505068496134,0.42857142857142855,0.2,0.40643361554464436,0.5714285714285714,0.3333333333333333
28156,commercial steam cleaner detergent,40,0.5263304097820354,0.2631578947368421,1.0,0.3436966913921454,0.15789473684210525,0.5,0.3436966913921454,0.15789473684210525,0.5
28171,communion wafers,16,0.8565522691242266,0.625,1.0,0.8833254046666107,0.625,1.0,0.8875565951456295,0.625,1.0
28210,compass bead bracelets couples,16,0.9201048561927256,0.625,1.0,0.8709660119808826,0.625,1.0,0.8677631949399239,0.625,1.0
28258,compound bow strings and cables,16,0.5936557090664104,0.42857142857142855,0.5,0.5557568600969841,0.2857142857142857,0.5,0.6183942148285118,0.42857142857142855,0.5
28316,compressor wire terminal repair kit,16,0.4471483428813548,0.5714285714285714,0.5,0.7263127902136712,0.8571428571428571,0.5,0.6351376009931851,0.5714285714285714,1.0
28334,computer case water cooling,16,0.8443293270815865,0.625,1.0,0.8454362469876141,0.625,1.0,0.8443293270815865,0.625,1.0
28364,computer is not a typewriter,15,0.3330253191508293,0.5,0.2,0.8184984057938949,0.75,1.0,0.8184984057938949,0.75,1.0
28368,computer mit,16,0.7922127703265461,0.7,1.0,0.9387637876009838,0.8,1.0,0.9387637876009838,0.8,1.0
28389,computer sleeve 13 inch hp envy,16,0.7922532724658754,0.7272727272727273,1.0,0.6673747042216087,0.5454545454545454,1.0,0.5729069153557743,0.5454545454545454,1.0
28421,concealed belt bursa 380 thunder,16,0.9504120313864757,0.625,1.0,0.9454862044599013,0.625,1.0,0.9454862044599013,0.625,1.0
28466,cone filling machine,40,0.5829393865084946,0.25,1.0,0.780525885360589,0.2916666666666667,1.0,0.8769836981178636,0.3333333333333333,1.0
28507,coniar hairbrush,16,0.91068634751866,0.625,1.0,0.8995814470333734,0.625,1.0,0.8995814470333734,0.625,1.0
28508,conjunctivitis eye drops for dogs,16,0.9716189607861263,0.625,1.0,0.9439492378436964,0.625,1.0,0.942271122217258,0.625,1.0
28522,connect headset to another device,16,0.6845988903314879,0.7142857142857143,1.0,0.5320731575613596,0.7142857142857143,0.3333333333333333,0.5320731575613596,0.7142857142857143,0.3333333333333333
28523,connection without contact,16,0.2152055950263274,0.5,0.2,0.5562983930884396,0.5,1.0,0.5562983930884396,0.5,1.0
28564,contact,16,0.9032467383434786,0.625,1.0,0.977915258848537,0.625,1.0,0.9471643200863396,0.625,1.0
28590,contemporary living room table,16,0.7838409338645026,0.5714285714285714,0.5,0.9537125187088151,0.6428571428571429,1.0,0.9537125187088151,0.6428571428571429,1.0
28656,conversations with friends,16,0.6803417371526722,0.6153846153846154,0.5,0.9541422124941478,0.7692307692307693,1.0,0.8476509156730747,0.6923076923076923,1.0
28679,converse shoes for women pink,16,0.893220691807451,0.6428571428571429,1.0,0.8115558478722845,0.5714285714285714,1.0,0.7499372706843538,0.5714285714285714,1.0
28779,cool blue led headlights,41,0.8864934356967477,0.24390243902439024,1.0,0.9567083294488864,0.24390243902439024,1.0,0.933564588803294,0.24390243902439024,1.0
28805,cool picture ideas for instagram,19,0.37485400296855226,0.5,0.25,0.7927969799608184,0.75,1.0,0.7744613738216013,0.75,1.0
28897,coopertone face stick,16,0.8695901957719253,0.625,1.0,0.8913481821310819,0.625,1.0,0.8864013552148081,0.625,1.0
28965,coppertone spf 50 limited edition,16,0.8784185804229517,0.625,1.0,0.8436666355597752,0.625,1.0,0.8436666355597752,0.625,1.0
28968,coq10 without soy,39,0.7918943169914238,0.21621621621621623,1.0,0.9421111095506693,0.2702702702702703,1.0,0.9463191373920201,0.2702702702702703,1.0
29064,corduroy jacket,16,0.7856531033005316,0.6,1.0,0.9335273182679492,0.6666666666666666,1.0,0.93996003448911,0.6666666666666666,1.0
29116,corksickle coffee tumbler,40,0.7708430384071823,0.2564102564102564,1.0,0.7148841641443547,0.2564102564102564,1.0,0.6911213073664533,0.2564102564102564,1.0
29119,corn dog sunglasses,16,0.42394720476936393,0.6666666666666666,0.5,0.45483219026203,1.0,0.125,0.4742952497355118,1.0,0.14285714285714285
29130,cornel sanders costume kids,16,0.7425475854382888,0.6,1.0,0.8620538315022115,0.6,1.0,0.8620538315022115,0.6,1.0
29278,corta unas para pies,28,0.8984579903757324,0.34615384615384615,1.0,0.6686323597340736,0.3076923076923077,0.5,0.6686323597340736,0.3076923076923077,0.5
29337,cortizone cream,16,0.8675339501420242,0.625,1.0,0.950511060343137,0.625,1.0,0.7966015414086629,0.625,1.0
29400,costume flamingo girls,16,0.2957527977380982,0.42857142857142855,0.25,0.4604232846737572,0.5714285714285714,0.5,0.5438481712953243,0.7142857142857143,0.5
29404,costume hooded robes for men,16,0.8132625842398271,0.6,1.0,0.9494126029739882,0.6666666666666666,1.0,0.9494126029739882,0.6666666666666666,1.0
29418,costumes for women freddy,16,0.8932013779522888,0.6,1.0,0.8100445218331705,0.6666666666666666,1.0,0.8100445218331705,0.6666666666666666,1.0
29426,cot cushion,16,0.5316818683102369,0.6666666666666666,0.3333333333333333,0.5550372087680633,0.6666666666666666,0.5,0.5550372087680633,0.6666666666666666,0.5
29502,cotton sleep wear,16,0.9507235030281824,0.625,1.0,0.9191273815716655,0.625,1.0,0.9210641928176073,0.625,1.0
29517,cotufera,15,0.8792963921747642,0.6666666666666666,1.0,0.8258348010693564,0.6666666666666666,1.0,0.8258348010693564,0.6666666666666666,1.0
29535,couch pillows set of 4,49,0.6345038928543857,0.1875,0.3333333333333333,0.7177795332994794,0.1875,0.5,0.7309989523023465,0.21875,0.5
29568,counter top tile,16,0.5996167015284466,0.5,0.3333333333333333,0.7752486476427196,0.6666666666666666,1.0,0.7752486476427196,0.6666666666666666,1.0
29574,countertop dishcloth drying rack,16,0.9046704739136591,0.625,1.0,1.0,0.625,1.0,1.0,0.625,1.0
29588,country life tropical papaya,16,0.7871638275067196,0.625,1.0,1.0,0.625,1.0,1.0,0.625,1.0
29609,couples necklaces,16,0.92663607790064,0.625,1.0,0.9755453593002134,0.625,1.0,0.9755453593002134,0.625,1.0
29612,couples robes set king and queen,16,0.9021877388493492,0.6428571428571429,1.0,0.8936499529587284,0.6428571428571429,1.0,0.8233409192701389,0.5714285714285714,1.0
29629,coustume socks,16,0.8302660288145911,0.6428571428571429,1.0,0.8751112980411739,0.7142857142857143,1.0,0.8751112980411739,0.7142857142857143,1.0
29653,cover up makeup stick,16,0.8802502703583887,0.625,1.0,0.9403059847055673,0.625,1.0,0.9403059847055673,0.625,1.0
29678,cow paper plate,16,0.8628739860877441,0.6,1.0,0.8177347315316195,0.6,1.0,0.8236256390254275,0.6,1.0
29690,cowboy action figure,16,0.9275797623825901,0.625,1.0,0.9684038785434832,0.625,1.0,0.8968826277536139,0.625,1.0
29741,cozy hoodie women,16,0.7947670487211728,0.6428571428571429,1.0,1.0,0.7142857142857143,1.0,1.0,0.7142857142857143,1.0
29763,cpap wisp headgear,15,0.7670586416704339,0.625,1.0,0.8806376148079432,0.75,1.0,0.9422137713634973,0.875,1.0
29853,cramp defense for leg cramps,40,0.8066237605863467,0.23684210526315788,1.0,0.8809745078012027,0.2631578947368421,1.0,0.8899541168509599,0.2631578947368421,1.0
29856,cranberry faux flowers,16,0.9321376950951338,0.625,1.0,0.9307066738505995,0.625,1.0,0.9321376950951338,0.625,1.0
29873,crash bandicoot ps1 game,16,0.7805235543324748,0.6,1.0,0.940447182732146,0.6666666666666666,1.0,0.941646533637233,0.6666666666666666,1.0
29908,crayola metallic markers,40,0.7657898278715118,0.2631578947368421,1.0,0.977915258848537,0.2631578947368421,1.0,0.9738672436737749,0.2631578947368421,1.0
29922,crazy cat lady costume,16,0.8927658493827516,0.75,1.0,0.7784769857344843,0.6666666666666666,1.0,0.7916280360633523,0.6666666666666666,1.0
29959,create 365 planner mini accessories,40,0.8034385882761865,0.2647058823529412,1.0,0.9290059774489636,0.2647058823529412,1.0,0.9086768598011256,0.23529411764705882,1.0
30086,crib sound machine,40,0.92663607790064,0.2564102564102564,1.0,0.96331803895032,0.2564102564102564,1.0,0.9684038785434832,0.2564102564102564,1.0
30094,cricket phones,22,0.8086758868444679,0.45454545454545453,1.0,0.9251122079923695,0.45454545454545453,1.0,0.9251122079923695,0.45454545454545453,1.0
30105,cricut easy press 12,15,0.6848374495230164,0.6363636363636364,1.0,0.7975167679274938,0.7272727272727273,1.0,0.7162874455029681,0.7272727272727273,0.5
30113,cricut maker accessories,16,0.9787930706003494,0.625,1.0,0.9537125187088152,0.625,1.0,0.9537125187088152,0.625,1.0
30125,cricut tools,27,0.5937059905552453,0.2777777777777778,1.0,0.8925231409371452,0.5,1.0,0.866947989864271,0.4444444444444444,1.0
30140,crimson earrings,16,0.8124657311853315,0.6,1.0,0.9878431560618389,0.6666666666666666,1.0,0.9936070796552218,0.6666666666666666,1.0
30217,crock sandles women clearance,40,0.822619718826713,0.2564102564102564,1.0,0.8352142547488506,0.2564102564102564,1.0,0.8738330270444725,0.2564102564102564,1.0
30225,crocodile belt,15,0.8677045706583835,0.6666666666666666,1.0,0.9671486979779906,0.6666666666666666,1.0,0.9073404118790404,0.6666666666666666,1.0
30247,crocs purple,16,0.9787930706003494,0.625,1.0,1.0,0.625,1.0,1.0,0.625,1.0
30297,crosman pellet pistol 177,16,0.8451524052657947,0.8571428571428571,1.0,0.8946662200418025,0.8571428571428571,1.0,0.9080093949652118,0.8571428571428571,1.0
30326,cross tie tops for women,16,0.6630030094101452,0.5384615384615384,1.0,0.9504314609303665,0.6923076923076923,1.0,0.8642903960091047,0.6153846153846154,1.0
30356,crosswave bissell,16,0.863839786537598,0.7777777777777778,1.0,0.8352288929421325,0.6666666666666666,1.0,0.7632773748270256,0.6666666666666666,0.5
30380,cruise accessories for room,16,0.4117682472755954,0.6666666666666666,0.3333333333333333,0.676463505448809,1.0,0.5,0.6719231322714923,1.0,0.5
30396,crutch pads underarm,16,0.8127456659658792,0.7,1.0,0.8161018972187559,0.7,1.0,0.8043754776986982,0.7,1.0
30410,crybaby lil peep hoodie,16,0.7567644930563274,0.6923076923076923,0.5,0.8904022416585923,0.6923076923076923,1.0,0.888724126032154,0.6923076923076923,1.0
30415,crystal 10 malt,16,0.5868133211705339,0.5,1.0,0.746415533363182,0.6,1.0,0.8103225968014719,0.7,1.0
30425,crystal bracelet bkack quartz,16,0.7787504016105031,0.6363636363636364,1.0,0.5986465796009081,0.5454545454545454,1.0,0.6019808538700949,0.5454545454545454,1.0
30481,ctt hydration,30,0.44953758864022214,0.30434782608695654,0.3333333333333333,0.47832072452680746,0.30434782608695654,0.5,0.4530657799523948,0.30434782608695654,0.5
30495,cuadro 30x40,16,0.821287127948633,0.625,1.0,0.9643287872316368,0.625,1.0,0.9643287872316368,0.625,1.0
30517,cuadros electricos,26,0.3591475300896652,0.5,0.5,0.23036124610536238,0.5,0.1111111111111111,0.23036124610536238,0.5,0.1111111111111111
30530,cuater shoes,16,0.8839269150077771,0.6666666666666666,1.0,0.8759195979917094,0.6,1.0,0.8759195979917094,0.6,1.0
30677,cuisinart electric knife,20,1.0,0.5555555555555556,1.0,0.7904574384253747,0.4444444444444444,1.0,0.8984579903757324,0.5,1.0
30680,cuisinart mini prep plus replacement parts,40,0.8501591578697533,0.2692307692307692,1.0,0.3432666450301509,0.19230769230769232,0.25,0.369386596448216,0.19230769230769232,0.25
30719,cup and char pepperoni,14,0.8721768174122263,0.7142857142857143,1.0,0.947216831526372,0.7142857142857143,1.0,0.947216831526372,0.7142857142857143,1.0
30753,cupcake toppers baby shower boy and girl,12,0.8663715628924922,0.8333333333333334,1.0,0.9790468959828571,0.8333333333333334,1.0,0.9790468959828571,0.8333333333333334,1.0
30760,cups for personalization,16,0.8319922042466183,0.625,1.0,0.9744524468944666,0.625,1.0,0.944732765726288,0.625,1.0
30811,curly half wig,16,0.8584665422347724,0.6,1.0,0.9802219926161396,0.6666666666666666,1.0,0.8963614699861889,0.6,1.0
30840,curtain for half moon door window,16,0.9634117275431491,0.625,1.0,0.9008636626471187,0.625,1.0,0.9008636626471187,0.625,1.0
30855,curtain rods for windows 66 to 120 white,40,0.5233677215103996,0.21212121212121213,1.0,0.85421584028323,0.30303030303030304,1.0,0.8307606279959309,0.30303030303030304,1.0
30861,curtains 40 inch length,16,0.9133599670091238,0.625,1.0,0.9133599670091238,0.625,1.0,0.9174487478283276,0.625,1.0
30873,curtains white and gray,40,0.8822854078553969,0.25,1.0,0.9543384299005628,0.25,1.0,0.9768562593544076,0.25,1.0
30890,curved tv wall mount 75,16,0.8970728551331143,0.6666666666666666,1.0,0.8407784552804567,0.6,1.0,0.8028699937995946,0.6,1.0
30903,cushions black and white,40,0.821676034344763,0.23684210526315788,0.5,0.9232798466477631,0.23684210526315788,1.0,0.9274494784832003,0.23684210526315788,1.0
30905,cushmat playmat,40,0.9507235030281824,0.25,1.0,0.8150336957858365,0.25,1.0,0.8299769561805694,0.25,1.0
30915,custom biker patches for vest men,16,0.8443293270815865,0.625,1.0,0.9339141616892294,0.625,1.0,0.8825039172454769,0.625,1.0
30948,customizable cup,16,0.8096292529430065,0.625,1.0,0.8489869455162734,0.625,1.0,0.9035948084675627,0.625,1.0
30991,cute black sweater simple,16,0.7944142864839527,0.6153846153846154,1.0,1.0,0.7692307692307693,1.0,0.9504318313235595,0.7692307692307693,1.0
31002,cute clothes for teen girls,16,0.0,0.0,0.07692307692307693,0.5,1.0,0.3333333333333333,0.6309297535714574,1.0,0.5
31013,cute food coloring book,16,0.880188963632401,0.625,1.0,0.9289006082267348,0.625,1.0,0.9375779842738845,0.625,1.0
31026,cute iphone 6s case,30,0.8318477135310891,0.3076923076923077,1.0,0.9305687780632227,0.34615384615384615,1.0,0.8553475075669356,0.3076923076923077,1.0
31122,cutout stamp,16,0.7138169235392527,0.5833333333333334,1.0,0.8526715074548512,0.6666666666666666,1.0,0.8526715074548512,0.6666666666666666,1.0
31172,cybling womens shoes,39,0.32730659600126993,0.1875,0.5,0.36288691033421755,0.1875,1.0,0.3164618153841291,0.25,0.3333333333333333
31292,dab pen,16,0.434501774633246,0.6666666666666666,0.3333333333333333,0.7610003207917435,0.8333333333333334,1.0,0.7610003207917435,0.8333333333333334,1.0
31313,dad son puzzle,16,0.6245139729322686,0.6666666666666666,1.0,0.6159114601039334,0.7777777777777778,0.5,0.6159114601039334,0.7777777777777778,0.5
31381,daisy dream blush,19,0.40936044920685705,0.4444444444444444,1.0,0.8381615452693253,0.7777777777777778,1.0,0.8251859897746816,0.7777777777777778,1.0
31402,dakine 100 l,16,0.9792993621289764,0.625,1.0,0.9018096131475518,0.625,1.0,0.8788928732991396,0.625,1.0
31476,dance roller bag with hanging rack,16,0.804386775235702,0.625,1.0,0.9200110811301472,0.625,1.0,0.9158052676693772,0.625,1.0
31481,dancefloor,16,0.461568684742548,0.5,0.25,0.7123736502858729,0.5833333333333334,1.0,0.7123736502858729,0.5833333333333334,1.0
31503,dangling gold earrings,16,0.977915258848537,0.625,1.0,0.8899541168509599,0.625,1.0,0.8803485966094552,0.625,1.0
31570,dark gray deep pocket sheets,16,0.8613501417543621,0.625,1.0,0.9431240331897102,0.625,1.0,0.9861521673903242,0.625,1.0
31576,dark green leggins capris,16,0.9414129046115949,0.625,1.0,0.8221561836112392,0.625,1.0,0.7849278468123198,0.625,1.0
31580,dark grey hand towels for bathroom,16,0.8167278084105035,0.6428571428571429,1.0,0.7537754773756947,0.6428571428571429,0.5,0.8820678949848569,0.6428571428571429,1.0
31589,dark maple contact paper,16,0.8849160111949533,0.625,1.0,0.8502774382466488,0.625,1.0,0.8502774382466488,0.625,1.0
31627,dart case for steel darts,16,0.7437677542157901,0.5,0.5,0.7666381187064668,1.0,0.2,0.7837281957250214,1.0,0.25
31629,dart shield captain america,16,0.7208601247583792,0.5555555555555556,1.0,0.8025962428354775,0.8888888888888888,1.0,0.7165420724060519,0.7777777777777778,0.5
31630,darth vader black series helmet,40,0.6987957033953602,0.2608695652173913,1.0,0.45337725159410147,0.21739130434782608,0.5,0.5780426532880828,0.21739130434782608,1.0
31708,david dodson author,14,0.1845756967795682,0.5,0.1111111111111111,0.1934264036172708,0.5,0.125,0.1934264036172708,0.5,0.125
31716,david pastrnak jersey,16,0.4720734711653309,0.5454545454545454,0.5,0.44973040092678296,0.45454545454545453,0.3333333333333333,0.5799712177859,0.6363636363636364,0.3333333333333333
31761,day pants for men,16,0.7482710118719721,0.6153846153846154,1.0,0.6532029467976587,0.6153846153846154,1.0,0.651178493590423,0.6153846153846154,1.0
31804,dbxing,41,0.3011552057684597,0.4444444444444444,0.2,0.41047052569381864,0.3333333333333333,1.0,0.41047052569381864,0.3333333333333333,1.0
31905,dealt toolbox,16,0.9519089841148193,0.625,1.0,0.807101926525953,0.625,1.0,0.807101926525953,0.625,1.0
31949,decaf coffee subscribe and save,16,0.911793259090854,0.625,1.0,0.9240205794407473,0.625,1.0,0.9234014633084383,0.625,1.0
31972,deck installation tools,42,0.6281460426238844,0.2692307692307692,0.5,0.5656060796007277,0.19230769230769232,1.0,0.25076567541952166,0.11538461538461539,0.16666666666666666
31976,deck post brackets 4x4,16,0.9316277775573523,0.625,1.0,0.9325055893091646,0.625,1.0,0.92663607790064,0.625,1.0
32000,decor light word,16,0.8682238362454181,0.625,1.0,0.8412066568617184,0.625,1.0,0.8709024413430004,0.625,1.0
32071,decoy bottles for alcohol,16,0.9363792118010482,0.6428571428571429,1.0,0.7681290381596589,0.5714285714285714,0.5,0.7973791542685903,0.5714285714285714,1.0
32090,deep drawer organizer stackable,16,0.7799429692808346,0.5384615384615384,1.0,0.8400784956981504,0.6923076923076923,0.5,0.8303841534329398,0.6923076923076923,0.5
32141,deer patch hat,16,0.29427897487250254,0.6666666666666666,0.125,0.2850703250369507,0.3333333333333333,0.3333333333333333,0.2850703250369507,0.3333333333333333,0.3333333333333333
32275,delonghi la specialista,36,0.8264607122611038,0.29411764705882354,1.0,0.9262688623283958,0.29411764705882354,1.0,0.8436666355597752,0.29411764705882354,1.0
32298,deltarune laptop stickers,16,0.9392148330510314,0.625,1.0,0.9008636626471187,0.625,1.0,0.9008636626471187,0.625,1.0
32317,demon,16,0.9305687780632227,0.6428571428571429,1.0,1.0,0.7142857142857143,1.0,1.0,0.7142857142857143,1.0
32354,denman brush for curly hair,16,0.8991865866283439,0.625,1.0,0.9782424770346264,0.625,1.0,1.0,0.625,1.0
32422,deore 10 speed groupset,16,0.9008636626471187,0.625,1.0,0.9504318313235595,0.625,1.0,0.9504318313235595,0.625,1.0
32512,descendants toys,16,0.8688697468666033,0.625,1.0,0.8474209236411819,0.625,1.0,0.8448096184991429,0.625,1.0
32519,desert boots men,16,0.861341132062976,0.625,1.0,0.945036770628007,0.625,1.0,0.8948941126313389,0.625,1.0
32539,design house architecture,15,0.7708688724052365,0.5833333333333334,1.0,0.9161383658910329,0.75,1.0,0.9084267178730925,0.75,1.0
32569,designer paper bathroom cups,16,0.6691255538181727,0.5454545454545454,1.0,0.866947989864271,0.7272727272727273,1.0,0.866947989864271,0.7272727272727273,1.0
32576,designer watches for men,16,0.9014686628751248,0.625,1.0,0.8936966441051728,0.625,1.0,0.8410824052049298,0.625,1.0
32647,desk white,16,0.9454862044599013,0.625,1.0,0.9151005414726318,0.625,1.0,0.9218644966922334,0.625,1.0
32751,detour protein bars,16,0.8529049402290357,0.625,1.0,0.9547715182029446,0.625,1.0,0.9543384299005628,0.625,1.0
32828,dewalt dcb606,16,0.7790389179608878,0.625,1.0,0.9570856191170051,0.625,1.0,0.9597696063936791,0.625,1.0
32836,dewalt flexvolt,16,0.9157196576049409,0.625,1.0,0.9526603142741242,0.625,1.0,0.9400228393296095,0.625,1.0
32887,dharma trading,16,0.8370404011628994,0.6,1.0,0.8435500063697146,0.6,1.0,0.8435500063697146,0.6,1.0
32901,dht blocker without biotin,40,0.6160321387779866,0.2916666666666667,1.0,0.588954414661456,0.25,1.0,0.8626480741294441,0.375,1.0
32946,diamon grills,16,0.38766919809146544,0.8,0.14285714285714285,0.6240829478165759,0.8,1.0,0.6240829478165759,0.8,1.0
33041,diaper pail,16,0.625182212871797,0.6,0.25,0.8886974282177122,0.8,1.0,0.8919821697419561,0.8,1.0
33049,diapers are not forever board book,16,0.916741472193065,0.6666666666666666,1.0,0.9450316897980805,0.6666666666666666,1.0,0.9559102496645824,0.6666666666666666,1.0
33087,dice tower dungeons and dragons,16,0.6395022016411056,0.5454545454545454,1.0,0.775283434561792,0.6363636363636364,1.0,0.808853306855767,0.6363636363636364,1.0
33093,dichroic film,16,0.9504120313864757,0.625,1.0,0.9504120313864757,0.625,1.0,0.9454862044599013,0.625,1.0
33096,dickensons witch hazel toner,12,0.9018096131475518,0.8333333333333334,1.0,0.936123743404121,0.8333333333333334,1.0,0.8899554801667562,0.8333333333333334,1.0
33138,die driver,16,0.6309297535714574,1.0,0.5,0.6309297535714574,1.0,0.5,1.0,1.0,1.0
33143,die without you christine gray,16,0.7867362677230193,0.6,1.0,0.8351391129065976,0.6,1.0,0.8242605530400958,0.6,1.0
33147,diesel engine stand,40,0.3456055325029203,0.19047619047619047,0.25,0.6854036084678378,0.2857142857142857,1.0,0.557824922251112,0.23809523809523808,1.0
33158,diet coke ginger lime 12 pack,16,0.8944836122933966,0.625,1.0,0.9772274824155974,0.625,1.0,0.9813162632348015,0.625,1.0
33233,digital crockpot,16,0.8313086703195282,0.625,1.0,0.8319858734266574,0.625,1.0,0.8265381093895892,0.625,1.0
33245,digital music,16,0.8871027148292306,0.6,1.0,0.7490957840607644,0.6,1.0,0.7490957840607644,0.6,1.0
33287,dildo women,16,0.8342391993316441,0.6,1.0,0.7823484062308866,0.6,1.0,0.7823484062308866,0.6,1.0
33292,dillos massager,16,0.7896856357379308,0.6,1.0,0.8307343276983541,0.6666666666666666,1.0,0.7788555618243191,0.6,1.0
33298,dim100,16,0.655940869264108,0.6666666666666666,0.5,0.6511089411246476,0.5833333333333334,1.0,0.6511089411246476,0.5833333333333334,1.0
33361,dinosaur bike,16,0.5317509400554745,0.4,0.25,0.6168826233816105,0.6,0.2,0.9095568793261904,0.8,1.0
33464,director chair without arms,39,0.3084150055674195,0.2222222222222222,0.3333333333333333,0.5299120833589753,0.2777777777777778,1.0,0.5519652094763821,0.2777777777777778,1.0
33485,dirt devil pro 3,15,0.7362425525191235,0.6153846153846154,0.3333333333333333,0.8705853157443364,0.6923076923076923,1.0,0.7470075138397045,0.6153846153846154,0.5
33723,dishwashing gloves small,16,0.8049107101676063,0.625,1.0,0.9630280087714618,0.625,1.0,0.9630280087714618,0.625,1.0
33748,disney backpack for women,16,0.9305687780632228,0.625,1.0,0.8803485966094552,0.625,1.0,0.8591416672098046,0.625,1.0
33758,disney character sticker roll,16,0.9468817998296742,0.6666666666666666,1.0,0.9377996217281197,0.6,1.0,0.9411338959973068,0.6,1.0
33781,disney girl clothes,14,0.8131103902219335,1.0,1.0,0.9434336918247568,1.0,1.0,0.9434336918247568,1.0,1.0
33841,disney toys for girls,16,0.9755453593002134,0.7142857142857143,1.0,0.7833865569391482,0.5714285714285714,1.0,0.7833865569391482,0.5714285714285714,1.0
33897,disposable cake container,16,0.9054291485009893,0.625,1.0,0.9045513367491769,0.625,1.0,0.9305687780632228,0.625,1.0
33905,disposable coffee cups without lids,40,0.9543384299005628,0.2777777777777778,1.0,0.5088967771951836,0.19444444444444445,1.0,0.6957718066142601,0.2222222222222222,1.0
33958,divergent series dvd complete set,16,0.8966431602753238,0.7272727272727273,1.0,0.8083914602920017,0.7272727272727273,1.0,0.8335340964136734,0.7272727272727273,1.0
33989,diy air conditioner,16,0.8116290898625012,0.6428571428571429,1.0,0.7548779685413752,0.5714285714285714,1.0,0.7330191429499042,0.5714285714285714,1.0
33990,diy arcade cabinet,40,0.745264372428862,0.375,1.0,0.6891483521575726,0.375,0.5,0.762815192207169,0.4375,0.5
34004,diy plus walabot,40,0.5219907675607833,0.3333333333333333,0.5,0.6680631529658414,0.2857142857142857,0.5,0.6470964889792069,0.2857142857142857,0.3333333333333333
34036,dji air 2,39,0.7275772018541229,0.25806451612903225,1.0,0.7415481570258013,0.25806451612903225,0.5,0.7198225530787884,0.25806451612903225,0.5
34077,dk ingredients,16,0.9328616298921297,0.6666666666666666,1.0,0.9576381979632106,0.6666666666666666,1.0,0.9576381979632106,0.6666666666666666,1.0
34081,dk space eyewonder,11,1.0,1.0,1.0,1.0,1.0,1.0,0.9197207891481876,1.0,1.0
34113,dnd hats for men,40,0.8005561527509785,0.2727272727272727,1.0,0.3882251478215036,0.12121212121212122,0.5,0.44793214080336,0.12121212121212122,1.0
34202,doctor mcstuffins doll,40,0.8011442568077332,0.2916666666666667,1.0,0.9053647373317373,0.375,1.0,0.9755453593002134,0.4166666666666667,1.0
34209,doctor who pop figures,16,0.8415908474314976,0.6153846153846154,1.0,0.8579809428223729,0.6153846153846154,1.0,0.914856882358379,0.6923076923076923,1.0
34215,doctors kit,16,0.3872578731099396,0.8,0.2,0.47044483574041707,0.8,0.3333333333333333,0.47044483574041707,0.8,0.3333333333333333
34230,dodge denali,16,0.44040246400553396,0.5,0.5,0.3516534677608792,0.375,0.3333333333333333,0.3516534677608792,0.375,0.3333333333333333
34486,dog office supplies,16,0.8381657123202053,0.6666666666666666,1.0,0.8480211180676701,0.6,1.0,0.8726505703289015,0.6,1.0
34515,dog prosthetic leg,41,0.1347572886566031,0.2222222222222222,0.14285714285714285,0.27779240432754804,0.3333333333333333,0.5,0.3362555856239528,0.3333333333333333,0.5
34599,dog training snacks,16,1.0,0.6666666666666666,1.0,0.955830517697074,0.6,1.0,0.9537125187088151,0.6,1.0
34641,dogs and puppies grayscale coloring book,16,0.9439492378436964,0.625,1.0,0.9716189607861263,0.625,1.0,0.9537125187088152,0.625,1.0
34694,doll needles long 7,41,0.5662421872101157,0.1935483870967742,1.0,0.7894882734801613,0.2903225806451613,1.0,0.7986440733600199,0.2903225806451613,1.0
34698,doll with bassinet,16,0.8937353580384246,0.625,1.0,0.9556493299547569,0.625,1.0,0.9755453593002134,0.625,1.0
34705,dollin wig,16,0.9537125187088151,0.6428571428571429,1.0,0.733620752410735,0.5714285714285714,0.5,0.733620752410735,0.5714285714285714,0.5
34720,dolphin e10 pool acreena,16,0.6527894309048039,0.625,1.0,0.9140265918250875,1.0,1.0,0.9053773944801854,1.0,1.0
34728,dometic sink,16,0.23840584914282426,0.4444444444444444,0.25,0.72178492208516,0.5555555555555556,1.0,0.5059189720727209,0.6666666666666666,0.3333333333333333
34776,donkey costume,16,0.9142880495516761,0.6923076923076923,1.0,0.8710091542984482,0.6153846153846154,1.0,0.8771167081224641,0.6153846153846154,1.0
34783,donnacha dennehy,16,0.7355173909314653,0.6363636363636364,1.0,0.7183627972686238,0.5454545454545454,1.0,0.7183627972686238,0.5454545454545454,1.0
34921,dorm refrigerator without freezer,16,0.6827861240383348,0.5,1.0,0.57602566545683,0.5,1.0,0.7999218988881867,0.6666666666666666,1.0
34924,dorm room essentials for guys,16,0.6508205185601091,0.6666666666666666,1.0,0.7653606369886218,0.6666666666666666,1.0,0.7653606369886218,0.6666666666666666,1.0
34937,dorothy picnic basket,16,0.7704862754574752,0.6153846153846154,1.0,0.9821490166714711,0.7692307692307693,1.0,0.9821490166714711,0.7692307692307693,1.0
34954,dot echo,16,0.7708688724052365,0.5833333333333334,1.0,0.7282319948673357,0.6666666666666666,0.5,0.7199310730315294,0.6666666666666666,0.5
34960,dot youth & kids motocross offroad street helmet,16,0.9787930706003494,0.625,1.0,1.0,0.625,1.0,1.0,0.625,1.0
34965,doterra frankincense,40,0.534215835867702,0.21212121212121213,1.0,0.9322536887490998,0.30303030303030304,1.0,0.8911507300039928,0.2727272727272727,1.0
34988,double d revolving,16,0.6466136555905106,0.5714285714285714,1.0,0.7720830043026157,0.5714285714285714,1.0,0.7314347274907756,0.5714285714285714,1.0
35011,double protect ultra liquid,16,0.665338962079451,0.5833333333333334,1.0,0.7875730493824425,0.6666666666666666,1.0,0.7875730493824425,0.6666666666666666,1.0
35050,doughnuts fresh,40,0.4781705284141607,0.16666666666666666,0.25,0.9008240627729516,0.26666666666666666,1.0,0.9086768598011256,0.26666666666666666,1.0
35089,downstream injector for pressure washer,16,0.6787334396498962,0.5454545454545454,0.5,0.8623893785099407,0.6363636363636364,1.0,0.8606337550063158,0.6363636363636364,1.0
35097,downton abbey style dress,40,0.8729552152926601,0.2564102564102564,1.0,0.9517825025223118,0.2564102564102564,1.0,0.930316877503158,0.2564102564102564,1.0
35133,dr brown bags,16,0.8015904541693328,0.6153846153846154,1.0,0.8735998824634859,0.5384615384615384,1.0,0.8721579226027133,0.5384615384615384,1.0
35141,dr brown pacifiers 0-6 months,40,0.6546523161708495,0.25,0.5,0.8864060908197352,0.25,1.0,0.9325055893091646,0.2777777777777778,1.0
35144,dr browns level 4nipples,16,0.8011540938075591,0.6,1.0,0.8602006667039339,0.6666666666666666,1.0,0.8729552152926601,0.6666666666666666,1.0
35262,dragon masters pern,15,0.6240317057407013,0.5833333333333334,1.0,0.8054249818338775,0.6666666666666666,1.0,0.8120170610136802,0.6666666666666666,1.0
35281,dragonfly picks,16,0.8448363131798162,0.6,1.0,0.9744524468944666,0.6666666666666666,1.0,0.9856922824737547,0.6666666666666666,1.0
35332,drawing pad computer,16,0.92663607790064,0.625,1.0,0.9507235030281824,0.625,1.0,0.9253314794949417,0.625,1.0
35375,dream soccer,16,0.8178232693099826,0.625,1.0,0.9462009171700265,0.625,1.0,0.9462009171700265,0.625,1.0
35393,dredd,16,1.0,0.625,1.0,0.9537125187088152,0.625,1.0,0.9537125187088152,0.625,1.0
35437,dress shirts for women,16,0.5059799329270811,0.5454545454545454,0.5,0.7071578953462411,0.5454545454545454,1.0,0.7090890407564165,0.5454545454545454,1.0
35465,dresses for party night,16,0.9188159099299589,0.625,1.0,0.8790376965552609,0.625,1.0,0.8790376965552609,0.625,1.0
35470,dresses for women party night sexy,16,0.8975277285124498,0.6428571428571429,1.0,0.8249546988861967,0.6428571428571429,1.0,0.7437567835495805,0.5714285714285714,1.0
35475,dresses to wear to a wedding,40,0.7938267663861859,0.25,1.0,0.8282585047509012,0.25,1.0,0.8300141282545261,0.25,1.0
35554,drinking jars with lids,16,0.92663607790064,0.6666666666666666,1.0,0.922709679386553,0.6,1.0,0.9161383658910329,0.6,1.0
35572,drive belt troybuilt riding mower 46 inch lawn tractor,16,0.6944129465578993,0.625,1.0,0.7769411862502018,0.875,1.0,0.7703133677446706,0.875,1.0
35719,dry shampoo oribe,16,0.9008800604530008,0.625,1.0,0.9354684648005668,0.625,1.0,0.9576381979632106,0.625,1.0
35880,ducky one 2 mini white,16,0.8748032409025883,0.625,1.0,1.0,0.625,1.0,1.0,0.625,1.0
35888,ducted dehumidifier,40,0.8139131854127492,0.2631578947368421,1.0,0.8857918147750365,0.23684210526315788,1.0,0.9102464554748231,0.23684210526315788,1.0
35964,dunhill desire red for men,24,0.8659418680347015,0.45454545454545453,1.0,0.8930233621137135,0.45454545454545453,1.0,0.9216387971662042,0.45454545454545453,1.0
35976,duo charcoal smoker cover,16,0.9504318313235595,0.625,1.0,0.9339091084314125,0.625,1.0,0.9392148330510314,0.625,1.0
35984,duplicolor #47 paint,16,0.7992452526967843,0.6428571428571429,1.0,0.7542236021833272,0.5714285714285714,1.0,0.7157617947308829,0.5714285714285714,1.0
36002,duracell powersource,16,0.7864036563021922,0.5714285714285714,0.5,0.9454862044599013,0.7142857142857143,1.0,0.9454862044599013,0.7142857142857143,1.0
36011,duraliner bed liner,40,0.7485322306937084,0.21875,1.0,0.867124634590124,0.28125,1.0,0.889209375741587,0.28125,1.0
36085,dvb t2 antenne,16,0.8445937009385891,0.6,1.0,0.8451418737511797,0.6666666666666666,1.0,0.8451418737511797,0.6666666666666666,1.0
36111,dvd yellowstone,16,0.8751112980411739,0.6428571428571429,1.0,0.9292578780090285,0.7142857142857143,1.0,0.9292578780090285,0.7142857142857143,1.0
36153,dxl big and tall,16,0.9021814372008533,0.625,1.0,0.9044360217369977,0.625,1.0,0.8854344362026183,0.625,1.0
36240,dyson v10,27,0.5687081523031511,0.29411764705882354,0.3333333333333333,0.560254455509529,0.17647058823529413,0.2,0.5858041318020352,0.17647058823529413,0.3333333333333333
36262,e doll carrier backpacks,16,0.9755453593002134,0.625,1.0,0.9755453593002134,0.625,1.0,0.9768562593544076,0.625,1.0
36322,eagles white knit hat,16,0.48205895843098284,0.7,0.3333333333333333,1.0,1.0,1.0,1.0,1.0,1.0
36430,earring cards,16,0.96331803895032,0.625,1.0,0.9159783532244442,0.625,1.0,0.925957390686689,0.625,1.0
36441,earrings for girls without pierced ears,41,0.678366224077652,0.27586206896551724,0.5,0.8196399727029104,0.27586206896551724,1.0,0.8900056095648078,0.3103448275862069,1.0
36457,earth not a globe,40,0.8840293962119731,0.391304347826087,1.0,0.9716189607861263,0.43478260869565216,1.0,0.9755453593002134,0.43478260869565216,1.0
36516,easy to open pill bottle,16,0.9335313346561557,0.6428571428571429,1.0,0.9705669479986532,0.7142857142857143,1.0,0.9155021246665355,0.6428571428571429,1.0
36538,eb7,16,0.9346659795308913,0.7142857142857143,1.0,0.9692201653995299,0.7142857142857143,1.0,0.9692201653995299,0.7142857142857143,1.0
36586,echo battery chainsaw,16,0.608690752180411,0.5454545454545454,1.0,0.802923499499673,0.6363636363636364,1.0,0.5993986569292209,0.5454545454545454,0.3333333333333333
36594,echo dot game buttons,16,0.8421447230714011,0.625,1.0,0.8077415350181416,0.625,1.0,0.8047755770368318,0.625,1.0
36614,echo show 8,24,0.654317616108854,0.4375,1.0,0.8620289579971351,0.5,1.0,0.8409305485502252,0.5,1.0
36653,economic development is not for amateurs,8,0.8981501134815475,1.0,1.0,0.8938132475530267,1.0,1.0,0.9309095491537953,1.0,1.0
36657,ecos spray starch,16,0.9277179449653186,0.6666666666666666,1.0,0.9743682286692287,0.6666666666666666,1.0,0.9743682286692287,0.6666666666666666,1.0
36667,eczema bath treatment for kids,41,0.828785732989734,0.21621621621621623,1.0,0.8842222191013388,0.24324324324324326,1.0,0.8824665955977139,0.24324324324324326,1.0
36692,eden by cacharel,16,0.5344782299165536,0.5,1.0,0.8359272137464643,0.75,1.0,0.9021814372008533,0.8333333333333334,1.0
36705,edgeswitch8,16,0.8742037549563461,0.625,1.0,0.8368789572119399,0.625,1.0,0.8368789572119399,0.625,1.0
36749,educated a memoir,17,0.37259075411082276,0.45454545454545453,0.2,0.8331920384232125,0.7272727272727273,1.0,0.7880438512463934,0.6363636363636364,1.0
36754,educational ball for baby,16,0.7822277837051549,0.6153846153846154,1.0,0.8621621406030003,0.6923076923076923,1.0,0.8405437876671926,0.6923076923076923,1.0
36768,educator e collar,40,0.955830517697074,0.2727272727272727,1.0,0.8532721558012799,0.2727272727272727,0.5,0.8532721558012799,0.2727272727272727,0.5
36808,egg slicer for hard boiled eggs oxo,20,0.657625025646405,0.5,1.0,0.793813840456592,0.6428571428571429,1.0,0.7890844079138838,0.6428571428571429,1.0
36836,egr xterra,16,0.5972101761718264,0.75,0.5,0.7390541053550274,0.625,1.0,0.7372169200901303,0.625,1.0
36844,egyptian makeup,16,0.7240429610354063,0.8,1.0,0.8366308583704284,0.8,1.0,0.9482091829423616,1.0,1.0
36869,ek predator,16,0.5799814943324167,0.6363636363636364,0.3333333333333333,0.7831754511270252,0.7272727272727273,1.0,0.7001861811123702,0.7272727272727273,0.5
36872,eko stethoscope duo,16,0.7869451974792833,0.6,1.0,0.7593666178075781,0.6,1.0,0.7593666178075781,0.6,1.0
36983,elbow pads for dogs,16,0.8924121267938049,0.8181818181818182,1.0,0.6733124142067405,0.5454545454545454,1.0,0.6901223827404803,0.5454545454545454,1.0
37001,eleavtor clips,16,0.5143371794949736,0.75,0.3333333333333333,0.11751610475642714,0.25,0.1111111111111111,0.11751610475642714,0.25,0.1111111111111111
37027,electric blanket queen size,16,0.8165901947515999,0.6428571428571429,1.0,0.8591416672098046,0.7142857142857143,1.0,0.8591416672098046,0.7142857142857143,1.0
37049,electric eraser refill,16,0.7308904323496057,0.6363636363636364,0.5,0.6599539123611387,0.5454545454545454,0.5,0.6599539123611387,0.5454545454545454,0.5
37051,electric fence,16,0.7410804502138085,0.6,1.0,0.6931518213923265,0.6,0.5,0.6875342498068406,0.6,0.5
37094,electric marijuana tobacco grinder,16,0.6163668470816235,0.5384615384615384,0.5,0.8572048559638626,0.6153846153846154,1.0,1.0,0.7692307692307693,1.0
37114,electric piano yamaha psr,40,0.8498114746470676,0.23684210526315788,1.0,0.7575567185631594,0.2631578947368421,1.0,0.6881254966263821,0.23684210526315788,1.0
37198,electrolyte powder without stevia,40,0.7836040698096883,0.26666666666666666,1.0,0.8212989817726929,0.26666666666666666,1.0,0.9755453593002134,0.3333333333333333,1.0
37202,electrolyte tablets chewable,16,0.9392148330510314,0.625,1.0,0.9634117275431491,0.625,1.0,0.9361767385157805,0.625,1.0
37284,elephate smoke pipe,16,0.0,0.0,0.09090909090909091,0.7653606369886218,0.6666666666666666,1.0,0.7653606369886218,0.6666666666666666,1.0
37319,elf on shelf pajamas,16,0.7799082337019199,0.6,0.5,0.8384293369914939,0.6,1.0,0.8288238167499891,0.6,1.0
37345,eliptical exercise machine for home,16,0.9167786570990704,0.625,1.0,0.8987207560466409,0.625,1.0,0.8987207560466409,0.625,1.0
37348,elite bmx bikes 20 inch,16,0.7777292799030171,0.6,1.0,0.9144484546063171,0.6666666666666666,1.0,0.9047351861684623,0.6666666666666666,1.0
37353,elitefts wrist,40,0.6542133690731887,0.26666666666666666,1.0,0.5136687011057541,0.23333333333333334,0.5,0.5282944590937758,0.23333333333333334,0.5
37361,elk bo,16,0.6589157729763341,0.75,1.0,0.7486761295186739,1.0,0.5,0.7606395682357036,1.0,0.5
37377,elliott sign,16,0.421596482848644,0.6,0.3333333333333333,0.9757880548549218,1.0,1.0,0.943473299121064,1.0,1.0
37378,ellipsis 10 tablet charger,16,0.8611375561264455,0.7272727272727273,1.0,0.830447216556908,0.6363636363636364,1.0,0.8329112560416827,0.6363636363636364,1.0
37389,elmers glue stick .77oz,16,0.8423152781591091,0.625,1.0,0.8339834266873334,0.625,1.0,0.8637668878238651,0.625,1.0
37463,embroidered collars for dogs,16,0.9253314794949417,0.625,1.0,0.8644535733649782,0.625,1.0,0.796068254214396,0.625,1.0
37499,emergency keychain car escape tool,16,1.0,0.6666666666666666,1.0,0.955830517697074,0.6,1.0,0.9575861412006988,0.6,1.0
37533,eminem iphone 6 case,16,0.744716045475881,0.5714285714285714,1.0,0.7881491911951717,0.5714285714285714,1.0,0.7639600484762944,0.5714285714285714,1.0
37535,eminem music to be murdered by album,16,0.485262857016371,0.6666666666666666,0.5,0.8922108454754892,0.8333333333333334,1.0,0.8922108454754892,0.8333333333333334,1.0
37569,empire waist dress,16,0.6766311955021774,0.6666666666666666,1.0,0.6818656041208033,0.5833333333333334,1.0,0.6559058116816242,0.5833333333333334,1.0
37588,emt pants,16,0.9249544221059786,0.625,1.0,0.9375779842738845,0.625,1.0,0.9437576190259305,0.625,1.0
37693,enfamil polyvisol without iron,40,0.5824045733128106,0.22580645161290322,1.0,0.6565396851347497,0.25806451612903225,1.0,0.5800879844867654,0.22580645161290322,1.0
37745,english tea set,16,0.7798591292552822,0.6,0.5,0.8896103573299283,0.6666666666666666,1.0,0.8852742725819507,0.6666666666666666,1.0
37774,ensimas dijestibas organica,28,0.8334173092047868,0.36,1.0,0.9454862044599013,0.4,1.0,0.9454862044599013,0.4,1.0
37776,ensure para adultos mayores,28,0.8908978013329101,0.37037037037037035,1.0,0.9547715182029446,0.37037037037037035,1.0,0.9738672436737749,0.37037037037037035,1.0
37817,enya a day without rain cd,12,0.8857884560952374,0.9,1.0,0.9271873113734593,0.9,1.0,0.9271873113734593,0.9,1.0
37876,epson 702 ink cartridges,16,0.9149856081400831,0.625,1.0,0.8478333285894862,0.625,1.0,0.8478333285894862,0.625,1.0
37885,epson printer xp340,16,0.7351078175611871,0.625,0.5,0.9400524363561394,1.0,1.0,0.9354379643371503,1.0,1.0
37892,epson xp255,16,0.5483361979887368,0.8333333333333334,0.3333333333333333,0.5164256824542052,0.6666666666666666,0.5,0.5164256824542052,0.6666666666666666,0.5
37948,ergonomic desk chair no arms,16,0.942271122217258,0.625,1.0,0.911793259090854,0.625,1.0,0.9250795789348766,0.625,1.0
37984,erode,16,0.6983399741084051,0.75,1.0,0.8406139963914658,0.75,1.0,0.6365325349639037,0.75,1.0
38001,erythritol sweetenerorganic,16,0.9074040483379155,0.625,1.0,0.8652088476846377,0.625,1.0,0.8660891635103478,0.625,1.0
38003,es shoes skateboard,40,0.7266438273370572,0.2631578947368421,1.0,0.92663607790064,0.2631578947368421,1.0,0.9755453593002134,0.2631578947368421,1.0
38004,es2.5,16,0.7383915262995113,0.5384615384615384,1.0,0.8028987128832985,0.6153846153846154,1.0,0.8028987128832985,0.6153846153846154,1.0
38068,eskimo jacket kids,16,0.5234147148154231,0.6,0.5,0.6667484994023143,0.6,1.0,0.6633879326091984,0.6,1.0
38263,esthetician table and chair,16,0.8991517521755826,0.625,1.0,0.8599907066845038,0.625,1.0,0.8858330195538265,0.625,1.0
38434,eureka nec180,16,0.8625124922432061,0.6,1.0,0.8400784956981504,0.6,0.5,0.8400784956981504,0.6,0.5
38484,evenflo top of stairs gate,16,0.8383865342971615,0.625,1.0,0.9413905060024131,0.625,1.0,0.9413905060024131,0.625,1.0
38521,everthing an argument reading 8th edition,12,0.6812939507440954,0.8,1.0,0.9343923220511718,1.0,1.0,0.9343923220511718,1.0,1.0
38580,exacto knife,33,0.7950160497797051,0.30303030303030304,1.0,0.7836894748893846,0.30303030303030304,1.0,0.7836894748893846,0.30303030303030304,1.0
38632,exercise without exercise,12,0.768157259055303,0.6,1.0,0.8428651093231295,0.8,1.0,0.8162188324236983,0.8,1.0
38640,exhalation,16,0.6240505200038378,1.0,0.5,0.9197207891481876,1.0,1.0,0.9197207891481876,1.0,1.0
38676,expanse book 3,16,0.7094298921488378,0.5833333333333334,1.0,0.8501584580286051,0.5833333333333334,1.0,0.8362623888974601,0.5833333333333334,1.0
38751,extenze plus male enhancing pills,19,0.7873513202814713,0.5625,1.0,0.7789895064323702,0.5,1.0,0.7386401943098903,0.5,1.0
38783,external storage for new android connection phones,16,0.40712020338144844,0.5,0.3333333333333333,0.5115207573785331,0.5,1.0,0.6606714602984461,0.6666666666666666,1.0
38847,extra ordinary,16,0.8365902615957705,0.625,1.0,0.8666438758772342,0.625,1.0,0.8666438758772342,0.625,1.0
38955,eyeglasses without nose pads,42,0.638770389634307,0.42857142857142855,1.0,0.5948591299858257,0.35714285714285715,1.0,0.6265067441561905,0.35714285714285715,1.0
38986,eyes of the grateful deadworld poster,16,0.1845756967795682,0.5,0.1111111111111111,0.17723928678404774,0.5,0.1,0.17723928678404774,0.5,0.1
39058,f11,26,0.721801830382049,0.5,1.0,0.642186726668901,0.35714285714285715,1.0,0.642186726668901,0.35714285714285715,1.0
39081,fab lip therapy,40,0.721246334936903,0.21052631578947367,1.0,0.8003749650086616,0.2631578947368421,1.0,0.7940786669462508,0.2631578947368421,1.0
39137,face cream with retinol,16,0.9305687780632227,0.6,1.0,0.8611375561264455,0.6,1.0,0.8899541168509599,0.6,1.0
39148,face heating pad,39,0.5423247252962318,0.24,0.5,0.3669978332435373,0.2,0.25,0.5460205614040002,0.2,1.0
39158,face mask,109,0.8385288668901424,0.08791208791208792,1.0,0.9349369997364463,0.10989010989010989,1.0,0.9567083294488864,0.10989010989010989,1.0
39204,face oil with salicylic acid,16,0.8361567358429209,0.625,1.0,0.8702673988790545,0.625,1.0,0.8740798645450939,0.625,1.0
39218,face shield for toddlers,16,0.933745776545611,0.6923076923076923,1.0,0.843992232020434,0.6153846153846154,1.0,0.9047830903445314,0.6923076923076923,1.0
39236,face tattoos for women,16,0.8919568008270393,0.6666666666666666,1.0,0.8552748397773593,0.6,1.0,0.9028136500410967,0.6666666666666666,1.0
39303,fairy house kit,16,0.8564726535990943,0.625,1.0,0.9092480684874107,0.625,1.0,0.9337301096947953,0.625,1.0
39320,fairywill ultrasonic toothbrush,16,0.8501002095349773,0.625,1.0,0.8886061417369945,0.625,1.0,0.8822132213922163,0.625,1.0
39332,fake 20 dollar bills,38,0.8691802757536912,0.25,1.0,0.9034923372550475,0.2777777777777778,1.0,0.8915237125246576,0.2777777777777778,1.0
39349,fake elf,16,0.92663607790064,0.6,1.0,0.8611375561264455,0.6,1.0,0.8611375561264455,0.6,1.0
39393,fake timbs,16,0.7699175718353045,0.5714285714285714,1.0,0.8079654212928308,0.7142857142857143,1.0,0.8079654212928308,0.7142857142857143,1.0
39469,fall shower curtain hooks,40,0.8457846345480339,0.25806451612903225,1.0,0.45640599376115915,0.1935483870967742,0.25,0.6716213754147063,0.25806451612903225,0.5
39472,fall table decor bulk,16,0.5027177985485013,0.6,1.0,0.8892860328999854,0.9,1.0,0.9137542294656174,0.9,1.0
39487,falljraven backpack,16,1.0,0.625,1.0,0.9684038785434832,0.625,1.0,0.92663607790064,0.625,1.0
39490,fallout 76 book,16,0.8487716054941791,0.625,1.0,0.9712545700542154,0.625,1.0,0.9712545700542154,0.625,1.0
39542,fan light window shade,16,0.8785591325658836,0.625,1.0,0.8854363023827685,0.625,1.0,0.9092362252882528,0.625,1.0
39551,fancy apple watch bands,16,0.8967311687784959,0.625,1.0,0.9253314794949417,0.625,1.0,0.9305687780632228,0.625,1.0
39604,faraday cage,16,0.7065443116025598,0.6666666666666666,0.5,0.8036181332923337,0.6666666666666666,1.0,0.7360530097837503,0.5833333333333334,1.0
39662,farmhousw,16,0.8839269150077771,0.625,1.0,0.9149856081400831,0.625,1.0,0.9149856081400831,0.625,1.0
39688,fashion 3d crossbody bags for women,16,0.8238939628570701,0.625,1.0,0.8513640343255936,0.625,1.0,0.8782635757405803,0.625,1.0
39726,fast without the s,14,0.7977228895450267,1.0,1.0,0.5249810332008934,1.0,0.3333333333333333,0.4556051495874604,1.0,0.2
39746,fat girl sleep,16,0.8041502698782983,1.0,1.0,0.8757412141153033,1.0,1.0,0.8980517442734133,1.0,1.0
39770,fathers day gift,16,0.9832614788386752,0.7142857142857143,1.0,0.9187604773038315,0.5714285714285714,1.0,0.8804967675006824,0.5714285714285714,1.0
39771,fathes,16,0.8572048559638626,0.5714285714285714,1.0,0.8165901947515999,0.5714285714285714,1.0,0.8165901947515999,0.5714285714285714,1.0
39843,feather pillow sham,15,0.8529049402290357,0.6666666666666666,1.0,0.9401742983047275,0.6666666666666666,1.0,0.9401742983047275,0.6666666666666666,1.0
39897,feliway multicat diffuser starter kit,15,0.7836305487672038,0.6153846153846154,1.0,0.9533899450471146,0.6923076923076923,1.0,0.9533899450471146,0.6923076923076923,1.0
39899,felix ever after,16,0.729797928657537,0.7777777777777778,1.0,0.6800929161289828,0.5555555555555556,1.0,0.6800929161289828,0.5555555555555556,1.0
39927,felt story boards for teachers,16,0.5392968862278847,0.6,1.0,0.6661998717660157,0.6,1.0,0.6661998717660157,0.6,1.0
39953,feminine furniture,16,0.8899541168509599,0.6,1.0,0.7799082337019199,0.6,0.5,0.7799082337019199,0.6,0.5
40071,ffp2 not kn95,39,0.5369412302173521,0.35294117647058826,1.0,0.7994263796405152,0.4117647058823529,1.0,0.8021789795441393,0.4117647058823529,1.0
40181,fifty shades of grey book,16,0.6775511199667212,0.5454545454545454,1.0,0.8022415739286917,0.8181818181818182,0.5,0.8613825072638496,0.8181818181818182,1.0
40195,figma deku with mask,40,0.7465384335257913,0.2857142857142857,1.0,0.5755180112687549,0.2857142857142857,0.5,0.5549775969517432,0.2857142857142857,0.5
40289,film christmas ornament,16,0.6683058515871164,0.6,0.5,0.7830020528186789,0.6,1.0,0.7792271132797101,0.6,1.0
40418,finn starwars book,16,0.7576445541044408,0.6153846153846154,1.0,0.8664785925006194,0.6153846153846154,1.0,0.7907414003841472,0.5384615384615384,1.0
40434,fire cam,16,0.0,0.0,0.09090909090909091,0.11990623328406573,0.3333333333333333,0.125,0.11990623328406573,0.3333333333333333,0.125
40438,fire emblem 3 houses merch,16,0.49620913827947655,0.5555555555555556,0.5,0.867995477785511,0.8888888888888888,1.0,0.32041739428146926,0.4444444444444444,0.16666666666666666
40480,fire resistwnt jackets for men,14,0.8668103762053675,0.7142857142857143,1.0,0.9537125187088152,0.7142857142857143,1.0,0.9537125187088152,0.7142857142857143,1.0
40496,fire stick without alexa,16,0.6811880438791915,0.6363636363636364,1.0,0.6130170260264108,0.5454545454545454,1.0,0.6457250201541351,0.6363636363636364,0.5
40502,fire table glass wind guard,16,0.8299769561805694,0.625,1.0,0.8548417514749775,0.625,1.0,0.8576793081804921,0.625,1.0
40541,firefly guitar,16,0.9074250374176304,0.6428571428571429,1.0,0.8532721558012799,0.6428571428571429,0.5,0.7838409338645026,0.5714285714285714,0.5
40576,firestickstick 4k,16,0.8000490006448544,0.6153846153846154,1.0,0.7513770025344324,0.6153846153846154,0.5,0.7425769837265606,0.5384615384615384,1.0
40600,first aid merit badge book,15,0.8772663805908328,0.6666666666666666,1.0,0.9533497162960899,0.6666666666666666,1.0,0.9877841797012169,0.6666666666666666,1.0
40624,first response pregnancy test 3 pack,16,0.8980399469609298,0.625,1.0,0.9126347990857985,0.625,1.0,0.9755106631796201,0.625,1.0
40703,fisher price mirror toy,16,0.9123755929324613,0.625,1.0,0.8903818700168974,0.625,1.0,0.8710965993164692,0.625,1.0
40710,fisher price tricycle 2,16,0.6998677759087045,0.6153846153846154,1.0,0.9301463971330413,0.6923076923076923,1.0,0.9301463971330413,0.6923076923076923,1.0
40749,fishing likes,12,0.7519811757232179,0.8,1.0,0.5895363674080469,1.0,0.25,0.5874238882820196,1.0,0.25
40800,fit crunch,16,0.9537125187088152,0.625,1.0,0.9317219174938032,0.625,1.0,0.9317219174938032,0.625,1.0
40882,fitmiss protein powder,16,0.8880156958269811,0.625,1.0,0.9743682286692287,0.625,1.0,0.9772274824155974,0.625,1.0
40916,fitted red sox hat,40,0.8159115075376489,0.25,1.0,0.8371184369372995,0.25,1.0,0.8192119948599884,0.25,1.0
40927,fitvine wines,40,0.3278034367205273,0.2727272727272727,0.5,0.5489061528471565,0.45454545454545453,0.3333333333333333,0.5489061528471565,0.45454545454545453,0.3333333333333333
40993,flag temp tatoos,16,0.8509153529608906,0.625,1.0,0.7942386796128394,0.625,1.0,0.7942386796128394,0.625,1.0
41044,flannels for women,16,0.770628309921074,0.6363636363636364,1.0,0.6883922706136795,0.7272727272727273,0.5,0.6004311286161025,0.6363636363636364,0.5
41103,flat brimmed hat,16,0.8090067675158505,0.625,1.0,0.9119059176127285,0.625,1.0,0.9229324806714319,0.625,1.0
41108,flat extension cord,16,0.8532721558012799,0.6,0.5,0.9074250374176304,0.6,1.0,0.8532721558012799,0.6,0.5
41125,flat screen tv,28,0.5948309763267566,0.2631578947368421,0.3333333333333333,0.833758197368034,0.3684210526315789,1.0,0.7853663072074676,0.3157894736842105,1.0
41135,flatbed tool boxes,16,0.874489109857031,0.6,1.0,0.8515331980226639,0.6,1.0,0.8445401732206224,0.6,1.0
41158,flaw because of the brave,16,0.7584837914317291,0.6666666666666666,1.0,0.6622668440469683,0.5,1.0,0.7053143207837537,0.5833333333333334,1.0
41161,flaxseed vitamins,16,0.9265275579478992,0.6,1.0,0.92663607790064,0.6666666666666666,1.0,0.92663607790064,0.6666666666666666,1.0
41172,flea trap light,16,0.6230865717288508,0.45454545454545453,1.0,0.6870303531693138,0.5454545454545454,0.5,0.6915269189446108,0.5454545454545454,0.5
41273,flight sim,16,0.8711848995270869,0.6666666666666666,1.0,0.7893454817437576,0.5,1.0,0.7848489159684606,0.5,1.0
41324,floating glass shelf 10 inches wide,16,0.7140646861329565,0.6666666666666666,0.5,0.9716227842066444,0.8888888888888888,1.0,0.8604378396731555,0.6666666666666666,1.0
41455,floral sandal,16,0.9547715182029446,0.625,1.0,0.9371852826240948,0.625,1.0,0.9755453593002134,0.625,1.0
41566,fluffy puppy bed,16,0.8100445218331705,0.625,1.0,0.9577740661608027,0.625,1.0,0.9577740661608027,0.625,1.0
41568,fluffy rug 5x8,16,0.8510779794090967,0.625,1.0,0.8757557806560736,0.625,1.0,0.8716517100702675,0.625,1.0
41586,fluker's reptile calcium supplement without vitamin d3,20,0.655561672913659,0.5,1.0,0.8155703489402799,0.6428571428571429,1.0,0.7596936772154048,0.5714285714285714,1.0
41703,foam for rectangular microphones,16,0.1528312541073056,0.3333333333333333,0.125,0.7694496805522829,1.0,1.0,0.767832734998419,1.0,1.0
41709,foam it green,41,0.7031938372057401,0.38095238095238093,1.0,0.4459650178110603,0.23809523809523808,0.5,0.3734437199253489,0.23809523809523808,0.25
41713,foam matresses topper full,16,0.7962761308439931,0.625,1.0,0.9250465452780925,0.625,1.0,0.9250465452780925,0.625,1.0
41757,foco miami dolphins,40,0.977915258848537,0.2857142857142857,1.0,1.0,0.2857142857142857,1.0,0.9716189607861263,0.2857142857142857,1.0
41769,focusrite scarlett 2i2,16,0.7980937696722644,0.6,1.0,0.9681004971877386,0.6,1.0,0.9115608039242347,0.6,1.0
41934,food saver,16,0.9191485566473939,0.6428571428571429,1.0,0.767995171736783,0.5714285714285714,0.5,0.7240152321692302,0.5714285714285714,0.3333333333333333
41965,foos ball coffee table,40,0.38343318143478133,0.2222222222222222,0.25,0.92663607790064,0.37037037037037035,1.0,0.8842222191013388,0.3333333333333333,1.0
41995,foot pump for inflatables,16,0.8234175757013852,0.625,1.0,0.9728000816764084,0.625,1.0,0.969361449587977,0.625,1.0
42046,football wreath fram,16,0.664550862590272,0.75,1.0,0.6533933590057492,1.0,0.3333333333333333,0.6533933590057492,1.0,0.3333333333333333
42048,football.plates,16,0.9537125187088152,0.625,1.0,0.9755453593002134,0.625,1.0,0.9755453593002134,0.625,1.0
42067,for shoes 2 cabinet,12,0.7865680134291311,0.8181818181818182,1.0,0.8873943985339321,0.9090909090909091,1.0,0.8873943985339321,0.9090909090909091,1.0
42069,for the girls card game,16,0.9339091084314125,0.625,1.0,1.0,0.625,1.0,1.0,0.625,1.0
42071,for the love of men,16,0.8663357329468189,0.625,1.0,0.9154678432925097,0.625,1.0,0.937634399960692,0.625,1.0
42082,force reconnaissance,16,0.8403786558542508,0.6,1.0,0.9593034466393203,0.6666666666666666,1.0,0.9647512106763887,0.6666666666666666,1.0
42110,ford logo seat covers,16,0.8658040508691229,0.625,1.0,0.994068591332762,0.625,1.0,1.0,0.625,1.0
42128,foregrip picatinny,13,0.46432943728502374,0.7142857142857143,0.5,0.7565701893577831,0.8571428571428571,1.0,0.7634514881793377,0.8571428571428571,1.0
42223,fortnight socks do not disturb,40,0.9093618486635722,0.25,1.0,0.9325055893091646,0.25,1.0,0.942271122217258,0.25,1.0
42254,fortnite suit for boys,16,0.47362000797738596,1.0,0.2,0.1564262420075855,0.3333333333333333,0.14285714285714285,0.14804095548293264,0.3333333333333333,0.125
42272,fossil jacquline watch band for women,16,0.5462574254588145,0.6363636363636364,0.3333333333333333,0.8603818544462509,0.7272727272727273,1.0,0.8553475075669356,0.7272727272727273,1.0
42343,fp wristlet,16,0.8733930175731953,0.6923076923076923,1.0,0.9008636626471187,0.7692307692307693,1.0,0.9008636626471187,0.7692307692307693,1.0
42344,fp30 piano,9,0.7645698123090142,1.0,0.25,0.9160590690667508,1.0,1.0,0.8178544753236002,1.0,0.5
42378,frame drum shaman,16,0.7493681299718691,0.6428571428571429,0.5,0.9169130043419457,0.6428571428571429,1.0,0.9169130043419457,0.6428571428571429,1.0
42383,frame holder display for 24 x 36 horizontal,16,0.0,0.0,0.09090909090909091,0.6105456988825856,0.6666666666666666,1.0,0.6173196815056892,0.6666666666666666,1.0
42464,free jt tshirt,39,0.6272501118221114,0.3076923076923077,0.5,0.449502704714561,0.15384615384615385,1.0,0.449502704714561,0.15384615384615385,1.0
42484,free phones for 0.00 samsung,12,0.5170413928981072,0.7142857142857143,0.3333333333333333,0.8681435786610507,0.8571428571428571,1.0,0.7958543348112264,0.7142857142857143,1.0
42500,free weights 5lbs pair,16,0.8484359194787113,0.6666666666666666,1.0,0.8960009244056312,0.6,1.0,0.891922879295034,0.6,1.0
42527,freeze dryers for home use,15,0.9384212332592393,0.7142857142857143,1.0,0.7612011306709414,0.6428571428571429,1.0,0.7590445832468611,0.6428571428571429,1.0
42598,fresh organic strawberries,40,0.47554922171671493,0.21875,0.5,0.8675021601272528,0.3125,1.0,0.8766808937148716,0.3125,1.0
42631,friday trilogy dvd,16,0.7295403087440256,0.5833333333333334,1.0,0.7192569587474276,0.5,0.5,0.7396810021987521,0.5,1.0
42676,friendship shirts for best friends,16,0.7548901677985381,0.7142857142857143,0.5,0.8561989105457116,0.7142857142857143,1.0,0.8586414520296747,0.7142857142857143,1.0
42712,frisbee asend,12,0.8845577982799769,0.875,1.0,0.81610227609607,0.875,1.0,0.81610227609607,0.875,1.0
42797,frostfire pest repeller,40,0.7636902218750223,0.2631578947368421,1.0,0.7625558606247879,0.2631578947368421,1.0,0.7650944097265288,0.2631578947368421,1.0
42830,frozen couch for toddler,16,0.7137589041006913,0.5714285714285714,1.0,0.8117097505335111,0.6428571428571429,1.0,0.798415583796332,0.6428571428571429,1.0
42838,frozen fried onions,16,0.8630152897016882,0.8,1.0,0.8553475075669356,0.8,1.0,0.8364586133797036,0.8,1.0
42856,frozen theme,16,0.9768562593544076,0.625,1.0,0.9684038785434832,0.625,1.0,0.92663607790064,0.625,1.0
42895,fruit of the loom womens waffle knit thermal pants,16,0.5906963835648429,0.5,1.0,0.8304519074988383,0.8,1.0,0.8544712706079458,0.8,1.0
42916,frye boots women 12,16,0.863837194967198,0.625,1.0,0.877498822220854,0.625,1.0,0.8628730642328323,0.625,1.0
42999,fuji white paint,40,0.6071852468358782,0.3333333333333333,0.5,0.977915258848537,0.4166666666666667,1.0,0.9787930706003494,0.4166666666666667,1.0
43006,fujifilm instax mini 11 accessories bundle without camera,16,0.8144134998062904,0.6923076923076923,1.0,0.7771351972585528,0.6153846153846154,1.0,0.8420765898111754,0.6153846153846154,1.0
43012,fujifilm sq10,16,0.8873703231771632,0.8888888888888888,1.0,0.8125163012475167,0.5555555555555556,1.0,0.8080213416730283,0.5555555555555556,1.0
43019,fujimax instax mini 11 film,16,0.8678693756994968,0.625,1.0,0.8063059872961442,0.625,1.0,0.8076168873503385,0.625,1.0
43103,full size crib,16,0.8143934045777991,0.6428571428571429,1.0,0.7844731467047461,0.5714285714285714,1.0,0.7946448258910721,0.5714285714285714,1.0
43506,funko pop ron puking,16,0.5946590549605647,0.8,0.5,0.7860137352654724,0.8,1.0,0.7860137352654724,0.8,1.0
43620,furniture,43,0.9021814372008533,0.25,1.0,0.7606971932189103,0.2222222222222222,0.3333333333333333,0.7606971932189103,0.2222222222222222,0.3333333333333333
43640,furry heads wolf,15,0.8777659126970082,0.6153846153846154,1.0,0.8154722695448358,0.6923076923076923,1.0,0.8017273252942377,0.6923076923076923,1.0
43665,fusion ringke iphone 11 pro,16,0.4346827816372286,0.6666666666666666,0.25,0.398585979493494,0.5,0.5,0.4207612219650838,0.6666666666666666,0.25
43717,fuzzy white balls,16,0.9556493299547569,0.625,1.0,0.920186381065795,0.625,1.0,0.942271122217258,0.625,1.0
43749,g master 85mm f 1.4,16,0.8306810464913132,0.6,1.0,0.8648376219190134,0.6666666666666666,1.0,0.9630280087714618,0.6666666666666666,1.0
43762,g star hoodies for men,16,0.6512859403872835,0.5384615384615384,0.5,0.6510372723769046,0.5384615384615384,0.5,0.6561423932189043,0.5384615384615384,0.5
43798,g6a-8e,36,0.5455555074223096,0.2222222222222222,1.0,0.6700144054628698,0.2222222222222222,1.0,0.649333144857578,0.2222222222222222,1.0
43895,gaiter columbia,16,0.4304224437558072,0.42857142857142855,0.5,0.579390628417212,0.2857142857142857,1.0,0.5761727080102966,0.2857142857142857,1.0
43984,galaxy s10 case cute,16,0.7564477297898765,0.6363636363636364,1.0,0.7026305163854645,0.6363636363636364,1.0,0.5957616317188125,0.45454545454545453,1.0
44045,galaxy s9 samsung screen protector,16,0.5527460588826718,0.6,0.5,0.7778721720600672,0.7,1.0,0.8521705090845475,0.8,1.0
44071,galaxy watch active 2,33,0.7795111758152328,0.32142857142857145,1.0,0.8585157560180571,0.2857142857142857,1.0,0.7688729834885955,0.2857142857142857,0.5
44099,gallon high build primer,16,0.8704266335610871,0.625,1.0,0.8991652295919679,0.625,1.0,0.8994225879321841,0.625,1.0
44100,gallon jug cleaner bottle,16,0.3803326653776699,0.5,0.5,0.49198794097543347,0.625,0.5,0.29585709862900833,0.5,0.14285714285714285
44138,game mono,16,0.8238939628570701,0.625,1.0,0.9832623809009362,0.625,1.0,0.9666869541296951,0.625,1.0
44170,gamecube pokemon games,16,0.4813183876804341,0.5555555555555556,0.5,0.6550133728234498,0.6666666666666666,1.0,0.7599991310667045,0.7777777777777778,1.0
44228,gaming charging cases,16,0.6932867573231499,0.6,1.0,0.6134929224229594,0.6,0.5,0.752490938918667,0.8,0.5
44310,ganesh bracelet,16,0.8982550386867663,0.625,1.0,0.8955717276994197,0.625,1.0,0.8122965806652688,0.625,1.0
44323,ganz jewelry,16,0.3908641489854492,0.5,0.3333333333333333,0.5923790585752067,0.625,1.0,0.6262453687857488,0.625,1.0
44377,garddn of life zinc,16,0.7515271944880462,0.6666666666666666,0.5,0.96331803895032,0.8333333333333334,1.0,1.0,0.8333333333333334,1.0
44442,gardian clean step indoor,16,0.7598956548899702,0.6153846153846154,1.0,0.926337642007215,0.7692307692307693,1.0,0.926337642007215,0.7692307692307693,1.0
44653,gay funko pop,16,0.9008636626471187,0.625,1.0,0.9008636626471187,0.625,1.0,0.9008636626471187,0.625,1.0
44659,gazebo gutters,40,0.4497890528376652,0.25,1.0,0.6772733739526908,0.5,1.0,0.6156886473955917,0.5833333333333334,0.5
44716,gears 5 guide,16,0.2574254401707502,0.5,0.2,0.8310546304521939,1.0,1.0,0.825236896020708,1.0,1.0
44738,gel bucket,16,0.732411382745104,0.8,1.0,0.7919152346471098,1.0,1.0,0.7919152346471098,1.0,1.0
44886,genesis sega,16,0.7926025490040026,0.8,1.0,0.8426896474540976,0.6,1.0,0.8470928858914074,0.6,1.0
44906,gentleman in moscow book,15,0.7093362491947268,0.6363636363636364,0.5,0.8371099830350944,0.6363636363636364,1.0,0.8005217105782433,0.6363636363636364,1.0
44940,george hw bush biographies,16,0.8163445958400309,0.6,1.0,0.9054291485009893,0.6666666666666666,1.0,0.9537125187088152,0.6666666666666666,1.0
44963,georgia g cookie cutter,16,0.9392148330510314,0.6666666666666666,1.0,0.9634117275431491,0.6666666666666666,1.0,0.9634117275431491,0.6666666666666666,1.0
45048,gfuel,16,0.7743456937437249,0.5384615384615384,1.0,0.7616047415540466,0.5384615384615384,0.5,0.7616047415540466,0.5384615384615384,0.5
45051,gfw-av-lcd-1,9,0.9496719893335549,1.0,1.0,0.9918291064614978,1.0,1.0,0.9918291064614978,1.0,1.0
45071,ghirardelli unsweetened cocoa powder,40,0.9787930706003494,0.2777777777777778,1.0,0.96331803895032,0.2777777777777778,1.0,0.9537125187088152,0.2777777777777778,1.0
45104,giant beer pong,16,0.9448694407388505,0.625,1.0,0.9191347743715284,0.625,1.0,0.8649317628715298,0.625,1.0
45185,gift for 2 year old boy,37,0.941233297798857,0.2777777777777778,1.0,0.9556493299547569,0.2777777777777778,1.0,0.9401742983047275,0.2777777777777778,1.0
45197,gift for person who love coffie,16,0.933745776545611,0.6428571428571429,1.0,0.8200685179888282,0.5714285714285714,1.0,0.8200685179888282,0.5714285714285714,1.0
45205,gift ideas for 2 year old girl,16,0.8943612692301721,0.625,1.0,0.8928346125788518,0.625,1.0,0.8936349164534779,0.625,1.0
45298,gifts under 15 dollars,16,0.7730061202999072,0.7272727272727273,1.0,0.5986105374703116,0.6363636363636364,0.5,0.6815998074849665,0.6363636363636364,1.0
45325,gildan tee shirts women,40,0.3575003965921513,0.13043478260869565,1.0,0.9106020359000185,0.391304347826087,1.0,0.9556493299547569,0.43478260869565216,1.0
45340,gillette mach 3 turbo,22,0.9021877388493492,0.47619047619047616,1.0,0.9787930706003494,0.47619047619047616,1.0,1.0,0.47619047619047616,1.0
45427,girl dress brands disney,16,0.3913909259894562,0.45454545454545453,0.5,0.7850680011597214,0.6363636363636364,1.0,0.7764301053314384,0.6363636363636364,1.0
45428,girl dress yellow tropical,16,0.6987466651301248,0.8571428571428571,1.0,0.5622090015679209,0.5714285714285714,1.0,0.5622090015679209,0.5714285714285714,1.0
45453,girl power pins,16,0.8918313042865165,0.625,1.0,0.9412293725754809,0.625,1.0,0.9447658889774302,0.625,1.0
45454,girl power shirt for women,16,0.8683862126466116,0.625,1.0,0.9462009171700265,0.625,1.0,0.9429130687784562,0.625,1.0
45456,girl rings size 11,16,0.7092879477476773,0.6153846153846154,1.0,0.8898674579172758,0.6923076923076923,1.0,0.8640672647324702,0.6923076923076923,1.0
45457,girl romper 4t,16,0.7471589728148226,0.6153846153846154,1.0,0.9305687780632227,0.6923076923076923,1.0,0.933745776545611,0.6923076923076923,1.0
45529,girls bible cover,16,0.8057149572048641,0.6,1.0,0.8118610591546279,0.6,1.0,0.7251683715998105,0.6,0.5
45537,girls book series ages 4,16,0.48233627920528893,0.4444444444444444,1.0,0.4838091954740714,0.5555555555555556,0.5,0.6723295596634731,0.6666666666666666,1.0
45548,girls chair,16,0.36651038880677617,0.6666666666666666,0.5,0.9298593499260985,1.0,1.0,0.9298593499260985,1.0,1.0
45553,girls clothes 2t 3t,16,0.33623749571096256,0.6,0.2,0.3835663673713356,0.4,0.5,0.3835663673713356,0.4,0.5
45565,girls cowboy boots size 2,16,0.8378885793255297,0.625,1.0,0.921477547584267,0.625,1.0,0.9246713734636671,0.625,1.0
45680,girls size 12 clothes,16,0.5263125420444423,0.625,0.5,0.5614673852131516,0.5,1.0,0.5328476284644835,0.5,1.0
45691,girls snow pants grey,16,0.8520307233181859,0.6923076923076923,1.0,0.7972534001346965,0.6923076923076923,1.0,0.7851528322184491,0.6153846153846154,1.0
45702,girls sz 12 pajamas,16,0.47666363484609237,0.75,0.5,0.19519002499605084,0.25,0.3333333333333333,0.19519002499605084,0.25,0.3333333333333333
45717,girls underwear hipster size 10,16,0.8636911512051149,0.625,1.0,0.9001759842113441,0.625,1.0,0.8716446075299955,0.625,1.0
45779,gj5z17a385aa,16,0.41443699955334395,1.0,0.2,0.21840743681816419,0.5,0.16666666666666666,0.21840743681816419,0.5,0.16666666666666666
45820,glass blocks for crafts with hole,16,0.3749212073951345,0.5555555555555556,0.16666666666666666,0.44127999651799077,0.5555555555555556,0.3333333333333333,0.4154095313089293,0.5555555555555556,0.25
45839,glass cosmetic storage box,14,0.9029098356678265,0.7142857142857143,1.0,0.9678575613741008,0.7142857142857143,1.0,0.9678575613741008,0.7142857142857143,1.0
45875,glass jar without lid,40,0.5213297164831283,0.21875,1.0,0.7141087768991377,0.3125,1.0,0.7141087768991377,0.3125,1.0
45954,gleamin face mask,32,0.737172410298493,0.3103448275862069,1.0,0.8262020706034737,0.27586206896551724,1.0,0.8694394448394495,0.3103448275862069,1.0
46047,glossy shopping bag black,16,0.9556493299547569,0.625,1.0,0.9242792750602506,0.625,1.0,0.8958236282594846,0.625,1.0
46092,glowforge plus 3d laser printer,16,0.7885497208855957,0.5833333333333334,1.0,0.8263333286520081,0.6666666666666666,1.0,0.8899541168509599,0.75,1.0
46100,glucometer,16,0.963385466235431,0.625,1.0,0.8983460229640208,0.625,1.0,0.8983460229640208,0.625,1.0
46150,gm running boards,40,0.8842812967720379,0.23684210526315788,1.0,0.828785732989734,0.23684210526315788,1.0,0.8301799078695353,0.23684210526315788,1.0
46165,gnat sticks,16,0.8748032409025883,0.625,1.0,0.9533497162960899,0.625,1.0,0.9877841797012169,0.625,1.0
46178,gnc+q10,16,0.862258665364184,0.6666666666666666,1.0,0.9849094998054998,0.6666666666666666,1.0,0.8037446131848485,0.6,1.0
46287,godzilla kotm blu ray,15,0.8692148195740959,0.6666666666666666,1.0,0.8699317242688046,0.6666666666666666,1.0,0.8723688924405728,0.6666666666666666,1.0
46294,goerge forman outdoor grill,16,0.8707067413729116,0.6428571428571429,1.0,0.7985960177921765,0.5714285714285714,1.0,0.8201777381649985,0.5714285714285714,1.0
46305,goggles without nose cover,40,0.8819181922831527,0.3448275862068966,1.0,0.72683131672787,0.27586206896551724,1.0,0.7306178914138877,0.27586206896551724,1.0
46474,gold ring for wedding,40,0.8073930728313025,0.23684210526315788,1.0,0.8366829154266588,0.23684210526315788,1.0,0.9363792118010482,0.23684210526315788,1.0
46477,gold rush season 9,16,0.40261512185395176,0.45454545454545453,0.3333333333333333,0.6192941892776959,0.45454545454545453,1.0,0.6063583563448648,0.45454545454545453,1.0
46493,gold slave for 15 years,16,0.0,0.0,0.08333333333333333,0.5,1.0,0.3333333333333333,1.0,1.0,1.0
46504,gold stud 1.5,40,0.6341783534420474,0.21052631578947367,1.0,0.8285719161899242,0.2631578947368421,1.0,0.8758030819630591,0.2631578947368421,1.0
46534,gold wireless charging case iphone 7 plus,16,0.5882588110658794,0.6666666666666666,1.0,0.6493962285839425,0.6666666666666666,1.0,0.7443248297890293,0.7777777777777778,1.0
46537,golden apple pear gfuel,40,0.6280571848292817,0.20588235294117646,1.0,0.645169387784748,0.20588235294117646,1.0,0.5793700201425406,0.20588235294117646,0.5
46670,good guy action figure,16,0.909315463686197,0.6666666666666666,1.0,0.888662825343017,0.6666666666666666,1.0,0.792323796496813,0.6,1.0
46697,goodnfun dog treats,16,0.9547715182029446,0.625,1.0,0.8192119948599884,0.625,1.0,0.8192119948599884,0.625,1.0
46699,goodnights pads for bed,16,0.9813162632348015,0.625,1.0,0.9042362929039349,0.625,1.0,0.8810676612614085,0.625,1.0
46755,googles for toddlers,16,0.6366649464526458,0.625,1.0,0.6747227042622008,0.75,1.0,0.6872814097733488,0.75,1.0
46824,gorilla grip premium bathroom peva shower curtain liner,16,0.7286033872681154,0.6,0.5,0.7861394068985358,0.7,0.5,0.8512954939706782,0.9,0.5
46896,gothic necklace,16,0.7555123611221403,0.5714285714285714,0.3333333333333333,0.9507308602955803,0.7142857142857143,1.0,0.961626441860224,0.7142857142857143,1.0
46916,gourmia digital french door air fryer toaster oven,16,0.8050593100214373,0.6,1.0,0.9527249050549413,0.6666666666666666,1.0,0.9058516050475466,0.6666666666666666,1.0
46938,gps compass,16,0.8084412290747444,0.6153846153846154,1.0,0.8231298306614854,0.6923076923076923,0.5,0.8330840632700512,0.6153846153846154,1.0
46986,graco snug ride,16,0.7737962971220015,0.6153846153846154,1.0,0.8440930308614619,0.6153846153846154,1.0,0.8249896362196558,0.5384615384615384,1.0
47006,graffiti spray paint,16,0.8603818544462509,0.6153846153846154,1.0,0.92663607790064,0.6923076923076923,1.0,0.8532721558012799,0.6923076923076923,0.5
47016,gralab timers,43,0.8084028112086746,0.24390243902439024,1.0,0.7779575771397634,0.21951219512195122,1.0,0.7679010318003322,0.21951219512195122,1.0
47036,grand tour,23,0.58874982024632,0.3333333333333333,1.0,0.8519186085244826,0.5,1.0,0.8519186085244826,0.5,1.0
47065,granja de zenon percheron,16,0.3551588773328818,0.6,0.25,0.9519709359886503,1.0,1.0,0.9519709359886503,1.0,1.0
47092,grapes green seedless,40,0.48587942581253285,0.21739130434782608,1.0,0.8490578628260984,0.391304347826087,1.0,0.8490578628260984,0.391304347826087,1.0
47100,graph paper roll large,16,0.9018096131475518,0.625,1.0,0.9744524468944666,0.625,1.0,0.9473635789834091,0.625,1.0
47103,graphene power bank,16,0.9073475486981502,0.625,1.0,0.9320739411743278,0.625,1.0,0.9320739411743278,0.625,1.0
47110,graphic tees for men,16,0.8346870265100178,0.6666666666666666,1.0,0.9092911358458243,0.6,1.0,0.9044360217369977,0.6,1.0
47143,grateful i'm not dead stickers,40,0.6193894343097937,0.25,1.0,0.6523266852056299,0.32142857142857145,0.5,0.5021503374936611,0.21428571428571427,0.5
47158,grave flowers,14,0.5431008121547419,0.6,0.5,0.9363792118010482,0.9,1.0,0.9363792118010482,0.9,1.0
47179,gray and white striped pillow cover,16,0.8726495249749483,0.6,1.0,0.7930303205235864,0.6,1.0,0.7648721311020125,0.6,1.0
47201,gray masking tape,16,0.9471969491438326,0.625,1.0,0.96331803895032,0.625,1.0,0.9738672436737749,0.625,1.0
47215,gray teal beach towel,16,0.9435593591982605,0.6666666666666666,1.0,0.9435593591982605,0.6666666666666666,1.0,0.9435593591982605,0.6666666666666666,1.0
47271,green and white striped shirt,39,0.668618695793758,0.2571428571428571,1.0,0.7469441475408538,0.2571428571428571,1.0,0.7468110408574261,0.2571428571428571,1.0
47273,green apple suave,16,0.7257231946702913,0.7142857142857143,1.0,0.5955163178801943,0.8571428571428571,0.3333333333333333,0.6262414737195933,0.8571428571428571,0.3333333333333333
47282,green bay packers toddler apparel,40,0.799315965514532,0.27586206896551724,1.0,0.9388633982505333,0.3448275862068966,1.0,0.9401742983047275,0.3448275862068966,1.0
47311,green gas blowback airsoft pistols,16,0.9634117275431491,0.625,1.0,0.9008636626471187,0.625,1.0,0.9008636626471187,0.625,1.0
47318,green insoles for women,16,0.8092700667391468,0.5714285714285714,1.0,0.9442176371562487,0.7142857142857143,1.0,0.8948941126313389,0.7142857142857143,1.0
47367,green spray cleaner,16,0.8260244106098222,0.625,1.0,0.957804799346722,0.625,1.0,0.8586489685881475,0.625,1.0
47370,green stretch cord,16,0.7537518883892672,0.6666666666666666,1.0,0.8712571012584615,0.75,1.0,0.8918688007833969,0.75,1.0
47397,green yankees cap,40,0.711895148463722,0.25,1.0,0.9168790986840171,0.25,1.0,0.9006575672925828,0.25,1.0
47398,green yeti water bottle,16,0.9336714446370399,0.625,1.0,0.932524804969626,0.625,1.0,0.9110419679744421,0.625,1.0
47469,grey crib with changing table,16,0.9061141373634362,0.6428571428571429,1.0,0.8359272137464643,0.6428571428571429,1.0,0.8038871388767217,0.6428571428571429,1.0
47471,grey desl,16,0.8819607552460969,0.6428571428571429,1.0,0.8036794801514933,0.5714285714285714,1.0,0.8036794801514933,0.5714285714285714,1.0
47514,grey with white fleece hoodie teens,16,1.0,0.6666666666666666,1.0,1.0,0.6666666666666666,1.0,1.0,0.6666666666666666,1.0
47535,griddle conditioner,16,0.9187832808724661,0.6428571428571429,1.0,0.8650111786183293,0.5714285714285714,1.0,0.8108582970019788,0.5714285714285714,0.5
47565,grill pik up,16,0.34270109377924723,0.42857142857142855,0.3333333333333333,0.6306445976766599,0.7142857142857143,0.5,0.7471871224444352,0.7142857142857143,1.0
47620,griswold family christmas dvd,16,0.28254542870675614,0.5,0.16666666666666666,0.7683645980045127,1.0,0.25,0.7641080289179213,1.0,0.25
47625,grizzly wintergreen long cut,40,0.4087533900072033,0.1724137931034483,0.5,0.6718466461962807,0.3103448275862069,1.0,0.6339174057795693,0.3103448275862069,1.0
47670,groot lunch box,16,0.8946727408718789,0.625,1.0,0.8713689875596979,0.625,1.0,0.832750215264076,0.625,1.0
47684,grounding shoes,16,0.7022591559043486,0.6666666666666666,0.5,0.551639117118362,0.5,0.2,0.551639117118362,0.5,0.2
47700,grower not a shower,29,0.13905617951077562,0.25,0.16666666666666666,0.13012668333070057,0.25,0.14285714285714285,0.13012668333070057,0.25,0.14285714285714285
47701,growing older but not up,39,0.06943122193677727,0.08333333333333333,0.125,0.9106020359000185,0.75,1.0,0.9106020359000185,0.75,1.0
47709,grsy car pint,16,0.84860265890399,0.5714285714285714,1.0,0.7510916729774054,0.5714285714285714,1.0,0.7510916729774054,0.5714285714285714,1.0
47740,gstring for women,16,0.9011504427619444,0.625,1.0,0.8816129094778916,0.625,1.0,0.8862978153238911,0.625,1.0
47814,guarage storage wars,16,0.0,0.0,0.09090909090909091,0.0,0.0,0.0625,0.0,0.0,0.0625
47970,guitar neck ties for men,16,0.6382662290963629,0.6666666666666666,0.5,0.9738672436737749,0.8333333333333334,1.0,0.9684038785434832,0.8333333333333334,1.0
48112,gx470 car cover,16,0.17147586544983048,0.2857142857142857,0.14285714285714285,0.5383966291616095,0.8571428571428571,0.25,0.5383966291616095,0.8571428571428571,0.25
48137,gym stuff that will help you lose weight,16,0.8013907980024556,0.5714285714285714,1.0,0.6607309185997647,0.5714285714285714,0.3333333333333333,0.705054976947215,0.5714285714285714,0.5
48333,hair dye for dry scalp,16,0.6181328374001578,0.75,1.0,0.4549878023222048,0.625,0.3333333333333333,0.5503612598042246,0.75,0.5
48345,hair filler,16,0.9187832808724661,0.6,1.0,1.0,0.6666666666666666,1.0,0.9768562593544076,0.6666666666666666,1.0
48351,hair goal lol,16,0.831460975656417,0.625,1.0,0.8898144420191838,0.625,1.0,0.8731760056343246,0.625,1.0
48364,hair loss products,16,0.8908978013329101,0.625,1.0,0.9063728329829395,0.625,1.0,0.9063728329829395,0.625,1.0
48368,hair mask shine,16,0.8906908947846903,0.625,1.0,0.9483165558221784,0.625,1.0,0.9418379884185342,0.625,1.0
48448,hairobics,16,0.9296977613708488,0.6428571428571429,1.0,0.8756814653023841,0.5714285714285714,1.0,0.8756814653023841,0.5714285714285714,1.0
48523,hallmark tv movies,16,0.5184954213864394,0.8333333333333334,0.3333333333333333,0.660103354439143,1.0,0.3333333333333333,0.660103354439143,1.0,0.3333333333333333
48540,halloween candy,43,0.7550447583183039,0.21212121212121213,1.0,0.7799082337019199,0.2727272727272727,0.5,0.8611375561264455,0.2727272727272727,1.0
48565,halloween coustume disney duo,15,0.8980998158146614,0.8,1.0,0.7155054623097976,0.6,1.0,0.7081228416273178,0.6,1.0
48638,halloween serving decor,16,0.9265275579478992,0.6,1.0,0.9074250374176304,0.6,1.0,0.9537125187088151,0.6,1.0
48652,halloween treats bulk,39,0.7264591246892943,0.30434782608695654,0.5,0.7084379822149558,0.2608695652173913,1.0,0.6940959430307961,0.21739130434782608,1.0
48656,halloween web gun,16,0.44338137054030785,0.6,0.5,0.8869322264724173,1.0,1.0,0.9795072203070309,1.0,1.0
48842,hand limb trimmer,16,0.8839269150077771,0.625,1.0,0.9468817998296742,0.625,1.0,0.9066994325921797,0.625,1.0
48875,hand swelling reducer,16,0.5143371794949736,0.75,0.3333333333333333,0.5143371794949736,0.75,0.3333333333333333,0.5143371794949736,0.75,0.3333333333333333
48916,handheld nintendo game system,16,0.8823512805855347,0.625,1.0,0.9537125187088152,0.625,1.0,0.9537125187088152,0.625,1.0
48957,handson bathing/grooming/sheddinggloves,40,0.6840056606077773,0.24242424242424243,1.0,0.6567897135155385,0.15151515151515152,1.0,0.6567897135155385,0.15151515151515152,1.0
49064,hanging shelves without nails,39,0.9517825025223118,0.2631578947368421,1.0,0.941233297798857,0.2631578947368421,1.0,0.9534606181487504,0.2631578947368421,1.0
49086,hanna 713 po4,13,0.8466460804536355,0.8888888888888888,1.0,0.7298005670670283,0.8888888888888888,0.5,0.8349642177479105,0.8888888888888888,1.0
49130,happy birthday bear,16,0.8712137160156972,1.0,1.0,0.7946775459209725,1.0,1.0,0.777079017590005,1.0,1.0
49155,har clippers,16,0.9716189607861263,0.625,1.0,1.0,0.625,1.0,1.0,0.625,1.0
49212,hardtop luggage carrier for top of car,16,0.9554289676024135,0.625,1.0,0.8100445218331705,0.625,1.0,0.8100445218331705,0.625,1.0
49240,harley and the davidsons,16,0.8765954521540082,0.6,1.0,0.9307066738505995,0.6666666666666666,1.0,0.9307066738505995,0.6666666666666666,1.0
49267,harley quinn and joker legos,16,0.8478333285894862,0.625,1.0,0.8478333285894862,0.625,1.0,0.8810676612614085,0.625,1.0
49272,harley quinn inflatable mallet,16,0.6123835169315145,0.8333333333333334,0.5,0.8045564737871913,0.8333333333333334,1.0,0.7291512004309659,0.6666666666666666,1.0
49321,harry potter baby stuff,13,0.9208457607525893,0.7692307692307693,1.0,0.9715777996455635,0.7692307692307693,1.0,0.9726847195515911,0.7692307692307693,1.0
49338,harry potter favor bags,14,0.8370528662799233,0.8571428571428571,1.0,0.8568283711899702,0.8571428571428571,1.0,0.7312394411121493,0.8571428571428571,1.0
49429,hat mountain hardware,16,0.7845430127348286,0.5714285714285714,1.0,0.9473635789834091,0.7142857142857143,1.0,0.9473635789834091,0.7142857142857143,1.0
49441,hatchets and axes,16,1.0,0.625,1.0,1.0,0.625,1.0,1.0,0.625,1.0
49492,hawaiian leis 8 pack,16,0.8748032409025883,0.625,1.0,0.9239166642947431,0.625,1.0,0.9212500284989031,0.625,1.0
49572,hdd nividea pro,16,0.49541766208472326,0.6666666666666666,0.5,0.602665644618543,0.4444444444444444,1.0,0.6537751829727149,0.5555555555555556,1.0
49645,hds 9 gen 3,16,0.6011354732166635,0.8,0.3333333333333333,0.512562939996334,0.6,0.5,0.512562939996334,0.6,0.5
49829,heart boxers for men cotton,16,0.8621259136189423,0.625,1.0,0.8477875946111861,0.625,1.0,0.8601507908492749,0.625,1.0
49834,heart locket choker,16,0.9495342196346633,0.625,1.0,0.9034923372550475,0.625,1.0,0.9034923372550475,0.625,1.0
49963,heavy bag stand slip,16,0.5661336563574682,0.75,0.5,0.20607801570427584,0.25,0.5,0.20607801570427584,0.25,0.5
49984,heavy duty flag pole,13,0.8895257853089655,0.75,1.0,0.8516267766764105,0.75,0.5,0.8047234724107916,0.75,0.5
49995,heavy duty mouth guard,16,0.8790625470621564,0.625,1.0,0.916124010793066,0.625,1.0,0.9251443501568214,0.625,1.0
49997,heavy duty outdoor extension cord 10 gauge,16,0.9046704739136591,0.625,1.0,0.9419125000550158,0.625,1.0,0.9430194199610434,0.625,1.0
50095,helen butler,16,0.3122175833383309,0.6,0.2,0.06834875861139832,0.2,0.1,0.06834875861139832,0.2,0.1
50134,hello kitty nevk pillow,16,0.81326438823353,0.6666666666666666,1.0,0.9738050896605512,0.6666666666666666,1.0,0.9695992761997815,0.6666666666666666,1.0
50141,hello mirror,15,0.8478333285894862,0.6666666666666666,1.0,0.9772274824155974,0.6666666666666666,1.0,0.9813162632348015,0.6666666666666666,1.0
50183,hemp coffee,16,0.365581441870423,0.4,0.2,0.6259907989386305,0.6,0.25,0.7162170546820636,0.6,0.5
50396,hi vis windbreakerwomen,16,0.6701108516030871,0.7142857142857143,1.0,0.5078586807642304,0.7142857142857143,0.3333333333333333,0.5078586807642304,0.7142857142857143,0.3333333333333333
50490,high frame rate camera,11,0.9819301753860975,1.0,1.0,0.9691563988333308,1.0,1.0,0.9691563988333308,1.0,1.0
50528,high school english,40,0.38775038571783343,0.25,0.3333333333333333,0.837993815480853,0.45,1.0,0.9005033215744148,0.45,1.0
50531,high school textbooks,16,0.8365850346821576,0.625,1.0,0.9695992761997815,0.625,1.0,0.9593034466393203,0.625,1.0
50562,high waisted bikini women pink,16,0.8853401227721046,0.625,1.0,0.9407560442099592,0.625,1.0,0.921477547584267,0.625,1.0
50578,high waisted thong bikini,16,0.8298406721196468,0.625,1.0,0.9268280819742156,0.625,1.0,0.9233842043023295,0.625,1.0
50605,highwaisted white jeans,40,0.8751112980411739,0.25,1.0,0.9787930706003494,0.25,1.0,0.9567083294488864,0.25,1.0
50616,hiking cart,16,0.7572941354409004,0.6923076923076923,1.0,0.6647485864103929,0.5384615384615384,0.25,0.6647485864103929,0.5384615384615384,0.25
50702,hippie tshirts for women,16,0.8523721016771209,0.6666666666666666,1.0,0.8621868485261202,0.6,1.0,0.8052499468086523,0.6666666666666666,1.0
50741,history of the piano,16,0.9091539306636316,0.625,1.0,0.9877841797012169,0.625,1.0,0.9772274824155974,0.625,1.0
50743,history of western philosophy russell,16,0.9437576190259305,0.625,1.0,0.9554289676024135,0.625,1.0,0.9554289676024135,0.625,1.0
50876,holiday romance collection movie 10 pack,16,0.845887685772634,0.625,1.0,0.9583192114463438,0.625,1.0,0.9633991057381247,0.625,1.0
50912,holocaust fiction books,16,0.7365896932159578,0.75,1.0,0.9349366583346497,1.0,1.0,0.9349366583346497,1.0,1.0
50915,holographic,31,0.9401742983047275,0.35714285714285715,1.0,0.7799082337019199,0.32142857142857145,0.5,0.7799082337019199,0.32142857142857145,0.5
50919,holographic hoodie,16,0.8839269150077771,0.625,1.0,1.0,0.625,1.0,0.9877841797012169,0.625,1.0
50934,holster for taurus g2s 9mm,16,0.9008636626471187,0.625,1.0,0.9295204907858209,0.625,1.0,0.9321376950951338,0.625,1.0
50940,holt mcdougal geometry textbook,16,0.9507235030281824,0.625,1.0,0.9074318324770688,0.625,1.0,0.903872649535226,0.625,1.0
51047,homecoming dresses,26,0.8380433198725028,0.38461538461538464,1.0,0.9288070945842501,0.38461538461538464,1.0,0.9288070945842501,0.38461538461538464,1.0
51062,homemade ice cream maker ball,16,0.8435500063697146,0.6,1.0,0.9634117275431491,0.6666666666666666,1.0,0.9634117275431491,0.6666666666666666,1.0
51097,honda fit key,13,0.7772089973941022,0.7777777777777778,0.5,0.7765402189214732,0.6666666666666666,1.0,0.8726452139200327,0.7777777777777778,1.0
51136,honest diapers size 1 boy,16,0.7447797339790317,0.6,1.0,0.9471863502717376,0.6666666666666666,1.0,0.8571826647157111,0.6,1.0
51149,honey crop top yellow,16,0.8323485091314143,0.625,1.0,0.9394530327586393,0.625,1.0,0.9918750904541681,0.625,1.0
51172,honeywell lyric t5,16,0.8789335177254264,0.625,1.0,0.9877841797012169,0.625,1.0,1.0,0.625,1.0
51224,hoodies with thumb holes for teen girls,16,0.8040505959035651,0.5714285714285714,1.0,0.9169130043419457,0.7142857142857143,1.0,0.9409305323111163,0.7142857142857143,1.0
51252,hoot,16,0.5278798742794462,0.5,1.0,0.9216959970259643,0.9,1.0,0.9164999655603515,0.9,1.0
51263,hope in the dark craig groeschel,16,0.7325762758750992,0.75,1.0,0.6426881113894501,0.75,0.5,0.6539106457345751,0.75,0.5
51269,hoppes bore snake 9mm pistol,40,0.7424918415077515,0.25,1.0,0.7807991421616667,0.2857142857142857,1.0,0.7583896514952781,0.2857142857142857,1.0
51337,horse wine charms,16,0.8486605842396078,0.7272727272727273,1.0,0.8600809182724215,0.7272727272727273,1.0,0.7501489340665263,0.6363636363636364,1.0
51361,hospital bed,16,0.7519358199747279,0.5,1.0,0.8565236477223027,0.8333333333333334,1.0,0.851397614571993,0.6666666666666666,1.0
51410,hot logic mini,10,0.9691563988333308,1.0,1.0,0.9707623163524255,1.0,1.0,0.9707623163524255,1.0,1.0
51456,hot tub rug outdoor,40,0.9738672436737749,0.38461538461538464,1.0,0.6974280989176507,0.2692307692307692,1.0,0.6983270857451914,0.2692307692307692,1.0
51470,hot wheels 50 pack,16,0.8751112980411739,0.625,1.0,0.9188159099299589,0.625,1.0,0.9085781768482107,0.625,1.0
51533,house plant bug strips,16,0.13012668333070057,0.25,0.14285714285714285,0.2900757977385809,0.5,0.2,0.2900757977385809,0.5,0.2
51548,household rough plumbing valves,41,0.7510916729774054,0.26666666666666666,1.0,0.9305687780632227,0.3,1.0,0.92663607790064,0.3,1.0
51574,hoverboard plain black,16,0.9537125187088152,0.625,1.0,0.9755453593002134,0.625,1.0,0.92663607790064,0.625,1.0
51594,how not to start third grade,15,0.6575880584239974,0.7,1.0,0.7882228724762924,0.7,1.0,0.8614483337985991,0.8,1.0
51615,how to draw books,16,0.9305687780632227,0.9,1.0,0.6698623505528798,0.8,0.5,0.6410457898283654,0.8,0.3333333333333333
51698,hp envy 360 laptop hard shock cover,16,0.8839269150077771,0.625,1.0,0.9411338959973068,0.625,1.0,0.9411338959973068,0.625,1.0
51775,hp sublimation printers,16,0.7895494174253909,0.6153846153846154,1.0,0.7509490856160885,0.6153846153846154,1.0,0.7325135335747934,0.6153846153846154,1.0
51794,hpa hand pump,16,0.8607112628835023,0.5714285714285714,1.0,0.9290059774489636,0.6428571428571429,1.0,0.9290059774489636,0.6428571428571429,1.0
51913,hudson jeans red,13,0.7969836009688872,0.8,1.0,0.8254066486208448,0.8,1.0,0.6175943916748114,0.7,0.5
51917,hue black leggings,40,0.9716189607861263,0.25,1.0,0.9547715182029446,0.25,1.0,0.9471643200863396,0.25,1.0
51936,huge erasers,40,0.7004171145982834,0.3076923076923077,1.0,0.5278432933752527,0.23076923076923078,0.5,0.5431008121547419,0.23076923076923078,0.5
51940,huge stainless steel bowl,16,0.8572116510233011,0.625,1.0,0.9768562593544076,0.625,1.0,0.9755453593002134,0.625,1.0
51952,huggies overnites,16,0.8966095521178207,0.625,1.0,0.96331803895032,0.625,1.0,0.96331803895032,0.625,1.0
51958,hugh grant,16,0.9184501644002392,0.6666666666666666,1.0,0.9496558583709696,0.6666666666666666,1.0,0.9496558583709696,0.6666666666666666,1.0
51987,hulk slippers for boys,16,0.7991886409396604,0.6363636363636364,1.0,0.8808432522385016,0.8181818181818182,1.0,0.8797220754107365,0.8181818181818182,1.0
52020,humanrace shoes men,16,0.8590887884697483,0.625,1.0,0.82787029914062,0.625,1.0,0.8201455449964653,0.625,1.0
52034,humidifier without filter,41,0.9738672436737749,0.2631578947368421,1.0,0.9168790986840171,0.2631578947368421,1.0,0.9234014633084383,0.2631578947368421,1.0
52067,humphrey books 2,16,0.8074483267440765,0.5,1.0,0.8694642314741197,0.75,1.0,0.9495018715012449,1.0,1.0
52094,hunter decor,16,0.8378360548572391,0.625,1.0,0.8928346125788518,0.625,1.0,0.9157196576049409,0.625,1.0
52120,hunting flag,15,0.5314689680766211,0.6,0.5,0.8482792747710087,0.8,1.0,0.801026988234075,0.8,1.0
52153,hush puppies chukka boots for boys,13,0.7877107260575058,0.75,1.0,0.7690897544820742,0.75,1.0,0.9040232881202978,1.0,1.0
52157,husky party supplies,16,0.8684732057038538,0.625,1.0,0.9040852948656429,0.625,1.0,0.8765611617951722,0.625,1.0
52169,husqvarna 322l,16,0.743834316063694,0.7142857142857143,0.5,0.8381647708701108,0.8571428571428571,1.0,0.8600967383855441,0.8571428571428571,1.0
52203,hybrid mattress queen,16,0.8394883364856233,0.625,1.0,0.8434147349997103,0.625,1.0,0.8076168873503385,0.625,1.0
52251,hydro flask straw lid 24 oz,16,0.8234779982289671,0.5384615384615384,1.0,0.8829703967178437,0.6923076923076923,1.0,0.9401742983047275,0.7692307692307693,1.0
52267,hydroflask 16oz,16,0.8788928732991396,0.625,1.0,0.8599907066845038,0.625,1.0,0.8599907066845038,0.625,1.0
52269,hydroflask 32oz,16,0.8153949984712155,0.6363636363636364,1.0,0.730576768602281,0.6363636363636364,0.5,0.730576768602281,0.6363636363636364,0.5
52274,hydroflask straw lid wide mouth,13,0.9567083294488864,0.7692307692307693,1.0,0.942271122217258,0.7692307692307693,1.0,0.9176564688508827,0.7692307692307693,1.0
52323,hypotherm plasma cutter,40,0.6958073023298794,0.23076923076923078,1.0,0.664296767118343,0.34615384615384615,1.0,0.64221202596688,0.34615384615384615,1.0
52331,hytro flask lids,15,0.8338585982713452,0.6666666666666666,1.0,0.8837780904947264,0.6666666666666666,1.0,0.8726244075428105,0.6666666666666666,1.0
52356,i am not sick i dont need help,16,0.6486855014099624,0.7272727272727273,0.5,0.8705913462855331,0.7272727272727273,1.0,0.8052388060907295,0.6363636363636364,1.0
52372,i cant imagine my life without you,16,0.7280855459907165,0.5384615384615384,1.0,0.8389574121760602,0.6153846153846154,1.0,0.8200685179888282,0.6153846153846154,1.0
52401,i life robot vacuum filters,16,0.6106831200862637,0.6153846153846154,0.5,0.8364101656632801,0.6923076923076923,1.0,0.7621764253181049,0.6153846153846154,1.0
52426,i monopoly board game prime 5 age and above,16,0.5958595188912912,0.5,1.0,0.6816604510406281,0.7,1.0,0.6410457898283654,0.8,0.3333333333333333
52449,i phone xs small lens,16,0.6365269372458643,0.5454545454545454,1.0,0.7886749022714504,0.7272727272727273,1.0,0.7549124762401822,0.7272727272727273,1.0
52457,i pinsp,16,0.9151005414726318,0.625,1.0,0.822619718826713,0.625,1.0,0.822619718826713,0.625,1.0
52475,i touch smartwatch women,16,0.9065540207252564,0.6428571428571429,1.0,0.9031251216828033,0.6428571428571429,1.0,0.8777267965010667,0.6428571428571429,1.0
52500,i'm mirror for car,16,0.45795769451312096,0.5,0.5,0.4165669464423479,0.5,0.5,0.3667803203729972,0.5,0.2
52561,ibd subscriptions,16,0.49114929316229744,1.0,0.3333333333333333,0.8772153153380493,1.0,1.0,0.8772153153380493,1.0,1.0
52563,ibiyaya doggie stroller lite,16,0.8372712750789038,0.625,1.0,0.8504837184998835,0.625,1.0,0.8490417586391109,0.625,1.0
52610,ice fishing,16,0.7948833326720565,0.6666666666666666,1.0,0.8899541168509599,0.75,1.0,0.8899541168509599,0.75,1.0
52631,ice necklace for men,16,0.8755770154010485,0.625,1.0,0.9104208481577016,0.625,1.0,0.8814075961035845,0.625,1.0
52712,if animal celebrated christmas,16,0.35692309278665174,0.5714285714285714,0.2,0.7588644258491719,0.7142857142857143,1.0,0.7334960187853564,0.7142857142857143,1.0
52719,if only night would not come,39,1.0,1.0,1.0,0.5,1.0,0.3333333333333333,0.38685280723454163,1.0,0.2
52782,ikea wine rack,28,0.8150663248433294,0.35714285714285715,1.0,0.9074318324770688,0.35714285714285715,1.0,0.9061209324228746,0.35714285714285715,1.0
52798,illumibowl toilet night light,40,0.7906116841435427,0.25,1.0,0.7570294903243268,0.25,1.0,0.7434912699202391,0.25,1.0
52809,iluminación y ventiladores de techo,31,0.9052116356304494,0.3,1.0,0.9216017310213247,0.3,1.0,0.9216017310213247,0.3,1.0
52813,im a big brother book,16,0.348702247503555,0.6666666666666666,0.2,0.9469024295259745,1.0,1.0,0.5931729515195114,1.0,0.3333333333333333
52879,impact brush kit,16,0.8945476237015118,0.7142857142857143,1.0,0.7802851537812248,0.5714285714285714,1.0,0.6974465291513382,0.5714285714285714,0.5
52970,incase macbook air 13 inch case,16,0.8500375412090783,0.625,1.0,0.8751112980411739,0.625,1.0,0.8790376965552609,0.625,1.0
52989,increase size and girth,16,0.9383978280989753,0.625,1.0,0.9685287252979218,0.625,1.0,0.9214152689816536,0.625,1.0
52997,incredibles shirt,16,0.9684038785434832,0.625,1.0,0.9684038785434832,0.625,1.0,0.9684038785434832,0.625,1.0
53030,indian hair mask,16,0.5157513541352915,0.6,0.5,0.6786157940293479,0.7,1.0,0.6942447425525581,0.8,0.5
53036,indian motorcycles mens shirts,16,0.83627325424298,0.625,1.0,0.8958236282594846,0.625,1.0,0.8949458165076722,0.625,1.0
53053,indie skincare brand,40,0.6913669062780223,0.24324324324324326,1.0,0.9537125187088152,0.2702702702702703,1.0,0.96331803895032,0.2702702702702703,1.0
53061,individual wrapped cookies,16,0.9439492378436964,0.625,1.0,0.9684038785434832,0.625,1.0,0.8770481092871156,0.625,1.0
53105,indoor vacuum,16,0.8387225665056328,0.6153846153846154,1.0,0.7371610681580498,0.5384615384615384,1.0,0.7824756210168402,0.6153846153846154,1.0
53188,infant seats for sitting up,16,0.8819181922831527,0.625,1.0,0.8873386183910673,0.625,1.0,0.884123536148424,0.625,1.0
53197,infant stroller without car seat,16,0.8154759860270082,0.6428571428571429,1.0,0.7037519872515297,0.5714285714285714,1.0,0.7585235179181542,0.5714285714285714,1.0
53236,infinix not 8,16,0.8397585434315616,0.7142857142857143,1.0,0.9249544221059786,0.7142857142857143,1.0,0.9249544221059786,0.7142857142857143,1.0
53237,infinix zero 8,16,0.8759195979917094,0.625,1.0,0.9150271041437172,0.625,1.0,0.9150271041437172,0.625,1.0
53271,inflatable mattress full,16,0.7217913362056996,0.6666666666666666,1.0,0.457491395269709,0.3333333333333333,1.0,0.46706769398382797,0.3333333333333333,1.0
53276,inflatable pool cover ball,16,0.8932005908253849,0.625,1.0,0.9213360862088387,0.625,1.0,0.8945573030871922,0.625,1.0
53293,infuser essential oil,16,0.7200915705890798,0.6,0.5,0.9001407370800718,0.6,1.0,0.8764492977988333,0.6,1.0
53333,ink pens,16,0.6134433136321193,0.5714285714285714,1.0,0.7050451472304174,0.8571428571428571,0.5,0.6334982227809456,0.7142857142857143,0.5
53350,inmate books for men,16,0.8759195979917094,0.625,1.0,0.9361324845935262,0.625,1.0,0.9066994325921797,0.625,1.0
53419,inspirational tags,16,0.896427337013766,0.625,1.0,0.8423152781591091,0.625,1.0,0.8786586183921311,0.625,1.0
53421,inspire fit hr,16,0.7531183151006641,0.75,0.25,0.6319042956133433,0.25,0.1,0.6348567755164497,0.25,0.1111111111111111
53422,inspire hr,16,0.7855763066920302,0.6,0.5,0.664874311387454,0.6,0.125,0.664874311387454,0.6,0.125
53450,instant pot,67,0.904124550095291,0.1694915254237288,1.0,0.841610994396208,0.11864406779661017,1.0,0.8446849276286176,0.11864406779661017,1.0
53460,instant pot duo plus 3 qt 9-in-1,16,0.7937787126922342,0.6923076923076923,0.5,0.9485284554362355,0.6923076923076923,1.0,0.9641063436495628,0.6923076923076923,1.0
53465,instant pot ultra 8 quart,16,0.7139862262388064,0.6666666666666666,1.0,0.688207196202708,0.6666666666666666,0.2,0.6354436268455254,0.5,0.2
53469,instant rice,16,1.0,0.6666666666666666,1.0,0.9052116356304494,0.6,1.0,0.9052116356304494,0.6,1.0
53523,insulated lunch bag to keep food warm,16,0.9787930706003494,0.625,1.0,0.9537125187088152,0.625,1.0,0.9537125187088152,0.625,1.0
53570,intellocatch,16,0.7000949683025057,0.6363636363636364,1.0,0.5309999066793253,0.6363636363636364,0.25,0.5309999066793253,0.6363636363636364,0.25
53631,interstellar,14,0.932521091954824,1.0,1.0,1.0,1.0,1.0,1.0,1.0,1.0
53727,iohone x case with card slot and q charge,16,0.4684505201610771,1.0,0.25,0.5,1.0,0.3333333333333333,0.4838128831667769,1.0,0.3333333333333333
53820,ipad air 4th generation case without pencil holder,16,0.6906924246880888,0.6363636363636364,1.0,0.725125087074662,0.7272727272727273,1.0,0.6769671288079807,0.6363636363636364,1.0
53883,ipad mini tripod,16,0.9000316561008352,0.6428571428571429,1.0,0.7900799128882461,0.5714285714285714,0.5,0.7900799128882461,0.5714285714285714,0.5
53890,ipad original,17,0.7314688365347557,0.625,0.5,0.5639413646647415,0.5,0.14285714285714285,0.5639413646647415,0.5,0.14285714285714285
53919,ipad pro 9.7 survivor case,16,0.8522587562283263,0.6,1.0,0.9841194046311494,0.6666666666666666,1.0,0.8652088476846377,0.6666666666666666,1.0
53962,ipason gaming pc,16,0.9066994325921797,0.625,1.0,1.0,0.625,1.0,1.0,0.625,1.0
53995,iphone 11 back protector,32,0.17675252203158504,0.2857142857142857,0.25,0.9842479978850486,1.0,1.0,0.9842479978850486,1.0,1.0
53997,iphone 11 black case silicone,16,0.92663607790064,0.625,1.0,0.96331803895032,0.625,1.0,0.96331803895032,0.625,1.0
54006,iphone 11 case otterbox,30,0.3497575246139592,0.22727272727272727,0.5,0.7034066032439746,0.2727272727272727,1.0,0.7935840677649109,0.3181818181818182,1.0
54050,iphone 11 pro burberry case,16,0.46493437367673135,0.5,1.0,0.5950889997553631,0.8333333333333334,0.5,0.6589055341151207,0.8333333333333334,0.5
54114,iphone 11 to macbook pro cable,16,0.8100635555750484,0.6428571428571429,1.0,0.8309448344639071,0.5714285714285714,1.0,0.7927157737952065,0.5714285714285714,1.0
54128,iphone 4 bands 44mm,15,0.9537125187088152,0.6666666666666666,1.0,0.92663607790064,0.6666666666666666,1.0,0.92663607790064,0.6666666666666666,1.0
54182,iphone 6s case for girls,15,0.9537125187088152,0.6666666666666666,1.0,0.9494126029739882,0.6666666666666666,1.0,0.9463191373920201,0.6666666666666666,1.0
54222,iphone 7 case lv,16,0.8818438740901277,0.625,1.0,0.921477547584267,0.625,1.0,0.917341826463684,0.625,1.0
54302,iphone 8 case cucci,16,0.7817594587028812,0.625,1.0,0.8758030819630591,0.625,1.0,0.8703397168327673,0.625,1.0
54341,iphone 8 plus case tge giving tree,16,0.8692492381073592,0.5714285714285714,1.0,0.9361767385157805,0.7142857142857143,1.0,0.9339091084314125,0.7142857142857143,1.0
54369,iphone 8 silicone case,16,1.0,0.7692307692307693,1.0,0.9363792118010482,0.6923076923076923,1.0,0.9216017310213247,0.6923076923076923,1.0
54455,iphone handlebar case,16,0.4387215142286033,0.6666666666666666,0.3333333333333333,0.3501827644973758,0.5,0.3333333333333333,0.5449960234716783,0.5,1.0
54486,iphone pro 11 max screen protector,16,0.9033408782799295,0.625,1.0,0.9234014633084383,0.625,1.0,0.9311946892549704,0.625,1.0
54498,iphone screen protector 8,15,0.6698623505528798,0.6666666666666666,0.5,0.8572048559638626,0.6666666666666666,1.0,0.8482378089219647,0.6666666666666666,1.0
54555,iphone x not unlocked,17,0.7518949772936434,0.5333333333333333,1.0,0.770965203260021,0.6,0.5,0.7608790288711306,0.6,0.5
54613,iphone xr phone case with ring,16,0.7799082337019199,0.6428571428571429,0.5,0.8389574121760602,0.5714285714285714,1.0,0.8236998933965709,0.5714285714285714,1.0
54623,iphone xr thin case,16,0.7596000546511977,0.625,1.0,0.8506381801193972,0.625,1.0,0.8483850543755478,0.625,1.0
54626,iphone xr used verizon,16,0.9392148330510314,0.625,1.0,0.9634117275431491,0.625,1.0,0.9504318313235595,0.625,1.0
54632,iphone xs,16,0.8227858750746063,0.6666666666666666,1.0,0.6867966070290554,0.5555555555555556,0.25,0.6869529372236014,0.5555555555555556,0.25
54678,iphone xs wallet case compatible with wireless charging,16,0.8803284496447447,0.6,1.0,0.9262688623283958,0.6666666666666666,1.0,0.9240205794407473,0.6666666666666666,1.0
54785,ipilot trolling motor saltwater,40,0.7760207658938215,0.2647058823529412,1.0,0.9191273815716655,0.29411764705882354,1.0,0.7807004592087519,0.29411764705882354,1.0
54843,ir air compressor,39,0.8034385882761865,0.2727272727272727,1.0,0.8946727408718789,0.30303030303030304,1.0,0.920805497198104,0.30303030303030304,1.0
54853,irestore laser hair growth system,38,0.5231408080026555,0.23333333333333334,0.5,0.7304250685245219,0.3,1.0,0.6786420864564952,0.26666666666666666,0.5
55026,issues and ethics in the helping professions 10th edition,16,0.5836846250538408,0.6153846153846154,0.5,0.9938125636979421,0.7692307692307693,1.0,0.9771741273130831,0.7692307692307693,1.0
55047,it door welcome mat,16,0.8358863737393172,0.625,1.0,0.9021081353137309,0.625,1.0,0.9021081353137309,0.625,1.0
55048,it eddies cast,16,0.23877292085081495,0.3333333333333333,0.3333333333333333,1.0,1.0,1.0,1.0,1.0,1.0
55080,italian cakes from italy,16,0.6932208000469406,0.6,1.0,0.631762523053415,0.6,1.0,0.631762523053415,0.6,1.0
55086,italian party decorations face props,16,0.8478333285894862,0.625,1.0,0.9681038083104088,0.625,1.0,0.9411338959973068,0.625,1.0
55089,italian rug,16,0.8896403593593777,0.625,1.0,0.9394530327586393,0.625,1.0,0.9681428479514973,0.625,1.0
55101,items for fathers day,13,0.8847705668269432,0.7692307692307693,1.0,0.9799647310882665,0.7692307692307693,1.0,0.9799647310882665,0.7692307692307693,1.0
55104,items under 5 dollars,16,0.9494126029739882,0.625,1.0,0.9051835495894204,0.625,1.0,0.9051835495894204,0.625,1.0
55115,its its ice cream sandwiches,41,0.44660487264864973,0.18181818181818182,1.0,0.6843046481194043,0.3181818181818182,1.0,0.682773289856896,0.3181818181818182,1.0
55126,its ok that youre not ok,16,0.6399411925560361,0.7,1.0,0.8677631949399239,0.8,1.0,0.8677631949399239,0.8,1.0
55141,iu perfume,40,0.6993498736583419,0.24324324324324326,1.0,0.8628224668123224,0.2702702702702703,1.0,0.8628224668123224,0.2702702702702703,1.0
55149,iv nail lamp kit,40,0.948475220140534,0.2564102564102564,1.0,0.9537125187088152,0.2564102564102564,1.0,0.9716189607861263,0.2564102564102564,1.0
55173,iwachu large iron pot,16,0.8347727710785313,0.6,1.0,0.9426863437225959,0.6,1.0,0.9293738482626764,0.6,1.0
55175,iwalk 2.0 hands free crutch,16,0.2614688411577545,0.5,0.16666666666666666,0.7955514803726979,0.5,1.0,0.7955514803726979,0.5,1.0
55194,iwatch bands 42mm mens luxury,16,0.8733695392828502,0.625,1.0,0.9409870088221953,0.625,1.0,0.9440407857342032,0.625,1.0
55324,jack skellington figure,16,0.914097624163186,0.625,1.0,0.9658672137103088,0.625,1.0,0.9554025128066332,0.625,1.0
55398,jambusters book,18,0.5464078239258541,0.45454545454545453,1.0,0.7174373341361775,0.6363636363636364,1.0,0.7199835866425679,0.6363636363636364,1.0
55462,japanese,16,0.9133599670091238,0.625,1.0,0.8839269150077771,0.625,1.0,0.8839269150077771,0.625,1.0
55479,japanese dashi powder,16,0.8644697251218397,0.625,1.0,0.947419725043356,0.625,1.0,0.9349274825897047,0.625,1.0
55483,japanese knife pocket,16,0.8069846745100951,0.6,0.5,0.8822854078553969,0.6,1.0,0.8630743673723873,0.6,1.0
55541,jason bag,16,0.4768858412856966,0.6666666666666666,0.3333333333333333,0.7887616933979626,0.8333333333333334,1.0,0.7928840118493731,0.8333333333333334,1.0
55572,jaw horse work bench,16,0.909315463686197,0.6666666666666666,1.0,0.8882588966729918,0.6666666666666666,1.0,0.8882588966729918,0.6666666666666666,1.0
55575,jawku muscle blaster,16,0.7213159190667229,0.5833333333333334,1.0,0.6903761397527753,0.5833333333333334,1.0,0.6903761397527753,0.5833333333333334,1.0
55583,jay and silent bob costume,16,0.7570659289865254,0.6363636363636364,1.0,0.8952404005075875,0.8181818181818182,1.0,0.8952404005075875,0.8181818181818182,1.0
55641,jbl wireless pods,16,0.8311181600126978,0.625,1.0,0.8834837172582919,0.625,1.0,0.873669060737231,0.625,1.0
55655,jean dress,16,0.9738672436737749,0.625,1.0,0.9471643200863396,0.625,1.0,0.9317219174938032,0.625,1.0
55671,jean-baptiste lully,16,0.8454256604216018,0.6666666666666666,1.0,0.7799082337019199,0.75,0.5,0.7799082337019199,0.75,0.5
55673,jeans american eagle for men,45,0.6907222422627018,0.20930232558139536,1.0,0.7884809443629646,0.23255813953488372,1.0,0.7727441008591849,0.23255813953488372,1.0
55695,jeep 4.0 main and rod bearings .010,8,0.968798403612174,1.0,1.0,0.9744096707847364,1.0,1.0,0.9744096707847364,1.0,1.0
55701,jeep center console,16,0.28129169041491303,0.3333333333333333,0.2,0.6370744919851087,1.0,0.16666666666666666,0.3473815945962406,0.6666666666666666,0.125
55702,jeep cherokee 6 inch lift drop pitman arm,16,0.7104684013295028,0.6363636363636364,1.0,0.9336073182455351,0.8181818181818182,1.0,0.9314741184432658,0.8181818181818182,1.0
55755,jeff shalfon the family,16,0.3010299956639812,1.0,0.1111111111111111,0.0,0.0,0.0625,0.0,0.0,0.0625
55763,jeffrey cox,16,0.8729105522503534,0.625,1.0,0.8438413780200833,0.625,1.0,0.8438413780200833,0.625,1.0
55822,jerky without sugar,40,0.977915258848537,0.29411764705882354,1.0,0.8899541168509599,0.2647058823529412,1.0,0.8615730776370862,0.2647058823529412,1.0
55865,jessica drake,16,0.7662332599136297,0.6153846153846154,1.0,0.7400177968309765,0.6153846153846154,1.0,0.7400177968309765,0.6153846153846154,1.0
55906,jetson electric bike pro,16,0.8655505867784571,0.6,1.0,0.9374519351039698,0.6,1.0,0.8642753901902678,0.6,0.5
55919,jewellery+box+small+crystal,16,0.8726091747961443,0.6428571428571429,1.0,0.6757615907286033,0.5714285714285714,0.5,0.6757615907286033,0.5714285714285714,0.5
55947,jewelry stainless steel,16,0.9021814372008533,0.625,1.0,0.9537125187088152,0.625,1.0,0.9537125187088152,0.625,1.0
56026,jj suspenders,42,0.8083086712722237,0.2702702702702703,1.0,0.644670913118386,0.16216216216216217,1.0,0.6599284318978752,0.16216216216216217,1.0
56068,jobs for introverts,16,0.4116647465192386,0.5555555555555556,0.25,0.683456276266337,0.5555555555555556,1.0,0.683456276266337,0.5555555555555556,1.0
56072,jock itch cream,16,0.8814075961035845,0.625,1.0,0.8987207560466409,0.625,1.0,0.9234014633084383,0.625,1.0
56106,joggers scrubs women,16,1.0,0.625,1.0,0.9768562593544076,0.625,1.0,0.9787930706003494,0.625,1.0
56164,john snow costume,16,0.7175747484294409,0.5,1.0,0.9038901945762411,0.6666666666666666,1.0,0.9027903772104855,0.75,1.0
56190,johnson control cable,16,0.7025909879413567,0.6,0.5,1.0,0.6666666666666666,1.0,0.9435593591982605,0.6666666666666666,1.0
56245,joker persona 5 cosplay,40,0.7851402406454568,0.25806451612903225,1.0,0.8301284151556875,0.2903225806451613,0.5,0.8532721558012799,0.2903225806451613,0.5
56344,jovi air dry clay,36,0.8668103762053675,0.30303030303030304,1.0,0.848385259580694,0.30303030303030304,1.0,0.8249300472933948,0.30303030303030304,1.0
56378,joystick ps4 x pro,16,0.7084768024101477,0.5,1.0,0.7844117343592633,0.75,0.5,0.7870026927293581,0.75,0.5
56394,juana mens,16,0.8012969455828951,0.6428571428571429,1.0,1.0,0.7142857142857143,1.0,1.0,0.7142857142857143,1.0
56406,judith hill medical astrology,16,0.851634150508456,0.625,1.0,0.8762620600420185,0.625,1.0,0.8747281190685398,0.625,1.0
56410,judy dvd,15,0.502373740777944,0.75,0.3333333333333333,0.9223260797603763,1.0,1.0,0.9223260797603763,1.0,1.0
56542,juicy tracksuit,41,0.8589902082346864,0.24390243902439024,1.0,0.8819181922831527,0.24390243902439024,1.0,0.9242792750602506,0.24390243902439024,1.0
56598,jump rope without the rope,40,0.8685694010671943,0.24324324324324326,1.0,0.9755453593002134,0.2702702702702703,1.0,0.9738672436737749,0.2702702702702703,1.0
56635,junior bridesmaid robe,16,0.9178385094040906,0.625,1.0,0.9570768474212639,0.625,1.0,0.9570768474212639,0.625,1.0
56647,juniors flowy tank,16,0.8702972153195014,0.625,1.0,0.8967531918526644,0.625,1.0,0.9044036144825912,0.625,1.0
56668,jupiter vape,16,0.933745776545611,0.75,1.0,0.841492960259019,0.6666666666666666,1.0,0.8318477135310891,0.6666666666666666,1.0
56672,jura ena micro 90,39,0.5028500984294046,0.21428571428571427,0.3333333333333333,0.8916740236839519,0.32142857142857145,1.0,0.8916740236839519,0.32142857142857145,1.0
56708,just my size sports bras for women plus size,12,0.8952203586422048,0.8333333333333334,1.0,0.987467292299445,0.8333333333333334,1.0,0.9584707563507329,0.8333333333333334,1.0
56713,just play kids disposable face mask,40,0.7136328351718023,0.23684210526315788,1.0,0.925957390686689,0.2631578947368421,1.0,0.9234014633084383,0.2631578947368421,1.0
56717,just water,16,0.945837011841976,0.625,1.0,0.9201048561927256,0.625,1.0,0.8771817036139895,0.625,1.0
56746,juul pods,25,0.5883785848411455,0.42857142857142855,1.0,0.623974995893425,0.42857142857142855,0.25,0.6646196877110557,0.5,0.25
56826,k9 carrier,38,0.8222141072485555,0.2777777777777778,1.0,0.92663607790064,0.25,1.0,0.9045513367491769,0.25,1.0
56847,kaenon sunglasses for men,41,0.892772141206916,0.23684210526315788,1.0,0.8679208684133448,0.23684210526315788,1.0,0.8801029976978861,0.23684210526315788,1.0
56865,kajal stick indian,40,0.7708859774295596,0.23076923076923078,1.0,0.8949458165076722,0.2564102564102564,1.0,0.9170305576591352,0.2564102564102564,1.0
56870,kala hari smooth leave in,41,0.7189500923287807,0.23684210526315788,1.0,0.7060884199328951,0.23684210526315788,1.0,0.6971967782239403,0.23684210526315788,1.0
56897,kamen rider 555 faiz deforeal,16,0.7634630538572432,0.7777777777777778,0.5,0.8309828086168071,0.5555555555555556,1.0,0.8883792249949695,0.6666666666666666,1.0
56932,kanoodle puzzle game,40,0.7471388258501122,0.2571428571428571,1.0,0.9567083294488864,0.2857142857142857,1.0,0.9556493299547569,0.2857142857142857,1.0
56953,karak pot,16,0.5035137409253153,0.5,0.5,0.4114123585718612,0.5,0.2,0.4114123585718612,0.5,0.2
56984,karl lagerfeld men,16,0.6378891765242928,0.7,0.5,0.7909506325094736,0.7,1.0,0.7859162856301585,0.7,1.0
57009,kat von d mascara go big or go home,28,0.8410579321593209,0.4,1.0,0.9084908319711982,0.36,1.0,0.9322536887490998,0.4,1.0
57038,kate spade perfume roller,16,0.815269206611182,0.6,1.0,0.8923608142879657,0.6666666666666666,1.0,0.8415856672307404,0.6,1.0
57053,kaufman bath mats,40,0.8031827510298204,0.25,1.0,0.8210779837689746,0.25,1.0,0.8177174169758586,0.25,1.0
57062,kawaii iphone se phone wallet,16,0.5462574254588145,0.5384615384615384,0.3333333333333333,0.8165901947515999,0.6153846153846154,1.0,0.7917063341896683,0.6153846153846154,1.0
57087,kayak fishing accessories,16,0.8711334059552366,0.6666666666666666,1.0,0.8966272197468824,0.6,1.0,0.8592108500575077,0.6,1.0
57093,kayak not inflatable,15,0.5446137423737555,0.5714285714285714,0.5,0.8258899469169918,1.0,1.0,0.7338967215815546,0.8571428571428571,1.0
57130,kdp self publishing account sign in,8,0.9299896056993346,1.0,1.0,0.9299896056993346,1.0,1.0,0.9299896056993346,1.0,1.0
57161,keep ants off hummingbird feeder,16,0.8395858852022486,0.625,1.0,0.8564029905550983,0.625,1.0,0.8647352979152096,0.625,1.0
57170,keeys of the bible,13,0.8638213605247348,0.75,1.0,1.0,0.8333333333333334,1.0,0.9684038785434832,0.8333333333333334,1.0
57180,kego infinity gauntlet,16,1.0,0.6666666666666666,1.0,0.9074250374176304,0.6,1.0,0.92663607790064,0.6,1.0
57239,kenny loggins,16,0.941233297798857,0.625,1.0,0.9421111095506693,0.625,1.0,0.9421111095506693,0.625,1.0
57243,kenra hairspray 30,16,0.8789335177254264,0.625,1.0,0.9705669479986532,0.625,1.0,0.9705669479986532,0.625,1.0
57332,keto logic shake,40,0.8146991092710851,0.2631578947368421,1.0,0.8796699093955043,0.2631578947368421,1.0,0.8493783863446858,0.2631578947368421,1.0
57402,keurig mini reusable k cup,40,0.9112986599095142,0.24324324324324326,1.0,0.9537125187088151,0.24324324324324326,1.0,0.9368077570869662,0.24324324324324326,1.0
57404,keurig resivoir,16,0.7948833326720565,0.6666666666666666,1.0,0.7162874455029681,0.6666666666666666,0.5,0.7104770117651426,0.6666666666666666,0.5
57521,keyring stretch,15,0.8071656354206772,0.6363636363636364,1.0,0.7170571726418596,0.6363636363636364,1.0,0.7170571726418596,0.6363636363636364,1.0
57547,khaled hosseini,16,0.8625853330098364,0.6,1.0,0.8537681810966682,0.6,1.0,0.8537681810966682,0.6,1.0
57559,kia rio radio,16,0.48196096620364687,0.5714285714285714,0.5,0.44301000318747175,0.2857142857142857,0.16666666666666666,0.5203947793349311,0.42857142857142855,0.16666666666666666
57560,kia soul model,16,0.4632423659320676,0.6666666666666666,0.5,0.9674679834891694,1.0,1.0,1.0,1.0,1.0
57564,kick ass dvd pack,16,0.7147864549900477,0.8333333333333334,0.5,0.7066522828498971,0.8333333333333334,1.0,0.7140742093818745,0.8333333333333334,1.0
57578,kicks high flyer choke tube 12 gauge browning,16,0.9440407857342032,0.6666666666666666,1.0,0.8812044016515216,0.6666666666666666,1.0,0.8756226650266997,0.6666666666666666,1.0
57611,kid microphone stand,40,0.8410130533396274,0.2903225806451613,1.0,0.8904022416585923,0.2903225806451613,1.0,0.8237894698706737,0.25806451612903225,1.0
57648,kiddy carrier,16,0.35392067662233245,0.6,0.25,0.6975752403726642,0.8,1.0,0.6975752403726642,0.8,1.0
57653,kidney diet dog treats,40,0.7798002484492544,0.25,1.0,0.9716189607861263,0.2777777777777778,1.0,0.9132354711554559,0.25,1.0
57701,kids binoculars girls,16,0.9045513367491769,0.625,1.0,0.9227423084440458,0.625,1.0,0.9471969491438326,0.625,1.0
57810,kids fleece pajamas,16,0.9534606181487504,0.625,1.0,0.8899541168509599,0.625,1.0,0.8899541168509599,0.625,1.0
57835,kids green hoodies girl,16,0.7335197992517443,0.5833333333333334,1.0,0.7395610000627709,0.5833333333333334,1.0,0.7326700147610374,0.5833333333333334,1.0
57933,kids pijama boys,16,0.833758197368034,0.5384615384615384,1.0,0.8990684392693267,0.6153846153846154,1.0,0.777299036890523,0.5384615384615384,1.0
57953,kids probtiotic fiber,11,0.9877841797012169,0.9090909090909091,1.0,0.9427930190104704,0.9090909090909091,1.0,0.9305771987116873,0.9090909090909091,1.0
57969,kids rick and morty shirt,16,0.6051405186579805,0.75,0.5,0.4161042400174222,0.5,0.3333333333333333,0.48122624272298953,0.5,0.5
57977,kids room black and white,41,0.5564728394479544,0.21739130434782608,0.3333333333333333,0.619730340475974,0.2608695652173913,0.3333333333333333,0.8108582970019788,0.34782608695652173,0.5
57989,kids shaving kit for boys play,16,0.9402303147897185,0.6666666666666666,1.0,0.8533554002038573,0.6,1.0,0.8510866777033885,0.6,1.0
58062,kids twin bed mattress,16,0.5526914577964329,0.75,0.5,0.4237169849048935,0.5,0.25,0.37985463559275245,0.375,0.5
58097,kids wooden play kitchen,16,0.9681038083104088,0.625,1.0,0.8478333285894862,0.625,1.0,0.8478333285894862,0.625,1.0
58121,kiinde starter kit,39,0.6501227985226818,0.2608695652173913,1.0,0.7228545077817987,0.2608695652173913,1.0,0.6979551436325814,0.2608695652173913,1.0
58133,kill mildew,16,0.9317219174938032,0.625,1.0,0.9787930706003494,0.625,1.0,0.9787930706003494,0.625,1.0
58161,kim possible costume,16,0.5885629141377872,0.6363636363636364,0.5,0.7680683265160458,0.7272727272727273,1.0,0.7680683265160458,0.7272727272727273,1.0
58179,kindergarden tablet for writing numbers,16,0.8625167621190364,0.625,1.0,0.9388633982505333,0.625,1.0,0.8936349164534779,0.625,1.0
58212,kindle fire 8,30,0.6561500910007046,0.3157894736842105,1.0,0.4297683282887096,0.10526315789473684,0.16666666666666666,0.4068057753854341,0.10526315789473684,0.16666666666666666
58256,kinetico k5 drinking water station,40,0.7365894544418009,0.2857142857142857,1.0,0.5364760238724632,0.10714285714285714,1.0,0.5364760238724632,0.10714285714285714,1.0
58258,king and queen crowns,16,0.7854021831428946,0.625,1.0,0.9763548176414888,0.625,1.0,0.9754579868626665,0.625,1.0
58276,king black stripe sheets,16,0.8593684580894199,0.625,1.0,0.8659418680347015,0.625,1.0,0.8230187154559654,0.625,1.0
58364,king size platform bed frame,16,0.900504532140759,0.625,1.0,0.8419064869719035,0.625,1.0,0.8111896200550105,0.625,1.0
58440,kiss him not me stickers,39,0.28800907019241273,0.16666666666666666,0.5,0.7424243228025994,0.3333333333333333,1.0,0.7576825792071448,0.3888888888888889,1.0
58461,kit cat clock,16,0.9567083294488864,0.625,1.0,0.9463191373920201,0.625,1.0,0.9371852826240948,0.625,1.0
58516,kitchen aide grill,16,0.7567720377804458,0.6666666666666666,1.0,0.6614230493303066,0.6666666666666666,0.25,0.6042311787534295,0.5555555555555556,0.2
58518,kitchen aluminum foil organizer,16,0.8918053418519213,0.625,1.0,0.9008768387951549,0.625,1.0,0.9093618486635722,0.625,1.0
58537,kitchen coffee bar,16,0.955830517697074,0.6,1.0,0.8532721558012799,0.6,0.5,0.8532721558012799,0.6,0.5
58683,kitchenaid covers for stand mixer 5 quart,40,0.7704994047900177,0.27586206896551724,1.0,0.7799597264157676,0.27586206896551724,1.0,0.5925720299394327,0.2413793103448276,0.5
58701,kitchenaid refrigerator water filter 3,16,0.9239166642947431,0.6666666666666666,1.0,0.9877841797012169,0.6666666666666666,1.0,0.9877841797012169,0.6666666666666666,1.0
58705,kiteboarding kite bag,16,0.7698001487438412,0.7272727272727273,1.0,0.8946674603072645,0.7272727272727273,1.0,0.874151424979958,0.7272727272727273,1.0
58719,kitten onesies recovery small,16,0.4776237035032179,0.6666666666666666,0.5,0.2769189462922768,0.6666666666666666,0.1111111111111111,0.2769189462922768,0.6666666666666666,0.1111111111111111
58755,klein tool cable fisher,16,0.4254000014713487,0.5714285714285714,0.3333333333333333,0.30005314383474796,0.5714285714285714,0.14285714285714285,0.12691101765867138,0.2857142857142857,0.14285714285714285
58832,knee surgery,16,0.8364586133797036,0.5714285714285714,1.0,0.8611375561264455,0.6428571428571429,1.0,0.8611375561264455,0.6428571428571429,1.0
58853,knife guard 16,16,0.6989853606570233,0.6363636363636364,1.0,0.5704262355826158,0.5454545454545454,1.0,0.6101309722723929,0.5454545454545454,1.0
58893,knitted cardigans for women,16,1.0,0.625,1.0,0.9755453593002134,0.625,1.0,0.9768562593544076,0.625,1.0
58896,knitters pride zing alu dpn size 0,10,0.97087319276408,1.0,1.0,0.9752092775120579,1.0,1.0,0.9752092775120579,1.0,1.0
58909,knives,16,0.6442227883107535,0.5833333333333334,0.5,0.6410457898283654,0.6666666666666666,0.3333333333333333,0.6410457898283654,0.6666666666666666,0.3333333333333333
58970,kohler brevia q2 white plastic elongated toilet seat,40,0.8011671905154933,0.2564102564102564,1.0,0.9104208481577016,0.2564102564102564,1.0,0.9104208481577016,0.2564102564102564,1.0
59013,kong wobbler medium,39,0.7760207658938215,0.25,1.0,0.9140415419785024,0.2777777777777778,1.0,0.8539639397231652,0.2777777777777778,1.0
59045,korean makeup,16,0.92663607790064,0.625,1.0,0.9537125187088152,0.625,1.0,0.96331803895032,0.625,1.0
59078,kp bump eraser body scrub,16,0.8076911668237705,0.6428571428571429,1.0,0.9680525297703193,0.6428571428571429,1.0,0.9938203652479539,0.7142857142857143,1.0
59080,kp lotion,40,0.7647308283773824,0.2857142857142857,1.0,0.7497807729232111,0.2571428571428571,1.0,0.6467660943047464,0.2571428571428571,1.0
59204,kwanza candle holder,40,0.545752028784671,0.21428571428571427,1.0,0.617223361968822,0.2857142857142857,0.3333333333333333,0.6384302913684726,0.2857142857142857,0.3333333333333333
59269,l styled shafts,16,0.8142498351495977,0.6666666666666666,1.0,1.0,0.8333333333333334,1.0,1.0,0.8333333333333334,1.0
59273,l track massage chair,40,0.9716189607861263,0.25,1.0,0.8526593413174667,0.25,1.0,0.8397728661031809,0.25,1.0
59281,l'oreal magic root cover up medium brown,40,0.8040481496139451,0.2564102564102564,1.0,0.8497179187417597,0.2564102564102564,1.0,0.8421707875960841,0.2564102564102564,1.0
59360,la mer eye cream,40,0.81538512624455,0.23529411764705882,1.0,0.6214011939609387,0.20588235294117646,0.5,0.6667439933785688,0.20588235294117646,1.0
59421,label printer cleaning card 4x6,16,0.7290113191729355,0.8333333333333334,1.0,0.8302229075697188,0.8333333333333334,1.0,0.758170794906829,0.6666666666666666,1.0
59474,lace silk cami,16,0.9274918098849939,0.625,1.0,0.9821490166714711,0.625,1.0,0.9821490166714711,0.625,1.0
59549,ladies art teacher shirts,16,0.8605307483305209,0.625,1.0,0.884210101903782,0.625,1.0,0.91930137575504,0.625,1.0
59577,ladies pull on shorts elastic waist,16,0.9683102472022168,0.625,1.0,0.9681831273090041,0.625,1.0,0.9471234905468496,0.625,1.0
59585,ladies short boot socks,16,0.28564364102754464,0.5,0.25,0.6366824387328316,0.5,1.0,0.7541985434892587,0.75,1.0
59594,ladies white sneakers 10.5 nike,40,0.8274811345840356,0.2647058823529412,1.0,0.8378360548572391,0.2647058823529412,1.0,0.8457634594723055,0.2647058823529412,1.0
59652,lake life gifts,16,0.7030861797445797,0.75,1.0,0.5585075862632192,0.5,1.0,0.5413996682199069,0.5,1.0
59669,lambs ear wreath 24 inch,16,0.7005823913695494,0.6,1.0,0.8902879263966849,0.6,1.0,0.8477335743034317,0.6,1.0
59677,laminate countertop,16,0.6034249006846296,0.5,1.0,0.7362372578815278,0.5833333333333334,1.0,0.7362372578815278,0.5833333333333334,1.0
59707,lamp with marracon lamp shade,16,1.0,0.625,1.0,0.96331803895032,0.625,1.0,0.96331803895032,0.625,1.0
59770,lamy dark lilac ink,40,0.44782208366826354,0.22727272727272727,0.3333333333333333,0.628110137521974,0.3181818181818182,1.0,0.628110137521974,0.3181818181818182,1.0
59791,land cruiser 90,16,0.8908978013329101,0.625,1.0,0.8436666355597752,0.625,1.0,0.8436666355597752,0.625,1.0
59942,laptop power adapters,16,0.9537125187088151,0.6,1.0,0.9368077570869662,0.6,1.0,0.9074250374176304,0.6,1.0
59995,large batman figure,16,0.9178164815174713,0.625,1.0,0.9234014633084383,0.625,1.0,0.926390478989071,0.625,1.0
59997,large beach towels,16,0.9755453593002134,0.625,1.0,0.96331803895032,0.625,1.0,0.96331803895032,0.625,1.0
60024,large clear organizer bins,16,0.8964623092185033,0.625,1.0,0.9527304837512485,0.625,1.0,0.9306405476402552,0.625,1.0
60028,large container multi colored glitter,16,0.6057273141551189,0.5714285714285714,0.5,0.9898117597656032,0.7142857142857143,1.0,0.9854983569787691,0.7142857142857143,1.0
60078,large harley sign,16,0.9189673689050769,0.625,1.0,0.83627325424298,0.625,1.0,0.8655057777996691,0.625,1.0
60124,large pink christmas ornaments,40,0.8423557355055808,0.2564102564102564,1.0,0.9534606181487504,0.2564102564102564,1.0,0.9471643200863396,0.2564102564102564,1.0
60131,large pots for trees outdoor clearance,16,0.5439965792646563,0.75,0.5,0.4748872236846519,0.625,1.0,0.48300495301154633,0.625,1.0
60159,large tents for camping,16,0.8773595809288224,0.625,1.0,0.799164506539414,0.625,1.0,0.8055223154807827,0.625,1.0
60171,large wall clock 36 inches,16,0.9533497162960899,0.625,1.0,0.9427930190104704,0.625,1.0,0.9722340851332467,0.625,1.0
60181,large whole house humidifiers,16,1.0,0.6666666666666666,1.0,0.955830517697074,0.6,1.0,0.955830517697074,0.6,1.0
60220,laser alignment tool for tiles,16,0.9071731368575655,0.625,1.0,0.9170305576591352,0.625,1.0,0.9317219174938032,0.625,1.0
60288,lasko tower fan combo pack,16,0.9178164815174713,0.625,1.0,0.9684038785434832,0.625,1.0,0.96331803895032,0.625,1.0
60321,latex socks,13,0.5418413785999716,0.8333333333333334,0.5,0.9012353579882826,1.0,1.0,0.9012353579882826,1.0,1.0
60334,latte art,16,0.30711729525960846,0.5,0.25,0.704256826337871,0.6666666666666666,1.0,0.45431497362311307,0.5,0.5
60380,laundry sanitizer liquid,16,0.9144322567538655,0.7142857142857143,1.0,0.8677488937595094,0.5714285714285714,1.0,0.7879565365836887,0.5714285714285714,1.0
60394,lauren eden,16,0.141266972859829,0.3333333333333333,0.1111111111111111,0.30446719749051815,0.6666666666666666,0.14285714285714285,0.30446719749051815,0.6666666666666666,0.14285714285714285
60440,lavendar pills anxiety,16,0.785157302299425,0.6428571428571429,1.0,0.8406891320329313,0.6428571428571429,1.0,0.8406891320329313,0.6428571428571429,1.0
60530,lazer pointer,16,0.9216017310213247,0.6,1.0,0.8611375561264455,0.6,1.0,0.8611375561264455,0.6,1.0
60541,lazyboy recliner chair,16,0.9411338959973068,0.625,1.0,0.8478333285894862,0.625,1.0,0.8759195979917094,0.625,1.0
60543,lbi sweatshirts,16,0.8908330306223634,0.625,1.0,0.9865502292925066,0.625,1.0,0.9865502292925066,0.625,1.0
60582,leachco pregnancy pillow cover,16,0.8451003128513036,0.625,1.0,0.9014013629195813,0.625,1.0,0.8393826224212941,0.625,1.0
60606,leaf guard,16,0.735563211041258,0.6,1.0,0.871833824005769,0.6666666666666666,1.0,0.9357546747276766,0.6666666666666666,1.0
60620,league legacy hat,40,0.7227174288229703,0.25,1.0,0.8589902082346864,0.25,1.0,0.8589902082346864,0.25,1.0
60626,lean gains,16,0.8891004122394534,0.6666666666666666,1.0,0.8381657123202053,0.6666666666666666,1.0,0.8381657123202053,0.6666666666666666,1.0
60631,leap frog magic adventures globes for kids interactive,40,0.7114402431681368,0.3076923076923077,1.0,0.683240914373359,0.3076923076923077,1.0,0.7049980341063626,0.3076923076923077,1.0
60633,leap office chair,40,0.9021814372008533,0.25,1.0,0.9787930706003494,0.25,1.0,1.0,0.25,1.0
60683,leather belt blanks 1 1/4 inch,16,0.7300260245290894,0.6428571428571429,0.5,0.8922219480706612,0.6428571428571429,1.0,0.8860423133186153,0.6428571428571429,1.0
60687,leather belt without holes,42,0.883229092337347,0.2564102564102564,1.0,0.9543384299005628,0.2564102564102564,1.0,0.9494126029739882,0.2564102564102564,1.0
60762,leather pocket opener,16,0.9072178250871613,0.625,1.0,0.9755106631796201,0.625,1.0,0.9654244887907296,0.625,1.0
60785,leather toddler backpack,16,0.7580382127443983,0.6,1.0,0.8991517521755826,0.6,1.0,0.8941523861033307,0.6,1.0
60859,led bed lights,15,0.6908214537088496,0.6153846153846154,1.0,0.9177169982781095,0.6923076923076923,1.0,0.8998398347777883,0.6923076923076923,1.0
60873,led cigarette lighter light,40,0.5812159045344434,0.18518518518518517,1.0,0.6892206400834503,0.2222222222222222,1.0,0.7935191218955837,0.25925925925925924,1.0
60891,led desk lamp -touch,16,0.43881299318326916,1.0,0.25,1.0,1.0,1.0,1.0,1.0,1.0
60922,led headlights kits civic 05,16,1.0,0.625,1.0,0.8803485966094552,0.625,1.0,0.8803485966094552,0.625,1.0
61084,ledge lounger in-pool chaise,40,0.8728399002804808,0.25,1.0,0.9524016186546209,0.25,1.0,0.9534606181487504,0.25,1.0
61156,leg vise hardware,16,0.7546356213801865,0.625,1.0,0.9435901278987999,0.875,1.0,0.7189474654361075,0.625,1.0
61255,lego city fire truck,16,0.8205824157899151,0.625,1.0,0.9974537474936096,0.625,1.0,0.9616701261829397,0.625,1.0
61395,lego under 10 dollars,16,0.8252096216015958,0.6,1.0,0.6751930131058504,0.6,0.5,0.6867894208736995,0.6,0.5
61433,lem meat grinders,11,0.8597891288725519,1.0,0.5,0.7140913024837894,0.8333333333333334,0.25,0.7062325783008471,0.8333333333333334,0.2
61505,lenovo tab 4 8 case,16,0.47285722839516775,0.5714285714285714,0.5,0.5949438035423388,0.5714285714285714,1.0,0.6289704380768635,0.5714285714285714,1.0
61506,lenovo tab 7,16,0.872823254006528,0.625,1.0,0.9476845588029803,0.625,1.0,0.9263140646559703,0.625,1.0
61524,lens hood canon t6 t7,16,0.6547375771030298,0.8,0.5,0.7944731762035188,0.7,1.0,0.7234055410807668,0.7,1.0
61546,leo mckern,16,0.8417771098923537,0.8333333333333334,1.0,0.2943419908374364,0.5,0.16666666666666666,0.2943419908374364,0.5,0.16666666666666666
61579,leopard stationary,16,0.6265710061289431,0.7272727272727273,0.5,0.9272385651642044,0.8181818181818182,1.0,0.9272385651642044,0.8181818181818182,1.0
61616,let it glow set,16,0.33273060451413433,0.6,0.25,0.9036222888992599,0.8,1.0,0.9036222888992599,0.8,1.0
61618,let it snow sweater,16,0.8589241543392645,0.6,1.0,1.0,0.6666666666666666,1.0,1.0,0.6666666666666666,1.0
61620,leteulo crossbody,9,0.6475284486999342,1.0,0.5,0.9151505377371351,1.0,1.0,0.9151505377371351,1.0,1.0
61672,leupold fixed power scope,40,0.8707498714273888,0.2564102564102564,1.0,0.8092031150833006,0.23076923076923078,1.0,0.8749598390660558,0.23076923076923078,1.0
61687,levelled reader stickers,16,0.5432943756646662,0.5,1.0,0.9124662320462946,0.8333333333333334,1.0,0.9107255680398878,0.8333333333333334,1.0
61796,lg 77 inch oled wall mount,17,0.7348173655637679,0.5384615384615384,1.0,0.5153395036883294,0.46153846153846156,0.5,0.6144586565767858,0.46153846153846156,1.0
61809,lg cx10 oled tv,16,0.9009348984063487,0.625,1.0,0.9193650765455238,0.625,1.0,0.9621083651994907,0.625,1.0
61859,lg oled77g1pua,16,0.8880156958269811,0.625,1.0,0.8478333285894862,0.625,1.0,0.8478333285894862,0.625,1.0
61867,lg refridgerators,16,0.8035767981888556,0.6363636363636364,1.0,0.5796720132384705,0.45454545454545453,0.16666666666666666,0.5842660034396263,0.45454545454545453,0.2
61885,lg stylo 5 battery case,16,0.7796827507770424,0.6363636363636364,1.0,0.823617389515933,0.8181818181818182,1.0,0.8202966297978501,0.8181818181818182,1.0
61952,liberty's kids,16,0.36601532518595115,0.5,0.5,0.5533282963726459,0.6,1.0,0.5533282963726459,0.6,1.0
62071,license plate hole cover plug,16,0.3868528072345416,0.5,0.5,0.21840743681816419,0.5,0.16666666666666666,0.3706656904013185,1.0,0.125
62153,life without diabetes roy taylor,16,0.7595220973729724,0.6923076923076923,1.0,0.7696942159878682,0.6153846153846154,1.0,0.8067778409158394,0.6923076923076923,1.0
62154,life without plastic toothbrush,37,0.7601686816717219,0.23333333333333334,1.0,0.7390321884645572,0.26666666666666666,1.0,0.6605824267720339,0.23333333333333334,1.0
62222,ligandrol,40,0.4018671275003378,0.22727272727272727,0.3333333333333333,0.5226477564178168,0.22727272727272727,1.0,0.5226477564178168,0.22727272727272727,1.0
62228,light arch,16,0.5528739300196867,0.5384615384615384,0.5,0.9517825025223118,0.7692307692307693,1.0,0.8454256604216018,0.6923076923076923,1.0
62275,light dimmer film,16,0.6937746734086389,0.5454545454545454,1.0,0.561929429666061,0.5454545454545454,0.3333333333333333,0.561929429666061,0.5454545454545454,0.3333333333333333
62291,light green bowtie,16,0.7298889877612587,0.6,1.0,0.8732445360772788,0.6,1.0,0.8490535262018611,0.6,1.0
62347,light up green lantern ring,16,0.9154355047894686,0.6923076923076923,1.0,0.8208993783319128,0.6153846153846154,1.0,0.8228876782789264,0.6153846153846154,1.0
62384,lighted electrical outlet cover,16,0.914856882358379,0.6,1.0,1.0,0.6666666666666666,1.0,0.8611375561264455,0.6,1.0
62480,lightweight mirror for wall,16,0.9238987943416334,0.6,1.0,0.8031971700176062,0.6,1.0,0.7819627010716774,0.6,1.0
62486,lightweight sleeping bag 2 person summer,16,0.895400235877735,0.625,1.0,0.9124662320462946,0.625,1.0,0.9528103789702347,0.625,1.0
62491,lightweight womens jackets for fall,16,0.9414780405858598,0.625,1.0,0.9503532637006566,0.625,1.0,0.9503532637006566,0.625,1.0
62495,liilispoetic home,49,0.0,0.0,0.05263157894736842,0.8850578192958565,0.8571428571428571,1.0,0.8937469570107012,0.8571428571428571,1.0
62511,lil huggy,40,0.7889335685171043,0.24324324324324326,1.0,1.0,0.2702702702702703,1.0,0.9787930706003494,0.2702702702702703,1.0
62519,lilac acrylic powder,40,0.7526251246881642,0.2631578947368421,1.0,0.8588897666497397,0.2631578947368421,1.0,0.8849072079637855,0.2631578947368421,1.0
62559,lime green hoodie,11,0.8048418584981392,0.9,1.0,0.9241497144992702,0.9,1.0,0.9110333618993117,0.9,1.0
62608,lincoln 210 mp welder,40,0.7454790833991798,0.2777777777777778,1.0,0.920582461529293,0.2777777777777778,1.0,0.9188284100856257,0.2777777777777778,1.0
62649,linen gift bags gray,15,0.8474671264369373,0.6428571428571429,1.0,0.9586107883947427,0.7142857142857143,1.0,0.9474811100355269,0.7142857142857143,1.0
62660,ling ling potstickers,40,0.5439755266937498,0.3333333333333333,0.5,0.6156359257890498,0.3333333333333333,1.0,0.6156359257890498,0.3333333333333333,1.0
62686,links awakening,16,0.5450194901355907,0.5555555555555556,0.3333333333333333,0.8856711480108262,0.7777777777777778,1.0,0.8772607503958723,0.7777777777777778,1.0
62732,lion king movie,16,0.8885339486515047,0.625,1.0,0.8489237057561805,0.625,1.0,0.8489237057561805,0.625,1.0
62822,liquid fusion glue for rhinestones,41,0.47954250298469114,0.2222222222222222,1.0,0.7642166968464841,0.3888888888888889,1.0,0.7808054438101625,0.3888888888888889,1.0
62843,liquid sulfur soap for acne,40,0.7872457438804159,0.2631578947368421,1.0,0.8545305553752748,0.2631578947368421,1.0,0.8510866777033885,0.2631578947368421,1.0
62864,lisa nichols,16,0.9524522769427614,0.625,1.0,0.906597394385194,0.625,1.0,0.906597394385194,0.625,1.0
62961,little ikes turn slide,40,0.44105353926478263,0.2413793103448276,0.3333333333333333,0.850443687487311,0.3448275862068966,1.0,0.8796699093955043,0.3448275862068966,1.0
62971,little man balloons,16,0.9120131844100002,0.625,1.0,0.9346659795308913,0.625,1.0,1.0,0.625,1.0
63089,living room lamps for end tables,16,0.9787930706003494,0.625,1.0,0.9317219174938032,0.625,1.0,0.8803485966094552,0.625,1.0
63100,living world eco green habitat,21,0.7976394184377879,0.47368421052631576,1.0,0.8386366201840664,0.47368421052631576,1.0,0.8352760533909505,0.47368421052631576,1.0
63155,llaveros de los 7 pecados capitales,25,0.6679707716614224,0.42857142857142855,1.0,0.7676940100599609,0.42857142857142855,1.0,0.7676940100599609,0.42857142857142855,1.0
63179,lobby chairs without arms,41,0.7517587669181163,0.2647058823529412,1.0,0.38153014914623584,0.14705882352941177,0.5,0.3825891486403652,0.14705882352941177,0.5
63191,loccitane lumiere parfum,16,0.4882735878650289,0.6,0.5,0.7663091593452884,0.7,1.0,0.7663091593452884,0.7,1.0
63234,locksmith tools,40,0.4362115423097745,0.2608695652173913,0.2,0.5473595451406057,0.2608695652173913,0.5,0.5982574533153463,0.30434782608695654,0.5
63317,logitech performance mouse,16,0.9787930706003494,0.625,1.0,0.8908978013329101,0.625,1.0,0.8908978013329101,0.625,1.0
63346,lol dance dance dance doll omg,41,0.765757198814019,0.2564102564102564,1.0,0.8079351540514836,0.20512820512820512,1.0,0.8079351540514836,0.20512820512820512,1.0
63453,long dress blazers for women,16,0.682805280724596,0.7,1.0,0.6229222672635393,0.6,1.0,0.6124303739935617,0.6,1.0
63477,long kent comb,16,0.8963914516538753,0.625,1.0,0.8573887872666861,0.625,1.0,0.8177174169758586,0.625,1.0
63557,long sleeve off white dresss,16,0.7495516478583317,0.6363636363636364,1.0,0.7005042072658941,0.5454545454545454,1.0,0.6951116003271834,0.5454545454545454,1.0
63702,loreal heat protection for hair,16,0.8992289837832602,0.625,1.0,0.8188743895458064,0.625,1.0,0.8188743895458064,0.625,1.0
63729,los angeles rams hat,16,0.8120705141032581,0.6,1.0,0.96331803895032,0.6666666666666666,1.0,0.9768562593544076,0.6666666666666666,1.0
63753,losi truggy 1/8,16,0.8298826613537607,0.8333333333333334,1.0,0.759495584314407,0.5,0.5,0.7682786424175375,0.5,0.5
63791,loud houses dvd,16,0.7984459894440636,0.6428571428571429,1.0,0.9181015411165959,0.6428571428571429,1.0,0.9200326865267714,0.6428571428571429,1.0
63808,louis vutton wallet,40,0.4860416421015778,0.25,0.5,0.8829771917772822,0.4166666666666667,1.0,0.8829771917772822,0.4166666666666667,1.0
63823,lounge dress for women loose fit,45,0.22784037450527975,0.2,0.25,0.6285108926059098,0.4666666666666667,0.5,0.56264752084969,0.4666666666666667,0.3333333333333333
63831,lounge shorts men,16,0.915542121287978,0.625,1.0,0.9320739411743278,0.625,1.0,0.9320739411743278,0.625,1.0
63849,love books hoodie,16,0.9204429587072075,0.6666666666666666,1.0,0.9139935630403138,0.6666666666666666,1.0,0.9139935630403138,0.6666666666666666,1.0
63890,lovedeoll,13,0.9170305576591352,0.7692307692307693,1.0,0.9325055893091646,0.7692307692307693,1.0,0.9325055893091646,0.7692307692307693,1.0
63903,loveseat sleeper sofa bed,16,0.9238077824385645,0.625,1.0,0.9644124196526538,0.625,1.0,0.9554289676024135,0.625,1.0
63925,low carb meals and snacks,16,0.9738050896605512,0.625,1.0,0.926863033018722,0.625,1.0,0.95051939425643,0.625,1.0
63963,low profileadjustable bed frame,39,0.9684038785434832,0.2564102564102564,1.0,0.9556493299547569,0.2564102564102564,1.0,0.977915258848537,0.2564102564102564,1.0
63964,low rider oldies chrome series cds,14,0.1845756967795682,0.5,0.1111111111111111,0.8065735963827292,1.0,1.0,0.8065735963827292,1.0,1.0
64038,luau girl dress 7 year,16,0.8698344683788594,0.6923076923076923,1.0,0.9321376950951338,0.7692307692307693,1.0,0.9321376950951338,0.7692307692307693,1.0
64040,lubar body pillow,16,0.882736744717792,0.625,1.0,0.8100445218331705,0.625,1.0,0.8100445218331705,0.625,1.0
64059,lucca tent,16,0.6920165406831019,0.6666666666666666,1.0,0.6678067074646313,0.8333333333333334,0.5,0.48268117610511574,0.8333333333333334,0.16666666666666666
64154,luggage scale,16,0.7215194105726964,0.6363636363636364,1.0,1.0,0.9090909090909091,1.0,0.977915258848537,0.9090909090909091,1.0
64196,lulurue tee shirt,16,0.8302375109097954,0.8181818181818182,1.0,0.5669715919067837,0.5454545454545454,1.0,0.5756606442012417,0.5454545454545454,1.0
64202,lumbar pillow,16,0.9411338959973068,0.625,1.0,0.8810676612614085,0.625,1.0,0.8839269150077771,0.625,1.0
64224,lumix gh5,16,0.7752753713435488,0.6,1.0,0.9413646760399529,0.6,1.0,0.9385563003369399,0.6,1.0
64305,luther season 5,16,0.6085320813995702,0.5454545454545454,0.2,0.7360738002912947,0.5454545454545454,0.5,0.7360738002912947,0.5454545454545454,0.5
64308,"lutron+claro+on/off+switch,+15+amp,",16,1.0,0.625,1.0,0.9556493299547569,0.625,1.0,0.9556493299547569,0.625,1.0
64371,lv bracelet for women,16,0.8450692998852553,0.6428571428571429,1.0,0.9607076344908267,0.7142857142857143,1.0,0.9607076344908267,0.7142857142857143,1.0
64377,lvow sexy see through mesh,21,0.6803079862425958,0.4444444444444444,1.0,0.8724054085484845,0.5555555555555556,1.0,0.8693516316364764,0.5555555555555556,1.0
64383,lye relaxer,16,0.8648376219190134,0.625,1.0,0.8991517521755826,0.625,1.0,0.8991517521755826,0.625,1.0
64445,m letter auto sunshade,16,0.9174851939594734,0.625,1.0,0.8035665833441641,0.625,1.0,0.9208391739504241,0.625,1.0
64544,mac pro new,16,0.8324663318678696,0.75,1.0,0.6207338591866265,0.5,0.2,0.6149729514117124,0.5,0.2
64579,macbook air 13 inch gold sparkly case,16,0.8652088476846377,0.625,1.0,0.9394511445945279,0.625,1.0,0.9170043266187762,0.625,1.0
64605,macbook pro 13 case touch bar,16,0.92663607790064,0.625,1.0,0.9439492378436964,0.625,1.0,0.9534606181487504,0.625,1.0
64665,mackenzie morgan,16,0.9197207891481876,1.0,1.0,0.0,0.0,0.09090909090909091,0.0,0.0,0.09090909090909091
64748,madonna boots,16,0.28176634142503276,0.5,0.3333333333333333,0.40777084982639744,0.5,0.5,0.40777084982639744,0.5,0.5
64858,magnesium sleep babies,16,0.8804329571523075,0.6666666666666666,1.0,0.9802219926161396,0.6666666666666666,1.0,0.9198875599366888,0.6666666666666666,1.0
64899,magnetic chalk board for wall,16,0.7981925548511507,0.6153846153846154,1.0,0.8898455968982192,0.6923076923076923,1.0,0.907799048049313,0.6923076923076923,1.0
64914,magnetic earring,16,0.9787930706003494,0.625,1.0,0.9684038785434832,0.625,1.0,0.9716189607861263,0.625,1.0
64921,magnetic eyelashes without liner,40,0.9716189607861263,0.2631578947368421,1.0,0.9768562593544076,0.2631578947368421,1.0,0.8854344362026183,0.2631578947368421,1.0
64924,magnetic fabric,16,0.8678797339185964,0.625,1.0,0.9654244887907296,0.625,1.0,0.9654244887907296,0.625,1.0
64968,magnetic tips for android,16,0.911298659909514,0.6153846153846154,1.0,0.9053206285482487,0.6153846153846154,1.0,0.9008240627729516,0.6153846153846154,1.0
64987,magnifying eyeglasses,16,0.9095641316965759,0.625,1.0,0.9645565063769428,0.625,1.0,0.9645565063769428,0.625,1.0
64998,magnolia table cookbook,16,0.9239166642947431,0.625,1.0,1.0,0.625,1.0,1.0,0.625,1.0
65016,maguires ultimate rubbing compound,40,0.6671084898258033,0.22857142857142856,0.5,0.8567073564922288,0.2571428571428571,1.0,0.8196518782218087,0.2571428571428571,1.0
65033,maidenform racerback bra front closure,16,0.9083665697267731,0.625,1.0,0.9411338959973068,0.625,1.0,0.9411338959973068,0.625,1.0
65058,mainstay floor lamp,40,0.8609797955028315,0.2564102564102564,1.0,0.9524016186546209,0.2564102564102564,1.0,0.977915258848537,0.2564102564102564,1.0
65078,make a keychain kit,16,0.8419208820706012,0.625,1.0,0.9181258953358343,0.625,1.0,0.9181258953358343,0.625,1.0
65081,make anna’s scarf,15,0.4306765580733931,1.0,0.25,0.6309297535714574,1.0,0.5,0.6309297535714574,1.0,0.5
65086,make love not war shirt,47,0.6398421264185563,0.2,1.0,0.9768562593544076,0.25,1.0,1.0,0.25,1.0
65169,makeup table without mirror,41,0.6294151852871537,0.25925925925925924,1.0,0.5020341361921639,0.2222222222222222,1.0,0.5095793446828875,0.25925925925925924,0.5
65191,makita battery charger,16,0.9755453593002134,0.625,1.0,1.0,0.625,1.0,1.0,0.625,1.0
65211,mal barbie descendants 3,16,0.9202981605027932,0.625,1.0,0.916741472193065,0.625,1.0,0.8694380978456805,0.625,1.0
65383,manchester united ornament,16,0.8410705215738357,0.625,1.0,0.8917220986275541,0.625,1.0,0.8927162486010608,0.625,1.0
65578,manual washing machine,16,0.8715729864721541,0.5714285714285714,1.0,0.8981696737831434,0.6428571428571429,1.0,0.8981696737831434,0.6428571428571429,1.0
65581,manubrios para bicicleta de ruta,26,1.0,0.43478260869565216,1.0,0.8611375561264455,0.391304347826087,1.0,0.8611375561264455,0.391304347826087,1.0
65699,marble grinder,16,0.8593762874632856,0.6153846153846154,1.0,0.955830517697074,0.6923076923076923,1.0,0.9053206285482487,0.6153846153846154,1.0
65703,marble organizer,16,1.0,0.625,1.0,0.9787930706003494,0.625,1.0,0.9787930706003494,0.625,1.0
65710,marbled fruit bowl,16,0.8205228949141827,0.625,1.0,0.8945127282052903,0.625,1.0,0.8945127282052903,0.625,1.0
65750,marcy 150lb stack home gym,40,0.7308537949757241,0.25,1.0,0.8461369766930454,0.2777777777777778,1.0,0.8937353580384246,0.2777777777777778,1.0
65780,marico marine switch,16,0.81477231649999,0.6,1.0,0.9536095000973961,0.6666666666666666,1.0,0.9474811100355269,0.6666666666666666,1.0
65820,marinero dress for women,16,0.8776930456870435,0.625,1.0,0.9411934813639053,0.625,1.0,0.937905632972335,0.625,1.0
65863,mariobros,16,0.8068581072603773,0.6,1.0,0.8266165677701107,0.6666666666666666,1.0,0.8266165677701107,0.6666666666666666,1.0
65879,marker disc basket,16,0.42155191897201494,0.6666666666666666,0.25,0.8090060616212743,0.8333333333333334,1.0,0.5489065171879892,0.8333333333333334,0.25
65881,marker sketch pad bleed proof,16,0.8135726540444437,0.6923076923076923,0.5,0.9351793941869383,0.6923076923076923,1.0,0.9252202331019638,0.6923076923076923,1.0
65912,maroon women shoes,16,0.8649317628715298,0.625,1.0,0.8905559458092555,0.625,1.0,0.8905559458092555,0.625,1.0
65948,marshmello costume,24,0.8874582952544261,0.42105263157894735,1.0,0.8913319177463098,0.42105263157894735,1.0,0.7374943749026187,0.42105263157894735,0.5
65986,marvel games,16,0.948475220140534,0.6666666666666666,1.0,0.8507763342047462,0.6,1.0,0.8534097694601835,0.6,1.0
66135,mask cord adjustable,16,0.7179804164693728,0.45454545454545453,1.0,0.762815192207169,0.6363636363636364,0.5,0.8169680738235195,0.6363636363636364,1.0
66146,mask not required sign,16,0.29562671046282984,0.5,0.2,0.4935232796777482,0.3333333333333333,1.0,0.45390362024822023,0.3333333333333333,1.0
66178,mason jar led solar light lids 4 pack,16,0.9035307918778454,0.625,1.0,0.9077607744977495,0.625,1.0,0.9473635789834091,0.625,1.0
66191,mason jars without lids,40,0.7368248585221939,0.3125,1.0,0.7141087768991377,0.3125,1.0,0.7682961332242723,0.3125,1.0
66197,masquerade mask for women,32,1.0,0.3225806451612903,1.0,0.9526603142741242,0.3225806451612903,1.0,1.0,0.3225806451612903,1.0
66227,massage uniform men,16,0.8054223750930554,0.7272727272727273,1.0,0.8455823819353225,0.7272727272727273,1.0,0.8455823819353225,0.7272727272727273,1.0
66277,mat burn skin,14,0.27541155237618664,0.0,0.09090909090909091,0.6885288809404666,1.0,0.3333333333333333,0.58688267143572,1.0,0.3333333333333333
66299,matching christmas pajamas,16,0.8968154174182282,0.625,1.0,0.9733318510892309,0.625,1.0,0.9744387709952586,0.625,1.0
66350,maternity overalls,16,0.8608216510628864,0.6,1.0,0.9328616298921297,0.6666666666666666,1.0,0.822618604379809,0.6666666666666666,1.0
66378,mathematical compass,16,0.9439492378436964,0.625,1.0,0.9316277775573523,0.625,1.0,0.9537125187088152,0.625,1.0
66391,matress no sound,16,0.8243280192013925,0.7,1.0,0.6909105976215184,0.5,1.0,0.7112551334524161,0.5,1.0
66398,matrix high amplify shampoo,40,0.7248074576760621,0.2903225806451613,1.0,0.8969504402810679,0.25806451612903225,1.0,0.8969504402810679,0.25806451612903225,1.0
66438,mattress christmas tree,16,0.9074250374176304,0.6428571428571429,1.0,0.9368077570869662,0.6428571428571429,1.0,0.9368077570869662,0.6428571428571429,1.0
66466,mattress topper memory foam full,16,0.5078961547485289,0.5,1.0,1.0,1.0,1.0,1.0,1.0,1.0
66488,mauve bridesmaid dresses,40,0.7529428979783667,0.25,1.0,0.9738672436737749,0.2777777777777778,1.0,0.9295165736285318,0.2777777777777778,1.0
66490,mauve lipstick matte long lasting,40,0.785692158865464,0.25,1.0,0.8642275068029677,0.25,1.0,0.9140415419785024,0.25,1.0
66500,mavic air,16,0.585023184974195,0.5,0.16666666666666666,0.6137676905703463,0.5,0.25,0.6137676905703463,0.5,0.25
66504,mavic mini lights,16,0.8411708139632413,0.7272727272727273,1.0,0.8043754776986982,0.7272727272727273,1.0,0.7890225561202866,0.6363636363636364,1.0
66529,maxi climber,14,0.919958146646116,1.0,1.0,0.9567104908190549,1.0,1.0,0.9567104908190549,1.0,1.0
66538,maxi nursing nightgown,40,0.8654994761511733,0.25,1.0,0.96331803895032,0.2777777777777778,1.0,0.9292578780090285,0.2777777777777778,1.0
66544,maxim,16,0.5910211462029717,0.5454545454545454,1.0,0.9991031692211777,0.9090909090909091,1.0,0.9991031692211777,0.9090909090909091,1.0
66599,mayo clinic guide to a healthy pregnancy,16,0.702999332798978,0.5384615384615384,1.0,0.8846586604145029,0.6153846153846154,1.0,0.9332440734276021,0.6923076923076923,1.0
66777,"medallion 5"" decorative recessed trim",16,0.9634117275431491,0.625,1.0,0.9392148330510314,0.625,1.0,0.9339091084314125,0.625,1.0
66857,medicom mask,13,0.7809470087087703,0.7777777777777778,1.0,0.6474316758782719,0.7777777777777778,0.5,0.6474316758782719,0.7777777777777778,0.5
66881,meditation is not what you think tshirt,40,0.7661467130329874,0.23529411764705882,1.0,0.8685296745807692,0.2647058823529412,1.0,0.8589241543392645,0.2647058823529412,1.0
66907,medium tall hi viz,16,0.8829703967178437,0.6,1.0,0.7783843637936494,0.6,0.5,0.7783843637936494,0.6,0.5
66934,mega man fully charged,40,0.4898567339198743,0.2608695652173913,0.5,0.9290059774489636,0.391304347826087,1.0,0.955830517697074,0.391304347826087,1.0
66943,megaba deodorant,16,0.8768465391098509,0.625,1.0,0.8939237601167624,0.625,1.0,0.8963320379312953,0.625,1.0
67016,mele and company warehpuse,16,0.5260721334578811,1.0,0.2,0.5413996682199069,0.5,1.0,0.5413996682199069,0.5,1.0
67057,melissa moore,16,0.718531027751576,0.8,1.0,0.7913446798877491,0.8,1.0,0.7913446798877491,0.8,1.0
67060,melody jane dolls,40,0.5082547273551143,0.23809523809523808,0.3333333333333333,0.6671606512328546,0.2857142857142857,0.5,0.5960101309206757,0.2857142857142857,0.3333333333333333
67061,melody susie nail drill bits,40,0.8107596140490639,0.29411764705882354,1.0,0.7403978043382708,0.29411764705882354,1.0,0.7403978043382708,0.29411764705882354,1.0
67069,melting white chocolate,40,0.8275455457532876,0.24324324324324326,1.0,1.0,0.2702702702702703,1.0,0.9142944706495852,0.24324324324324326,1.0
67099,memory foam house shoes for men,16,0.8355211371292626,0.6428571428571429,1.0,0.8423744614661816,0.5714285714285714,1.0,0.8423744614661816,0.5714285714285714,1.0
67269,men winter joggers on sale,16,0.5400753810454858,1.0,0.25,0.35014830198348024,0.6666666666666666,0.25,0.35853358850813316,0.6666666666666666,0.25
67420,mens anal toy,15,0.6461194268314837,0.6,1.0,0.6461194268314837,0.6,1.0,0.6901935063354874,0.6,1.0
67421,mens ankle compression socks,16,0.8921866118657682,0.625,1.0,0.9003811844555958,0.625,1.0,0.889502624589094,0.625,1.0
67447,mens belt without buckle leather,48,0.7917063341896683,0.18181818181818182,1.0,0.9504120313864757,0.22727272727272727,1.0,0.9755453593002134,0.22727272727272727,1.0
67492,mens burgundy bow tie,16,0.9187144826047048,0.625,1.0,0.9909461210158376,0.625,1.0,0.9854983569787691,0.625,1.0
67514,mens cathater,16,0.5443950455260534,0.3333333333333333,0.25,0.832358544402516,1.0,0.5,0.832358544402516,1.0,0.5
67640,mens gym shorts,16,0.8373190591501651,0.6428571428571429,1.0,0.8502774382466488,0.7142857142857143,1.0,0.8502774382466488,0.7142857142857143,1.0
67748,mens motorcycle shirts,16,0.8403670962591046,0.6,1.0,0.8146198307757037,0.6,1.0,0.8146198307757037,0.6,1.0
67775,mens omega watch,16,0.934259746430088,0.625,1.0,0.953753702240502,0.625,1.0,0.9064503278931175,0.625,1.0
67837,mens rockstar belts,16,0.6803013163572537,0.5714285714285714,1.0,0.8779758649402664,0.6428571428571429,1.0,0.8779758649402664,0.6428571428571429,1.0
67838,mens rugged traditional fit,16,0.8484359194787113,0.625,1.0,0.8967531918526644,0.625,1.0,0.8996327780722861,0.625,1.0
67858,mens shirts short sleeve button down,16,0.8827004814931647,0.625,1.0,0.9435940822615896,0.625,1.0,0.9705660821622358,0.625,1.0
67869,mens shorts without pockets,40,0.7781749088450192,0.24324324324324326,1.0,0.9286387618767193,0.2702702702702703,1.0,0.9180895571532646,0.2702702702702703,1.0
67893,mens slippers size 12,16,0.9275797623825901,0.625,1.0,0.96331803895032,0.625,1.0,0.96331803895032,0.625,1.0
67905,mens soccer indoor cleats 15,16,0.5481540639795447,0.45454545454545453,1.0,0.6320787427864671,0.6363636363636364,0.5,0.6320787427864671,0.6363636363636364,0.5
68033,mens wedding band mint,16,0.6739219795625975,0.5833333333333334,1.0,0.696045054678387,0.6666666666666666,1.0,0.7094536206519296,0.6666666666666666,1.0
68046,mens wide width walking shoes,16,0.8669957061513767,0.6923076923076923,1.0,0.875083662242695,0.6923076923076923,1.0,0.8269297078748267,0.6923076923076923,1.0
68068,mens yellow under armour shoes,40,0.8222141072485555,0.2564102564102564,1.0,0.7380279047899472,0.2564102564102564,1.0,0.7380279047899472,0.2564102564102564,1.0
68094,men’s velour navy blue suit,16,0.7494509396901462,0.8333333333333334,1.0,0.4277543669170825,0.6666666666666666,0.3333333333333333,0.30402375590546227,0.5,0.16666666666666666
68102,mercedes 190e exhaust,16,0.6329029425527115,0.8,0.3333333333333333,0.5635325065472064,0.4,0.5,0.5635325065472064,0.4,0.5
68108,mercedes w204 led parking lights,16,0.39747401705336877,0.6,0.5,0.633757247405778,0.6,1.0,0.7405240932921112,0.8,1.0
68159,mermaid rainboots for toddlers girls,16,0.7587013043022692,0.6428571428571429,0.5,0.9079981725871746,0.6428571428571429,1.0,0.9534606181487504,0.7142857142857143,1.0
68163,mermaid sinking pool toys for kids,16,0.8154722695448358,0.6,1.0,0.9321376950951338,0.6666666666666666,1.0,1.0,0.6666666666666666,1.0
68183,merrell hut moc women,16,0.8249936930992225,0.7272727272727273,1.0,0.7232185718769968,0.6363636363636364,1.0,0.6858299725274015,0.6363636363636364,1.0
68197,merrill women sandals size 9,16,0.8872771075121092,0.625,1.0,0.9231753967464277,0.625,1.0,0.9137300703367957,0.625,1.0
68321,mestar iron pro 2 in 1,26,0.7867414856916859,0.38461538461538464,1.0,0.8633947231972292,0.38461538461538464,1.0,0.840831485047293,0.38461538461538464,1.0
68363,metal cockrings men,12,0.5889700641363392,0.7142857142857143,0.5,0.7952903086540475,0.7142857142857143,1.0,0.7952903086540475,0.7142857142857143,1.0
68399,metal gear solid ps3,16,0.5219125387920284,0.8333333333333334,0.25,0.779622839076966,0.8333333333333334,1.0,0.8192424985064939,0.8333333333333334,1.0
68413,metal picture frames for living room,16,0.6448774492623485,0.6363636363636364,1.0,0.5225546821005839,0.5454545454545454,0.5,0.798762895232889,0.6363636363636364,1.0
68445,metal tech rolling scaffold,40,0.8991987231687164,0.2727272727272727,1.0,0.9072672767940164,0.30303030303030304,1.0,0.9085781768482107,0.30303030303030304,1.0
68458,metal wallet,16,0.7978667739063717,0.625,1.0,0.9030710611044827,0.625,1.0,0.9243026998007556,0.625,1.0
68465,metallic dinnerware set,16,0.828303924755942,0.5714285714285714,1.0,0.8944603682005674,0.6428571428571429,1.0,0.8950428889379285,0.6428571428571429,1.0
68473,metallic red costume,16,0.6023277671368327,0.6,1.0,0.7314470771099789,0.7,1.0,0.56264752084969,0.7,0.3333333333333333
68496,meth bumper sticker,16,0.30366357681032646,0.6,0.25,0.6737424215936396,1.0,0.5,0.4743959822061493,0.6,0.5
68615,miami dolphins mens shirt 4xl,16,0.5790187785778834,0.5714285714285714,0.5,0.8768878116672053,0.5714285714285714,1.0,0.7890455109552239,0.5714285714285714,1.0
68643,michael jordan sneakers for boys,16,0.6802645048110751,0.6153846153846154,1.0,0.5615098380426693,0.5384615384615384,0.5,0.47701280899343457,0.5384615384615384,0.5
68667,michael kors wallet res,16,0.9000316561008352,0.625,1.0,0.8275129166957949,0.625,1.0,0.8203714359390646,0.625,1.0
68696,michigan state spartan patch,16,0.5358181415245454,0.5555555555555556,1.0,0.8550956239938448,0.7777777777777778,1.0,0.8508957228074242,0.7777777777777778,1.0
68708,mickey infant pajamas,16,0.9167786570990704,0.625,1.0,0.9033408782799295,0.625,1.0,0.8612384911223349,0.625,1.0
68718,mickey mouse clothes for women,16,0.8434210366482061,0.6,1.0,0.941233297798857,0.6666666666666666,1.0,0.96331803895032,0.6666666666666666,1.0
68726,mickey mouse one year old toys,16,0.712612616838137,0.5714285714285714,1.0,0.8875698179171388,0.7142857142857143,1.0,0.851057221290551,0.7142857142857143,1.0
68775,micro sd card 3 pack 32,16,0.8444556777346832,0.625,1.0,0.9525250935037348,0.625,1.0,0.9597696063936791,0.625,1.0
68800,microblading glasses,16,0.9292578780090285,0.625,1.0,0.9401742983047275,0.625,1.0,0.9439492378436964,0.625,1.0
68829,microgreen growing trays,41,0.8829703967178437,0.23076923076923078,1.0,1.0,0.2564102564102564,1.0,1.0,0.2564102564102564,1.0
68853,microphone arm for sm7b,16,0.8978255681118679,0.6923076923076923,1.0,0.8315703364977186,0.6923076923076923,0.5,0.8017273252942377,0.6923076923076923,0.5
68917,microtouch solo razor as seen on tv,16,0.7218650639357962,0.5,1.0,0.7777079793235889,0.5,1.0,0.7463461443051653,0.5,1.0
68934,microwave with convection oven grill and air fryer,16,0.8417975659868603,0.625,1.0,0.9343923220511718,0.625,1.0,0.9492493328503673,0.625,1.0
68936,microwave without turntable,16,0.8000374782036163,0.6,1.0,0.85421584028323,0.6666666666666666,1.0,0.8572048559638628,0.6666666666666666,1.0
68997,midsize suitcases with wheels,16,0.947419725043356,0.625,1.0,0.9431772909673255,0.625,1.0,0.9464620324915696,0.625,1.0
69037,mikasa bone china,16,0.8675021601272528,0.625,1.0,0.9311946892549704,0.625,1.0,0.903872649535226,0.625,1.0
69044,mike myers dvd,12,0.7162874455029681,0.8,0.5,0.9305687780632227,0.9,1.0,0.9305687780632227,0.9,1.0
69050,mikes beef jerkey,16,0.7389868741275649,0.5384615384615384,1.0,0.91930137575504,0.7692307692307693,1.0,0.8467003410484992,0.6923076923076923,1.0
69066,milbank 200-amp 1 gang ringless overhead only meter socket,40,0.2427068276850974,0.15384615384615385,0.2,0.5386679401785724,0.46153846153846156,1.0,0.5123188519147166,0.38461538461538464,1.0
69081,military bed,16,0.9001030358082058,0.6666666666666666,1.0,0.9669003659660043,0.6,1.0,0.9663729261134105,0.6,1.0
69114,milk kefir starter kit,16,0.8885815075663248,0.625,1.0,0.8436651120337486,0.625,1.0,0.8549650315572361,0.625,1.0
69125,milkdust lactation protein powder,40,0.8147631400637183,0.37037037037037035,1.0,0.9321806164089965,0.37037037037037035,1.0,0.9576381979632106,0.37037037037037035,1.0
69135,millenials in the workplace,16,0.9008636626471187,0.625,1.0,1.0,0.625,1.0,1.0,0.625,1.0
69191,milwaukee m18 drill,16,0.862975166153703,0.625,1.0,0.9174581909563019,0.625,1.0,0.9583684707879433,0.625,1.0
69209,mimbre chair,39,0.8821339488802789,0.30303030303030304,1.0,0.9227423084440458,0.30303030303030304,1.0,0.9168790986840171,0.30303030303030304,1.0
69287,mini album dies,16,0.9400228393296095,0.625,1.0,0.9543384299005628,0.625,1.0,0.9537125187088152,0.625,1.0
69373,mini dab rig,8,0.6787346605816587,1.0,0.25,0.827261550976317,1.0,1.0,0.827261550976317,1.0,1.0
69408,mini fridge without freezer,16,0.9070197871276495,0.625,1.0,0.9772274824155974,0.625,1.0,0.9772274824155974,0.625,1.0
69463,mini mouth wash,16,0.7569021067152308,0.5833333333333334,1.0,0.5309999066793253,0.5833333333333334,0.25,0.5309999066793253,0.5833333333333334,0.25
69561,mini vending machine for room,40,0.4518459360204553,0.23809523809523808,0.5,0.8579809428223729,0.38095238095238093,1.0,0.8263333286520081,0.38095238095238093,1.0
69570,miniature bag,16,0.6855301800517121,0.5384615384615384,1.0,0.8459110562745902,0.6153846153846154,1.0,0.8407923729264456,0.6153846153846154,1.0
69643,minnie iphone x case,16,0.7867414856916859,0.7272727272727273,1.0,0.8527177761647678,0.8181818181818182,1.0,0.7758069952285231,0.7272727272727273,1.0
69650,minnie mouse ears glitter,16,0.9494126029739882,0.625,1.0,0.9034923372550475,0.625,1.0,0.9495342196346633,0.625,1.0
69654,minnie mouse onesie baby girl,16,0.7775185629678633,0.6428571428571429,0.5,0.9522782422336422,0.6428571428571429,1.0,0.9363602267114424,0.6428571428571429,1.0
69704,miraculous ladybug backpack,16,0.8940718159195983,0.6666666666666666,1.0,0.886143074776918,0.6666666666666666,1.0,0.8809470433113054,0.6666666666666666,1.0
69743,mirror tv,16,0.8818021939593078,0.6,1.0,0.9943899986877236,0.6666666666666666,1.0,0.9003406630723509,0.6666666666666666,1.0
69744,mirror window decor half moon shape,16,0.5534089895040297,0.5,1.0,0.7470572972323428,0.875,0.5,0.7470572972323428,0.875,0.5
69798,mista jacket,14,0.9275797623825901,0.7142857142857143,1.0,1.0,0.7142857142857143,1.0,0.8654994761511733,0.7142857142857143,1.0
69867,miyabi sharpening stone,16,0.810848120819602,0.6666666666666666,1.0,0.9134136241232085,0.6,1.0,0.906837927340068,0.6,1.0
69905,mlb 19 ps4,16,0.6139047681004024,0.5384615384615384,1.0,0.952687277524584,0.6923076923076923,1.0,0.9246948315388983,0.6923076923076923,1.0
69910,mma magnet,16,0.7799471644079085,0.625,1.0,0.9074318324770688,0.625,1.0,0.8829771917772822,0.625,1.0
69927,moana rooster,16,0.8217580573967543,0.6923076923076923,1.0,0.8614492842217765,0.6923076923076923,1.0,0.8341678042138961,0.6923076923076923,1.0
69954,mobile water purifier,16,0.6278574119990454,0.7,0.5,0.7047747650382843,0.6,1.0,0.6978837797365508,0.6,1.0
70081,model magic clay soft,16,0.7578234925504568,0.6428571428571429,0.5,0.8643145546088337,0.5714285714285714,1.0,0.8643145546088337,0.5714285714285714,1.0
70084,model railroad train people,16,0.0,0.0,0.07692307692307693,0.0,0.0,0.0625,0.0,0.0,0.0625
70100,moderate compression socks women,16,0.9411338959973068,0.625,1.0,0.9877841797012169,0.625,1.0,0.9877841797012169,0.625,1.0
70118,modern floor shelving,16,0.914856882358379,0.6428571428571429,1.0,0.7104770117651426,0.5714285714285714,0.5,0.7065443116025598,0.5714285714285714,0.5
70126,modern housewife,16,0.3615901614084106,0.2857142857142857,1.0,0.7568246800972068,0.7142857142857143,1.0,0.7568246800972068,0.7142857142857143,1.0
70131,modern love,16,0.7331025648708318,0.6666666666666666,1.0,0.6129522863694371,0.5555555555555556,1.0,0.6129522863694371,0.5555555555555556,1.0
70155,modest bikini,15,0.8930233621137135,0.6666666666666666,1.0,0.875092585537026,0.6666666666666666,1.0,0.8441490481847796,0.6666666666666666,1.0
70157,modily clothing,40,0.17813419712701378,0.2,0.25,0.0,0.0,0.05263157894736842,0.0,0.0,0.05263157894736842
70230,moldes para resina epoxi,32,0.5957616317188125,0.23809523809523808,1.0,0.5111668916475213,0.19047619047619047,0.5,0.5111668916475213,0.19047619047619047,0.5
70261,molle backpack rain,16,0.7336207524107351,0.6428571428571429,0.5,0.92663607790064,0.7142857142857143,1.0,0.9537125187088152,0.7142857142857143,1.0
70273,molybell one piece swimsuits for women high waisted,17,0.8546890413536471,0.625,1.0,0.8782258171511531,0.625,1.0,0.873669060737231,0.625,1.0
70285,mom jeans high waisted,25,0.9084840369117598,0.4,1.0,0.9325055893091646,0.4,1.0,0.9325055893091646,0.4,1.0
70343,money drawing incense,16,0.9165993281944014,0.625,1.0,0.9878431560618389,0.625,1.0,0.9936070796552218,0.625,1.0
70361,monistat 3 day treatment,16,0.5737536310040228,0.5,1.0,0.8681129476867291,0.8333333333333334,1.0,0.9522769292604516,1.0,1.0
70417,monkey face the book,16,0.8713156317209401,0.6,1.0,0.8792291484456679,0.6666666666666666,1.0,0.806395397380367,0.6666666666666666,1.0
70506,monster tail rainbow loom,39,0.7078098975179283,0.2702702702702703,1.0,0.8117593066109329,0.2702702702702703,1.0,0.7850603473404136,0.2702702702702703,1.0
70580,moon nebula light,16,0.8323612592488089,0.625,1.0,0.9813475741257186,0.625,1.0,0.9847422464622778,0.625,1.0
70605,moose wrapping paper,16,0.8678693756994968,0.625,1.0,0.9768562593544076,0.625,1.0,0.9543384299005628,0.625,1.0
70609,mop,43,0.92663607790064,0.23255813953488372,1.0,0.96331803895032,0.23255813953488372,1.0,0.977915258848537,0.23255813953488372,1.0
70649,more and more twice,16,1.0,0.6666666666666666,1.0,0.9305687780632227,0.6,1.0,0.914856882358379,0.6,1.0
70680,moroccan oil curl defining cream,16,0.8339525953655296,0.6153846153846154,1.0,0.8686386674985687,0.6153846153846154,1.0,0.8114244559468001,0.5384615384615384,1.0
70690,morphie portable charger,16,0.8612384911223349,0.625,1.0,0.7592348341895978,0.625,1.0,0.7575567185631594,0.625,1.0
70867,moto g7 case -supra -lg,16,0.6262414737195933,0.8571428571428571,0.3333333333333333,0.8971754588393883,0.8571428571428571,1.0,0.9083745556952364,0.8571428571428571,1.0
70939,motorcycle jack parts,16,0.4521530611661046,0.8,0.2,0.7974049492783574,0.8,1.0,0.6843515475204854,0.6,1.0
70978,motorola edge s teléfono,15,0.8546155542307573,0.6666666666666666,1.0,0.9492493328503673,0.6666666666666666,1.0,0.9492493328503673,0.6666666666666666,1.0
70979,motorola g7 power case,16,0.9530524936644946,0.6666666666666666,1.0,0.8222833035044519,0.6666666666666666,1.0,0.8979223373242559,0.6666666666666666,1.0
71034,mountain landscape stickers,16,0.8803485966094552,0.625,1.0,0.8558939559096684,0.625,1.0,0.8591416672098046,0.625,1.0
71041,mountains and rivers without end,16,0.624749114616366,0.8333333333333334,0.5,0.7696938492989045,0.8333333333333334,0.5,0.8199522069278186,0.8333333333333334,1.0
71043,mounted wall shelf with drawers,16,0.8303046371144953,0.625,1.0,0.9206599039998726,0.625,1.0,0.915139029148015,0.625,1.0
71069,mouse pad red lightning,16,0.7338110984824685,0.5714285714285714,1.0,0.9241221148926659,0.6428571428571429,1.0,0.891922879295034,0.6428571428571429,1.0
71115,movie frozen 2 dvd,16,0.7485959648999133,0.5384615384615384,1.0,0.990053913939746,0.7692307692307693,1.0,0.8999976696658937,0.7692307692307693,1.0
71271,mrs wilson,16,0.7068259527099915,0.8,1.0,0.4743959822061493,0.6,0.5,0.4743959822061493,0.6,0.5
71291,msi alpha 15,16,0.8789335177254264,0.625,1.0,0.9255838014293366,0.625,1.0,0.9214535246064987,0.625,1.0
71326,msi vr one,16,0.4697625438398665,0.5,1.0,0.6447747146076975,0.875,0.5,0.609567244293529,0.875,0.3333333333333333
71331,msr combo kit sig sauer,40,0.21092157247803678,0.2,0.2,0.5855968052713929,0.26666666666666666,1.0,0.589541704816151,0.3333333333333333,1.0
71334,msr stoves backpacking,16,0.9112986599095142,0.6923076923076923,1.0,0.7606971932189103,0.6153846153846154,0.3333333333333333,0.6975049503058763,0.5384615384615384,0.3333333333333333
71337,msr x6 bluetooth,14,0.7397712196136947,0.6666666666666666,1.0,0.8395858852022486,0.75,1.0,0.864597563144926,0.75,1.0
71346,mta train toy,16,0.9524016186546209,0.625,1.0,0.901968467346777,0.625,1.0,0.9240532084982401,0.625,1.0
71369,mtg playmat,16,0.9105149880941525,0.625,1.0,0.9526603142741242,0.625,1.0,0.933564588803294,0.625,1.0
71463,mugwort herb,16,0.8119902712231689,0.625,1.0,0.8822863458600966,0.625,1.0,0.832574734385708,0.625,1.0
71479,mulberry silk bra,16,0.8435036519622962,0.6666666666666666,1.0,0.8788381247696451,0.6666666666666666,1.0,0.877498822220854,0.6666666666666666,1.0
71520,multi tv unit,16,0.5552109614229608,0.6666666666666666,1.0,0.5354145845057273,1.0,0.25,0.5354145845057273,1.0,0.25
71526,multi zone receiver,16,0.7251683715998105,0.6,0.5,0.8335389258654619,0.6,1.0,0.8335389258654619,0.6,1.0
71644,muscle milk strawberry banana,16,0.7943258212320069,0.625,1.0,0.9738050896605512,0.625,1.0,0.9694690049125735,0.625,1.0
71697,music stand for keyboard,16,0.4984237909045878,0.2857142857142857,1.0,0.6183566347369007,0.5714285714285714,1.0,0.6208479168634946,0.7142857142857143,0.25
71712,musical rent,16,0.8691206670242404,0.625,1.0,0.8062509469296142,0.625,1.0,0.8062509469296142,0.625,1.0
71723,must read classic,16,0.6437646175176692,0.6666666666666666,1.0,0.9504206262110481,1.0,1.0,0.8328978515038054,1.0,0.5
71791,mwp52ll/a,15,0.8218303965155426,0.6666666666666666,1.0,0.7102966820583198,0.5833333333333334,1.0,0.7102966820583198,0.5833333333333334,1.0
71797,mx412 windscreen,8,0.7492151362021686,1.0,0.5,0.9840054527867665,1.0,1.0,0.9840054527867665,1.0,1.0
71816,my dog makes me happy car magnets and decals,16,0.96331803895032,0.625,1.0,0.92663607790064,0.625,1.0,0.92663607790064,0.625,1.0
71829,my hero academia cosplay midoriya female,16,0.9021877388493492,0.625,1.0,0.948475220140534,0.625,1.0,0.9311946892549704,0.625,1.0
71841,my life doll accessories,19,0.8397585434315616,0.5555555555555556,1.0,0.9309396307820335,0.5555555555555556,1.0,0.9108579352048268,0.5555555555555556,1.0
71856,my little secret l.a. casey,15,0.8215470304831368,0.6923076923076923,1.0,0.7813646632456421,0.6153846153846154,1.0,0.7813646632456421,0.6153846153846154,1.0
71870,my partner in wine glass,16,0.6821085758482606,0.6363636363636364,1.0,0.6824365378991384,0.6363636363636364,1.0,0.6964894245341995,0.6363636363636364,1.0
71890,my+little+pony+queen+chrysalis,16,0.7908050113023871,0.625,1.0,0.9974537474936096,0.625,1.0,0.9974537474936096,0.625,1.0
71947,máscara led facial,15,0.6975647025528026,0.6428571428571429,0.5,0.9684038785434832,0.7142857142857143,1.0,0.9684038785434832,0.7142857142857143,1.0
72001,nadal apparel,40,0.8987207560466409,0.38461538461538464,1.0,0.8971470903215379,0.34615384615384615,1.0,0.895039956444123,0.34615384615384615,1.0
72009,nah not today,38,0.23979239377949166,0.19047619047619047,0.2,0.8361351551564296,0.42857142857142855,1.0,0.71851542208924,0.38095238095238093,1.0
72065,nail polish trolley,16,0.818554580081714,0.6,1.0,0.7789089853800991,0.6,0.5,0.7848036686801064,0.6,0.5
72068,nail polishssie,16,0.8794400992090481,0.6666666666666666,1.0,0.8058277185264797,0.6,1.0,0.7741444015270315,0.6,0.5
72158,nanit plus,16,0.8803485966094551,0.6153846153846154,1.0,0.8527809579781418,0.5384615384615384,1.0,0.9477344873475498,0.6923076923076923,1.0
72231,naruto headband,14,1.0,1.0,1.0,0.6309297535714574,1.0,0.5,0.6309297535714574,1.0,0.5
72244,narwhal cake,16,0.667991237024289,1.0,1.0,0.5482086637727731,0.4,1.0,0.588045785765363,0.4,1.0
72271,nascar 22 joey logano car,16,0.9495342196346633,0.625,1.0,0.9537125187088152,0.625,1.0,0.9537125187088152,0.625,1.0
72273,nascar parts,16,0.14731190894911209,0.25,0.16666666666666666,0.6658927847728726,1.0,0.5,0.8217940195182548,1.0,1.0
72290,national geographic sierra map,16,0.8039823837863513,0.6,1.0,0.9581690853890861,0.6666666666666666,1.0,0.9554312701281973,0.6666666666666666,1.0
72329,natural balance bones,16,0.8880156958269811,0.625,1.0,0.9212500284989031,0.625,1.0,0.9120131844100002,0.625,1.0
72377,natural spray sunscreen,40,0.9537125187088152,0.2564102564102564,1.0,0.9537125187088152,0.2564102564102564,1.0,0.9537125187088152,0.2564102564102564,1.0
72390,naturalcotton twin sheets,16,0.9543384299005628,0.625,1.0,0.9787930706003494,0.625,1.0,0.9349369997364463,0.625,1.0
72441,nautica polo shirts for men,43,1.0,0.23255813953488372,1.0,1.0,0.23255813953488372,1.0,0.9787930706003494,0.23255813953488372,1.0
72443,nautica shirts for boys,16,0.9507235030281824,0.625,1.0,0.9054291485009893,0.625,1.0,0.9253314794949417,0.625,1.0
72473,navigation program,16,0.620026115087695,0.6,1.0,0.6162667312204994,0.8,0.5,0.5419314635149453,0.8,0.25
72481,navy and beige rugs,16,0.8810676612614085,0.625,1.0,0.9411338959973068,0.625,1.0,0.8944836122933966,0.625,1.0
72484,navy baby costume,14,0.5838488504632513,0.8571428571428571,0.5,0.8495471166950859,1.0,1.0,0.8495471166950859,1.0,1.0
72489,navy blue and gold pom poms,16,0.7411735573820415,0.6,0.5,0.841771690458009,0.6666666666666666,1.0,0.8523721016771209,0.6666666666666666,1.0
72504,navy blue kid flip flops,16,0.4368985509435025,0.5555555555555556,0.5,0.7438202828048176,0.6666666666666666,1.0,0.6912384574643765,0.6666666666666666,1.0
72618,neato d4,16,0.687338985627435,0.5833333333333334,0.5,0.673013862058082,0.5,0.2,0.6743606446572055,0.5,0.2
72653,neck gaiter with earloop,16,0.9716189607861263,0.625,1.0,0.9684038785434832,0.625,1.0,0.9684038785434832,0.625,1.0
72755,nelson rigg rg-020,16,0.8748032409025883,0.625,1.0,0.9692201653995299,0.625,1.0,0.9692201653995299,0.625,1.0
72759,nemeziz 19.3 firm ground cleats,16,0.8643112797395832,0.625,1.0,0.9616581564928877,0.625,1.0,0.9616581564928877,0.625,1.0
72785,neon dry erase markers for black dry erase board,40,0.7646981993198896,0.2631578947368421,1.0,1.0,0.2631578947368421,1.0,1.0,0.2631578947368421,1.0
72864,nerf gun,17,0.8790439982037568,0.5625,1.0,1.0,0.625,1.0,1.0,0.625,1.0
72887,nerf nstrike elite accustrike raptorstrike,16,0.9035650050446238,0.7272727272727273,1.0,0.7914634807320164,0.5454545454545454,1.0,0.7328863212662468,0.5454545454545454,1.0
72970,netdot gen10 micro usb connectors without cords,16,0.7595821627630206,0.6428571428571429,1.0,0.7988325649169835,0.5714285714285714,1.0,0.8027598365795222,0.5714285714285714,1.0
72989,netscout wifi detector,16,0.5540663910176149,1.0,0.3333333333333333,0.5540663910176149,1.0,0.3333333333333333,0.9060254355346823,1.0,1.0
72991,nettie pot sinus,16,0.9033002547843353,0.625,1.0,0.9669741336163364,0.625,1.0,0.9733318510892309,0.625,1.0
73054,nevermore james patterson,16,0.7407780327805289,0.6153846153846154,1.0,0.9184501644002392,0.6923076923076923,1.0,0.9040928021986027,0.6923076923076923,1.0
73056,nevo hybrid smart watch,16,0.9435593591982605,0.625,1.0,0.9295204907858209,0.625,1.0,0.9307066738505995,0.625,1.0
73071,new balance 500 mens shoes,16,0.8759195979917094,0.625,1.0,1.0,0.625,1.0,1.0,0.625,1.0
73102,new balance running shorts,16,0.7326436902630119,0.6153846153846154,1.0,0.5829393865084946,0.5384615384615384,1.0,0.5324736061431579,0.5384615384615384,1.0
73133,new era snapback,16,0.9452601378978908,0.625,1.0,0.9388633982505333,0.625,1.0,0.9471969491438326,0.625,1.0
73158,new movies,16,0.9187747873539327,0.625,1.0,0.8381657123202053,0.625,1.0,0.8381657123202053,0.625,1.0
73187,new york and company gift card,16,0.8088129786393521,0.6428571428571429,1.0,0.9008636626471187,0.7142857142857143,1.0,0.9008636626471187,0.7142857142857143,1.0
73194,new york giants tapestry,16,0.8339096563431522,0.6428571428571429,1.0,0.8899541168509599,0.7142857142857143,1.0,0.8899541168509599,0.7142857142857143,1.0
73225,newborn girl sweaters,16,0.8729113945715061,0.7272727272727273,1.0,0.7586741390432965,0.6363636363636364,1.0,0.746218701306651,0.6363636363636364,1.0
73279,neymar youth jersey,16,0.868946723160725,0.6,1.0,0.9877841797012169,0.6666666666666666,1.0,0.9877841797012169,0.6666666666666666,1.0
73329,ni-mh battery aaa,40,0.977915258848537,0.25,1.0,1.0,0.25,1.0,1.0,0.25,1.0
73334,niacinimide ordinary,40,0.7136328351718023,0.2727272727272727,1.0,0.8101796097880278,0.2727272727272727,1.0,0.8666589172302495,0.30303030303030304,1.0
73474,nike air jordans 1 black & white womens size 9,16,0.9008636626471187,0.625,1.0,0.9361767385157805,0.625,1.0,0.9339091084314125,0.625,1.0
73528,nike crewneck sweatshirt,16,0.7993263052697738,0.6428571428571429,1.0,0.8202021857954745,0.6428571428571429,1.0,0.8466253400547763,0.6428571428571429,1.0
73529,nike crop,15,0.5465315925673119,0.7142857142857143,0.5,0.4841113246708042,0.8571428571428571,0.2,0.4014129127562159,0.5714285714285714,0.2
73566,nike high tops womens,40,0.9223424638143088,0.2631578947368421,1.0,0.8873386183910673,0.2631578947368421,1.0,0.8864934356967477,0.2631578947368421,1.0
73623,nike rain jacket,16,0.8189881443576472,0.625,1.0,0.9654936622793014,0.625,1.0,0.9643287872316368,0.625,1.0
73647,nike shoes boys,15,0.9507235030281824,0.6666666666666666,1.0,0.9008768387951549,0.6666666666666666,1.0,0.8976617565525116,0.6666666666666666,1.0
73651,nike shoes for kids boys,16,0.9000316561008352,0.6666666666666666,1.0,0.9349369997364463,0.6666666666666666,1.0,0.9371852826240948,0.6666666666666666,1.0
73677,nike superfly 6 academy mg mens soccer cleats,16,0.9703347004094522,0.6666666666666666,1.0,0.9198011075581686,0.6666666666666666,1.0,0.9090449462630336,0.6666666666666666,1.0
73710,nike womens shoe 9.5,16,0.6257485801333494,0.6666666666666666,1.0,0.6927184630083372,0.6666666666666666,1.0,0.5603952154706291,0.6666666666666666,0.5
73794,ninja duo blender,16,0.920805497198104,0.625,1.0,0.8924244579842303,0.625,1.0,0.8989468226086516,0.625,1.0
73833,nintendo 3ds,30,0.9179380981781464,0.4,1.0,0.8506629589898831,0.32,1.0,0.8585157560180571,0.32,1.0
73852,nintendo lanyard,16,0.9392148330510314,0.625,1.0,0.9504318313235595,0.625,1.0,0.9634117275431491,0.625,1.0
74043,no calorie snacks,40,0.5528739300196867,0.20689655172413793,1.0,0.8937353580384246,0.3448275862068966,1.0,0.8353318013581204,0.3103448275862069,1.0
74058,no face mask,16,0.7640835696697525,0.6666666666666666,1.0,0.7210615680200271,0.6666666666666666,1.0,0.6728085659299595,0.5833333333333334,1.0
74078,no lye kid relaxer,16,0.863598440709324,0.625,1.0,0.9201048561927256,0.625,1.0,0.9201048561927256,0.625,1.0
74107,no sodium soup,16,0.9277179449653186,0.625,1.0,0.9411338959973068,0.625,1.0,0.9411338959973068,0.625,1.0
74183,nokia 8 sirocco,16,0.9084547148735235,0.7,1.0,0.7715238236038134,0.5,1.0,0.7715238236038134,0.5,1.0
74202,non firework - rockets,16,0.8094399100870916,0.6153846153846154,1.0,0.8478333285894862,0.7692307692307693,1.0,0.8478333285894862,0.7692307692307693,1.0
74237,non toxic terrarium plants,16,0.3745198494336457,0.4,0.3333333333333333,0.8473762297028852,0.7,1.0,0.8473762297028852,0.7,1.0
74248,nonstick 11 inch frying pans,16,1.0,0.625,1.0,0.9439492378436964,0.625,1.0,0.9439492378436964,0.625,1.0
74249,nonstick 12 inch frying pans,15,1.0,0.6666666666666666,1.0,0.9877841797012169,0.6666666666666666,1.0,0.9877841797012169,0.6666666666666666,1.0
74379,northface winter coat,16,0.8451418737511797,0.625,1.0,0.8449835611594985,0.625,1.0,0.8349433849157752,0.625,1.0
74411,nose pore cleaner,15,0.85421584028323,0.6666666666666666,1.0,0.9421111095506693,0.6666666666666666,1.0,0.9388633982505333,0.6666666666666666,1.0
74418,nose rings for business,16,0.7190457458379254,0.7142857142857143,1.0,0.761396361422939,0.7142857142857143,1.0,0.918406301906949,1.0,1.0
74439,not my first rodeo shirt women,16,0.9104208481577016,0.6666666666666666,1.0,0.9738672436737749,0.6666666666666666,1.0,0.9787930706003494,0.6666666666666666,1.0
74445,not until forever,18,0.27012161601995593,0.3333333333333333,0.5,0.723292327782808,0.6666666666666666,1.0,0.7107684408864501,0.6666666666666666,1.0
74539,nova 5t,16,0.6909385815939598,0.6,1.0,0.5921089493292235,0.2,0.2,0.5921089493292235,0.2,0.2
74562,novelty socks,16,0.8315477600526228,0.625,1.0,0.9423263113709865,0.625,1.0,0.9434082555795616,0.625,1.0
74567,novia vapes,16,0.7400690722083367,1.0,0.125,0.7034547851980112,1.0,0.3333333333333333,0.7034547851980112,1.0,0.3333333333333333
74600,nrp 8th edition textbook,16,0.7490813351712825,0.6666666666666666,1.0,0.753097772444458,0.6666666666666666,1.0,0.7475034660530554,0.6666666666666666,1.0
74616,nuby sippy cup replacement spout,16,0.9202981605027932,0.625,1.0,0.9861521673903242,0.625,1.0,0.9752736075238225,0.625,1.0
74646,nug jar cape,16,0.8807261549046874,0.6428571428571429,1.0,0.8944836122933966,0.7142857142857143,1.0,0.8944836122933966,0.7142857142857143,1.0
74817,nutrient 950 without iron,40,0.7898841524574216,0.2571428571428571,1.0,0.8767643007326517,0.2571428571428571,1.0,0.8762493481929289,0.2571428571428571,1.0
74825,nutrisystem protein shakes,16,0.8513640343255936,0.625,1.0,0.9208468873772329,0.625,1.0,0.9232840555490011,0.625,1.0
74828,"nutrition an applied approach, 5th edition",13,0.936751486073326,0.8333333333333334,1.0,0.9244934712859388,0.75,1.0,0.8664868992010151,0.75,0.5
74829,nutrition bars prime pantry,16,0.8755499405844086,0.625,1.0,0.8593011163052139,0.625,1.0,0.8593011163052139,0.625,1.0
74875,ny sweatshirt women,16,0.8317462611229166,0.625,1.0,0.8677045706583835,0.625,1.0,0.863120063592449,0.625,1.0
74946,oak hill pants big and tall,19,0.9768562593544076,0.5263157894736842,1.0,0.9567083294488864,0.5263157894736842,1.0,0.9537125187088152,0.5263157894736842,1.0
74948,oak wood dresser,16,0.8113753698117889,0.6,1.0,0.913095124835618,0.6666666666666666,1.0,0.929629707583479,0.6666666666666666,1.0
75027,oboe,16,0.8059900965277261,0.75,1.0,0.8143946753558311,0.75,1.0,0.7544798021003295,0.625,1.0
75062,octo link amiibo,16,0.8998459773162825,0.625,1.0,0.9094719441828997,0.625,1.0,0.8922138757618149,0.625,1.0
75105,odor absorber 500,8,0.9681162486228169,1.0,1.0,0.9251501690430952,1.0,1.0,0.9591489760218584,1.0,1.0
75110,odor removal spray,16,0.9463191373920201,0.625,1.0,0.9494126029739882,0.625,1.0,0.9388633982505333,0.625,1.0
75118,oem 22re fuel injectors,16,0.9022004374185797,0.625,1.0,0.9747020702185547,0.625,1.0,0.9847422464622778,0.625,1.0
75122,oem toyota tundra rims,16,0.8698739994728926,0.6666666666666666,1.0,0.8905202757957813,0.6666666666666666,1.0,0.8501591578697533,0.5833333333333334,1.0
75137,off brand crocs,16,0.9339091084314125,0.625,1.0,0.9008636626471187,0.625,1.0,0.9008636626471187,0.625,1.0
75142,off season clothing storage,16,0.9684038785434832,0.625,1.0,0.9787930706003494,0.625,1.0,0.9768562593544076,0.625,1.0
75169,office accessories for men,14,0.7308823860808565,0.6666666666666666,1.0,0.7304927469502274,0.6666666666666666,1.0,0.7304927469502274,0.6666666666666666,1.0
75263,ohio state socks men,16,0.9755453593002134,0.625,1.0,0.96331803895032,0.625,1.0,0.96331803895032,0.625,1.0
75361,olaf cookie cutter,16,0.7674685941144972,0.6,1.0,0.9772274824155974,0.6666666666666666,1.0,1.0,0.6666666666666666,1.0
75414,old spice swagger deodorant,40,0.8209973471308121,0.25,1.0,0.96331803895032,0.25,1.0,0.9537125187088152,0.25,1.0
75416,old town vapor 10 kayak,16,0.7798766518670736,0.6153846153846154,0.5,0.8973190695467981,0.6153846153846154,1.0,0.9323929459797853,0.6153846153846154,1.0
75445,olive green camera strap,16,0.6263848614638492,0.5833333333333334,0.5,0.8510449765651324,0.75,1.0,0.8337766589791447,0.75,1.0
75448,olive green purses for women,40,0.6887514078181296,0.2631578947368421,1.0,0.7709944973823003,0.2631578947368421,1.0,0.7700571145488461,0.2631578947368421,1.0
75468,olixar ultra-thin iphone xr case,16,0.7737918947979996,0.7,1.0,0.8817137305358649,0.9,1.0,0.9926704530000169,1.0,1.0
75596,one a day multivitamin for teens,16,0.7683039280474089,0.6,1.0,0.9035726874549925,0.6,1.0,0.8577206343247217,0.6,1.0
75625,one night ultimate werewolf,16,0.7508960599041112,0.6153846153846154,1.0,0.8966082404896993,0.6923076923076923,1.0,0.8747281190685398,0.7692307692307693,1.0
75670,one size womens sweater,16,0.8508610578033802,0.6428571428571429,1.0,0.8411276952893907,0.6428571428571429,1.0,0.7494110125179495,0.5714285714285714,1.0
75678,one wheel,14,0.7766242085884967,0.7272727272727273,1.0,0.6762335669090848,0.6363636363636364,1.0,0.6762335669090848,0.6363636363636364,1.0
75721,onesies with mitten cuffs baby boy,16,0.8354403213108612,0.6,1.0,0.8689072001178979,0.6,1.0,0.848385259580694,0.6,1.0
75737,onion container,16,0.8591416672098046,0.625,1.0,0.9738672436737749,0.625,1.0,0.9755453593002134,0.625,1.0
75746,online visa gift cards,16,0.5763424361082236,0.42857142857142855,1.0,0.8272833846587476,0.7142857142857143,1.0,0.8272833846587476,0.7142857142857143,1.0
75771,oodji shirt dress,16,0.8754423512583445,0.625,1.0,0.8815673184025421,0.625,1.0,0.9170791842336757,0.625,1.0
75806,open nature protein powder,40,0.689288946021847,0.23684210526315788,1.0,0.636906421460202,0.23684210526315788,1.0,0.5797645241632189,0.23684210526315788,0.5
75811,open when letters kit,16,0.590155899236711,0.6363636363636364,0.5,0.8345208114772436,0.6363636363636364,1.0,0.8345208114772436,0.6363636363636364,1.0
75846,oppo f17 pro mobile,16,0.8478333285894862,0.625,1.0,0.8810676612614085,0.625,1.0,0.9066994325921797,0.625,1.0
75871,optima uhd60 4k,16,0.9374804556659283,0.625,1.0,0.9188656749830362,0.625,1.0,0.9165993281944014,0.625,1.0
75874,optimum nutrition testosterone booster,16,0.8253963368718785,0.625,1.0,0.9368993152931379,0.625,1.0,0.9368993152931379,0.625,1.0
75915,oral stimulator for men,16,0.5899104843963732,0.6666666666666666,0.5,0.6245630496788102,0.5555555555555556,1.0,0.6245630496788102,0.5555555555555556,1.0
75928,orange bells,16,0.5369782199086138,0.625,1.0,0.6982283319165793,0.625,1.0,0.6982283319165793,0.625,1.0
75932,orange butcher paper roll,16,0.9282056735743376,0.625,1.0,0.8803485966094552,0.625,1.0,0.8803485966094552,0.625,1.0
76009,ordained minister book,16,0.4324262576581133,0.75,0.5,0.8343115108027439,1.0,1.0,0.8343115108027439,1.0,1.0
76112,organic diaper cream,15,0.8482433509558692,0.6666666666666666,1.0,0.9550976331785505,0.6666666666666666,1.0,0.9834237161138831,0.6666666666666666,1.0
76121,organic french skin care,16,0.932524804969626,0.625,1.0,0.893006951876298,0.625,1.0,0.876557109965746,0.625,1.0
76155,organic red wine without sulfites,44,0.5269907086633077,0.26666666666666666,1.0,0.6003909558908909,0.3333333333333333,1.0,0.5292007090922869,0.3333333333333333,0.3333333333333333
76227,oribe root touch up spray dark brown,22,0.832793904873879,0.45,1.0,0.9391708153852407,0.45,1.0,0.9352642757483962,0.45,1.0
76236,orient saturation diver,16,0.8478333285894862,0.625,1.0,0.9346659795308913,0.625,1.0,0.9877841797012169,0.625,1.0
76304,orphan black,16,0.6352557412688554,0.7,0.5,0.7702043899253146,0.7,1.0,0.7702043899253146,0.7,1.0
76334,ortur,40,0.8168551920195991,0.2702702702702703,1.0,0.92663607790064,0.24324324324324326,1.0,0.8803485966094551,0.21621621621621623,1.0
76347,osaka pour over mesh filter,16,0.8789335177254264,0.625,1.0,0.9411338959973068,0.625,1.0,0.9411338959973068,0.625,1.0
76442,otterbox galaxy s9,16,0.8678624289219021,0.75,1.0,0.745585716413586,0.5833333333333334,1.0,0.5933698393281676,0.5833333333333334,0.3333333333333333
76449,otterbox iphone 6,16,0.8043310922899474,0.6428571428571429,1.0,0.8088788385334339,0.5714285714285714,1.0,0.8482378089219647,0.5714285714285714,1.0
76456,otterbox iphone 8,25,0.5939241127425902,0.5,0.5,0.7331513185342459,0.5,1.0,0.491526182307598,0.3125,0.5
76459,otterbox iphone x camouflage case,16,0.6418061361158768,0.5454545454545454,1.0,0.8307415969315902,0.7272727272727273,1.0,0.808444099870006,0.7272727272727273,1.0
76476,ottoman bench storage brown,16,0.9008636626471187,0.625,1.0,1.0,0.625,1.0,1.0,0.625,1.0
76583,outdoor folding tables,16,0.8567848643694154,0.6,1.0,0.8816662917230879,0.6,1.0,0.8975763514728154,0.6,1.0
76693,outdoor storage box waterproof,16,0.7984438557117024,0.6666666666666666,1.0,0.9087197070824414,0.6666666666666666,1.0,0.8992103814469224,0.6666666666666666,1.0
76707,outdoor toilet,16,0.8988252059479764,0.6153846153846154,1.0,0.8777267965010667,0.6153846153846154,1.0,0.8551595247651802,0.6153846153846154,1.0
76761,outliers malcolm gladwell,23,0.7107052136209888,0.42105263157894735,1.0,0.885871200228283,0.47368421052631576,1.0,0.9369736802713953,0.47368421052631576,1.0
76872,overcome by god and not your troubles by steve mays,16,0.0,0.0,0.07692307692307693,0.3010299956639812,1.0,0.1111111111111111,0.2890648263178878,1.0,0.1
76877,overgrown pool,39,0.4232716223800819,0.2,1.0,0.7508150824361662,0.5333333333333333,1.0,0.6545109060802549,0.4666666666666667,1.0
76916,ovidia yu,16,0.862755250758623,0.625,1.0,0.8046806797685867,0.625,1.0,0.8046806797685867,0.625,1.0
76928,owl head decoy,16,0.8212606157512956,0.625,1.0,0.9774367618500638,0.625,1.0,0.9754579868626665,0.625,1.0
76930,owl pinata toy,16,0.850178600798527,0.625,1.0,0.9061410609739531,0.625,1.0,0.8766826107356248,0.625,1.0
76998,ozark coffee travel mug,16,0.822618604379809,0.6,1.0,0.896574930458117,0.6,1.0,0.7758627194701869,0.6,1.0
77006,ozobot starter pack,16,0.6186314422721891,0.5,0.2,0.8086677820336744,0.5,1.0,0.8086677820336744,0.5,1.0
77043,p6 testosterone booster,16,0.7923656877557687,0.625,1.0,0.9923932036942882,0.625,1.0,0.8683862126466116,0.625,1.0
77106,package shows delivered but not received,10,0.2890648263178878,1.0,0.1,0.2890648263178878,1.0,0.1,0.2890648263178878,1.0,0.1
77128,packout tray,16,1.0,0.625,1.0,0.9768562593544076,0.625,1.0,0.977915258848537,0.625,1.0
77157,padded weight bar,15,0.8137054869697107,0.7272727272727273,1.0,0.7802046000832752,0.7272727272727273,1.0,0.7767011510578915,0.7272727272727273,1.0
77250,paintbrush cups,16,0.7003850216136718,0.6,1.0,0.8674684351761345,0.6666666666666666,1.0,0.8771817036139895,0.6666666666666666,1.0
77278,pairing knife usa,16,0.96331803895032,0.625,1.0,0.9388633982505333,0.625,1.0,0.9253314794949417,0.625,1.0
77291,pajama shorts,27,0.6785779723583893,0.4117647058823529,0.5,0.8964495394512323,0.5294117647058824,1.0,0.8071520169361974,0.4117647058823529,1.0
77338,palitos de madera para paletas,30,0.7615193286582252,0.3076923076923077,1.0,0.8654994761511733,0.38461538461538464,1.0,0.8654994761511733,0.38461538461538464,1.0
77447,panda plant plant,16,0.8152855963459015,0.6666666666666666,1.0,0.8851825356425533,0.6666666666666666,1.0,0.8989468226086516,0.6666666666666666,1.0
77584,panther airpod case,16,0.8890851268666345,0.625,1.0,0.9261551510738728,0.625,1.0,0.93199285690234,0.625,1.0
77719,paper plates 8 1/2,16,0.8738108523013454,0.625,1.0,0.9876559210330987,0.625,1.0,0.9912283286466236,0.625,1.0
77723,paper products for home,16,0.8521705090845475,0.8,1.0,0.7846170207230129,0.7,1.0,0.8006937664098819,0.7,1.0
77802,paraglider carabiner,40,0.5019527422593598,0.19230769230769232,0.5,0.4407312229581161,0.19230769230769232,0.2,0.39328301727949966,0.15384615384615385,0.2
77900,parting crowd black friday shirt,40,0.7374087886576381,0.3125,1.0,0.5598751087119169,0.21875,1.0,0.6648669343795531,0.25,1.0
78007,pastel necktie,16,0.8843822317679273,0.625,1.0,0.889708517939391,0.625,1.0,0.8955717276994197,0.625,1.0
78018,pastel unicorn party plates,16,0.9059034300385285,0.625,1.0,0.8810676612614085,0.625,1.0,0.9377996217281197,0.625,1.0
78118,patio side table leg prop,16,0.7707535356909893,0.8333333333333334,1.0,0.6753458326066929,0.6666666666666666,1.0,0.6712544306244298,0.6666666666666666,1.0
78122,patio swing replacement cushion,16,0.9008636626471187,0.625,1.0,1.0,0.625,1.0,1.0,0.625,1.0
78138,patrick shorts men,16,0.716592349619147,0.5384615384615384,1.0,0.7841186338575163,0.6153846153846154,1.0,0.8559332624715266,0.6923076923076923,1.0
78159,patriots jersy,16,0.9136640164413737,0.6,1.0,1.0,0.6666666666666666,1.0,1.0,0.6666666666666666,1.0
78176,patterned curtains purple,16,0.8600441743507656,0.625,1.0,0.9124662320462946,0.625,1.0,0.9450316897980805,0.625,1.0
78222,paw patrol birthday candles,16,0.7743360260154317,0.6153846153846154,1.0,0.8481858153609328,0.6923076923076923,1.0,0.8245992171031471,0.6923076923076923,1.0
78430,peak to park columbia,16,0.8488610283252881,0.625,1.0,0.9902867315621451,0.625,1.0,0.9790468959828571,0.625,1.0
78443,peanut free trail mix,39,0.7336722451245828,0.25806451612903225,1.0,0.6834398610807705,0.1935483870967742,1.0,0.6813218620925117,0.1935483870967742,1.0
78473,pearl silver lariat necklace,16,0.8839364030864078,0.625,1.0,0.9310531903395343,0.625,1.0,0.9252376177726648,0.625,1.0
78498,pecs communication book,16,0.8206864817774988,0.6666666666666666,1.0,0.9030651717322699,0.75,1.0,0.8704294921327644,0.75,1.0
78636,pelican mustang 100x kayak,17,0.8351391129065976,0.625,1.0,0.952269065868915,0.625,1.0,0.952269065868915,0.625,1.0
78664,pelton treadmill,16,0.8759195979917094,0.625,1.0,0.9772274824155974,0.625,1.0,1.0,0.625,1.0
78807,penis enhancment,16,0.8391894719717067,0.625,1.0,0.8234875795124332,0.625,1.0,0.8234875795124332,0.625,1.0
78841,pentagon puzle,16,0.7058907896934598,0.5384615384615384,1.0,0.5235492063238629,0.5384615384615384,0.5,0.5235492063238629,0.5384615384615384,0.5
78846,pentair superflo vs,16,0.8026539111879384,0.6666666666666666,1.0,0.9039401896992654,0.6666666666666666,1.0,0.9095344960906679,0.6666666666666666,1.0
78865,pentrrex 4oz,16,0.7897439516053271,0.75,1.0,0.8959455908127036,0.875,1.0,0.8959455908127036,0.875,1.0
78872,people not a fan,16,1.0,0.625,1.0,1.0,0.625,1.0,0.977915258848537,0.625,1.0
78969,percy jackson hardcover box set,16,0.5543317280186463,0.6,0.5,0.9005598165256876,0.9,1.0,0.5879735332414809,0.7,0.5
79017,perfumes for men pasion for mn,15,0.7790917367527672,0.7272727272727273,1.0,0.9699829631932922,0.9090909090909091,1.0,0.9676859680927143,0.9090909090909091,1.0
79057,perplexus maze ball,16,0.7994759781811206,0.625,1.0,0.8152855963459015,0.625,1.0,0.8242978344531515,0.625,1.0
79122,personalized folded card with envelope,16,0.8654994761511733,0.625,1.0,0.9463191373920201,0.625,1.0,0.9452601378978908,0.625,1.0
79169,peruvian fedora hat,16,0.8829207774874074,0.625,1.0,0.9570217987137696,0.625,1.0,0.9541422124941478,0.625,1.0
79281,petechtool,16,1.0,0.625,1.0,0.92663607790064,0.625,1.0,0.92663607790064,0.625,1.0
79292,peter rabbit 2 the runaway dvd,12,0.8655724752749959,1.0,1.0,0.7206598657854982,0.6666666666666666,0.16666666666666666,0.7500241711173693,1.0,0.14285714285714285
79331,petrol,15,0.6821597128635729,1.0,0.5,0.7757386182436072,0.75,1.0,0.7757386182436072,0.75,1.0
79341,petsability joint,11,0.8832422405712267,0.9,1.0,0.9164666082174888,0.9,1.0,0.9201077920131562,0.9,1.0
79347,petty cash receipt,16,0.884805853974881,0.6666666666666666,1.0,0.9902867315621451,0.6666666666666666,1.0,0.9901095028504737,0.6666666666666666,1.0
79448,phillip melanson,15,0.0,0.0,0.06666666666666667,0.3562071871080222,1.0,0.16666666666666666,0.3562071871080222,1.0,0.16666666666666666
79507,phone case iphone 8,16,0.5498307986729413,0.5,1.0,0.3273256199146115,0.5,0.16666666666666666,0.31915472637610937,0.5,0.16666666666666666
79518,phone case samsung galaxy s8 otterbox,16,0.5944817179959412,0.5384615384615384,0.5,0.5924577430382714,0.5384615384615384,0.5,0.8904022416585923,0.6923076923076923,1.0
79557,phone finder locator,16,0.9452601378978908,0.625,1.0,0.9517825025223118,0.625,1.0,0.9454862044599013,0.625,1.0
79646,photo order,16,0.8864934356967477,0.625,1.0,0.9524016186546209,0.625,1.0,0.9311946892549704,0.625,1.0
79687,physical therapy exercise for hands,16,0.3562071871080222,1.0,0.16666666666666666,0.38685280723454163,1.0,0.2,0.38685280723454163,1.0,0.2
79719,piano key chain,16,0.8943612692301721,0.6666666666666666,1.0,0.942271122217258,0.6666666666666666,1.0,0.9400228393296095,0.6666666666666666,1.0
79726,piano music for shallow,16,0.4576554675702888,0.5555555555555556,0.3333333333333333,0.7674114817197962,0.6666666666666666,1.0,0.6847403766630441,0.5555555555555556,1.0
79744,pickle ip,16,0.3915416848834222,0.5,0.5,0.9500798762244353,1.0,1.0,0.9718391205808965,1.0,1.0
79793,picture frames for sweet 16,16,0.8910064316535238,0.6666666666666666,1.0,0.8790449506229113,0.6,1.0,0.8749342932349401,0.6,1.0
79852,piercing transparent plat,16,0.9533497162960899,0.6666666666666666,1.0,0.9070197871276495,0.6666666666666666,1.0,0.9411338959973068,0.6,1.0
79867,pig socks,16,0.7595805776149673,0.5714285714285714,1.0,0.8572048559638626,0.6428571428571429,1.0,0.8409305485502252,0.6428571428571429,1.0
79868,pig stamp,16,0.9791570532029295,0.6666666666666666,1.0,0.9533147403336067,0.6666666666666666,1.0,0.9791570532029295,0.6666666666666666,1.0
79949,pilates for dummies,16,0.9058498251523128,0.625,1.0,0.9923153578228378,0.625,1.0,0.9504185550241155,0.625,1.0
79980,pillow cases 20x20 velvet,16,0.9191273815716655,0.625,1.0,0.8675021601272528,0.625,1.0,0.911793259090854,0.625,1.0
80012,pillow without stuffing,40,0.832750215264076,0.29411764705882354,1.0,0.6834005709569674,0.23529411764705882,0.5,0.6853373822029092,0.23529411764705882,0.5
80035,pilot d,16,0.30718371578189313,0.5,0.25,0.24764278808712772,0.5,0.14285714285714285,0.24764278808712772,0.5,0.14285714285714285
80044,pilot g2 ultra fine,40,0.9044360217369977,0.25,1.0,1.0,0.25,1.0,1.0,0.25,1.0
80060,pimax 8kx,16,0.8026613855967848,0.6,1.0,0.9293251134901804,0.6,1.0,0.9403673516318136,0.6,1.0
80142,pink and blue striped dress,41,0.7333179755181414,0.2564102564102564,1.0,0.8394741813173155,0.2564102564102564,1.0,0.774906754906307,0.23076923076923078,1.0
80149,pink and white wall decor,39,0.8773595809288224,0.2702702702702703,1.0,0.8109856806110745,0.2702702702702703,1.0,0.8655125728591077,0.2702702702702703,1.0
80155,pink baseball reveal,16,0.8257398513878679,0.625,1.0,0.914848652315805,0.625,1.0,0.9633991057381247,0.625,1.0
80157,pink bead lot,16,0.8826645902815892,0.6666666666666666,1.0,0.9484714839582833,0.6666666666666666,1.0,0.9145784991708731,0.6666666666666666,1.0
80183,pink clipboards foldable,16,0.885802543701962,0.625,1.0,0.950511060343137,0.625,1.0,0.9212918597785398,0.625,1.0
80233,pink heart in white picture frame,16,0.8610482975631777,0.625,1.0,0.9604151259284108,0.625,1.0,0.9629536750301517,0.625,1.0
80237,pink holographic fanny pack,40,0.9011355344146582,0.25,1.0,0.8946727408718789,0.25,1.0,0.8843822317679273,0.25,1.0
80267,pink mini butt plug,16,0.5696826478214573,0.8571428571428571,0.3333333333333333,0.9368450503736863,1.0,1.0,0.7843689233086717,1.0,0.5
80279,pink pen light,16,0.8358123573108053,0.625,1.0,0.8662869028072403,0.625,1.0,0.8546155542307573,0.625,1.0
80315,pink slippers for women,16,0.930316877503158,0.625,1.0,0.9253314794949417,0.625,1.0,0.908050948609378,0.625,1.0
80330,pink sweatsuit for women,16,0.9216017310213247,0.6428571428571429,1.0,0.9216017310213247,0.6428571428571429,1.0,0.9363792118010482,0.6428571428571429,1.0
80360,pink woman gifts,16,0.8554764232313373,0.625,1.0,0.9530524936644946,0.625,1.0,0.9554025128066332,0.625,1.0
80472,pipe cigar,16,0.7835585905708727,0.7,1.0,0.5639377277449211,0.5,0.5,0.6794569382590856,0.5,1.0
80563,piston,16,0.8383354523103075,0.5,1.0,0.5821032065260975,0.0,0.08333333333333333,0.5821032065260975,0.0,0.08333333333333333
80593,piure,16,0.4559503966700645,0.6,0.3333333333333333,0.838826006788886,0.8,1.0,0.838826006788886,0.8,1.0
80615,pixel 3 xl stand,16,0.7915061801865604,0.6666666666666666,1.0,0.7958929767682509,0.5833333333333334,1.0,0.816588480366451,0.5833333333333334,1.0
80685,pizza tshirt women,16,0.8205743876280305,0.6153846153846154,1.0,0.6904232217960723,0.6923076923076923,0.5,0.8406776198791424,0.6923076923076923,1.0
80926,plantas solares para casa,27,0.6379279936830372,0.3125,1.0,0.45281968762988295,0.25,1.0,0.45281968762988295,0.25,1.0
80932,planter without drainage hole,40,0.7798655864793168,0.25,1.0,0.9534606181487504,0.3125,1.0,0.9526603142741242,0.3125,1.0
81019,plastic coffee tumblers with lids,16,0.8803485966094552,0.625,1.0,0.941233297798857,0.625,1.0,0.9471969491438326,0.625,1.0
81107,plastic swords medieval,13,0.8208634162763844,0.75,1.0,0.858295143677006,0.75,1.0,0.858295143677006,0.75,1.0
81125,plastic water goblets disposable,16,0.8810676612614085,0.625,1.0,0.8944836122933966,0.625,1.0,0.8944836122933966,0.625,1.0
81129,plastic wine glasses without stem,40,0.7381919257729245,0.23529411764705882,1.0,0.5140812997412616,0.17647058823529413,1.0,0.5178780289711108,0.17647058823529413,1.0
81295,playmovil boy 3 years,16,0.6839523753219928,0.6666666666666666,1.0,0.5448196345789666,0.6666666666666666,0.5,0.5448196345789666,0.6666666666666666,0.5
81324,playstation 4 gift card digital code,16,0.5152880109744815,0.5454545454545454,0.5,0.8006937664098819,0.6363636363636364,1.0,0.8006937664098819,0.6363636363636364,1.0
81364,pleased but not satisfied,16,0.36491893837355766,0.6,0.25,0.7731930041332794,0.8,1.0,0.7731930041332794,0.8,1.0
81366,pleaser heels 6 inch,16,0.9171612476796993,0.625,1.0,0.9411338959973068,0.625,1.0,0.9411338959973068,0.625,1.0
81370,pleated skirts for women,16,0.96331803895032,0.625,1.0,0.895039956444123,0.625,1.0,0.8899541168509599,0.625,1.0
81377,pletco filter pma40l,15,0.37221714659645677,0.5,0.3333333333333333,0.7460011384791747,0.7,1.0,0.5644759379532917,0.6,0.5
81399,plug and pure air ioni,15,0.8193339008944026,0.6428571428571429,1.0,0.8699913610541022,0.6428571428571429,1.0,0.8612298878941931,0.6428571428571429,1.0
81413,plug in toothbrush,16,0.8567848643694154,0.6,1.0,0.925957390686689,0.6666666666666666,1.0,0.9240205794407473,0.6666666666666666,1.0
81424,plum fabric tulle,16,0.8811293830312759,0.625,1.0,0.9974537474936096,0.625,1.0,0.9861521673903242,0.625,1.0
81490,plus size cotton underwear for women,16,0.8576520864899823,0.6666666666666666,1.0,0.9733318510892309,0.6666666666666666,1.0,0.8443227402794213,0.6,1.0
81502,plus size fishnet thigh highs with back seam,16,0.7588348777342527,0.6153846153846154,1.0,0.9391985523995626,0.6923076923076923,1.0,0.9226222685134458,0.6923076923076923,1.0
81553,plus size sequin dresses for women,16,0.7162874455029681,0.6666666666666666,0.5,0.9305687780632227,0.75,1.0,0.8521705090845475,0.6666666666666666,1.0
81590,plus size womens sweaters 4x,16,0.9305687780632227,0.6428571428571429,1.0,0.9216017310213247,0.6428571428571429,1.0,0.933745776545611,0.6428571428571429,1.0
81620,plywood circles,16,0.8422042765304627,0.625,1.0,0.81753387923355,0.625,1.0,0.8120705141032581,0.625,1.0
81665,pocket postal scale,16,0.8403869410971224,0.625,1.0,0.8330193698255639,0.625,1.0,0.8059378757465518,0.625,1.0
81710,point of sale register,16,0.705376601646235,0.5833333333333334,0.5,0.8783242169806028,0.6666666666666666,1.0,0.8794311368866304,0.6666666666666666,1.0
81722,poke,13,0.8611375561264455,0.75,1.0,1.0,0.8333333333333334,1.0,1.0,0.8333333333333334,1.0
81745,pokemon card sleeves for binder,16,0.7959643489133919,0.6428571428571429,1.0,0.877498822220854,0.7142857142857143,1.0,0.9367445747461647,0.7142857142857143,1.0
81769,pokemon gold gx cards single,16,0.871711094708994,0.6,1.0,0.8167331394535463,0.6,1.0,0.9121678503973486,0.6666666666666666,1.0
81853,polaris two up seat,40,0.4494823381206275,0.23809523809523808,0.5,0.5919268187287082,0.23809523809523808,1.0,0.6792794516300072,0.2857142857142857,1.0
81884,pole baffle squirrel,16,0.9346235882974233,0.6428571428571429,1.0,0.8878984756873929,0.5714285714285714,1.0,0.8585157560180571,0.5714285714285714,1.0
81893,poleras deportivas mujer,50,0.320513224260128,0.16666666666666666,0.5,0.3708157794229237,0.125,0.5,0.3708157794229237,0.125,0.5
81965,polo shirts for men us,16,0.8664431606331233,0.625,1.0,0.9054291485009893,0.625,1.0,0.9045513367491769,0.625,1.0
82003,polyester casual pants women,16,0.8370396326958581,0.625,1.0,0.8990342828542924,0.625,1.0,0.9488839097080675,0.625,1.0
82014,polygel nail kit without uv lamp,40,0.5781095234098251,0.21212121212121213,0.5,0.5130600869362409,0.15151515151515152,1.0,0.7155696464177441,0.24242424242424243,1.0
82016,polygons measuring spoon,16,0.8944836122933966,0.625,1.0,0.9743682286692287,0.625,1.0,0.9411338959973068,0.625,1.0
82085,pony o,36,0.8477002707182473,0.29411764705882354,1.0,0.6711863473150084,0.2647058823529412,1.0,0.6711863473150084,0.2647058823529412,1.0
82111,pool anchor cover,16,0.46737911848037356,0.6,0.25,0.7909506325094736,0.7,1.0,0.7788065869851875,0.7,1.0
82143,pool heater,15,0.7653606369886218,0.6666666666666666,1.0,0.431733884398313,0.6666666666666666,0.5,0.5316900945208329,1.0,0.25
82190,pool weights set,16,0.8937353580384246,0.625,1.0,0.8976617565525116,0.625,1.0,0.8854344362026183,0.625,1.0
82199,poop bags,22,0.9371852826240948,0.45454545454545453,1.0,0.9400228393296095,0.45454545454545453,1.0,0.9504120313864757,0.45454545454545453,1.0
82210,pooppouri spray,16,0.9684038785434832,0.625,1.0,0.977915258848537,0.625,1.0,0.92663607790064,0.625,1.0
82241,pop socket p,14,0.9339091084314125,0.7692307692307693,1.0,0.8435500063697146,0.6923076923076923,1.0,0.8435500063697146,0.6923076923076923,1.0
82308,popsocket rose gold and black,16,0.9034923372550475,0.625,1.0,0.9471643200863396,0.625,1.0,0.9250795789348766,0.625,1.0
82411,portable cd player,19,0.8775138266469904,0.5263157894736842,1.0,0.7748613248147453,0.5263157894736842,1.0,0.8076764584319803,0.5263157894736842,1.0
82445,portable gaming speakers,16,0.912448051418121,0.6666666666666666,1.0,0.8892244693780794,0.6666666666666666,1.0,0.8670547362154355,0.6666666666666666,1.0
82446,portable gas and charcoal grills,16,0.9057005636063717,0.6666666666666666,1.0,0.8314558631043689,0.6,1.0,0.8611849835975958,0.6,1.0
82530,portal 2 turret toys,16,0.8932671810808841,0.6666666666666666,1.0,0.9354426934102344,0.6666666666666666,1.0,0.9288614837890768,0.6666666666666666,1.0
82573,porter magazine,16,0.6760611343530063,0.625,1.0,0.7321580723746672,0.875,0.5,0.8405405792769047,0.875,1.0
82641,post oak wood chips,16,0.8711883758307264,0.6,1.0,0.7289312153258302,0.6,0.5,0.6816408506088079,0.6,0.5
82693,postpartum for c section,16,0.942271122217258,0.6666666666666666,1.0,0.7743363486188872,0.6,0.5,0.7743363486188872,0.6,0.5
82696,postpartum shirts for women,16,1.0,0.6666666666666666,1.0,0.8899541168509599,0.6,1.0,0.7799082337019199,0.6,0.5
82714,pot holder for kitchen made in usa,16,0.7808897242035061,0.6,1.0,0.80965541937562,0.6,1.0,0.7846282564544993,0.6,1.0
82778,pound fitness sticks,40,0.5510122610607124,0.2727272727272727,1.0,0.813942914179948,0.4090909090909091,1.0,0.884123536148424,0.45454545454545453,1.0
82813,power bands heavy,16,0.807101926525953,0.625,1.0,0.8974507552287511,0.625,1.0,0.9387233497335621,0.625,1.0
82817,power beats 3 earbuds replacement tips,16,0.7981650781269264,0.625,1.0,0.9295165736285318,0.625,1.0,0.941233297798857,0.625,1.0
82825,power cord in car,16,0.8050499496317046,0.625,1.0,0.9381629525422095,0.625,1.0,0.9367587646907028,0.625,1.0
82860,power pruning saw,16,0.9074695751553992,0.6,1.0,0.8573105604887954,0.6666666666666666,1.0,0.8120982527466443,0.6,1.0
82879,power rangers samurai spin sword,16,0.5492264725111146,0.5555555555555556,1.0,0.5796993200023342,0.5555555555555556,1.0,0.6321443398878813,0.5555555555555556,1.0
82955,powersteering belt,16,0.9060276152946266,0.625,1.0,0.7566451093196033,0.625,1.0,0.7566451093196033,0.625,1.0
82999,prank puke,15,0.7860239555510738,0.8571428571428571,1.0,0.734946898706997,0.7142857142857143,1.0,0.723747801851149,0.7142857142857143,1.0
83042,precision screw extractor set,16,0.9526603142741242,0.625,1.0,1.0,0.625,1.0,1.0,0.625,1.0
83058,predire paris skin care,16,0.8476509156730747,0.6,1.0,0.8541568354909524,0.6,1.0,0.856888649345959,0.6,1.0
83099,prelit christmas tree 6 feet,16,0.8893910707615909,0.625,1.0,0.8991018324720479,0.625,1.0,0.9034207803861894,0.625,1.0
83134,prepaid iphone,16,0.8718051225803568,0.625,1.0,0.9616701261829397,0.625,1.0,0.9642163786893302,0.625,1.0
83172,press on nails for women,16,0.8989468226086516,0.625,1.0,0.8978878231145222,0.625,1.0,0.9019358382892843,0.625,1.0
83194,pressure switch mount for picatinny rail,16,0.8822376497161659,0.6153846153846154,1.0,0.8303841534329398,0.6923076923076923,0.5,0.8681586089545693,0.6923076923076923,1.0
83219,pretend washer and dryer for kids,16,0.6808927462318436,0.5454545454545454,1.0,0.8332134943081045,0.7272727272727273,1.0,0.7940979582657395,0.6363636363636364,1.0
83246,preworkouts without creatine,40,0.7951657524814092,0.22857142857142856,1.0,0.7195855078586898,0.2,1.0,0.7340354523804382,0.2,1.0
83254,pride and groom dog shampoo,40,0.724149044873457,0.2631578947368421,1.0,0.7996988089784826,0.21052631578947367,1.0,0.7986882613275056,0.21052631578947367,1.0
83261,pride mobility scooters,40,0.7362425525191235,0.27586206896551724,0.3333333333333333,0.46521205707377156,0.10344827586206896,0.3333333333333333,0.5172314361145776,0.13793103448275862,0.5
83287,prime day juice,16,0.8137192197198292,0.6923076923076923,1.0,0.8621621406030003,0.6923076923076923,1.0,0.8621621406030003,0.6923076923076923,1.0
83303,prime pantry clearance items,50,0.5702316717112904,0.1935483870967742,1.0,0.6510728050990119,0.25806451612903225,1.0,0.6510728050990119,0.25806451612903225,1.0
83409,printed vinyl,16,0.7876158734034715,0.6428571428571429,1.0,0.8887808304556692,0.6428571428571429,1.0,0.9524016186546209,0.7142857142857143,1.0
83416,printer for canvas,16,0.6278468416996693,0.5714285714285714,1.0,0.590560959726188,0.42857142857142855,1.0,0.5819627723579971,0.42857142857142855,1.0
83434,printers without ink,16,0.8235701983681017,0.6,1.0,0.7142519513041115,0.6,1.0,0.7142519513041115,0.6,1.0
83459,prisoner costume,12,0.6719453108168604,1.0,0.5,0.7857219235480938,1.0,0.5,0.7857219235480938,1.0,0.5
83525,probio slim plus weight loss,40,0.726678215026582,0.3076923076923077,1.0,0.9286387618767193,0.38461538461538464,1.0,0.9231753967464277,0.38461538461538464,1.0
83542,procare lace up ankle brace,16,0.9681038083104088,0.625,1.0,0.9427930190104704,0.625,1.0,0.9377996217281197,0.625,1.0
83568,professiobal camera,16,0.7875676762129104,0.6666666666666666,1.0,0.7977466810788878,0.5833333333333334,1.0,0.8013910269274032,0.5833333333333334,1.0
83576,professional heavy duty tripod,16,0.835092160753738,0.625,1.0,0.9024833071281563,0.625,1.0,0.9379812595017127,0.625,1.0
83643,prolab caffeine tablets,38,0.49234393238711593,0.27586206896551724,0.5,0.7902546004332308,0.27586206896551724,1.0,0.7793060210029709,0.27586206896551724,1.0
83656,promenade tops,16,0.8202709943541179,0.625,1.0,0.8873386183910673,0.625,1.0,0.9316277775573523,0.625,1.0
83784,protein crisp by bsn,16,0.7126871858095647,0.5,1.0,0.8547458539152435,0.6,1.0,0.8523924989058432,0.6,1.0
83857,pruning saw attachment for pole,16,0.6607869074327566,0.5,1.0,0.8793325772020737,0.6666666666666666,1.0,0.8485662685614987,0.6666666666666666,1.0
83906,ps4 bike racing games,16,0.6088848431334457,0.5555555555555556,1.0,0.49072615617672094,0.5555555555555556,1.0,0.49072615617672094,0.5555555555555556,1.0
83912,ps4 console,37,0.8083682423538656,0.2857142857142857,1.0,0.7027621406415305,0.19047619047619047,1.0,0.7842343428526156,0.2857142857142857,1.0
83916,ps4 controller charger,18,0.7898916330153443,0.5384615384615384,1.0,1.0,0.7692307692307693,1.0,0.955830517697074,0.6923076923076923,1.0
83928,ps4 flying games,16,0.9537125187088151,0.6,1.0,0.9432379215722527,0.6,1.0,0.9432379215722527,0.6,1.0
83937,ps4 gun games,16,0.9537125187088151,0.6,1.0,0.8532721558012799,0.6,0.5,0.8532721558012799,0.6,0.5
83970,ps4 with 2 controllers,16,0.700660716306065,0.7142857142857143,1.0,0.6754556151129949,0.42857142857142855,0.5,0.6955521100269066,0.5714285714285714,0.5
83981,ps4+hard+drive 2 tb,16,0.8494526189773122,0.7272727272727273,1.0,0.8562048687482033,0.8181818181818182,1.0,0.811299281425068,0.8181818181818182,0.5
84041,psychological profiling,16,0.9174581909563019,0.625,1.0,0.9603929239951788,0.625,1.0,0.9661035099304336,0.625,1.0
84051,pthtechus watch,16,0.7573821447149965,0.6363636363636364,1.0,0.84860265890399,0.7272727272727273,1.0,0.6867151830982591,0.5454545454545454,1.0
84258,puma socks women no show white,40,0.5099315177993886,0.21428571428571427,1.0,0.6137586312090885,0.2857142857142857,0.5,0.663168994603782,0.2857142857142857,0.5
84324,punk belts for men,16,0.7799082337019199,0.6428571428571429,0.5,0.7667847132675354,0.5714285714285714,1.0,0.7667847132675354,0.5714285714285714,1.0
84365,puppy flea treatment 6 weeks,16,0.9225698816956197,0.625,1.0,0.9121678503973486,0.625,1.0,0.9239166642947431,0.625,1.0
84382,puppy stairs for small dogs,16,0.829753288847434,0.6923076923076923,1.0,0.8995337614290388,0.7692307692307693,1.0,0.8967959461681502,0.7692307692307693,1.0
84397,pur steam steamer cleaner,40,0.7569457175772681,0.22857142857142856,1.0,0.700194331218164,0.2571428571428571,1.0,0.7257555602229055,0.2571428571428571,1.0
84497,purina 1 beef cat food,16,0.8839269150077771,0.625,1.0,0.9059034300385285,0.625,1.0,0.8759195979917094,0.625,1.0
84502,purina dog chow with lamb,16,0.9068860597565463,0.625,1.0,1.0,0.625,1.0,1.0,0.625,1.0
84507,purina one puppy dog food,40,0.72588763224592,0.27586206896551724,1.0,0.9210315637601145,0.3448275862068966,1.0,0.8764020511306577,0.3103448275862069,1.0
84522,purple airpod case,16,0.7070532414109492,0.5714285714285714,1.0,0.8161285066751541,0.6428571428571429,0.5,0.8534408546310341,0.6428571428571429,1.0
84548,purple crocs women,11,0.9257463753882778,0.9,1.0,0.9257463753882778,0.9,1.0,0.9011791373265797,0.9,1.0
84580,purple mad pack,16,0.5423247252962318,0.6,0.5,0.7935840677649109,0.7,1.0,0.7655934900767001,0.7,1.0
84632,purple tshirts unisex,16,0.8351408273261516,0.6666666666666666,1.0,0.9179698993238639,0.6666666666666666,1.0,0.916124010793066,0.6666666666666666,1.0
84673,push pop variety pack,43,0.7432652033582284,0.2564102564102564,1.0,0.9787930706003494,0.2564102564102564,1.0,0.9787930706003494,0.2564102564102564,1.0
84696,putter club for kids,16,0.8009079465193094,0.625,1.0,0.9629536750301517,0.625,1.0,0.9370285912919751,0.625,1.0
84708,puzzle frame,16,0.7628604552673255,0.6428571428571429,1.0,0.8001682169150214,0.5714285714285714,1.0,0.7916177366214805,0.6428571428571429,1.0
84774,pyramid rubix cube,16,0.8545278159169911,0.625,1.0,0.9343428760444787,0.625,1.0,0.9461436905340347,0.625,1.0
84825,qcy t1,16,0.9233842043023295,0.625,1.0,0.9169169469584678,0.625,1.0,0.9428347520792676,0.625,1.0
84853,qsc speakers,40,0.6432968594590637,0.2962962962962963,1.0,0.6064290517447408,0.2222222222222222,0.5,0.5977397392609618,0.2222222222222222,0.5
84893,quasar crossfade,17,0.5664022489919947,0.7142857142857143,0.5,0.8173774685719544,0.7142857142857143,1.0,0.8194144183491456,0.7142857142857143,1.0
84907,quebec city,16,0.9439492378436964,0.625,1.0,0.9471643200863396,0.625,1.0,0.9452601378978908,0.625,1.0
84908,quedidilla maker,13,1.0,1.0,1.0,0.5,1.0,0.3333333333333333,0.5,1.0,0.3333333333333333
84952,queen lomg bed frame,16,0.6617605002188641,0.5454545454545454,0.5,0.9231420125302032,0.7272727272727273,1.0,0.7402804667074571,0.5454545454545454,1.0
84960,queen party chairs,40,0.25743949901906105,0.17391304347826086,0.25,0.6743783146846071,0.34782608695652173,1.0,0.5192275061965028,0.30434782608695654,0.5
85016,quest vr,16,0.6437811896243857,0.5714285714285714,0.5,0.9089563645368318,0.7142857142857143,1.0,0.9089563645368318,0.7142857142857143,1.0
85093,quilted vest,16,0.9421111095506693,0.625,1.0,1.0,0.625,1.0,1.0,0.625,1.0
85118,quirky readin,16,0.43708565229787666,0.75,0.3333333333333333,0.5448732449105962,0.75,0.3333333333333333,0.5448732449105962,0.75,0.3333333333333333
85173,rabbit sex toy,16,0.8239465826583314,0.6428571428571429,1.0,0.8363965053629976,0.5714285714285714,1.0,0.8363965053629976,0.5714285714285714,1.0
85189,racecar bed,16,0.9128420340474372,0.625,1.0,0.8840341562352578,0.625,1.0,0.8519844249521529,0.625,1.0
85208,rachel ray dog food 40 lb bag,40,0.7463156015416392,0.25,1.0,0.7714241447182649,0.25,1.0,0.7751443829897275,0.25,1.0
85244,radeon r9,16,0.8930233621137135,0.625,1.0,1.0,0.625,1.0,1.0,0.625,1.0
85330,rahua shampoo and conditioner,16,0.9260210220071132,0.625,1.0,0.8100445218331705,0.625,1.0,0.8368789572119399,0.625,1.0
85337,raiders hardhat sticker,16,0.6212166613240647,0.6,1.0,0.7975167679274938,0.8,1.0,0.7162874455029681,0.8,0.5
85342,raiders tattoo sticker,16,0.8030381290312977,0.6428571428571429,1.0,0.9325055893091646,0.7142857142857143,1.0,0.9316277775573523,0.7142857142857143,1.0
85430,rainbow loom bands,16,0.950331592625141,0.625,1.0,0.9308745902692405,0.625,1.0,0.9407590001622356,0.625,1.0
85500,ram,43,0.6363762929310754,0.25,1.0,0.5375576871042891,0.2,0.2,0.531062264504017,0.2,0.2
85524,ramekins for instant pot,16,0.8803485966094552,0.625,1.0,0.9054291485009893,0.625,1.0,0.92663607790064,0.625,1.0
85544,ramps for lawn mowers,16,0.7408785582033962,0.5833333333333334,1.0,0.799138179130417,0.6666666666666666,1.0,0.8079283589920452,0.6666666666666666,1.0
85573,rangers,14,0.6545938961389929,0.625,1.0,1.0,1.0,1.0,1.0,1.0,1.0
85580,rapid ketosis,15,0.8444382515030149,0.6666666666666666,1.0,0.9433239291166576,0.6666666666666666,1.0,0.9383095616423603,0.6666666666666666,1.0
85588,raptor 660 handlebars,16,0.7248132696445723,0.6363636363636364,0.5,0.8088534810784267,0.7272727272727273,0.5,0.8041623575139827,0.7272727272727273,0.5
85644,rasputin,16,0.8366907402263679,0.6923076923076923,1.0,0.7585055343454764,0.6923076923076923,0.5,0.7585055343454764,0.6923076923076923,0.5
85843,rbz 430 radio for jeep,16,0.24270936819399927,0.5,0.14285714285714285,0.8465984442536764,0.8333333333333334,1.0,0.6915007892889729,0.5,1.0
85885,rca mini compact fridge,16,0.9507235030281824,0.625,1.0,0.9768562593544076,0.625,1.0,0.9738672436737749,0.625,1.0
85931,reading glasses without arms,40,0.5239358202525373,0.18181818181818182,1.0,0.6629858670641487,0.2727272727272727,1.0,0.6757775877268316,0.2727272727272727,1.0
85939,reading support stand with pillow,16,0.8930221965838605,0.75,1.0,0.3935520219717318,0.5,0.2,0.44453765479912294,0.5,0.2
85987,real skin like vibrator,39,0.37023681792856,0.2631578947368421,0.3333333333333333,0.09457085149901064,0.05263157894736842,0.14285714285714285,0.09457085149901064,0.05263157894736842,0.14285714285714285
85998,realistic metal army guns,16,0.6244470461775838,0.7777777777777778,0.5,0.4092043169421456,0.5555555555555556,0.25,0.42129858225066746,0.5555555555555556,0.3333333333333333
86108,receptacle box cover plate,16,0.8833444073495264,0.625,1.0,0.8899541168509599,0.625,1.0,0.8860603473943658,0.625,1.0
86164,reclining bed queen,16,0.8848075202814568,0.6,1.0,0.9799647310882665,0.6666666666666666,1.0,0.9510697149638279,0.6,1.0
86206,recpro water heater tankless,28,0.8108286038480936,0.37037037037037035,1.0,0.8381083856497716,0.37037037037037035,1.0,0.9238645361425566,0.37037037037037035,1.0
86235,red 5 gallon bucket,16,0.9055951097551392,0.6923076923076923,1.0,0.7993575261267429,0.6153846153846154,0.5,0.7993575261267429,0.6153846153846154,0.5
86239,red adult backpack,16,0.8103335926117111,0.6428571428571429,1.0,0.8912319395550007,0.6428571428571429,1.0,0.8574330202168526,0.6428571428571429,1.0
86242,red and black car vinyl,16,0.8931213381860096,0.625,1.0,0.8655263789091964,0.625,1.0,0.8762824239955564,0.625,1.0
86249,red and blue christmas ornaments,40,0.824462390136204,0.2702702702702703,1.0,0.770781527528224,0.24324324324324326,1.0,0.76422653384631,0.24324324324324326,1.0
86296,red buffalo plaid hand towels,16,0.7599087627136031,0.6,1.0,0.913117824150371,0.6666666666666666,1.0,0.8959728713692031,0.6,1.0
86389,red hydrogen one,16,0.6012821195966139,0.5714285714285714,0.2,0.8959896380225926,0.7142857142857143,1.0,0.9089563645368318,0.7142857142857143,1.0
86425,red mock turtleneck women,16,0.8342585510352535,0.625,1.0,0.9201048561927256,0.625,1.0,0.9201048561927256,0.625,1.0
86430,red ninja mask,11,0.9718398215424346,0.9090909090909091,1.0,0.9194177638469057,0.9090909090909091,1.0,0.9337301096947953,0.9090909090909091,1.0
86446,red phone cord coiled,16,0.8406738973785599,0.6923076923076923,1.0,0.9031245763020324,0.6923076923076923,1.0,0.9636744986289199,0.6923076923076923,1.0
86488,red solo cup lids,16,0.8545054423810023,0.6428571428571429,1.0,0.8782948319417031,0.6428571428571429,1.0,0.8748658832152697,0.6428571428571429,1.0
86491,red star sweater,16,0.7944462943510243,0.6428571428571429,1.0,0.7705509777198559,0.5714285714285714,1.0,0.7520531904800654,0.5714285714285714,1.0
86547,red yeast powder,16,0.8931213381860096,0.625,1.0,0.9095711800965612,0.625,1.0,0.8358123573108053,0.625,1.0
86657,reflections of a man amari soul,16,0.8628739860877441,0.625,1.0,0.9630280087714618,0.625,1.0,0.945837011841976,0.625,1.0
86660,reflective cat harness,16,0.8277733098721378,0.625,1.0,0.8450416274581257,0.625,1.0,0.8729105522503534,0.625,1.0
86696,refrigerator mid size,16,0.8445293798418667,0.625,1.0,0.8814499896095266,0.625,1.0,0.8814499896095266,0.625,1.0
86833,rel t5i,16,0.8880156958269811,0.625,1.0,0.8748032409025883,0.625,1.0,0.8748032409025883,0.625,1.0
86844,releev cold sore treatment,30,0.8575851682440412,0.3448275862068966,1.0,0.9091099481035073,0.3448275862068966,1.0,0.9311946892549704,0.3448275862068966,1.0
87006,remote control car for girls,26,0.9305687780632227,0.391304347826087,1.0,1.0,0.43478260869565216,1.0,1.0,0.43478260869565216,1.0
87013,remote control gas fireplace,16,0.8563660371005849,0.625,1.0,0.8731760056343246,0.625,1.0,0.950331592625141,0.625,1.0
87033,remotelync,16,0.8080340185700273,0.6428571428571429,1.0,0.9109639522397343,0.7142857142857143,1.0,0.9109639522397343,0.7142857142857143,1.0
87102,replacement blades for rage 100 grain,16,0.8301262174103774,0.6428571428571429,1.0,0.782909671353072,0.5714285714285714,1.0,0.8116296960207631,0.6428571428571429,1.0
87122,replacement slings for patio chairs,40,0.2760830913658702,0.16666666666666666,0.2,0.6804503724350791,0.3333333333333333,1.0,0.7935840677649109,0.3888888888888889,1.0
87124,replacement steel blade case,16,0.5202996939346293,0.5714285714285714,1.0,0.657691980525148,0.7142857142857143,1.0,0.6236211321432445,0.7142857142857143,1.0
87133,replica ray-bans,16,0.8648376219190134,0.625,1.0,0.8049107101676063,0.625,1.0,0.8049107101676063,0.625,1.0
87180,res med masks cpap,16,0.8178369573097755,0.6,1.0,0.7020660762752023,0.4,1.0,0.7020660762752023,0.4,1.0
87189,reservoir dogs soundtrack,16,0.15325339954248823,0.3333333333333333,0.1111111111111111,0.6562587440102771,0.6666666666666666,1.0,0.7604581534084028,1.0,1.0
87294,retirement without borders,16,0.14957526632378415,0.2,0.1,0.7742769878006599,0.8,1.0,0.8017796388836079,0.8,1.0
87321,retro dresses with pockets for women,16,0.8478333285894862,0.625,1.0,0.9066994325921797,0.625,1.0,0.9066994325921797,0.625,1.0
87349,return gifts,16,0.844711705369503,0.6666666666666666,1.0,0.9809219276072597,0.6666666666666666,1.0,0.9753802240223318,0.6666666666666666,1.0
87366,reusable food storage bags,29,1.0,0.3448275862068966,1.0,1.0,0.3448275862068966,1.0,1.0,0.3448275862068966,1.0
87377,reusable popsicle stick,16,0.977915258848537,0.6666666666666666,1.0,0.8689072001178979,0.6666666666666666,1.0,0.8738330270444725,0.6666666666666666,1.0
87435,revlon lipstick 845,16,0.8713377929180016,0.625,1.0,0.9415815923472802,0.625,1.0,0.9415815923472802,0.625,1.0
87506,rheem 4 ton evaporator coil uncased,10,0.890393687084557,1.0,1.0,0.9662699986524373,1.0,1.0,0.9691534907392041,1.0,1.0
87511,rhinestone buckle bracelets,16,0.9374804556659283,0.625,1.0,0.8628739860877441,0.625,1.0,0.9464539444565814,0.625,1.0
87534,rhinoshield 6s case,16,0.5536191794133902,0.5454545454545454,1.0,0.8322625602575876,0.6363636363636364,1.0,0.8697634928426103,0.7272727272727273,1.0
87542,rib anch,16,0.5078961547485289,0.5,1.0,0.43585732412284295,0.75,0.3333333333333333,0.43585732412284295,0.75,0.3333333333333333
87559,ricardo vera,15,0.6226213723851836,0.4444444444444444,1.0,0.5133882307338125,0.6666666666666666,0.3333333333333333,0.5133882307338125,0.6666666666666666,0.3333333333333333
87565,rice cooker japanese,16,0.8854344362026183,0.625,1.0,0.8899541168509599,0.625,1.0,0.8761702975353033,0.625,1.0
87596,ricky gervais,15,0.6149518506608846,0.5454545454545454,1.0,0.7917063341896683,0.7272727272727273,1.0,0.7917063341896683,0.7272727272727273,1.0
87622,ridgid/ryobi table saw fence,16,0.6877062514489676,0.7142857142857143,0.3333333333333333,0.8707210791568277,0.7142857142857143,1.0,0.8707210791568277,0.7142857142857143,1.0
87628,riding mowers clearance,16,0.740330797383682,0.5,1.0,0.5702205701517395,0.5,0.25,0.5628393352957797,0.5,0.2
87687,rim watch,40,0.7904574384253747,0.25,1.0,0.977915258848537,0.2777777777777778,1.0,0.9463191373920201,0.2777777777777778,1.0
87727,ring doorbell without existing doorbell wiring,16,0.897063815495931,0.6,1.0,0.878174921308699,0.6,1.0,0.8753142497301399,0.6,1.0
87735,ring guard solution,16,0.8586411635015854,0.625,1.0,0.8956754190925701,0.625,1.0,0.9184237706722591,0.625,1.0
87783,ringmaster coat,16,0.8536049655079422,0.625,1.0,0.891997905670028,0.625,1.0,0.885988329884735,0.625,1.0
87915,ro tel mild diced tomatoes & green chilies,40,0.7877736340270854,0.23076923076923078,1.0,0.9787930706003494,0.2564102564102564,1.0,0.9787930706003494,0.2564102564102564,1.0
87923,road cycling shoes men,16,0.9033408782799295,0.625,1.0,0.9292578780090285,0.625,1.0,0.96331803895032,0.625,1.0
87933,roadtripper,16,0.4370794336523784,0.42857142857142855,1.0,0.9803771474638899,1.0,1.0,0.9803771474638899,1.0,1.0
87975,roblox backpack,15,0.8815356064455001,0.7142857142857143,1.0,0.8628013151187776,0.7142857142857143,1.0,0.8628013151187776,0.7142857142857143,1.0
88041,rock and republic pull on jeans women,16,0.8372712750789038,0.625,1.0,0.9191347743715284,0.625,1.0,0.9239794751091568,0.625,1.0
88092,rockford p3 12 inch subwoofer shallow,16,0.876557109965746,0.625,1.0,0.9108579352048268,0.625,1.0,0.8742434014402578,0.625,1.0
88158,rodger in concert dvd,16,0.5912352048230277,1.0,0.5,0.38895809436805434,1.0,0.14285714285714285,0.3618149835636159,1.0,0.1111111111111111
88209,rohs ground spot solar lights,16,0.9295204907858209,0.625,1.0,0.9295204907858209,0.625,1.0,0.9295204907858209,0.625,1.0
88250,rolex daytona watches for men,40,0.7833222593171404,0.25,1.0,0.7940786669462508,0.25,1.0,0.6950477058805402,0.25,1.0
88280,roller bearings for pipe,16,0.7310547783566691,0.75,1.0,0.8398934166890106,0.875,1.0,0.8204613412007847,0.75,1.0
88295,roller skates for womens size 8,16,0.6933052034377527,0.75,1.0,0.776228742538626,0.75,1.0,0.705768677952773,0.75,1.0
88319,rolling pin without handles,40,0.839930626726795,0.25,1.0,0.6794189632124181,0.2222222222222222,1.0,0.674267069723833,0.2222222222222222,1.0
88407,roof tiles,16,0.9233163129857754,0.6923076923076923,1.0,0.8519060536323956,0.6153846153846154,1.0,0.8509885203311877,0.6153846153846154,1.0
88427,room decor for dolls,16,0.6955154851537847,0.6363636363636364,1.0,0.701739407748443,0.6363636363636364,1.0,0.6914503282817316,0.6363636363636364,1.0
88550,rope ratchet tie downs 1/4,16,0.9045513367491769,0.625,1.0,0.8788862375801427,0.625,1.0,0.8856605027646288,0.625,1.0
88629,rose gold watch,16,0.905352649993056,0.625,1.0,0.9468817998296742,0.625,1.0,0.9533497162960899,0.625,1.0
88646,rose tablecloth plastic,40,0.9292578780090285,0.25,1.0,0.9091099481035073,0.25,1.0,0.9452601378978908,0.25,1.0
88661,rosette iron,16,0.96331803895032,0.625,1.0,0.9684038785434832,0.625,1.0,0.96331803895032,0.625,1.0
88767,round running boards,16,0.9534606181487504,0.625,1.0,0.9400228393296095,0.625,1.0,0.9170305576591352,0.625,1.0
88831,roxy boots for women,40,0.9556493299547569,0.2631578947368421,1.0,0.9072672767940164,0.2631578947368421,1.0,0.7394710437153595,0.21052631578947367,1.0
88866,royal blue strapless bra,16,0.6681518142897315,0.5714285714285714,1.0,0.8025418715678592,0.6428571428571429,1.0,0.7907826061734139,0.6428571428571429,1.0
88891,royal shade rectangle shade,16,0.7004805482085634,0.5833333333333334,1.0,0.80740433719337,0.5833333333333334,1.0,0.5619042365064592,0.5,1.0
88929,rubber block heel shoes,16,0.8742434014402578,0.625,1.0,0.9309396307820335,0.625,1.0,0.9309396307820335,0.625,1.0
88935,rubber coaster,12,0.8789139013573601,0.8333333333333334,1.0,0.9738050896605512,0.8333333333333334,1.0,0.964322911837152,0.8333333333333334,1.0
88942,rubber ducks without holes,40,0.9240532084982401,0.29411764705882354,1.0,0.6582401198537965,0.23529411764705882,1.0,0.6416504123971404,0.23529411764705882,1.0
88962,rubber stamp cleaning pad,16,0.6288354843988732,0.5555555555555556,0.5,0.8060630413396492,0.6666666666666666,1.0,0.8604252578394476,0.7777777777777778,1.0
88995,rubble lunch box,11,0.8235357118849936,0.9,1.0,0.9819301753860975,1.0,1.0,0.9680595265496884,1.0,1.0
89048,ruffle coat,16,0.7888688323685816,1.0,1.0,0.431992295847858,0.75,0.25,0.11751610475642714,0.25,0.1111111111111111
89080,rug non slip pad 9x9 square,16,0.9008636626471187,0.625,1.0,0.9634117275431491,0.625,1.0,1.0,0.625,1.0
89186,running shorts without liner,40,0.9401742983047275,0.2564102564102564,1.0,0.8938868170135428,0.2564102564102564,1.0,0.8641948777454749,0.2564102564102564,1.0
89193,running tights with pockets women,16,0.96331803895032,0.625,1.0,0.9537125187088152,0.625,1.0,0.9537125187088152,0.625,1.0
89212,russel westbrook rockets jersey,16,0.8407745039420773,0.625,1.0,0.8873953697089734,0.625,1.0,0.8718100226619487,0.625,1.0
89282,rutgers womens soccer hoodie,16,0.8694649081061889,0.8181818181818182,1.0,0.6839918611773858,0.6363636363636364,1.0,0.7095970400112586,0.6363636363636364,1.0
89291,rv,16,0.7868848802918909,1.0,1.0,0.9242014670639592,1.0,1.0,0.9242014670639592,1.0,1.0
89339,rv sink drain,16,0.9005598165256876,0.7692307692307693,1.0,0.8215240827949252,0.6153846153846154,0.5,0.8486053996015114,0.6153846153846154,1.0
89349,rv water pump camper,16,0.8677250142654676,0.625,1.0,0.9068860597565463,0.625,1.0,0.9191852126207546,0.625,1.0
89386,ryans world toy egg blue,16,0.8849613571928605,0.6,1.0,0.9232876577893936,0.6,1.0,0.9204284040430248,0.6,1.0
89416,ryzen 11,16,0.6441481493727788,0.5714285714285714,1.0,0.7270171407818214,0.8571428571428571,1.0,0.722311194041514,0.8571428571428571,1.0
89503,s9 case otterbox,16,0.7309353580162706,0.6153846153846154,1.0,0.8308523174768955,0.6153846153846154,1.0,0.8308523174768955,0.6153846153846154,1.0
89511,s9 screen protector,31,0.8899541168509599,0.36,1.0,0.92663607790064,0.36,1.0,0.92663607790064,0.36,1.0
89705,sailcloth watch strap,16,0.8133748563544841,0.625,1.0,0.9503685460796545,0.625,1.0,0.9369437337067622,0.625,1.0
89710,sailor moon costume women plus size,16,0.8615730776370862,0.6923076923076923,1.0,0.7870179323468909,0.6153846153846154,1.0,0.790336356464775,0.6153846153846154,1.0
89714,sailor moon volume 3 and 4,16,0.8760190798793699,0.625,1.0,0.9702075805162398,0.625,1.0,0.9681831273090041,0.625,1.0
89875,salwar kameez suit women ready to wear anarkhali,16,0.8944237331179311,0.625,1.0,0.9025562822471299,0.625,1.0,0.8848234548370705,0.625,1.0
89882,sam trick r treat costume,16,0.8234075117522097,0.5384615384615384,1.0,0.9307858695716477,0.6923076923076923,1.0,0.919274750268598,0.6923076923076923,1.0
89899,samoyed tank top,16,0.941233297798857,0.625,1.0,1.0,0.625,1.0,1.0,0.625,1.0
89943,samsung 800 watch,16,0.8303841534329398,0.6428571428571429,0.5,0.9034808669564318,0.6428571428571429,1.0,0.9052522802927104,0.6428571428571429,1.0
89974,samsung a50 covers,16,0.9240322980371874,0.6666666666666666,1.0,0.8569028811657023,0.6,1.0,0.8535821214476195,0.6,1.0
90012,samsung earbuds standalone,16,0.8133054470181104,0.6666666666666666,1.0,0.8995814470333734,0.6,1.0,0.9039986674100924,0.6,1.0
90086,samsung galaxy note 10 plus otter box,16,0.9409949667538079,0.625,1.0,0.8177817112618648,0.625,1.0,0.8221627704134044,0.625,1.0
90109,samsung galaxy s10 certified refurbished unlocked,11,0.939795265856732,0.9090909090909091,1.0,0.9057792647101883,0.9090909090909091,1.0,0.8920113565270845,0.9090909090909091,1.0
90123,samsung galaxy s20 wallet case for women,16,0.92663607790064,0.6,1.0,0.914856882358379,0.6,1.0,0.8899541168509599,0.6,1.0
90258,samsung s10 plus rfid case,16,0.590523946511159,0.5833333333333334,0.3333333333333333,0.8271255388199021,0.75,1.0,0.9325529512299331,0.8333333333333334,1.0
90285,samsung s8 case,16,0.914856882358379,0.6,1.0,0.7799082337019199,0.6,0.5,0.7799082337019199,0.6,0.5
90286,samsung s8 charger,16,0.7430580004525728,0.5454545454545454,1.0,0.8376318198599177,0.6363636363636364,1.0,0.8800456786592188,0.7272727272727273,1.0
90322,samsung tablet case 8 inch,16,0.9716189607861263,0.625,1.0,0.942271122217258,0.625,1.0,0.9526603142741242,0.625,1.0
90331,samsung the frame tv 49 inch,16,0.8931181750461552,0.6428571428571429,1.0,0.8777659126970082,0.5714285714285714,1.0,0.9293738482626764,0.6428571428571429,1.0
90401,sand filter gauge,16,0.791400115050681,0.6923076923076923,1.0,0.9018531075669352,0.6923076923076923,1.0,0.9311045602743124,0.6923076923076923,1.0
90525,santa stamp,16,0.613755010630702,0.45454545454545453,0.5,0.7393867909104,0.5454545454545454,1.0,0.9191833050836452,0.8181818181818182,1.0
90552,sapphire and alexandrite bracelet,16,0.7617586394921187,0.6,1.0,0.8240372358589056,0.6,1.0,0.8240372358589056,0.6,1.0
90609,sash kilt,16,0.5695138683688933,0.5,0.3333333333333333,0.7179759961928293,0.6666666666666666,0.5,0.6936030731323595,0.6666666666666666,0.5
90618,sassy lashes glue,16,0.9106481668442037,0.625,1.0,0.898342265823684,0.625,1.0,0.8995814470333734,0.625,1.0
90619,sasuke costume adult,40,0.5742464432134077,0.23076923076923078,1.0,0.892772141206916,0.34615384615384615,1.0,0.8833444073495264,0.34615384615384615,1.0
90643,satin mint green bow tie,16,0.872528428638774,0.6666666666666666,1.0,0.8991987231687164,0.6666666666666666,1.0,0.858357995394443,0.6666666666666666,1.0
90691,saucony womens running shoes,16,0.3732701603421323,0.5,0.25,0.5318849152533146,1.0,0.3333333333333333,0.47372081451424336,1.0,0.3333333333333333
90790,scalextric,16,0.895039956444123,0.625,1.0,0.92663607790064,0.625,1.0,0.92663607790064,0.625,1.0
90797,scalp dandruff,16,0.911298659909514,0.8,1.0,0.6773615634168193,0.5,1.0,0.5816186494544744,0.4,1.0
90928,school essentials kids,16,0.5747535260093055,0.5384615384615384,1.0,0.6752333587902098,0.5384615384615384,1.0,0.5230388034215362,0.5384615384615384,0.3333333333333333
90979,science bulletin board borders,16,0.9716189607861263,0.625,1.0,0.9045513367491769,0.625,1.0,0.9045513367491769,0.625,1.0
91027,scooby-doo and shaggy mystery machine imaginext,16,0.9361767385157805,0.625,1.0,0.9361767385157805,0.625,1.0,0.9339091084314125,0.625,1.0
91035,scooter carburetor,16,0.9471643200863396,0.625,1.0,0.9716189607861263,0.625,1.0,0.9716189607861263,0.625,1.0
91043,scootering knee pads,16,0.8288238167499891,0.625,1.0,0.9262688623283958,0.625,1.0,0.9074318324770688,0.625,1.0
91075,scotchguard fabric and upholstery protector,16,0.41542986614467603,0.5555555555555556,0.5,0.6989596219311941,0.5555555555555556,1.0,0.7567540450952539,0.6666666666666666,1.0
91336,sealed hinge,16,0.8182623684504364,0.6666666666666666,1.0,0.9110666456082572,0.8333333333333334,1.0,0.9380132151824692,0.8333333333333334,1.0
91377,seat,16,0.8090716614227996,0.7,1.0,0.6384239897199767,0.7,0.3333333333333333,0.6410457898283654,0.7,0.3333333333333333
91472,security + mike meyers,16,0.8478333285894862,0.625,1.0,1.0,0.625,1.0,0.9877841797012169,0.625,1.0
91480,security camera system poe 64,16,0.9187747873539327,0.625,1.0,0.8891004122394534,0.625,1.0,0.8762824239955564,0.625,1.0
91488,security cameras without internet,16,0.8718020758620797,0.6,1.0,0.6926388756262281,0.6,0.5,0.7362488541676194,0.6,1.0
91643,self winding watches for women,16,0.9188159099299589,0.625,1.0,0.9283272902350127,0.625,1.0,0.9019358382892843,0.625,1.0
91672,selphy cp910 ink and paper,16,0.9008768387951549,0.625,1.0,0.8899541168509599,0.625,1.0,0.9054291485009893,0.625,1.0
91674,selsun yellow medicated shampoo,40,0.8581807837661062,0.25,1.0,0.7421012228848234,0.25,1.0,0.7741482887106914,0.25,1.0
91722,senorita shawn mendes camila cabello,16,0.8237008743827077,0.6923076923076923,1.0,0.714715225506563,0.6153846153846154,1.0,0.714715225506563,0.6153846153846154,1.0
91924,setting soray,16,0.9322536887490998,0.625,1.0,0.96331803895032,0.625,1.0,0.92663607790064,0.625,1.0
91961,sevylor trolling motor mount,16,0.525987968203747,0.5,1.0,0.547128870240163,0.625,0.5,0.49950278800649617,0.625,0.3333333333333333
91962,sew barbie clothes,16,0.8487602261899732,0.6666666666666666,1.0,0.8650065797672026,0.6,1.0,0.726509968568464,0.6,0.5
91966,sew patterns for beginners,16,0.8687292333386736,0.625,1.0,0.8732897589519437,0.625,1.0,0.8687292333386736,0.625,1.0
91973,sewing basket without accessories,39,0.930316877503158,0.2564102564102564,1.0,0.9567083294488864,0.2564102564102564,1.0,0.9526603142741242,0.2564102564102564,1.0
92238,shampoo without water,40,0.8833444073495264,0.3125,1.0,0.6971354826906576,0.25,1.0,0.7616408777008603,0.28125,1.0
92241,shandler,16,0.5831502144054365,0.7142857142857143,0.5,0.5912212512046474,0.5714285714285714,1.0,0.5912212512046474,0.5714285714285714,1.0
92270,shaping cream tee tree,16,0.8772081219537043,0.625,1.0,0.8676026017121995,0.625,1.0,0.9547715182029446,0.625,1.0
92274,shaquanda's hot pepper sauce,40,0.6950477058805402,0.25,1.0,0.8829771917772822,0.25,1.0,0.8829771917772822,0.25,1.0
92343,shaving cream barbasal under 5,10,0.7067613593069952,1.0,0.5,0.668399159573456,1.0,0.5,0.580114448829551,1.0,0.3333333333333333
92350,shayla black wicked lovers series,40,0.7779312497307663,0.2222222222222222,1.0,0.9684038785434832,0.2777777777777778,1.0,0.9684038785434832,0.2777777777777778,1.0
92360,she cow story,16,0.6461438622906608,0.5714285714285714,1.0,0.6966213915501555,0.8571428571428571,0.5,0.6966213915501555,0.8571428571428571,0.5
92399,sheds wood,40,0.9063728329829395,0.25,1.0,0.8799813810372109,0.25,1.0,0.8799813810372109,0.25,1.0
92459,shein short set,40,0.857096336011122,0.2571428571428571,1.0,0.7900799128882461,0.22857142857142856,1.0,0.7437924315970613,0.22857142857142856,0.5
92512,sherling boot over knee,16,0.8762620600420185,0.625,1.0,0.9838938112173669,0.625,1.0,0.9838938112173669,0.625,1.0
92589,shine rope,16,0.7514960174360098,0.5833333333333334,1.0,0.8413717021626568,0.5833333333333334,1.0,0.7244255287929785,0.5833333333333334,0.3333333333333333
92600,shiny powder,16,0.8582638554579922,0.6923076923076923,1.0,0.8322252390682178,0.6923076923076923,1.0,0.897063815495931,0.6923076923076923,1.0
92601,shiny printer s-844,16,0.9074250374176304,0.6,1.0,1.0,0.6666666666666666,1.0,0.8532721558012799,0.6,0.5
92607,shipping tape subscribe and save,16,0.9260210220071132,0.625,1.0,0.8702972153195014,0.625,1.0,0.8702972153195014,0.625,1.0
92621,shirt ladies,16,0.9477344873475498,0.6,1.0,0.955830517697074,0.6,1.0,0.955830517697074,0.6,1.0
92635,shirts for young adults women,16,0.7421246259355074,0.5384615384615384,1.0,0.6969179698201174,0.5384615384615384,1.0,0.6969179698201174,0.5384615384615384,1.0
92682,shoe flat container,16,0.790610271579411,0.6,1.0,0.6698886269485457,0.6,0.5,0.739176719460751,0.6,0.5
92817,short curtain rod,16,0.8298828162441185,0.625,1.0,0.9093618486635722,0.625,1.0,0.9104208481577016,0.625,1.0
92843,short shorts,16,0.8862369535509269,0.625,1.0,0.8914938467895037,0.625,1.0,0.8698274394183899,0.625,1.0
92905,shotski board with glasses,16,0.6072932468732306,0.6666666666666666,0.5,0.8461358462028862,0.7777777777777778,1.0,0.8742434644132063,0.8888888888888888,1.0
92967,shower curtains set,16,0.9032467383434786,0.625,1.0,0.8738330270444725,0.625,1.0,0.9085781768482107,0.625,1.0
92989,shower head with handheld spray,16,0.8893310924402134,0.625,1.0,0.8953930990586252,0.625,1.0,0.8931995981800314,0.625,1.0
93031,showgirls,16,0.23719771276929622,0.5,0.2,0.6131471927654584,0.5,1.0,0.6131471927654584,0.5,1.0
93124,sidelight blinds,16,0.5643017930628019,0.5714285714285714,0.25,0.8538901932071302,1.0,1.0,0.8223511046248959,1.0,0.5
93284,silicone measuring cups for epoxy resin,16,0.8887162989570667,0.6666666666666666,1.0,0.8870722007635157,0.6666666666666666,1.0,0.8970728551331143,0.6666666666666666,1.0
93309,silicone sleeve for 32 oz water bottle,16,0.8357804136936721,0.6666666666666666,1.0,0.7191184989488185,0.5833333333333334,1.0,0.6163668470816235,0.5833333333333334,0.5
93329,silk baseball cap,16,0.9210549436111511,0.75,1.0,0.7254120495943598,0.75,0.5,0.7254120495943598,0.75,0.5
93355,silk robe,16,0.900910276853416,0.6666666666666666,1.0,0.879321277863217,0.6666666666666666,1.0,0.8673355019825832,0.6666666666666666,1.0
93548,silver pothos,16,0.7780817214418947,0.5714285714285714,1.0,0.9224916613813872,0.5714285714285714,1.0,0.9191065052205397,0.5714285714285714,1.0
93551,silver rhinestone hair cc clips,16,0.4755155599970021,0.6,1.0,0.9351954473783397,1.0,1.0,0.9293738963999827,1.0,1.0
93555,silver rings for men,16,0.9738672436737749,0.625,1.0,0.9716189607861263,0.625,1.0,0.9684038785434832,0.625,1.0
93620,simms flyweight wet wading shoe,33,0.46614079669763836,0.23809523809523808,1.0,0.5087197927576009,0.2857142857142857,1.0,0.5409150298872675,0.2857142857142857,1.0
93793,sipsnap,40,0.30381241198626596,0.23529411764705882,0.5,0.12738724252857994,0.11764705882352941,0.16666666666666666,0.12738724252857994,0.11764705882352941,0.16666666666666666
93845,siu carbondale,16,0.7708688724052365,0.6363636363636364,1.0,0.8630152897016882,0.7272727272727273,1.0,0.8341337831078465,0.6363636363636364,1.0
93851,six swing for couples ceiling,40,0.5421152460893932,0.5,0.5,0.6115695793743334,0.5,0.25,0.5580459383835431,0.4166666666666667,0.25
93903,size 8 boys sandals,16,0.7034070118974889,0.6666666666666666,1.0,0.7896306444579116,0.7777777777777778,1.0,0.7968122862908269,0.7777777777777778,1.0
93941,skateboard grind box,16,0.8920547382848749,0.625,1.0,0.9247599960299875,0.625,1.0,0.9274918098849939,0.625,1.0
93970,skechers foam memory,16,0.863837194967198,0.625,1.0,0.9117600898388621,0.625,1.0,0.8517201243279723,0.625,1.0
93987,skechers wide fit shoes,16,0.9680930227788921,0.625,1.0,0.8903818700168974,0.625,1.0,0.8642432749795501,0.625,1.0
94027,sketchers leopard sneakers,12,0.8804147730807662,0.8181818181818182,1.0,0.960926046354781,0.9090909090909091,1.0,0.9553317399633785,0.9090909090909091,1.0
94067,ski scooter,16,0.8611375561264455,0.6666666666666666,1.0,0.8606337550063158,0.5833333333333334,1.0,1.0,0.8333333333333334,1.0
94074,skid steer,16,0.8717225911584389,0.6923076923076923,1.0,0.9355410932396842,0.7692307692307693,1.0,0.9638427605030733,0.7692307692307693,1.0
94089,skillet rebirthing,16,0.9128522585849833,0.6666666666666666,1.0,0.8861473952002319,0.6,1.0,0.8861473952002319,0.6,1.0
94100,skin cleanser for mature skin,16,0.8934530569715042,0.625,1.0,0.8712305422637917,0.625,1.0,0.8674684351761345,0.625,1.0
94150,skins for a 15.6 laptop white tiger,16,0.8639708583713864,0.6428571428571429,1.0,0.9706903398068095,0.7142857142857143,1.0,0.9427691298950186,0.7142857142857143,1.0
94151,skins for swimming,16,0.7720617383222418,0.5833333333333334,1.0,0.8389574121760602,0.6666666666666666,1.0,0.8454256604216018,0.6666666666666666,1.0
94197,skull bong,15,0.5820949220712639,0.3333333333333333,1.0,0.7900871369011064,0.8333333333333334,1.0,0.81104675464482,0.8333333333333334,1.0
94264,slap chopper,16,0.9307066738505995,0.625,1.0,0.9504318313235595,0.625,1.0,1.0,0.625,1.0
94322,sleeping bear bag,14,0.9042362929039349,0.7142857142857143,1.0,0.9877841797012169,0.7142857142857143,1.0,1.0,0.7142857142857143,1.0
94388,sliding glass door curtains gold,16,0.9392148330510314,0.625,1.0,0.9504318313235595,0.625,1.0,1.0,0.625,1.0
94414,slim fit satin shirts for men,16,0.8677250142654676,0.625,1.0,0.9630280087714618,0.625,1.0,0.9630280087714618,0.625,1.0
94479,slip and slide,16,0.7970112042651889,0.6,1.0,0.889827751703494,0.6,1.0,0.8794011947621517,0.6,1.0
94488,slip on combat,16,0.875799875528198,0.6428571428571429,1.0,0.8780537415276913,0.6428571428571429,1.0,0.8780537415276913,0.6428571428571429,1.0
94552,slower feeder dog bowl,40,1.0,0.2564102564102564,1.0,1.0,0.2564102564102564,1.0,1.0,0.2564102564102564,1.0
94575,small 3 drawer organizer,16,0.8438987745150685,0.6666666666666666,1.0,0.7669271117034439,0.6,1.0,0.7904664308134559,0.6,1.0
94589,small basket,24,0.8436666355597752,0.4166666666666667,1.0,0.9716189607861263,0.4166666666666667,1.0,0.9537125187088152,0.4166666666666667,1.0
94631,small camping blanket,16,0.836516946630312,0.625,1.0,0.8764492977988333,0.625,1.0,0.8810437468872236,0.625,1.0
94657,small coffee serving dividing containers,16,0.3853585682515056,0.5,0.5,0.7606395682357036,1.0,0.5,0.7606395682357036,1.0,0.5
94801,small metal wall decor for kitchen,16,0.9517825025223118,0.625,1.0,0.96331803895032,0.625,1.0,0.9684038785434832,0.625,1.0
94802,small michael kors handbags,40,0.9283272902350127,0.2564102564102564,1.0,0.8454519878305988,0.23076923076923078,1.0,0.8223082471850064,0.23076923076923078,1.0
94808,small mini rope basket hanging plants,16,0.8429710413630962,0.625,1.0,0.9015805353606829,0.625,1.0,0.9030651717322699,0.625,1.0
94839,small picture frames,32,0.8731217107730287,0.42105263157894735,1.0,0.777299036890523,0.3684210526315789,1.0,0.6136664310699538,0.2631578947368421,0.5
94867,small rectangle tapestry,16,0.9177614288673481,0.6666666666666666,1.0,0.7980163304087735,0.6,1.0,0.8152073273382592,0.6,1.0
94897,small shelf bracket,16,0.8638213605247348,0.625,1.0,0.8582638554579922,0.625,1.0,0.9188159099299589,0.625,1.0
94907,small sized glass jars,16,0.8562285995968465,0.625,1.0,0.9790468959828571,0.625,1.0,0.976416082725736,0.625,1.0
94909,small son urn,16,0.7236887188563033,0.8333333333333334,0.25,0.8054450941596385,0.6666666666666666,1.0,0.841355635819092,0.6666666666666666,1.0
94934,small thanksgiving plates,16,0.8336577557830873,0.625,1.0,0.8840293962119731,0.625,1.0,0.8894354423035976,0.625,1.0
94947,small vaccum,16,0.8674684351761345,0.625,1.0,0.8724617722799048,0.625,1.0,0.8724617722799048,0.625,1.0
94959,small waterproof rustproof outdoor combination locks,16,0.7864063034980787,0.625,1.0,0.9188767198799128,0.625,1.0,0.9214152689816536,0.625,1.0
94975,smallest dot approved motorcycle helmet,16,1.0,0.625,1.0,1.0,0.625,1.0,1.0,0.625,1.0
95078,smart watch no bluetooth,16,0.893006951876298,0.625,1.0,0.86393354779784,0.625,1.0,0.8381657123202053,0.625,1.0
95156,smell proofgrinder,16,0.5732830605931974,0.6666666666666666,0.5,0.498649196469161,0.5555555555555556,0.5,0.498649196469161,0.5555555555555556,0.5
95159,smikless grill,16,0.9504120313864757,0.625,1.0,0.9517825025223118,0.625,1.0,0.9388633982505333,0.625,1.0
95164,smile.a,16,0.474973319266157,0.4444444444444444,1.0,0.6799154709082739,0.6666666666666666,1.0,0.6799154709082739,0.6666666666666666,1.0
95214,smooth flow faucet,16,0.8132281965503025,0.5833333333333334,1.0,0.6029340988068658,0.5,0.2,0.6241410282065163,0.5,0.2
95436,snowboard gear xxl,16,0.9537125187088152,0.625,1.0,0.9275797623825901,0.625,1.0,0.9275797623825901,0.625,1.0
95473,snowmobile apparel mens,16,0.45552447691049985,1.0,0.25,0.18544220250848545,0.0,0.09090909090909091,0.18544220250848545,0.0,0.09090909090909091
95491,snug headphones kids noise cancelling,16,0.85421584028323,0.625,1.0,0.9439492378436964,0.625,1.0,0.9439492378436964,0.625,1.0
95496,snuggle kitty with heartbeat,16,0.7551856559098525,0.5454545454545454,1.0,0.8078435793025204,0.7272727272727273,0.5,0.8326035885569864,0.7272727272727273,1.0
95534,soaking bin for sink,16,0.9734716406243215,0.625,1.0,0.9590608212690682,0.625,1.0,0.8980399469609298,0.625,1.0
95570,soccer balls size 5,16,0.9471643200863396,0.625,1.0,0.9349369997364463,0.625,1.0,0.9400228393296095,0.625,1.0
95609,sock,16,1.0,0.6666666666666666,1.0,0.7799082337019199,0.6,0.5,0.7799082337019199,0.6,0.5
95660,soderless led strip connectors,16,0.9421111095506693,0.625,1.0,0.911793259090854,0.625,1.0,0.9684038785434832,0.625,1.0
95679,sofa for kids boys,16,0.7104770117651426,0.6153846153846154,0.5,0.7133080652109929,0.5384615384615384,1.0,0.7026305163854645,0.5384615384615384,1.0
95684,sofa pillows blue and white,39,0.893961424600435,0.2903225806451613,1.0,0.6899022952057355,0.22580645161290322,0.3333333333333333,0.6411203974152577,0.22580645161290322,0.3333333333333333
95697,sofa tables narrow long with storage,40,0.9738672436737749,0.2564102564102564,1.0,0.9684038785434832,0.2564102564102564,1.0,0.9738672436737749,0.2564102564102564,1.0
95730,soft cotton bandana,16,0.8650065797672026,0.625,1.0,0.8700847977586061,0.625,1.0,0.8657064098773878,0.625,1.0
95758,soft serve ice cream maker,16,0.8032413245138901,0.6153846153846154,1.0,0.8625343522263559,0.6153846153846154,1.0,0.8419397662918129,0.6923076923076923,1.0
95789,softpick,16,0.8490535262018611,0.625,1.0,0.8251820543547808,0.625,1.0,0.8251820543547808,0.625,1.0
95790,softscrub lemon without bleach,41,0.745635102906552,0.25806451612903225,1.0,0.6500138056048825,0.22580645161290322,1.0,0.3997991215445576,0.1935483870967742,0.3333333333333333
95855,solar lights outdoor without motion sensor,40,0.798046248209301,0.23684210526315788,1.0,0.7418664650160791,0.23684210526315788,1.0,0.7611716454355396,0.23684210526315788,1.0
95898,sold by amazon.com,16,0.9295165736285318,0.6666666666666666,1.0,0.9034923372550475,0.6666666666666666,1.0,0.9034923372550475,0.6666666666666666,1.0
95905,soldadora mig,36,0.8288238167499891,0.30303030303030304,1.0,0.8242978344531515,0.30303030303030304,1.0,0.7994759781811206,0.30303030303030304,1.0
95927,solid black 200x tanning lotion,40,0.5707816708450079,0.24324324324324326,0.5,0.8118592949463851,0.2702702702702703,1.0,0.8065433178229364,0.2702702702702703,1.0
96056,sonos move,16,0.7559255098653999,0.5454545454545454,1.0,0.7065028404917907,0.45454545454545453,0.5,0.6859897360910884,0.45454545454545453,0.3333333333333333
96084,sony a7iii camera wrap,16,0.6101240619830763,0.5,1.0,0.5280956204415419,0.5,0.5,0.5280956204415419,0.5,0.5
96085,sony a7iii lens zeiss,16,0.6208783344050205,0.6363636363636364,1.0,0.591445282403674,0.6363636363636364,1.0,0.6113539901674895,0.6363636363636364,1.0
96107,sony dsc-rx10m4 wireless remote,16,0.549595377622324,0.75,0.5,0.7923008545654285,0.875,1.0,0.8342347179444468,0.875,1.0
96179,sony xperia 1 case spigen,16,0.6638166216069408,0.5714285714285714,1.0,0.937477909988972,0.6428571428571429,1.0,0.9275902154241632,0.6428571428571429,1.0
96262,sopranos,16,0.6659485553357845,0.6363636363636364,1.0,1.0,0.9090909090909091,1.0,1.0,0.9090909090909091,1.0
96342,sour honey,16,0.7090739716750306,0.5714285714285714,0.5,1.0,0.7142857142857143,1.0,1.0,0.7142857142857143,1.0
96408,spa candles relaxing,16,0.8409092095099121,0.625,1.0,0.966935622140074,0.625,1.0,0.966935622140074,0.625,1.0
96486,spanx back seam skinny pants,30,0.747633425031452,0.3333333333333333,0.5,0.7208552251639209,0.2962962962962963,1.0,0.6839667299017888,0.2962962962962963,1.0
96499,sparco r100 seat,16,0.8391613887241232,0.5714285714285714,1.0,0.9701569887965192,0.6428571428571429,1.0,0.9360300959926362,0.5714285714285714,1.0
96605,speck moto z2 play case,15,0.3868528072345416,0.5,0.5,1.0,1.0,1.0,1.0,1.0,1.0
96724,spices for food,16,0.1878260596438823,0.2,0.2,0.5330382147297589,0.6,0.3333333333333333,0.7074907061257433,0.8,0.5
96729,spicy chips,16,0.8093047238416221,0.625,1.0,0.9128420340474372,0.625,1.0,0.9117600898388621,0.625,1.0
96733,spicy ramen noodles sauce,16,0.8873712474485601,0.625,1.0,0.8371510659947925,0.625,1.0,0.843515176584657,0.625,1.0
96736,spider capelet,16,0.5096021587629506,0.75,0.3333333333333333,0.7752460072058683,0.75,1.0,0.7752460072058683,0.75,1.0
96748,spider mirrorless camera holster,14,0.9375779842738845,0.7692307692307693,1.0,0.8039792733908363,0.6923076923076923,0.5,0.8032187494927926,0.6923076923076923,0.5
96762,spiderman bike for 3 year old,16,0.7677647725359167,0.7,1.0,0.6723874862509323,0.5,1.0,0.6173414600578959,0.4,1.0
96779,spiderman gloves for kids,15,0.7374221447303884,0.6428571428571429,1.0,0.8665071052548664,0.6428571428571429,1.0,0.8529960962365604,0.6428571428571429,1.0
96793,spiderman shirt women,16,0.897063815495931,0.6923076923076923,1.0,0.6242322474067892,0.5384615384615384,1.0,0.6530488081313035,0.5384615384615384,1.0
96836,spill proof cups for kids,16,0.8965209389184615,0.625,1.0,0.830753023036929,0.625,1.0,0.830753023036929,0.625,1.0
96858,spinners game dominoes,40,0.8498114746470676,0.2777777777777778,1.0,0.8205296899736211,0.2777777777777778,1.0,0.8181597904252975,0.2777777777777778,1.0
96955,spongebob halloween costume,16,0.8777267965010667,0.6,1.0,0.9510907186004267,0.6,1.0,0.9537125187088151,0.6,1.0
96956,spongebob meme keychain,16,0.6720623344629513,0.8,1.0,0.9592280540855558,1.0,1.0,0.7594151706955905,1.0,0.5
96969,spooky hourglass,16,0.674977080061313,0.6666666666666666,1.0,0.7368377324683617,0.5555555555555556,1.0,0.7101735266221861,0.5555555555555556,1.0
96981,spoozie booster pads,16,0.8387132349396763,0.625,1.0,0.9216078337548721,0.625,1.0,0.9307386565482239,0.625,1.0
97081,spray foam,16,1.0,0.6666666666666666,1.0,0.9065559605225726,0.6,1.0,0.8982550386867663,0.6,1.0
97114,spring powered sig p226,16,0.6769806941341833,0.75,0.2,0.7425252126757551,0.75,1.0,0.7425252126757551,0.75,1.0
97159,spy jackman,16,0.0,0.0,0.09090909090909091,0.4306765580733931,1.0,0.25,0.4306765580733931,1.0,0.25
97222,square white clock,16,0.9087355247690917,0.625,1.0,0.9032447701391095,0.625,1.0,0.9087355247690917,0.625,1.0
97223,square white dresser,16,0.8225123803660319,1.0,1.0,0.7514287215329766,0.8333333333333334,0.5,0.7755144832880777,0.8333333333333334,0.5
97231,squeaky balls for large dogs,16,0.8665647772937985,0.625,1.0,0.843515176584657,0.625,1.0,0.8445741760787864,0.625,1.0
97404,stained glass remnants,15,0.6196661676872032,0.625,1.0,0.9098999913476323,0.875,1.0,0.9496719893335549,1.0,1.0
97445,stainless steel pot without handle,40,0.5250348027339289,0.22727272727272727,1.0,0.59747886645743,0.22727272727272727,1.0,0.5161217948215218,0.18181818181818182,1.0
97464,stair climbing wheelchair,40,0.7682860030028366,0.3076923076923077,1.0,0.8436666355597752,0.34615384615384615,1.0,0.7975167679274938,0.3076923076923077,1.0
97469,stair treads non-slip blue 8×30,16,0.9066994325921797,0.625,1.0,0.9772274824155974,0.625,1.0,0.9877841797012169,0.625,1.0
97478,stamina x air rower,16,0.8726505703289015,0.625,1.0,1.0,0.625,1.0,1.0,0.625,1.0
97510,stand mixers kenmore,16,0.9035650050446238,0.5714285714285714,1.0,0.8340611153182703,0.5714285714285714,1.0,0.8340611153182703,0.5714285714285714,1.0
97535,standard pillow sham navy coral,16,0.9073404118790404,0.625,1.0,0.9700433677407578,0.625,1.0,0.9491691951745673,0.625,1.0
97597,star jeans,15,0.5871721886388873,0.5833333333333334,1.0,0.8745377396775714,0.75,1.0,0.8493636785967345,0.75,1.0
97615,star shape glitter,16,0.9750155150926976,0.625,1.0,0.8788381247696451,0.625,1.0,0.7878017960367155,0.625,1.0
97628,star trek jersey,16,0.6195315518058971,0.5384615384615384,1.0,0.7301011205840999,0.6153846153846154,1.0,0.7301011205840999,0.6153846153846154,1.0
97649,star wars dark side ornament,16,0.5199051609222561,0.5714285714285714,0.5,0.9097689829907456,1.0,1.0,0.9030574723506608,1.0,1.0
97672,star wars jacket big and tall,16,0.9547715182029446,0.6666666666666666,1.0,0.9787930706003494,0.6666666666666666,1.0,0.9787930706003494,0.6666666666666666,1.0
97835,steakout blu-ray,14,0.34755243272219133,1.0,0.1111111111111111,0.35195904451706733,0.5,0.3333333333333333,0.35195904451706733,0.5,0.3333333333333333
97837,stealth cam trail camera 12v/solar auxiliary power pack,16,0.7209993263291218,0.625,1.0,0.6811416096378852,0.625,1.0,0.6998793950307056,0.625,1.0
97840,steam basket for instant pot 6qt,16,0.8802502703583887,0.625,1.0,0.8607834596032454,0.625,1.0,0.8693328836265974,0.625,1.0
97848,steam mop disposable pads,16,0.8331212282362356,0.6428571428571429,1.0,0.8065296828714039,0.5714285714285714,1.0,0.722510235348905,0.5714285714285714,1.0
97894,steel toe work boots for men,16,0.9003948016216741,0.6,1.0,0.977915258848537,0.6666666666666666,1.0,0.9768562593544076,0.6666666666666666,1.0
98019,sterios for houses,16,0.9401742983047275,0.625,1.0,0.9787930706003494,0.625,1.0,0.9787930706003494,0.625,1.0
98055,stetson hats for women,15,0.8086386521183432,0.6153846153846154,1.0,0.932160110245562,0.7692307692307693,1.0,0.9156970369723625,0.7692307692307693,1.0
98060,steve madden handbags for women,14,0.933745776545611,0.6923076923076923,1.0,0.7877736340270854,0.6923076923076923,1.0,0.7877736340270854,0.6923076923076923,1.0
98069,steve o book,16,0.5478667099169687,0.625,0.5,0.24856008083830633,0.25,1.0,0.1780496924590787,0.25,0.5
98209,stnad alone closet,16,0.9297308230593427,0.625,1.0,0.9299953533422518,0.625,1.0,0.9487202912452163,0.625,1.0
98243,stomach fat burner belt for men,16,0.9099429976824024,0.625,1.0,0.9035436174731861,0.625,1.0,0.9085428333606468,0.625,1.0
98255,stone earrings,16,0.871525302027581,0.625,1.0,0.945837011841976,0.625,1.0,0.945837011841976,0.625,1.0
98344,storager box,16,0.883229092337347,0.6,1.0,0.8572048559638628,0.6,1.0,0.8473624716675436,0.6,1.0
98413,stranger,15,0.9063507622731073,0.6666666666666666,1.0,0.9965211712836076,0.6666666666666666,1.0,0.9947236356373705,0.6666666666666666,1.0
98440,strap didlos for women couples,16,0.6153653808910188,0.6,1.0,0.7883380974134511,0.8,1.0,0.6661040101104594,0.6,1.0
98523,street without a name,16,0.15101961822780524,0.25,0.2,0.6366824387328316,0.5,1.0,0.6366824387328316,0.5,1.0
98545,stretch band wall moung,16,0.8478333285894862,0.6666666666666666,1.0,0.9722340851332467,0.6666666666666666,1.0,0.9399337652641017,0.6666666666666666,1.0
98555,stretchable bottoms for women,9,0.8804743283023329,1.0,1.0,0.9927464701801207,1.0,1.0,0.9807289782459988,1.0,1.0
98581,string lights for patio solar,16,0.977915258848537,0.625,1.0,0.9504120313864757,0.625,1.0,0.9439492378436964,0.625,1.0
98607,striped panties for women,16,0.7799082337019199,0.6428571428571429,0.5,0.7744233964247533,0.5714285714285714,1.0,0.735057630976784,0.5714285714285714,1.0
98611,striped tee shirt men long sleeve,40,0.8096132696779221,0.2702702702702703,1.0,0.8083018762127852,0.24324324324324326,1.0,0.7199310730315294,0.24324324324324326,0.5
98634,strong airsoft guns,16,0.8014471448813183,0.5714285714285714,1.0,0.8780969743570687,0.7142857142857143,1.0,0.8754901394486315,0.7142857142857143,1.0
98687,study table and chair,9,0.9599798441494113,1.0,1.0,0.9614074067643295,1.0,1.0,0.9732342100759204,1.0,1.0
98692,stuff for 8 cents,16,0.9024168270265709,0.625,1.0,0.8320908574852407,0.625,1.0,0.8320908574852407,0.625,1.0
98693,stuff for christan singers,16,0.8799813810372109,0.6,1.0,0.8544687689543128,0.6,1.0,0.8544687689543128,0.6,1.0
98731,stun gun for self defense,16,0.9349369997364463,0.625,1.0,0.9317219174938032,0.625,1.0,0.9317219174938032,0.625,1.0
98824,subtle art of not giving a fuck,15,0.5263512023008168,0.7,0.3333333333333333,0.8048510166566096,0.7,1.0,0.7427592971407845,0.7,1.0
98963,sugar bear hair vitamins,16,0.8478333285894862,0.6666666666666666,1.0,0.8748032409025883,0.6666666666666666,1.0,0.8789335177254264,0.6666666666666666,1.0
98966,sugar bowl without spoon,40,0.7765650991569774,0.2647058823529412,1.0,0.7675488527333385,0.2647058823529412,1.0,0.7891326930549658,0.2647058823529412,1.0
99007,suit outfit for boys size 12 big kids,16,0.5868769423506481,1.0,0.3333333333333333,0.5294362295028773,0.5,1.0,0.5294362295028773,0.5,1.0
99069,sum,16,0.839930626726795,0.6428571428571429,1.0,0.7877736340270854,0.6428571428571429,1.0,0.7877736340270854,0.6428571428571429,1.0
99077,summer blouses for women,16,0.955932207248992,0.7692307692307693,1.0,0.9035822039264965,0.6923076923076923,1.0,0.9035822039264965,0.6923076923076923,1.0
99109,summer tops for women,16,0.7836040698096883,0.6,1.0,0.8776125095999052,0.6,1.0,0.772847662180578,0.6,1.0
99115,summer+shirt+women,16,0.8229474488173895,0.625,1.0,0.9107255680398878,0.625,1.0,0.9143667518355552,0.625,1.0
99160,sun seeds,16,0.942271122217258,0.625,1.0,0.9517825025223118,0.625,1.0,0.9537125187088152,0.625,1.0
99204,sunflower on black and white kitchen,16,0.4102065570589607,0.6666666666666666,0.25,0.8196513748277231,0.6666666666666666,1.0,0.8090148807709112,0.6666666666666666,1.0
99262,sunroof decal for car,40,0.3024038304938509,0.16666666666666666,0.5,0.7479350596733328,0.3888888888888889,1.0,0.866947989864271,0.4444444444444444,1.0
99338,super nintendo european,16,0.4877314650820758,0.42857142857142855,0.3333333333333333,0.6616171754406981,0.7142857142857143,0.5,0.6409844673293769,0.7142857142857143,0.5
99347,super smash bros ultimate,16,0.790602992641361,0.75,1.0,0.7191898872558283,0.5,0.5,0.7283787854326093,0.5,0.5
99407,superman tshirt slim fit men,16,0.4909846389071961,0.5555555555555556,0.5,0.8194800420531693,0.7777777777777778,1.0,0.6776541612760908,0.6666666666666666,1.0
99419,supersonic dvd player 7,16,0.7340266008203804,0.6666666666666666,1.0,0.7451523280934935,0.5555555555555556,0.5,0.7549463722321288,0.5555555555555556,0.5
99462,surf shorts for men,16,0.7877736340270854,0.7272727272727273,1.0,0.6780494608112011,0.5454545454545454,1.0,0.6542090961561132,0.5454545454545454,1.0
99545,survival kit,41,0.7433012337739231,0.24,1.0,0.9432379215722527,0.36,1.0,0.8878984756873929,0.32,1.0
99557,sushi knife,16,0.9705920544046998,0.625,1.0,0.93151273583155,0.625,1.0,0.9276061961947055,0.625,1.0
99639,swarovski crystal cross ornament,16,0.8674977392577913,0.625,1.0,0.9463773911440349,0.625,1.0,0.9685287252979218,0.625,1.0
99663,sweat caps for men,16,0.8831268944789863,0.6428571428571429,1.0,0.9216017310213247,0.6428571428571429,1.0,0.8809100966319505,0.6428571428571429,1.0
99669,sweat pants outfits for women loose fit plus size,42,0.8654994761511733,0.23684210526315788,1.0,0.8311874146498168,0.23684210526315788,1.0,0.7193060087855153,0.21052631578947367,1.0
99678,sweater caps for boys,16,0.822619718826713,0.625,1.0,0.930316877503158,0.625,1.0,0.930316877503158,0.625,1.0
99680,sweater crop tops for teens under 10,16,0.9772274824155974,0.6666666666666666,1.0,0.82340168799192,0.6,1.0,0.82340168799192,0.6,1.0
99736,sweet 16 glow in the dark tables,16,0.8810676612614085,0.625,1.0,0.9174487478283276,0.625,1.0,1.0,0.625,1.0
99784,swiffer wet jet cleaner solution,16,0.5563363119739055,0.7,0.3333333333333333,0.5872452346045155,0.7,0.3333333333333333,0.47481505252165435,0.6,0.25
99850,swimsuits for bride,16,0.9471234905468496,0.625,1.0,0.939624747624484,0.625,1.0,0.9186564081515072,0.625,1.0
99973,syhood ribbon,16,0.880383389708392,0.7142857142857143,1.0,0.8510094296952421,0.6428571428571429,1.0,0.6883088492199847,0.6428571428571429,0.5
99982,synethic wig spray,16,1.0,0.625,1.0,0.9537125187088152,0.625,1.0,0.92663607790064,0.625,1.0
100060,t strap sandals for women,16,0.9297308230593427,0.625,1.0,0.8562285995968465,0.625,1.0,0.8674684351761345,0.625,1.0
100062,t tahari shoes for women,16,0.7234169175346566,0.75,1.0,0.49663922153575035,1.0,0.25,0.4803512384863772,1.0,0.2
100103,ta-nehisi coates,16,0.6560681343539021,0.8333333333333334,0.5,0.4871479708690217,0.6666666666666666,0.25,0.4871479708690217,0.6666666666666666,0.25
100158,table hiker,16,0.786352962951654,0.7,1.0,0.6496706773354272,0.6,1.0,0.6374548570366441,0.6,1.0
100173,table protector vinyl,16,0.8418882191874346,0.6,1.0,0.9227209734746888,0.6666666666666666,1.0,0.9126347990857985,0.6666666666666666,1.0
100219,tablesaw motor,16,0.9290059774489636,0.6,1.0,1.0,0.6666666666666666,1.0,1.0,0.6666666666666666,1.0
100268,tablets for cars,16,0.7437677542157901,0.5,0.5,0.5821032065260975,0.0,0.08333333333333333,0.5821032065260975,0.0,0.08333333333333333
100307,tacklebox for fishing,16,0.9050619329287451,0.625,1.0,0.8325987562889579,0.625,1.0,0.8803485966094552,0.625,1.0
100312,tacks for upholstery,16,1.0,0.6666666666666666,1.0,1.0,0.6666666666666666,1.0,1.0,0.6666666666666666,1.0
100319,taco twosday birthday party,16,0.8464458153096324,0.625,1.0,0.9720075540143143,0.625,1.0,0.9789253940906973,0.625,1.0
100380,taffeta skirt,16,0.9055581598071177,0.625,1.0,0.8411504031114445,0.625,1.0,0.8599173953972324,0.625,1.0
100439,taken,16,0.5892989779209328,0.8,0.5,1.0,1.0,1.0,1.0,1.0,1.0
100573,tan scarf women,16,0.7489857661269705,0.625,1.0,0.8917512051297201,0.625,1.0,0.8913303672232964,0.625,1.0
100579,tan thick belt for women,16,0.8411776402401573,0.6,1.0,0.9008636626471187,0.6666666666666666,1.0,0.9339091084314125,0.6666666666666666,1.0
100616,tank top dress summer,16,0.5640363031687311,0.5384615384615384,1.0,0.851066722770146,0.6923076923076923,1.0,0.849967374539965,0.6923076923076923,1.0
100624,tankglass,16,0.5275566411780019,0.5,0.5,0.6243841008055381,0.6,0.5,0.6243841008055381,0.6,0.5
100684,tape dispenser lid,16,0.9252202331019638,0.6666666666666666,1.0,0.8977687733234713,0.6666666666666666,1.0,0.8133159416233128,0.5833333333333334,1.0
100716,tapetech drywall tools,40,0.6475709411958362,0.24242424242424243,1.0,0.6730078435487711,0.24242424242424243,1.0,0.704721038649499,0.2727272727272727,1.0
100801,tarte concealer 44h,16,0.9295204907858209,0.625,1.0,1.0,0.625,1.0,1.0,0.625,1.0
100810,tasers for women,16,0.9021814372008533,0.625,1.0,0.8899541168509599,0.625,1.0,0.8899541168509599,0.625,1.0
100819,taste of oregon,16,0.5126162520002755,0.6666666666666666,0.3333333333333333,0.977015370299312,1.0,1.0,0.9842184869190973,1.0,1.0
100828,tatcha powder exfoliator,37,0.4958644940483384,0.25,0.5,0.6994222292022597,0.3333333333333333,1.0,0.7015402281905185,0.3333333333333333,1.0
100907,tazzer for women,16,0.8820678949848569,0.6,1.0,0.7052397131968614,0.6,0.5,0.7052397131968614,0.6,0.5
100909,tb;15,16,0.8607691615223173,0.75,1.0,0.8124648523815823,0.6666666666666666,1.0,0.8468993157867093,0.6666666666666666,1.0
100922,tcl 6 series 55r617,16,0.8748032409025883,0.625,1.0,0.9533497162960899,0.625,1.0,0.9533497162960899,0.625,1.0
100955,tea bag dish alice,16,0.6309297535714574,1.0,0.5,0.4306765580733931,1.0,0.25,0.4306765580733931,1.0,0.25
101002,tea set colorful,16,0.9302092407317606,0.625,1.0,0.9160358599268373,0.625,1.0,0.9128420340474372,0.625,1.0
101081,teal satin dress,16,0.8724516726881723,0.6428571428571429,1.0,0.7485325438276902,0.5714285714285714,1.0,0.8141187032589712,0.6428571428571429,1.0
101128,techer pens,16,0.7509264036549449,0.6153846153846154,1.0,0.7944842934699714,0.6923076923076923,1.0,0.7901482087219937,0.6923076923076923,1.0
101181,ted.taylor,16,0.47915303104079954,0.5555555555555556,0.5,0.5696160022325946,0.5555555555555556,1.0,0.5696160022325946,0.5555555555555556,1.0
101203,teen dance skirt,14,0.8900515836056395,0.8333333333333334,1.0,0.9034415473377799,0.8333333333333334,1.0,0.868455834521691,0.8333333333333334,1.0
101204,teen desk,16,0.9755453593002134,0.625,1.0,1.0,0.625,1.0,1.0,0.625,1.0
101231,teenage comforter sets for girls grey,13,0.8839269150077771,0.7692307692307693,1.0,0.9346659795308913,0.7692307692307693,1.0,0.9346659795308913,0.7692307692307693,1.0
101232,teenage girl backpacks,16,0.8245211015303532,0.6923076923076923,1.0,0.8145770933095324,0.6923076923076923,1.0,0.8145770933095324,0.6923076923076923,1.0
101242,teeth are not for biting board book,16,0.8378082677413283,0.6666666666666666,1.0,0.8876292423284146,0.6666666666666666,1.0,0.890175494834805,0.6666666666666666,1.0
101332,telephone ear phones,16,0.92663607790064,0.6666666666666666,1.0,0.9738672436737749,0.6666666666666666,1.0,0.9537125187088152,0.6666666666666666,1.0
101335,telephoto lens case,16,0.8907463423577919,0.625,1.0,0.9188159099299589,0.625,1.0,0.8918053418519213,0.625,1.0
101376,tell me without telling me,14,0.6713527276121545,0.75,1.0,0.9267582364714125,1.0,1.0,0.9267582364714125,1.0,1.0
101390,temp switch,16,0.4887894003834027,0.5,1.0,0.8543428422235081,0.8333333333333334,1.0,0.8391359997803147,0.8333333333333334,1.0
101443,ten pound weight,16,0.7646762810578628,0.6153846153846154,1.0,0.7879883057714402,0.5384615384615384,1.0,0.7771097459049385,0.5384615384615384,1.0
101472,tennis elbo band,16,0.9768562593544076,0.7142857142857143,1.0,0.955830517697074,0.6428571428571429,1.0,0.9298837892007761,0.6428571428571429,1.0
101574,terms of endearment dvd movie,16,0.8410378031653735,0.625,1.0,0.9151974415289416,0.625,1.0,0.9046638871114939,0.625,1.0
101632,test light petsafe,16,0.7542686714597936,0.5384615384615384,1.0,0.7799082337019199,0.6923076923076923,0.5,0.7799082337019199,0.6923076923076923,0.5
101738,thankgiving napkins,16,0.8680069893584005,0.6,1.0,0.9401742983047275,0.6666666666666666,1.0,0.9421111095506693,0.6666666666666666,1.0
101786,the address book deirdre mask,16,0.5849128961363118,0.42857142857142855,1.0,0.7248370570722755,0.8571428571428571,1.0,0.5666492794310158,0.7142857142857143,0.5
101795,the amazon nightgown dress,40,0.773183209188307,0.22857142857142856,1.0,0.5431996163118661,0.2,1.0,0.43076643151903293,0.14285714285714285,1.0
101846,the big one® gel memory foam side sleeper pillow,43,0.8218994711901083,0.23255813953488372,1.0,0.795684008107455,0.23255813953488372,1.0,0.8008327318876817,0.23255813953488372,1.0
101870,the book of not entirely useful advise,14,0.3956467236022119,1.0,0.16666666666666666,0.7903864795495061,1.0,1.0,0.7977228895450267,1.0,1.0
101895,the chalice and the blade by riane eisler,16,0.49620913827947655,0.5555555555555556,0.5,0.6334468165144639,0.6666666666666666,0.5,0.7832834324469893,0.6666666666666666,1.0
101930,the dance of anger by harriet lerner,16,0.8839269150077771,0.6666666666666666,1.0,0.9241092822452719,0.6666666666666666,1.0,0.9171612476796993,0.6666666666666666,1.0
101956,the end of mental illness daniel amen,16,0.8016212206736762,0.6,1.0,0.9203394069457872,0.6,1.0,0.9226691570411164,0.6,1.0
101960,the expanse season 1,16,0.46927872602275644,0.5,1.0,0.0,0.0,0.06666666666666667,0.0,0.0,0.06666666666666667
102025,the golden rule,16,0.8519675573955815,0.625,1.0,0.9283272902350127,0.625,1.0,0.9283272902350127,0.625,1.0
102031,the good witch,21,0.6482387632989434,0.4444444444444444,1.0,0.8513810703207652,0.5555555555555556,1.0,0.846143771752484,0.5555555555555556,1.0
102051,the handmade soap company ireland,16,0.8947141692973658,0.625,1.0,0.9031168593743257,0.625,1.0,0.8983460229640208,0.625,1.0
102055,the happy planner 18 month planner,16,0.7887507709642367,0.625,1.0,0.9943899986877236,0.625,1.0,0.9898117597656032,0.625,1.0
102057,the happy planner weekly box punch,16,0.8917841809040242,0.6666666666666666,1.0,0.9630280087714618,0.6666666666666666,1.0,0.9829191602905866,0.6666666666666666,1.0
102078,the hollywood librarian,16,0.9453452481212087,1.0,1.0,0.819952406499481,1.0,1.0,0.819952406499481,1.0,1.0
102128,the last ship,16,0.9104208481577016,0.625,1.0,0.9534606181487504,0.625,1.0,0.9463191373920201,0.625,1.0
102188,the medium xbox series x,15,0.6464624432138826,0.6,1.0,0.6557753337538089,0.6,1.0,0.6882105661805143,0.6,1.0
102228,the new girl daniel silva,16,0.9321376950951338,0.625,1.0,0.9634117275431491,0.625,1.0,0.9634117275431491,0.625,1.0
102244,the normal heart,16,0.45564767950544494,0.625,0.5,0.9140358634810698,0.875,1.0,0.9140358634810698,0.875,1.0
102291,the outlander season 4,16,0.8944836122933966,0.625,1.0,0.9411338959973068,0.625,1.0,0.9411338959973068,0.625,1.0
102406,the sound and the fury audiobook,16,0.8839269150077771,0.625,1.0,1.0,0.625,1.0,1.0,0.625,1.0
102429,the summer without men,16,0.43569015570813585,0.5,1.0,0.4135568126659914,0.25,1.0,0.5440194616175671,0.5,1.0
102450,the times they are a changing sonia,14,0.9339091084314125,0.7142857142857143,1.0,0.9504318313235595,0.7142857142857143,1.0,0.9504318313235595,0.7142857142857143,1.0
102544,theordinary squalane,14,0.9088042434102213,0.7142857142857143,1.0,0.8924244579842303,0.7142857142857143,1.0,0.8946727408718789,0.7142857142857143,1.0
102549,thepriceof everything,13,0.2960819109658653,0.3333333333333333,0.5,0.9060254355346824,1.0,1.0,0.9060254355346824,1.0,1.0
102553,therabands resistance bands set,16,0.8344096839289108,0.625,1.0,0.7918366499427797,0.625,1.0,0.7714241447182649,0.625,1.0
102585,thermal long sleeve thumb hole,16,0.9286322901092242,0.7142857142857143,1.0,0.8505159278909382,0.6428571428571429,1.0,0.8722297987310045,0.6428571428571429,1.0
102658,thick maternity yoga pants,16,0.4981892574664129,0.6666666666666666,0.5,1.0,1.0,1.0,1.0,1.0,1.0
102664,thick twin xl folding mattress,16,0.9081580630473788,0.625,1.0,0.9506303485137646,0.625,1.0,0.9633991057381247,0.625,1.0
102707,thin lizzy t shirts for men,16,0.9684038785434832,0.625,1.0,0.948475220140534,0.625,1.0,0.977915258848537,0.625,1.0
102727,thing 1 thing 2 thing 3 shirts,40,0.5714746888091995,0.2727272727272727,1.0,0.8107910176417701,0.3181818181818182,1.0,0.8289364549105838,0.3181818181818182,1.0
102734,things that help pregnancy,40,0.599976751690748,0.30434782608695654,0.5,0.7312625444731048,0.30434782608695654,1.0,0.650033222048579,0.30434782608695654,0.5
102743,think engineer books,16,0.5326811021559542,0.6666666666666666,0.5,0.7796401290776654,0.8333333333333334,1.0,0.7796401290776654,0.8333333333333334,1.0
102805,thomas and friends trackmaster,16,0.8062898223685698,0.7,1.0,0.8512629436897233,0.7,1.0,0.8767168405736682,0.8,1.0
102838,thor hammer tool set,16,0.417450304395545,0.5454545454545454,0.25,0.7661537806103399,0.6363636363636364,1.0,0.8606301365294324,0.7272727272727273,1.0
102903,throne chairs for party cheap,40,0.6993149925578744,0.2903225806451613,1.0,0.9567083294488864,0.3225806451612903,1.0,0.96331803895032,0.3225806451612903,1.0
102922,throw pillows not covers,16,0.9008636626471187,0.625,1.0,1.0,0.625,1.0,0.9504318313235595,0.625,1.0
102923,throw pillows without covers,40,0.232381880835287,0.13333333333333333,0.16666666666666666,0.4408646530183702,0.2,1.0,0.4349010016733946,0.2,1.0
102985,ti packer,16,0.7115122375138295,0.6666666666666666,1.0,0.5988364695095514,0.7777777777777778,0.3333333333333333,0.5988364695095514,0.7777777777777778,0.3333333333333333
103032,tie,16,0.9305687780632227,0.6,1.0,0.92663607790064,0.6666666666666666,1.0,0.92663607790064,0.6666666666666666,1.0
103082,tiffany jewelry,16,0.672756686171428,1.0,1.0,0.7039180890341347,0.5,1.0,0.7039180890341347,0.5,1.0
103134,tik tok things you need,16,0.46429130629958176,0.5,0.5,0.5711601909662336,0.6,1.0,0.5711601909662336,0.6,1.0
103143,tikka t3x scope rings,16,0.7696555307278313,0.7142857142857143,1.0,0.6129587278969217,0.42857142857142855,0.5,0.7189316345953525,0.5714285714285714,1.0
103202,time locking container,40,0.533075258444981,0.19230769230769232,1.0,0.8579809428223729,0.3076923076923077,1.0,0.8364586133797036,0.3076923076923077,1.0
103211,time trap,16,0.37615295441188124,0.5,0.3333333333333333,0.8922108454754892,0.8333333333333334,1.0,0.8922108454754892,0.8333333333333334,1.0
103238,timing chain tension set,16,0.720615788554125,0.5384615384615384,1.0,0.7272887713178523,0.6153846153846154,0.5,0.7328674283572937,0.6153846153846154,0.5
103258,tinkle dermaplane razor for women face,33,0.96331803895032,0.30303030303030304,1.0,0.8262346456990933,0.30303030303030304,1.0,0.8539639397231652,0.30303030303030304,1.0
103266,tint squeegee,40,0.941233297798857,0.2777777777777778,1.0,0.9095430364058892,0.25,1.0,0.9256497461960868,0.25,1.0
103289,tinted dry shampoo travel size,16,0.629771865897833,0.5384615384615384,1.0,0.6452773316639524,0.6153846153846154,0.5,0.6429049655343951,0.6153846153846154,0.5
103304,tiny bunny rabbit for girls,16,0.8643145546088337,0.6153846153846154,1.0,0.7104770117651426,0.6153846153846154,0.5,0.7065443116025598,0.6153846153846154,0.5
103327,tiny oil diffuser,16,0.9363792118010482,0.6428571428571429,1.0,1.0,0.7142857142857143,1.0,1.0,0.7142857142857143,1.0
103399,tissot automatic sport,16,0.8800966960493903,0.625,1.0,0.9034923372550475,0.625,1.0,0.8899541168509599,0.625,1.0
103453,tj wrangler speedo gear,16,0.7889672245867931,0.75,1.0,0.5143792741811529,0.5833333333333334,0.25,0.5077187397642087,0.5833333333333334,0.25
103572,toddler 115mm polarized,16,0.9755453593002134,0.625,1.0,0.9251122079923695,0.625,1.0,0.9176564688508827,0.625,1.0
103633,toddler combat boots,16,0.9155681986298227,0.625,1.0,0.9251122079923695,0.625,1.0,0.9495342196346633,0.625,1.0
103655,toddler fur vest 4t,16,0.311659492552209,0.375,0.3333333333333333,0.6636021165955633,0.625,1.0,0.6599405259835361,0.625,1.0
103672,toddler girl swim bottoms,16,0.7893131061279249,0.6428571428571429,1.0,0.7741783734433021,0.6428571428571429,1.0,0.7667267230410514,0.6428571428571429,1.0
103682,toddler girls size 4t sweaters,16,0.27985903039325716,0.4,0.3333333333333333,0.7835973579071088,0.8,1.0,0.776682129821162,0.8,1.0
103687,toddler green coat,16,0.9223424638143088,0.625,1.0,0.8803485966094552,0.625,1.0,0.96331803895032,0.625,1.0
103726,toddler pillowcase 13x18,16,0.9371852826240948,0.625,1.0,0.9787930706003494,0.625,1.0,1.0,0.625,1.0
103742,toddler ride on battery powered for girl,16,0.9371852826240948,0.625,1.0,0.977915258848537,0.625,1.0,0.9526603142741242,0.625,1.0
103767,toddler snowboard,16,0.8166535432056233,0.6,1.0,0.8619458605712303,0.6666666666666666,1.0,0.7969466384578888,0.6,1.0
103785,toddler tent bed,16,0.895444454480334,0.7142857142857143,1.0,0.7688796844836635,0.5714285714285714,1.0,0.7905460918547774,0.5714285714285714,1.0
103790,toddler toys age 2,16,1.0,0.6666666666666666,1.0,0.8532721558012799,0.6,1.0,0.8803485966094552,0.6,1.0
103792,toddler toys for girls age 2,15,0.851914497551556,0.7142857142857143,1.0,0.8649584112772231,0.7142857142857143,1.0,0.8649584112772231,0.7142857142857143,1.0
103827,toe toe,16,0.8548784279584668,0.6428571428571429,1.0,0.9302251161162354,0.7142857142857143,1.0,0.9201849398725124,0.7142857142857143,1.0
103840,toffee nut syrup,41,0.6857285441378653,0.23684210526315788,1.0,0.6299574064309862,0.23684210526315788,0.5,0.6243756698061642,0.23684210526315788,0.5
103862,toilet cake toppee,16,0.6963673407914894,0.5833333333333334,0.5,0.9279469779548343,0.75,1.0,0.9787930706003494,0.8333333333333334,1.0
103896,toilet seat without tank,40,0.5952687911695045,0.25,1.0,0.28688809141853455,0.1,0.14285714285714285,0.3053511106381787,0.1,0.1111111111111111
103947,tom hardy,16,1.0,0.625,1.0,0.9738672436737749,0.625,1.0,0.9738672436737749,0.625,1.0
103994,tommy hilfiger bags for women,16,0.977915258848537,0.7142857142857143,1.0,0.9216017310213247,0.6428571428571429,1.0,0.9216017310213247,0.6428571428571429,1.0
104021,tommy tippy bottle warmer,16,0.7237661298828448,0.6428571428571429,0.5,0.866592978810331,0.7142857142857143,1.0,0.866592978810331,0.7142857142857143,1.0
104093,tool box foam organizer kit,40,0.9216017310213247,0.2727272727272727,1.0,0.7584837914317291,0.24242424242424243,1.0,0.7467045958894681,0.24242424242424243,1.0
104134,tooth replacement,16,0.8603818544462509,0.6153846153846154,1.0,0.7759944384848245,0.6153846153846154,1.0,0.7759944384848245,0.6153846153846154,1.0
104211,top tear checks,16,0.6738887349390373,0.625,0.5,0.7014792927592524,0.75,0.3333333333333333,0.6833037498567983,0.75,0.2
104219,tophe oil,39,0.22705277031198803,0.25,0.14285714285714285,0.34159644885640755,0.25,1.0,0.33966530344623214,0.25,1.0
104220,topical arnica gel,16,0.9008636626471187,0.625,1.0,0.9504318313235595,0.625,1.0,0.9435593591982605,0.625,1.0
104227,toppik colored hair thickener dark brown,23,0.7673775616890631,0.5625,0.5,0.753867062099901,0.5,1.0,0.7911583787084779,0.5625,1.0
104266,torium 16,16,0.6210574811650222,0.4444444444444444,0.5,0.7607414228168501,0.4444444444444444,1.0,0.7548644128814928,0.4444444444444444,1.0
104269,tornamesa denon,15,0.6718590073094329,0.7272727272727273,0.5,0.8032680489224707,0.6363636363636364,1.0,0.8032680489224707,0.6363636363636364,1.0
104288,toronto blue jays cap,40,0.9510907186004267,0.23684210526315788,1.0,1.0,0.2631578947368421,1.0,1.0,0.2631578947368421,1.0
104290,torpedo candelabra filament led bulb,40,1.0,0.25,1.0,0.9537125187088152,0.25,1.0,0.96331803895032,0.25,1.0
104330,tory burch flats size 7,16,0.8268133666517739,0.6666666666666666,1.0,0.7605591431973848,0.5833333333333334,1.0,0.8115558478722845,0.6666666666666666,1.0
104387,totoro chair,16,0.4932125688785137,0.6666666666666666,0.3333333333333333,0.8641625346001144,0.8333333333333334,1.0,0.8656325211104612,0.8333333333333334,1.0
104408,touchnew,16,0.8724999529543613,0.625,1.0,0.9487202912452163,0.625,1.0,0.9487202912452163,0.625,1.0
104435,tow hitch,16,0.7212411639084572,0.6363636363636364,1.0,0.6700535263423921,0.5454545454545454,0.25,0.6700535263423921,0.5454545454545454,0.25
104498,toy brock,16,0.5609092553909317,0.5454545454545454,0.5,0.8676364820934848,0.7272727272727273,1.0,0.8676364820934848,0.7272727272727273,1.0
104555,toy story gabby costume,16,0.9251437244303552,0.6,1.0,0.9411338959973068,0.6666666666666666,1.0,0.9411338959973068,0.6666666666666666,1.0
104578,toyota camry key fob,16,0.8687471874513093,0.625,1.0,0.92663607790064,0.625,1.0,0.9054291485009893,0.625,1.0
104606,toys 8 month old,40,0.8206605085730863,0.25,1.0,0.7411902110103872,0.21875,1.0,0.6520881886359191,0.1875,1.0
104660,toysmith build a birdhouse,16,0.8304428673068945,0.6,1.0,0.8286410209773463,0.6,1.0,0.8787188257924087,0.6,1.0
104737,traditional navajo songs,16,0.8365924497278278,0.625,1.0,0.8405382077219525,0.625,1.0,0.8899066142877682,0.625,1.0
104743,traeger ironwood,16,0.7306156025480041,0.5555555555555556,1.0,0.6969588442428515,0.6666666666666666,0.2,0.6041696809717196,0.4444444444444444,0.2
104752,trail camera sends picture to cell phone without wifi,38,0.9738672436737749,0.2702702702702703,1.0,0.8677540606873176,0.24324324324324326,1.0,0.8735644944251431,0.24324324324324326,1.0
104756,trail mix without almonds,40,0.6447688002908645,0.23333333333333334,1.0,0.5761655942890671,0.23333333333333334,1.0,0.6167672264114358,0.26666666666666666,1.0
104775,trailer lights for shore lander,16,0.4078017863310831,0.6666666666666666,0.3333333333333333,0.1606021509485402,0.3333333333333333,0.125,0.0,0.0,0.07692307692307693
105146,tree of life purse,16,0.8498649331809415,0.6923076923076923,1.0,0.9504185550241154,0.6923076923076923,1.0,0.8247265450322255,0.6153846153846154,1.0
105196,trendy shower curtain,16,0.8829207774874074,0.625,1.0,0.9260210220071132,0.625,1.0,0.9273077771153785,0.625,1.0
105259,trigger point poster,16,0.7269524403384329,0.5833333333333334,0.5,0.8815236721511922,0.6666666666666666,1.0,0.8687121591978703,0.6666666666666666,1.0
105266,trike motorcycle for adults street legal,16,0.49731418300766417,0.6666666666666666,0.5,0.5368726458421278,0.6666666666666666,0.3333333333333333,0.5191772845190488,0.6666666666666666,0.3333333333333333
105301,tripod for tablet,16,0.8930158003211688,0.6923076923076923,1.0,0.9221163972522983,0.6923076923076923,1.0,0.904803237309242,0.6923076923076923,1.0
105346,trojan condoms,16,1.0,0.625,1.0,0.977915258848537,0.625,1.0,0.9768562593544076,0.625,1.0
105405,trout jigging spoons,16,0.8294497279417367,0.625,1.0,0.9295165736285318,0.625,1.0,0.933564588803294,0.625,1.0
105409,trowel machine 36 inch,40,0.46765893853202833,0.375,0.5,0.7979216816798929,0.5,1.0,0.7152667032261893,0.5,1.0
105419,troybilt mustang 50 blades,16,0.933745776545611,0.6,1.0,0.9052116356304494,0.6,1.0,0.8899541168509599,0.6,1.0
105441,truck roof tent,40,0.7594274759136792,0.25,1.0,1.0,0.3125,1.0,1.0,0.3125,1.0
105496,trump shirt,20,0.688712477112141,0.5,0.5,0.838910090856619,0.5,1.0,0.895039956444123,0.5,1.0
105635,tudar watches for men,40,0.8628739860877441,0.25,1.0,0.7800955628772291,0.25,1.0,0.8049107101676063,0.25,1.0
105695,tummy time mirror for babies,16,0.8148594927260712,0.625,1.0,0.9320739411743278,0.625,1.0,0.9154355047894687,0.625,1.0
105980,tv wall mount 40 inch,16,0.8576720045041812,0.625,1.0,0.8242605530400958,0.625,1.0,0.8089280840588331,0.625,1.0
106021,twenty one pilots,16,0.8222819197760094,0.7272727272727273,1.0,0.9368077570869662,0.8181818181818182,1.0,0.92663607790064,0.8181818181818182,1.0
106082,twin sheet set girls,16,0.8676026017121995,0.625,1.0,0.9543384299005628,0.625,1.0,0.9755453593002134,0.625,1.0
106085,twin size camouflage sheet set,16,0.9487202912452163,0.625,1.0,0.945837011841976,0.625,1.0,0.945837011841976,0.625,1.0
106140,two pack linen curtains,16,0.9305687780632228,0.625,1.0,0.9002577226628459,0.625,1.0,0.9011355344146582,0.625,1.0
106145,two piece bathing suits for girls size 8 9,16,0.7398458861182637,0.5833333333333334,1.0,0.8389574121760602,0.6666666666666666,1.0,0.8389574121760602,0.6666666666666666,1.0
106163,two seat toddler tricycle,16,0.9321376950951338,0.625,1.0,0.9307066738505995,0.625,1.0,0.9321376950951338,0.625,1.0
106170,two tier hamster cage,16,0.8518280700039521,0.625,1.0,0.8804728772360763,0.625,1.0,0.8673084304193618,0.625,1.0
106174,two tone dress,15,0.36331756126716835,0.5,0.3333333333333333,1.0,1.0,1.0,0.9828920819566878,1.0,1.0
106198,tye die bandanas,16,0.7599252170483426,0.6,1.0,0.9418379884185342,0.6666666666666666,1.0,0.9377022672979513,0.6666666666666666,1.0
106222,type b headphones adapter to aux,16,0.8742037549563461,0.625,1.0,0.8972794230628861,0.625,1.0,0.9044036144825912,0.625,1.0
106322,ubuntu linux laptop,16,0.7119442713708393,0.5714285714285714,1.0,0.7324339991448374,0.6428571428571429,0.5,0.7312478160800587,0.6428571428571429,0.5
106333,ue boom 3,16,0.8660822318421719,0.6428571428571429,1.0,0.8500041410916883,0.5714285714285714,1.0,0.7862456285408791,0.5714285714285714,1.0
106401,ugly stik custom,16,0.6651131211405279,0.625,1.0,0.839113896694181,0.75,1.0,0.19965261294711217,0.25,0.25
106405,ugly sweater jesus 1x women’s xl,16,0.45519654624816364,0.6,0.5,0.4955353880230322,0.8,0.3333333333333333,0.4650849863678952,0.8,0.3333333333333333
106428,ukulele oscar schmidt,16,0.9738672436737749,0.625,1.0,0.9738672436737749,0.625,1.0,0.9738672436737749,0.625,1.0
106606,under armour compression pants men,16,0.8011603954560549,0.6,1.0,0.8069846745100951,0.6,1.0,0.8642694853323672,0.6,1.0
106704,under$15 paisley purses and handbags,16,1.0,0.625,1.0,0.9008636626471187,0.625,1.0,0.9008636626471187,0.625,1.0
106727,undersink paper towel holder,16,0.8368789572119399,0.625,1.0,0.8715115875852514,0.625,1.0,0.867565401464495,0.625,1.0
106822,unicorn onesie adult xxl,16,0.9108398284612247,0.6666666666666666,1.0,0.8678486644309925,0.6666666666666666,1.0,0.8614159482098317,0.6666666666666666,1.0
106834,unicorn shirt men funny,16,0.9534606181487504,0.625,1.0,0.9556493299547569,0.625,1.0,0.9755453593002134,0.625,1.0
106913,united states of jihad,16,0.6131471927654584,0.5,1.0,0.6131471927654584,0.5,1.0,0.6131471927654584,0.5,1.0
106930,universal diaper caddy with clips,16,0.7633998318667743,0.6153846153846154,1.0,0.8519710444856092,0.6923076923076923,1.0,0.667479799883938,0.6153846153846154,1.0
106939,universal garage door opener,16,0.8737313274488381,0.625,1.0,0.940542280925692,0.625,1.0,0.939624747624484,0.625,1.0
107083,upsde,16,0.9163512710502743,0.625,1.0,0.8737313274488381,0.625,1.0,0.8737313274488381,0.625,1.0
107191,usb 3.0 type a to micro a,16,0.6040149741259853,0.625,1.0,0.5671931047977895,0.5,1.0,0.4296023454190484,0.5,0.5
107206,usb a to c,16,0.388028370066348,0.5,0.3333333333333333,0.5373670273823775,0.6,0.5,0.47601780960767986,0.7,0.25
107281,usb charging cable ipad,16,0.6777277508780454,0.6153846153846154,1.0,0.7778721720600672,0.5384615384615384,1.0,0.7176699852357207,0.5384615384615384,1.0
107341,usb nfc reader writer,16,0.8770481092871156,0.6666666666666666,1.0,0.8750027780884331,0.6,1.0,0.901968467346777,0.6666666666666666,1.0
107498,usf bull patch,16,0.8283813528274905,0.8333333333333334,1.0,0.580334993363223,0.6666666666666666,0.5,0.580334993363223,0.6666666666666666,0.5
107532,uti over the counter,41,0.7824982516985491,0.2962962962962963,1.0,0.8115495875129213,0.3333333333333333,1.0,0.8137978704005697,0.3333333333333333,1.0
107542,utility pants women,16,0.8695394129581413,0.625,1.0,0.9251122079923695,0.625,1.0,0.9251122079923695,0.625,1.0
107563,utz chips no salt added,40,0.6874708847784538,0.25806451612903225,1.0,1.0,0.3225806451612903,1.0,1.0,0.3225806451612903,1.0
107578,uv protection arm and finger sleeves,16,0.9496558583709696,0.625,1.0,0.8677813644754491,0.625,1.0,0.8392278818743211,0.625,1.0
107587,uva visor,16,0.8434245935631997,0.6153846153846154,1.0,0.8451762137637253,0.6923076923076923,1.0,0.8429480476495469,0.6923076923076923,1.0
107700,vaginial tightening serum,16,0.896950440281068,0.6,1.0,0.8271393994750548,0.6,0.5,0.8248911165874062,0.6,0.5
107779,valvoline premium blue extreme 5w40,16,0.7992307337445339,0.6153846153846154,1.0,0.8661538836654453,0.6923076923076923,1.0,0.8624363400363773,0.6923076923076923,1.0
107819,vanicream 3 pack,16,0.8891209176166591,0.625,1.0,1.0,0.625,1.0,1.0,0.625,1.0
107856,vanity table without mirror with drawers,40,0.6243586773899283,0.21875,1.0,0.6746124152983642,0.25,1.0,0.6584955773437432,0.25,1.0
107895,vans shoes men,34,0.8118186135431933,0.29411764705882354,1.0,0.9292578780090285,0.29411764705882354,1.0,0.9495342196346633,0.29411764705882354,1.0
107897,vans strap shoes,16,0.7925589430694056,0.6153846153846154,1.0,0.8703400371606123,0.6923076923076923,1.0,0.8243929080825786,0.6923076923076923,1.0
107899,vans toddler clothes,16,0.4216388094264646,0.6666666666666666,0.3333333333333333,0.43462855939485906,0.6666666666666666,0.3333333333333333,0.43462855939485906,0.6666666666666666,0.3333333333333333
107914,vape without nicotine,41,0.41382134731176085,0.25,0.5,0.27073718409444564,0.2,0.16666666666666666,0.3602784193451207,0.25,0.16666666666666666
107980,vases open on both ends,15,0.5903648977899488,0.6666666666666666,1.0,0.6429984744016285,0.5,1.0,0.6429984744016285,0.5,1.0
108065,vegan pancakes,16,0.9583080774373771,0.625,1.0,0.9409706586386307,0.625,1.0,0.935019497288433,0.625,1.0
108201,vented bar door,16,0.23719771276929622,0.5,0.2,0.8175295903539446,1.0,1.0,0.5912352048230277,1.0,0.5
108221,venu sq garmin watch,16,0.778973923278558,0.5833333333333334,1.0,0.6742527426725154,0.5,0.5,0.6742527426725154,0.5,0.5
108236,vera bradley duffel microfiber,16,0.9052116356304494,0.6428571428571429,1.0,0.914856882358379,0.6428571428571429,1.0,0.7065443116025598,0.5714285714285714,0.5
108302,verticutter,16,0.7478061349334528,0.6666666666666666,1.0,0.8974560019860454,0.6666666666666666,1.0,0.8974560019860454,0.6666666666666666,1.0
108339,vestido con short para mujer,23,0.7852590705630821,0.47619047619047616,1.0,0.8253568339472809,0.47619047619047616,1.0,0.8236787183208425,0.47619047619047616,1.0
108377,vestidos colombianos sexy de mujer,23,0.7945054536001368,0.6,1.0,0.8422414486044195,0.5333333333333333,1.0,0.8422414486044195,0.5333333333333333,1.0
108403,veterans discount on purchases,16,0.4724693965988903,0.5714285714285714,0.5,0.25288473642100684,0.2857142857142857,0.5,0.25288473642100684,0.2857142857142857,0.5
108461,vibe plug,16,0.8364586133797036,0.6153846153846154,1.0,1.0,0.7692307692307693,1.0,1.0,0.7692307692307693,1.0
108478,vibranting bullet massager,16,0.9339091084314125,0.625,1.0,0.9392148330510314,0.625,1.0,0.9392148330510314,0.625,1.0
108516,victor #00 welding tip,16,0.6976395137713189,0.5714285714285714,0.5,0.9276461784365448,0.8571428571428571,1.0,0.9153944717880951,0.8571428571428571,1.0
108618,vihuela,40,0.6076377334946901,0.21739130434782608,1.0,0.8824665955977139,0.34782608695652173,1.0,0.8881549192639215,0.34782608695652173,1.0
108637,vikings season 6,16,0.8094509326478653,0.6428571428571429,1.0,0.8849613571928605,0.6428571428571429,1.0,0.8849613571928605,0.6428571428571429,1.0
108738,vintage dresses flowy,16,0.9069572967881387,0.625,1.0,0.8743327388098134,0.625,1.0,0.8560421336797106,0.625,1.0
108874,virtual school kit,16,0.7025984922372752,0.6666666666666666,1.0,0.5287324048297515,0.5555555555555556,0.5,0.5853975153134974,0.5555555555555556,1.0
108910,visual store,16,0.45749452618986164,1.0,0.25,0.8315546295836226,1.0,1.0,0.8315546295836226,1.0,1.0
109052,vizio tv stand,22,0.8665403241158138,0.47619047619047616,1.0,0.8096907201807838,0.47619047619047616,1.0,0.8168935878164705,0.47619047619047616,1.0
109057,vlogging camera,21,0.8064659999627327,0.47619047619047616,1.0,0.8934834574783598,0.47619047619047616,1.0,0.9061209324228746,0.47619047619047616,1.0
109093,voinpurse,16,0.9768562593544076,0.625,1.0,0.92663607790064,0.625,1.0,0.92663607790064,0.625,1.0
109095,voip headsets,16,0.9284998699117307,0.625,1.0,0.8885084746155872,0.625,1.0,0.8885084746155872,0.625,1.0
109194,vowel workbooks for 2nd grade,16,0.8197346846582639,0.6428571428571429,1.0,0.8484648850751632,0.6428571428571429,1.0,0.9184462864795487,0.7142857142857143,1.0
109375,waist trainer for women xs,16,0.8803485966094552,0.625,1.0,0.8442925467515227,0.625,1.0,0.8288306118094276,0.625,1.0
109428,walking dead compendium 4,16,0.8455177158708053,0.6,1.0,0.987182011756103,0.6666666666666666,1.0,0.987182011756103,0.6666666666666666,1.0
109537,wall mounted charging station,16,0.9063728329829395,0.6666666666666666,1.0,0.9556493299547569,0.6666666666666666,1.0,0.9755453593002134,0.6666666666666666,1.0
109592,wall washing tools,40,0.5541436473249176,0.25925925925925924,0.5,0.6398157990095593,0.25925925925925924,1.0,0.5643014811950292,0.2222222222222222,1.0
109596,wall-e robot,16,0.8017784263570532,0.6923076923076923,1.0,0.7543654301215704,0.6153846153846154,1.0,0.8755352013527855,0.5384615384615384,1.0
109617,wallet purse,14,0.8866079878312831,0.7142857142857143,1.0,0.8785605132007275,0.7142857142857143,1.0,0.9110933709431354,0.7142857142857143,1.0
109640,wallpaper scorer,16,0.7962702441296854,0.6666666666666666,1.0,0.7278191293122033,0.5,1.0,0.7334959867549007,0.5,1.0
109679,war cartoons,14,0.8690023761496133,0.7142857142857143,1.0,0.9630280087714618,0.7142857142857143,1.0,0.9630280087714618,0.7142857142857143,1.0
109699,warhammer paint,16,0.6172511466526098,0.75,0.3333333333333333,0.8032062664656077,0.75,1.0,0.7937048035508928,0.75,1.0
109775,washable stickers,16,0.9008636626471187,0.6666666666666666,1.0,0.9008636626471187,0.6666666666666666,1.0,0.9008636626471187,0.6666666666666666,1.0
109831,watch for working out,16,0.7389277695941653,0.8,1.0,0.5364212516264356,0.8,0.5,0.5544413712980784,0.8,0.5
109848,watch walkie talkies for girls,16,0.8478333285894862,0.625,1.0,0.9772274824155974,0.625,1.0,0.9813162632348015,0.625,1.0
109861,watches for men on sale clearance,29,0.8995985677984534,0.3448275862068966,1.0,0.8956721692843664,0.3448275862068966,1.0,0.8924244579842303,0.3448275862068966,1.0
109881,water bong for smoking,16,0.6544129524075712,1.0,0.5,0.5329264493407436,0.5,0.5,0.625313841772767,0.5,1.0
109885,water bottle 1/2 gallon,16,0.8433429402666064,0.625,1.0,0.9403059847055673,0.625,1.0,0.9635794612797771,0.625,1.0
109927,water drain pipe sealant,16,0.8126964252950057,0.625,1.0,0.9454862044599013,0.625,1.0,0.9170305576591352,0.625,1.0
109962,water jel hand sanitizer,16,0.8869203778214075,0.6,1.0,0.9323592266408275,0.6666666666666666,1.0,0.9560914691434984,0.6666666666666666,1.0
109965,water jug cooler,16,0.92663607790064,0.625,1.0,0.9787930706003494,0.625,1.0,0.9684038785434832,0.625,1.0
109975,water pack,16,0.9011287284633798,0.625,1.0,0.874499340193325,0.625,1.0,0.9484714839582833,0.625,1.0
109993,water proof waist bag,16,0.9507235030281824,0.625,1.0,0.9738672436737749,0.625,1.0,0.9716189607861263,0.625,1.0
110003,water sandals for women,16,0.9716189607861263,0.625,1.0,0.92663607790064,0.625,1.0,0.92663607790064,0.625,1.0
110008,water shoes kids,16,0.8911507300039928,0.6,1.0,1.0,0.6666666666666666,1.0,1.0,0.6666666666666666,1.0
110044,water turtle,16,0.7528942520472234,0.7142857142857143,0.5,0.9214773842884207,0.8571428571428571,1.0,0.9033316554836239,0.8571428571428571,1.0
110076,watercooled pc case,16,0.5797579953455796,0.6363636363636364,0.5,0.5922181889186668,0.6363636363636364,0.5,0.5940157245649038,0.6363636363636364,0.5
110241,wax strung,16,0.47019287301638835,0.6,0.5,0.16535885431481395,0.4,0.14285714285714285,0.16535885431481395,0.4,0.14285714285714285
110321,we're not really strangers,56,0.6934691874785718,0.21621621621621623,1.0,0.7279024463916257,0.1891891891891892,1.0,0.7279024463916257,0.1891891891891892,1.0
110343,weather theme cutout,16,0.8292322150711965,0.6,1.0,0.9031251216828033,0.6666666666666666,1.0,0.8976617565525116,0.6666666666666666,1.0
110359,web absorber cut to fit odor control air filter with carbon,16,0.8789335177254264,0.6666666666666666,1.0,0.9877841797012169,0.6666666666666666,1.0,0.9877841797012169,0.6666666666666666,1.0
110400,weber jumbo joe charcoal grill 18 inch black,16,0.6975597598850317,0.6,1.0,0.891922879295034,0.6,1.0,0.9038932966471442,0.6,1.0
110406,weber summit grill light,26,0.23853835506962834,0.3,0.16666666666666666,0.6452487072102561,0.5,1.0,0.36460664507224105,0.4,0.3333333333333333
110464,wedding shoes,16,0.8603997912417956,0.6,1.0,0.9317219174938032,0.6666666666666666,1.0,0.9317219174938032,0.6666666666666666,1.0
110466,wedding shoes for broad maids,15,0.7780538961046077,0.6923076923076923,1.0,0.7956988362224828,0.6153846153846154,1.0,0.7956988362224828,0.6153846153846154,1.0
110470,wedding table number stickers,16,0.7794958559653803,0.6,1.0,0.8648282111101095,0.6,1.0,0.8798234934397957,0.6,1.0
110498,weed killer not grass,15,0.6342883260021213,0.7777777777777778,0.5,0.6830292130202474,0.8888888888888888,0.5,0.7228451140895916,0.8888888888888888,0.5
110500,weed money box,40,0.3903603258896809,0.2,1.0,0.7857321384086526,0.4,1.0,0.7255330400399664,0.35,1.0
110632,welding hood with fan,40,0.5989238202046284,0.22580645161290322,0.5,0.2634049965634844,0.12903225806451613,0.16666666666666666,0.2658780559468282,0.12903225806451613,0.2
110640,well pressure tank,16,0.8340611153182703,0.5714285714285714,1.0,0.8803485966094551,0.5714285714285714,1.0,0.8743705652481898,0.5714285714285714,1.0
110642,well waterbottle,16,0.8478333285894862,0.625,1.0,0.9346659795308913,0.625,1.0,0.9212500284989031,0.625,1.0
110648,wella hair gel,16,0.47970324643829854,0.6,0.3333333333333333,0.5725558654889704,0.4,1.0,0.6107555734411317,0.4,1.0
110654,weller spg40 tips,16,0.8974591205641528,0.625,1.0,0.915169765700504,0.625,1.0,0.9165739535520107,0.625,1.0
110655,weller w100pg soldering iron,16,0.8944836122933966,0.6,1.0,0.8600491488882696,0.6,0.5,0.8600491488882696,0.6,0.5
110674,wen bandsaw,40,0.8089403494123919,0.24324324324324326,1.0,0.9282056735743376,0.2702702702702703,1.0,0.8922097294981223,0.21621621621621623,1.0
110718,westie luggage tags,14,0.8546242386044375,0.6923076923076923,1.0,0.9325055893091646,0.7692307692307693,1.0,0.9045513367491769,0.7692307692307693,1.0
110788,what was books,16,0.8442925467515227,0.625,1.0,0.8982550386867663,0.625,1.0,0.9005033215744148,0.625,1.0
110869,whey protein without sugar,40,0.7238574715456162,0.24324324324324326,0.5,0.8249426093012541,0.24324324324324326,1.0,0.8249426093012541,0.24324324324324326,1.0
110889,whirlpool steam shower generator,40,0.6124723862724534,0.22580645161290322,1.0,0.8076235854903498,0.3225806451612903,1.0,0.8303719370700388,0.3225806451612903,1.0
110916,whistles without lanyard,40,0.71391900751553,0.2647058823529412,1.0,0.6803035700236691,0.23529411764705882,1.0,0.7002442970235346,0.23529411764705882,1.0
110920,white 2 black extreme tanning lotion,39,0.9200263683992064,0.2702702702702703,1.0,0.9119245711012617,0.24324324324324326,1.0,0.8799813810372109,0.24324324324324326,1.0
110951,white balusters,16,0.9368077570869662,0.6,1.0,0.8248911165874062,0.6,0.5,0.8248911165874062,0.6,0.5
110989,white bridesmaid dress,16,0.8348461318172643,0.625,1.0,0.8477875946111861,0.625,1.0,0.8591566408757683,0.625,1.0
110997,white cami tank tops for women,16,0.8833444073495264,0.625,1.0,0.8959836409260731,0.625,1.0,0.8854344362026183,0.625,1.0
110998,white camo pants,16,0.8697268307711932,0.625,1.0,0.7800955628772291,0.625,1.0,0.7800955628772291,0.625,1.0
111051,white coveralls for women cotton,16,0.7074701120075034,0.6666666666666666,1.0,0.8913403640578766,0.75,1.0,0.8986067961065931,0.8333333333333334,1.0
111062,white curtains 118 inches long,16,0.8142699997653015,0.6153846153846154,1.0,0.8361602742147458,0.6153846153846154,1.0,0.8150660023189528,0.6153846153846154,0.5
111095,white entry storage bench,16,0.8017784263570532,0.625,1.0,0.855188636797068,0.625,1.0,0.8495403175734203,0.625,1.0
111133,white grand piano,16,0.882736744717792,0.625,1.0,0.9821490166714711,0.625,1.0,0.9821490166714711,0.625,1.0
111153,white jeans for women high waisted,16,0.8581807837661062,0.625,1.0,0.955932207248992,0.625,1.0,0.9212530317064457,0.625,1.0
111174,white leather vans men slippers,10,1.0,1.0,1.0,0.9705669479986532,1.0,1.0,0.9722340851332467,1.0,1.0
111177,white linen and lace dress,16,0.8063006388400883,0.6,1.0,0.9695254545035652,0.6666666666666666,1.0,0.9695254545035652,0.6666666666666666,1.0
111179,white linen shorts for women,16,0.7002388388156309,0.6666666666666666,1.0,0.8378082677413283,0.75,1.0,0.863175853387719,0.75,1.0
111219,white oak bark oil,16,0.3913314413839731,0.4444444444444444,0.5,0.4610580125454849,0.4444444444444444,1.0,0.5000241589554146,0.4444444444444444,1.0
111258,white popsocket,16,0.8178775782001568,0.625,1.0,0.9663902740846612,0.625,1.0,0.9820195282623767,0.625,1.0
111277,white sapphire engagement ring,16,0.9421111095506693,0.625,1.0,0.9401742983047275,0.625,1.0,0.9768562593544076,0.625,1.0
111308,white slip on vans size 6 womens,16,0.7580658245190215,0.6666666666666666,1.0,0.8346972563290579,0.6666666666666666,1.0,0.8317148064085377,0.6666666666666666,1.0
111329,white star tights,16,0.8056105440585393,0.6428571428571429,1.0,0.7250249844864126,0.5714285714285714,1.0,0.7163359321919545,0.5714285714285714,1.0
111336,white strobe lights,16,0.9388712056774227,0.625,1.0,0.8398781099873409,0.625,1.0,0.8641708164938905,0.625,1.0
111375,white tulle costume dress,16,0.8716380207278304,0.625,1.0,0.8663286304065468,0.625,1.0,0.8871590734888487,0.625,1.0
111479,why were not emergent,17,0.48032567324482467,0.5714285714285714,0.5,0.8020378746650066,0.7142857142857143,1.0,0.8020378746650066,0.7142857142857143,1.0
111501,wicker wall shelf,40,0.50456381796959,0.18181818181818182,1.0,0.7728752935642615,0.24242424242424243,1.0,0.7789422601716142,0.24242424242424243,1.0
111540,wide women’s shoes,16,0.28930792834276164,0.6666666666666666,0.125,0.5881601264058985,1.0,0.5,0.5853898393086269,1.0,0.5
111575,wifi printer,26,0.7994759781811206,0.38461538461538464,1.0,0.7846268577228388,0.38461538461538464,1.0,0.8088358995110564,0.38461538461538464,1.0
111592,wifi vibrating egg,16,0.648032238737898,0.875,0.5,0.3229658613385929,0.375,0.25,0.3862235298163696,0.375,0.5
111714,william boardman,16,0.85421584028323,0.625,1.0,0.9547715182029446,0.625,1.0,0.9547715182029446,0.625,1.0
111737,wilson cell amplifier,16,0.807101926525953,0.625,1.0,0.8229122465157929,0.625,1.0,0.829407806335673,0.625,1.0
111768,wind maps i-vii,12,0.7451203431038587,1.0,1.0,0.9203346894967079,1.0,1.0,0.9203346894967079,1.0,1.0
111807,window cranks,16,0.8759246986237342,0.5714285714285714,1.0,0.8091026734983539,0.5714285714285714,0.5,0.8091026734983539,0.5714285714285714,0.5
111852,window track guide,16,0.4635024189502111,0.6666666666666666,0.5,0.8580465988579277,0.8333333333333334,1.0,0.8265780003705282,0.8333333333333334,1.0
111955,wing bolts 3/8,16,0.6907718948761074,0.6666666666666666,0.5,0.5835070978092305,0.5555555555555556,0.2,0.5664969170916517,0.5555555555555556,0.2
111973,wink white lotion,41,0.7223949934297896,0.2857142857142857,1.0,0.6004469704355556,0.2571428571428571,0.5,0.6038075372286715,0.2571428571428571,0.5
111983,winnie the pooh little people,16,1.0,0.625,1.0,0.9537125187088152,0.625,1.0,0.9537125187088152,0.625,1.0
111986,winning is not everything,15,0.3111225328627717,0.6,0.25,0.8241294179185933,0.8,1.0,0.8241294179185933,0.8,1.0
111992,winsor and newton cotman watercolor,16,0.8213151204210146,0.6,1.0,0.9065559605225726,0.6,1.0,0.896950440281068,0.6,1.0
112009,winter cozy toddler girl clothes,16,0.8908978013329101,0.7142857142857143,1.0,0.7187716319524532,0.6428571428571429,0.5,0.7238574715456162,0.6428571428571429,0.5
112041,winter ski half mask,16,0.9272682907408835,0.625,1.0,0.9349369997364463,0.625,1.0,1.0,0.625,1.0
112076,wipex natural gym & fitness equipment wipes,16,0.5788060776291202,0.7142857142857143,0.5,0.8735847991144785,0.8571428571428571,1.0,0.8702958572419259,0.8571428571428571,1.0
112090,wire rectangular basket large,16,0.8433429402666064,0.625,1.0,0.9030710611044827,0.625,1.0,0.8693328836265974,0.625,1.0
112117,wired router without wifi,16,0.8077415350181416,0.6,1.0,0.8367597030710496,0.6,1.0,0.8595870806193087,0.6,1.0
112137,wireless charger case xr heavy duty,16,0.4264241905180744,0.4444444444444444,0.5,0.7846323220670551,0.7777777777777778,1.0,0.8950720860884479,1.0,1.0
112162,wireless earbuds with microphone,16,0.5957616317188125,0.5,1.0,0.9052116356304494,0.9,1.0,0.9052116356304494,0.9,1.0
112221,wireless mouse without usb receiver,16,0.9401742983047275,0.625,1.0,0.9055891611675779,0.625,1.0,0.9104823590366595,0.625,1.0
112269,wisdom of your cells,11,0.961626441860224,0.9090909090909091,1.0,0.9507308602955803,0.9090909090909091,1.0,0.9713222657420835,0.9090909090909091,1.0
112294,witch hazel wipes,16,0.8701910526263108,0.6,1.0,0.9058629123265631,0.6666666666666666,1.0,0.9525173978809013,0.6666666666666666,1.0
112327,wizgear magnetic mount,16,0.8989726566067059,0.625,1.0,0.9221163972522983,0.625,1.0,0.8801029976978861,0.625,1.0
112344,wockoder vinyl record player,16,0.8321310991317671,0.625,1.0,1.0,0.625,1.0,1.0,0.625,1.0
112349,wok burners for cooking,16,0.7019115887551048,0.5714285714285714,0.3333333333333333,0.7205983459836128,0.5714285714285714,0.3333333333333333,0.7225619818148822,0.5714285714285714,0.3333333333333333
112352,wok stove,40,0.4597138108430123,0.18181818181818182,0.3333333333333333,0.5090028698226889,0.18181818181818182,1.0,0.47815069369510865,0.13636363636363635,1.0
112355,woke up sexy as hell again coffee mug,40,0.7035298154586637,0.23076923076923078,1.0,0.9200263683992064,0.2564102564102564,1.0,0.9104208481577016,0.2564102564102564,1.0
112384,woman auburn shirt,16,0.6804115552763346,0.6153846153846154,0.5,0.6880977228310117,0.5384615384615384,1.0,0.6777277508780454,0.6153846153846154,1.0
112402,woman shoes open toe pump,16,0.8236998933965709,0.6153846153846154,1.0,0.8415908474314976,0.6153846153846154,1.0,0.7975167679274938,0.6153846153846154,1.0
112414,woman within polo shirts with elbow sleeves,16,0.8759195979917094,0.625,1.0,0.9305771987116873,0.625,1.0,0.9427930190104704,0.625,1.0
112624,women seamless 1/2 zip pullover,16,0.6289071127043526,0.5833333333333334,1.0,0.8587842525419287,0.75,1.0,0.8452502572559987,0.75,1.0
112750,women's neck tshirt,16,0.9071731368575655,0.625,1.0,0.9085781768482107,0.625,1.0,0.8895869012787158,0.625,1.0
112791,women's ultra boost 20,16,0.8519486030949996,0.625,1.0,0.972414317788023,0.625,1.0,0.9427490181974753,0.625,1.0
112828,womens baggy oants,16,0.8590496713279553,0.625,1.0,0.9288070945842501,0.625,1.0,0.9288070945842501,0.625,1.0
112910,womens cintage,16,0.7655934900767001,0.7,1.0,0.5309999066793253,0.7,0.25,0.5309999066793253,0.7,0.25
112922,womens columbian jeans,16,0.8433429402666064,0.6428571428571429,1.0,0.8266165677701107,0.6428571428571429,1.0,0.7422049441536678,0.6428571428571429,1.0
112927,womens converse sneakers,16,0.7005304898131464,0.5833333333333334,1.0,0.9034923372550475,0.75,1.0,0.9092911358458243,0.75,1.0
113018,womens hats winter,15,0.8346342504878146,0.6923076923076923,1.0,0.8610140672864943,0.6923076923076923,1.0,0.8506892863988801,0.6923076923076923,1.0
113039,womens ivory leggings,16,0.877316667086728,0.6,1.0,0.8944497757883578,0.6,1.0,0.8677455048560904,0.6,1.0
113045,womens jeans size 16 bootcut stretch,16,0.8809745078012027,0.625,1.0,0.9008768387951549,0.625,1.0,0.9032467383434786,0.625,1.0
113059,womens learher skirt brown,16,0.8913411277030983,0.6666666666666666,1.0,0.9430123174207714,0.6666666666666666,1.0,0.945036770628007,0.6666666666666666,1.0
113109,womens neck tops plus size,16,0.8215653436601764,0.6,1.0,0.7885515438000408,0.6,1.0,0.7910246031833845,0.6,1.0
113127,womens one piece tummy control swimsuits,16,0.8978323652257558,0.625,1.0,0.9730367401053003,0.625,1.0,0.9741186843138753,0.625,1.0
113146,womens petite dresses,16,0.9411338959973068,0.625,1.0,0.8880156958269811,0.625,1.0,0.8880156958269811,0.625,1.0
113201,womens running shoes 10.5,16,0.9034231626247281,1.0,1.0,0.5374202510774029,1.0,0.3333333333333333,0.5374202510774029,1.0,0.3333333333333333
113234,womens shirt dress,16,0.7686044508692661,0.6153846153846154,1.0,0.8398715490560957,0.6923076923076923,1.0,0.8656370898100768,0.6923076923076923,1.0
113263,womens sketchers walking sneakers,16,0.835840281790771,0.625,1.0,0.8672815504216002,0.625,1.0,0.8691820702108607,0.625,1.0
113336,womens tankini swimsuit shorts,16,0.9510483935449718,0.6666666666666666,1.0,0.8357924920087321,0.6,1.0,0.8357924920087321,0.6,1.0
113354,womens tops clearance,16,0.8920547382848749,0.6666666666666666,1.0,0.9072178250871613,0.6666666666666666,1.0,0.9072178250871613,0.6666666666666666,1.0
113369,womens underwear cotton no visable lines,16,0.6683878920287305,0.6153846153846154,0.5,0.8985934818143871,0.7692307692307693,1.0,0.8967959461681502,0.7692307692307693,1.0
113389,womens white hobo purses,15,0.9404400093951125,0.6666666666666666,1.0,0.9324148783423529,0.6666666666666666,1.0,0.9012322802248002,0.6666666666666666,1.0
113395,womens wide sandals,16,0.8501002095349773,0.625,1.0,0.9018096131475518,0.625,1.0,0.8980475060598947,0.625,1.0
113421,womens yellow car accesories,16,0.6780763519191518,0.6,0.5,0.9398880468477802,0.6666666666666666,1.0,0.9143609233864821,0.6666666666666666,1.0
113503,wood desk chairs without wheels,40,0.5438339181170662,0.2413793103448276,0.5,0.6745018711425984,0.27586206896551724,1.0,0.6386202139675442,0.27586206896551724,1.0
113507,wood dresser 6 drawer 35 tall,16,0.983550158089448,0.625,1.0,0.9108579352048268,0.625,1.0,0.9020502594731912,0.625,1.0
113541,wood pecker tools,16,0.9240205794407473,0.625,1.0,0.9738672436737749,0.625,1.0,0.9738672436737749,0.625,1.0
113566,wood spaghetti spoon,16,0.8383865342971615,0.625,1.0,0.9878811550307042,0.625,1.0,0.9974537474936096,0.625,1.0
113568,wood stain for crafts,16,0.6293644814585829,0.5454545454545454,1.0,0.7720617383222418,0.6363636363636364,1.0,0.6745711375739728,0.5454545454545454,1.0
113572,wood steamer,16,0.7011250135916295,0.6666666666666666,1.0,0.6877496064682146,0.8333333333333334,1.0,0.7008676345483706,0.8333333333333334,1.0
113597,woodard patio,40,0.6997004571713217,0.2,1.0,0.814165085972814,0.32,1.0,0.8388784222921042,0.32,1.0
113643,wooden gazebo,16,0.7973791542685903,0.6428571428571429,1.0,0.8248911165874062,0.6428571428571429,0.5,0.8271393994750548,0.6428571428571429,0.5
113743,wool bucket hat,16,0.7148515604442718,0.6666666666666666,1.0,0.8914031818199116,0.8888888888888888,1.0,0.8723750087602207,0.8888888888888888,1.0
113746,wool columbia socks women,16,0.7609261935301467,0.7142857142857143,1.0,0.955404751256923,1.0,1.0,0.9377523456603784,1.0,1.0
113825,work sneakers,16,0.8818303949100644,0.625,1.0,0.9478800059223746,0.625,1.0,0.9478800059223746,0.625,1.0
113840,work without jobs,16,0.2738531255123761,0.5,0.2,0.5605845919317374,0.6666666666666666,1.0,0.572831243499585,0.6666666666666666,1.0
113874,workout leitords,16,0.8331920384232125,0.6666666666666666,1.0,0.7799082337019199,0.75,0.5,0.7799082337019199,0.75,0.5
113946,would you dare book,16,0.4121155388260467,0.6,0.3333333333333333,0.7483800359486765,0.8,1.0,0.7639247670285199,0.8,1.0
113952,woven beach blanket,16,0.8103335926117111,0.6,1.0,0.9594110359653845,0.6666666666666666,1.0,0.9605453972156188,0.6666666666666666,1.0
113985,wrangler jeans 47mwz regular fit,16,0.9361767385157805,0.625,1.0,0.9435593591982605,0.625,1.0,0.9435593591982605,0.625,1.0
114059,wrist lanyard black,16,0.8633496950511552,0.625,1.0,0.9221163972522983,0.625,1.0,0.9454862044599013,0.625,1.0
114077,wristlet wallet with cell phone holder leather,16,0.8639756062429027,0.625,1.0,0.9019358382892843,0.625,1.0,0.9041841211769328,0.625,1.0
114145,wwe throw blanket,16,0.841492960259019,0.6153846153846154,1.0,0.571614567891588,0.5384615384615384,0.3333333333333333,0.571614567891588,0.5384615384615384,0.3333333333333333
114147,wwe toys of seth rollins with championships,16,0.7897104452730273,0.6428571428571429,1.0,0.9240532084982401,0.7142857142857143,1.0,0.8738330270444725,0.7142857142857143,1.0
114178,x light,39,0.38458829906660263,0.4,0.25,0.3639365359485204,0.3333333333333333,0.5,0.3799517398230286,0.3333333333333333,0.5
114193,x-plane 7,16,0.3641460797518839,0.5,0.25,0.6113292819664577,0.625,1.0,0.6135416912744805,0.625,1.0
114197,x-ray shield,16,0.8348745159008307,0.6153846153846154,1.0,0.8907675174335202,0.6923076923076923,1.0,0.8877573266771591,0.6923076923076923,1.0
114206,x370 gaming m7,16,0.8280149469495522,0.6923076923076923,1.0,0.9166271233724493,0.6923076923076923,1.0,0.6754630396379813,0.5384615384615384,1.0
114213,x570 strix wifi,16,0.7341201782402775,0.6,1.0,0.8561031385679708,0.6,1.0,0.8421447230714011,0.6,1.0
114217,x900h sony tv,16,0.8450416274581257,0.625,1.0,0.867065675381311,0.625,1.0,0.8659313141310768,0.625,1.0
114307,xbox one sport red controller,16,0.7835161624574922,0.6428571428571429,1.0,0.8942937069845632,0.5714285714285714,1.0,0.8951656606817876,0.5714285714285714,1.0
114343,xenoblade chronicles,16,0.8357924920087321,0.6923076923076923,1.0,0.9200969049991493,0.6923076923076923,1.0,0.9499515212613295,0.7692307692307693,1.0
114457,xl bass strings,16,0.882736744717792,0.625,1.0,0.9554289676024135,0.625,1.0,0.9554289676024135,0.625,1.0
114479,xl twin sheets for kids,16,0.835092160753738,0.625,1.0,0.9149755495818076,0.625,1.0,0.9215108835962116,0.625,1.0
114567,xs black fitted hat,40,0.6880313566899312,0.23076923076923078,1.0,0.8925759169593485,0.2564102564102564,1.0,0.8843822317679273,0.2564102564102564,1.0
114584,xs womens shirts,16,0.9021877388493492,0.6428571428571429,1.0,0.9102464554748231,0.6428571428571429,1.0,0.9047830903445314,0.6428571428571429,1.0
114587,xsmall ean overalls women,14,0.4457341703503472,1.0,0.14285714285714285,0.8126530453831332,1.0,1.0,0.639456230326242,1.0,0.5
114622,xxl club dress,40,0.8772081219537043,0.2564102564102564,1.0,0.9537125187088152,0.2564102564102564,1.0,0.9537125187088152,0.2564102564102564,1.0
114666,y strap neck chiropractor,11,0.8208082847561912,0.8888888888888888,1.0,0.8493963955149819,1.0,0.5,0.8493963955149819,1.0,0.5
114673,y740 legion 15 inch gaming laptop,16,0.9277671872280734,0.625,1.0,0.8342585510352535,0.625,1.0,0.8590736983256306,0.625,1.0
114690,yakima mako,16,0.9219526806586169,0.6428571428571429,1.0,0.8500399130168412,0.6428571428571429,1.0,0.8374068346086894,0.6428571428571429,1.0
114694,yakima wind fairing,16,0.713384474748574,0.5833333333333334,1.0,0.766004917764379,0.5833333333333334,1.0,0.766004917764379,0.5833333333333334,1.0
114703,yamaha drums,16,0.7775506709803011,0.8571428571428571,0.5,0.8667753125326364,0.7142857142857143,1.0,0.8616649924387577,0.7142857142857143,1.0
114708,yamaha inverter generator,16,0.9008636626471187,0.625,1.0,0.9008636626471187,0.625,1.0,0.9008636626471187,0.625,1.0
114713,yamaha ls9 mixer,16,0.8636625620833045,0.75,1.0,0.6266227237045702,0.5,0.3333333333333333,0.6266227237045702,0.5,0.3333333333333333
114725,yamaha vstar 650 rear fender,16,0.7813536190460351,0.7142857142857143,1.0,0.6723288930210408,0.8571428571428571,0.3333333333333333,0.6672485360099303,0.8571428571428571,0.3333333333333333
114736,yananas,15,0.7284524762060313,0.6666666666666666,0.5,0.7017910512666671,0.6666666666666666,1.0,0.7017910512666671,0.6666666666666666,1.0
114769,yard mosquito killer,11,0.8249422198625597,1.0,1.0,0.9859056632751825,1.0,1.0,0.9913646294746147,1.0,1.0
114770,yard movie screen,16,0.9570217987137696,0.625,1.0,0.987182011756103,0.625,1.0,0.9899138256111094,0.625,1.0
114798,year without santa clause,40,0.5484912124243113,0.2857142857142857,0.5,1.0,0.47619047619047616,1.0,0.7663491917568948,0.38095238095238093,1.0
114831,yellow butterfly car charm,16,0.7044761217346792,0.6923076923076923,0.5,0.8246103024561442,0.6923076923076923,1.0,0.8401015506356017,0.6923076923076923,1.0
114841,yellow desert rose adenium obesum live plant,16,0.8759195979917094,0.625,1.0,0.9722340851332467,0.625,1.0,0.9772274824155974,0.625,1.0
114867,yellow kurtis for women,16,0.8948267868150276,0.6,1.0,0.8989669905186765,0.6666666666666666,1.0,0.9076747271337097,0.6666666666666666,1.0
114880,yellow pads 8.5 x 11,40,0.8214304354331939,0.25,1.0,0.8355945670290291,0.25,1.0,0.8259890467875243,0.25,1.0
114943,yeti 400 power supply,16,0.7136900931871216,0.5384615384615384,1.0,0.8927513776388208,0.6923076923076923,1.0,0.8811474954621253,0.6923076923076923,1.0
114959,yeti for kids,40,0.8206859539031699,0.2857142857142857,1.0,0.8663246619258071,0.2857142857142857,1.0,0.9458126436748655,0.2857142857142857,1.0
114962,yeti lowball rambler,40,0.8266677340014752,0.2702702702702703,1.0,0.9575861412006988,0.24324324324324326,1.0,0.9575861412006988,0.24324324324324326,1.0
114964,yeti mug,16,0.712610047258652,0.5384615384615384,1.0,0.8534843770470758,0.6153846153846154,1.0,0.8482378089219647,0.6153846153846154,1.0
114967,yeti rambler 10 oz wine tumbler,16,0.8074926118781868,0.5714285714285714,1.0,0.908839076530512,0.6428571428571429,1.0,0.9338568382031255,0.6428571428571429,1.0
115009,yocheerful,39,0.486389076540939,0.17857142857142858,1.0,0.8167278084105035,0.2857142857142857,1.0,0.8390528149749825,0.32142857142857145,1.0
115020,yoga ball chair for kids,16,0.8955717276994197,0.625,1.0,0.948475220140534,0.625,1.0,0.9286387618767193,0.625,1.0
115151,your closet detox tea,40,0.6246791011103088,0.24324324324324326,1.0,0.8295156006718744,0.2702702702702703,1.0,0.8232519316669564,0.2702702702702703,1.0
115237,ysl handbags for women,16,0.3921115654448129,0.5,0.5,0.639152434522507,0.7,1.0,0.6133101216531843,0.7,1.0
115341,zac brown band cd welcome home,8,0.955404751256923,1.0,1.0,0.9901541049121547,1.0,1.0,0.9901541049121547,1.0,1.0
115552,zebco bite alert,16,0.9033915453445153,0.625,1.0,0.869918756473895,0.625,1.0,0.8980399469609298,0.625,1.0
115564,zebra sarasa clip .7,16,0.7854355191548392,0.625,1.0,0.8925149292251146,0.625,1.0,0.9098821359094381,0.625,1.0
115566,zebra zd410 printer,16,0.8118532665283837,0.6,1.0,0.9597696063936791,0.6666666666666666,1.0,0.9382105507731461,0.6,1.0
115607,zen dry brush,42,0.613778210730803,0.2222222222222222,1.0,0.7863180700572117,0.2777777777777778,1.0,0.8084028112086746,0.2777777777777778,1.0
115652,zero turn mowers clearance,16,0.7983974463374329,0.5833333333333334,1.0,0.8108582970019788,0.6666666666666666,0.5,0.8108582970019788,0.6666666666666666,0.5
115676,zesty paws 8 in 1 multivitamin bites,34,0.5316903699302916,0.19230769230769232,1.0,0.800137501208124,0.34615384615384615,1.0,0.7945557645833021,0.34615384615384615,1.0
115735,zip up nightgowns for women,14,0.946337780834781,0.7142857142857143,1.0,0.9129967745944103,0.7142857142857143,1.0,0.918192806060023,0.7142857142857143,1.0
115797,zippy paws leash,16,0.8478333285894862,0.6666666666666666,1.0,0.866517065354685,0.6,1.0,0.8322832340215163,0.6,0.5
115803,zkittles bags,39,0.2844225459202166,0.23076923076923078,0.3333333333333333,0.4060806997510147,0.3076923076923077,0.5,0.3911005079039624,0.3076923076923077,0.5
115808,zodiac,27,0.5384109300791364,0.35714285714285715,1.0,0.721801830382049,0.5,1.0,0.725734530544632,0.5,1.0
115861,zoomies pants for men,16,0.47369704615542807,0.5454545454545454,0.5,0.6455404005125891,0.5454545454545454,1.0,0.5130541004928836,0.5454545454545454,0.5
115921,zxi 900,40,0.3015539953216791,0.0,0.09090909090909091,0.5255664792793981,0.125,1.0,0.5127147070868318,0.25,0.5
115956,“cloth and stone”,16,0.9435593591982605,0.625,1.0,0.9008636626471187,0.625,1.0,0.9008636626471187,0.625,1.0
