model,query_id,query,n_candidates,xgb_ndcg_at_10,xgb_recall_at_10,xgb_mrr,tfidf_ndcg_at_10,tfidf_recall_at_10,tfidf_mrr,delta_ndcg_at_10,delta_recall_at_10,delta_mrr
xgb,1,!awnmower tires without rims,16,0.6359900319570795,0.6,0.5,0.5697072325858136,0.6,0.5,0.06628279937126591,0.0,0.0
xgb,5,# 10 self-seal envelopes without window,40,0.7956138772890416,0.23529411764705882,1.0,0.8982550386867663,0.2647058823529412,1.0,-0.10264116139772461,-0.02941176470588236,0.0
xgb,6,# 2 pencils not sharpened,40,0.43634346893533404,0.2,0.3333333333333333,0.5294187177323876,0.2,1.0,-0.09307524879705353,0.0,-0.6666666666666667
xgb,9,# mom life,16,0.874706937766356,0.6923076923076923,1.0,0.8856646473112871,0.6923076923076923,1.0,-0.010957709544931138,0.0,0.0
xgb,22,#11 mrs. kormel is not normal,16,0.5090967735771897,0.3333333333333333,1.0,0.7694182737520382,1.0,1.0,-0.26032150017484845,-0.6666666666666667,0.0
xgb,23,#12 black boys chain necklace without baseball stitches,40,0.7658948124729227,0.32142857142857145,1.0,0.7879795536243857,0.3214285714285714,1.0,-0.022084741151462972,5.551115123125783e-17,0.0
xgb,39,#5 zipper tape without pulls,40,0.7998562904612991,0.3333333333333333,1.0,0.7757688653337567,0.3333333333333333,1.0,0.024087425127542472,0.0,0.0
xgb,46,"#9x5"" wood screws",16,1.0,1.0,1.0,0.6509209298071326,1.0,0.5,0.34907907019286744,0.0,0.5
xgb,55,#this is not a truck decals,39,0.5433507710249271,0.2727272727272727,1.0,0.4622615547972141,0.2272727272727272,1.0,0.08108921622771303,0.0454545454545455,0.0
xgb,59,$1 dollar toys not fidgets,38,0.42509883252531194,0.375,1.0,0.2611789568035266,0.25,0.5,0.16391987572178535,0.125,0.5
xgb,64,$10 amazon prime not prime wardrobe sweatpaants,39,0.3076675776753383,0.16666666666666666,0.2,0.3709229484492688,0.2083333333333333,0.3333333333333333,-0.06325537077393051,-0.04166666666666663,-0.1333333333333333
xgb,71,$10 stuff not books,38,0.22991971840955647,0.2857142857142857,0.5,0.4362880413154732,0.4285714285714285,1.0,-0.20636832290591675,-0.1428571428571428,-0.5
xgb,82,$2 pop tube not a pack,39,0.4011946287772916,0.3,0.25,0.2845023760838989,0.2,0.3333333333333333,0.11669225269339273,0.09999999999999998,-0.08333333333333331
xgb,112,&#34;bed swing without stand&#34;,40,0.4632748166247856,0.5,1.0,0.3100073893823591,0.3333333333333333,1.0,0.15326742724242648,0.16666666666666669,0.0
xgb,115,"&a pedicure spa parts, pop-up drain plug without strainer",40,0.48821157016630634,0.2727272727272727,0.5,0.4674086660822879,0.2272727272727272,1.0,0.020802904084018414,0.0454545454545455,-0.5
xgb,122,'72 nova instument panel without gauges,16,0.0,0.0,0.07692307692307693,0.0,0.0,0.0714285714285714,0.0,0.0,0.0054945054945055305
xgb,146,'may not be perfect' canvas,40,0.6577551737922527,0.3888888888888889,1.0,0.7264939579370185,0.4444444444444444,1.0,-0.06873878414476586,-0.055555555555555525,0.0
xgb,148,'moment case' for iphone 7 not the plus,16,0.20315902285803084,0.4,0.14285714285714285,0.2142666685622236,0.4,0.2,-0.011107645704192759,0.0,-0.05714285714285716
xgb,153,'see the possibility not the problem' textual canvas,40,0.756074576913129,0.3,1.0,0.700462679511945,0.2666666666666666,1.0,0.055611897401183996,0.03333333333333338,0.0
xgb,162,( brand-satisfyer-pro2 not womanizer ),40,0.10131492031939958,0.13333333333333333,0.1111111111111111,0.1013149203193995,0.1333333333333333,0.1111111111111111,8.326672684688674e-17,2.7755575615628914e-17,0.0
xgb,172,(hue2 lighting controller not included),40,0.48211568308826563,0.3333333333333333,1.0,0.4712790907996204,0.3333333333333333,1.0,0.010836592288645253,0.0,0.0
xgb,217,+crunchy peanuts not butter,40,0.3156169274023381,0.21052631578947367,0.25,0.5881720261544499,0.3684210526315789,0.5,-0.27255509875211176,-0.15789473684210525,-0.25
xgb,219,+dark chocolate peanuts covered not milk,40,0.527089754668465,0.2857142857142857,1.0,0.5906371837693116,0.3333333333333333,1.0,-0.06354742910084665,-0.047619047619047616,0.0
xgb,224,+maintained foot switch not piggyback,16,0.6731261714640896,0.75,1.0,0.7169775097915406,0.75,1.0,-0.04385133832745103,0.0,0.0
xgb,227,+proofer for yogourt -brod and not frozen and not automatic,37,0.0,0.0,0.08333333333333333,0.4692787260227565,0.3333333333333333,1.0,-0.4692787260227565,-0.3333333333333333,-0.9166666666666666
xgb,291,- what i have ordered not what i can order,11,0.43630277787700844,0.75,0.25,0.5963338731314378,1.0,0.3333333333333333,-0.16003109525442938,-0.25,-0.08333333333333331
xgb,298,-18 x do not watch,22,0.0,0.0,0.0625,0.0,0.0,0.0833333333333333,0.0,0.0,-0.0208333333333333
xgb,299,-3.50 not reading glasses,40,0.5761528145057854,0.5,1.0,0.5334857331207924,0.4,1.0,0.04266708138499298,0.09999999999999998,0.0
xgb,319,. iced tea without sucralose without aspartame,24,0.8065689304320547,0.6923076923076923,1.0,0.8626706049468414,0.6923076923076923,1.0,-0.05610167451478676,0.0,0.0
xgb,327,.030 lincoln flux core,16,0.9435593591982605,0.625,1.0,0.9634117275431492,0.625,1.0,-0.019852368344888682,0.0,0.0
xgb,342,.25 syringe without needle,16,0.7947797869115736,0.6428571428571429,1.0,0.7723038042625818,0.6428571428571429,1.0,0.022475982648991755,0.0,0.0
xgb,347,.4 mm not bleed pen,40,0.8168253497051561,0.23684210526315788,1.0,0.9317219174938032,0.2631578947368421,1.0,-0.1148965677886471,-0.02631578947368421,0.0
xgb,350,.5 female not fitting plastic,15,0.49480715247917767,0.5,1.0,0.3750619598632967,0.5,0.3333333333333333,0.11974519261588096,0.0,0.6666666666666667
xgb,359,.65 trimmer not tangle ryobi braided,16,0.3863709783550239,0.5555555555555556,0.25,0.4098578455635797,0.5555555555555556,0.5,-0.023486867208555806,0.0,-0.25
xgb,360,.68 paintballs not reusable,40,0.5272343677775604,0.1875,1.0,0.5799154897273945,0.21875,1.0,-0.0526811219498341,-0.03125,0.0
xgb,401,0 outdoor stand alone umbrella without base,40,0.3815508308110214,0.15384615384615385,0.3333333333333333,0.3111797515433985,0.1153846153846153,0.2,0.07037107926762293,0.03846153846153856,0.1333333333333333
xgb,414,0-3 months white collared shirt,16,0.9295165736285318,0.625,1.0,0.933564588803294,0.625,1.0,-0.004048015174762165,0.0,0.0
xgb,418,0-cedar mop without bucket,16,0.6316034734073666,0.5,1.0,0.5174078048566967,0.6,0.5,0.11419566855066987,-0.09999999999999998,0.5
xgb,419,0.0 sticker not today,39,0.8085208705666737,1.0,1.0,0.8980517442734133,1.0,1.0,-0.08953087370673962,0.0,0.0
xgb,428,0.25 syringe without needle,16,0.8207609204356189,0.6428571428571429,1.0,0.8036005944173108,0.6428571428571429,1.0,0.01716032601830808,0.0,0.0
xgb,432,0.35hppump without pre-filter,40,0.13565197343244778,0.3333333333333333,0.1,0.1356519734324477,0.3333333333333333,0.1,8.326672684688674e-17,0.0,0.0
xgb,435,0.3cc syringe without needle,16,0.838860507276376,0.7272727272727273,1.0,0.8312448599711535,0.7272727272727273,1.0,0.007615647305222462,0.0,0.0
xgb,436,0.3ml syringe without needle qty 1,16,0.4910826564923819,0.6,0.5,0.4487847192099969,0.6,0.5,0.04229793728238501,0.0,0.0
xgb,449,0.53 cu. ft. retro mini fridge in white without freezer,16,0.3424469527574557,0.45454545454545453,0.2,0.3268224108327526,0.4545454545454545,0.2,0.015624541924703084,5.551115123125783e-17,0.0
xgb,450,0.5cc syringe without needle,16,0.8296781627274812,0.6923076923076923,1.0,0.8374029168716359,0.6923076923076923,1.0,-0.007724754144154744,0.0,0.0
xgb,460,"0.8"" reading glasses",16,0.8563023542308759,0.8,1.0,0.7799082337019199,0.8,0.5,0.076394120528956,0.0,0.5
xgb,470,00 grease,39,0.7482224254033334,0.45454545454545453,1.0,0.7556384704421581,0.4545454545454545,1.0,-0.007416045038824759,5.551115123125783e-17,0.0
xgb,478,007 car sticker without gun,40,0.570444599849017,0.38461538461538464,1.0,0.5770855264880993,0.4615384615384615,1.0,-0.006640926639082334,-0.07692307692307687,0.0
xgb,483,00m vesa mounting pattern mounting bracket not included,16,0.7752640567177301,0.6153846153846154,1.0,0.7506569162993064,0.5384615384615384,1.0,0.024607140418423712,0.07692307692307698,0.0
xgb,496,02 ford sport trac disc brakes,16,0.9087691188193053,1.0,1.0,0.9395664345169856,1.0,1.0,-0.030797315697680294,0.0,0.0
xgb,498,02 sensor without catalytic converter,15,0.6369083637069465,0.5714285714285714,1.0,0.5424332889897996,0.4285714285714285,1.0,0.09447507471714689,0.1428571428571429,0.0
xgb,506,03 it's not unusual,35,0.6131471927654584,0.5,1.0,0.6131471927654584,0.5,1.0,0.0,0.0,0.0
xgb,522,05 colorado seats not covers,40,0.19067581186366409,0.25,0.25,0.175799871202603,0.125,0.2,0.014875940661061099,0.125,0.04999999999999999
xgb,529,05 surprise that’s not it.,24,0.5512728303106874,0.6666666666666666,0.5,0.5448970845510835,0.8333333333333334,0.5,0.006375745759603868,-0.16666666666666674,0.0
xgb,548,06 tailgate without clearance lights,39,0.6640912069388573,0.2727272727272727,1.0,0.3628869103342175,0.1363636363636363,1.0,0.30120429660463977,0.1363636363636364,0.0
xgb,555,07 camry xle stereo without amp,16,0.49992686662760466,0.42857142857142855,1.0,0.5721728161680525,0.4285714285714285,1.0,-0.07224594954044783,5.551115123125783e-17,0.0
xgb,583,09 nissan altima coupe passenger headlight,16,0.7381269259720382,0.5714285714285714,1.0,0.644932761179375,0.5714285714285714,0.5,0.09319416479266318,0.0,0.5
xgb,611,1 '' leather belts without buckles,40,0.554737776404906,0.20588235294117646,0.5,0.6756399740679281,0.2647058823529412,0.5,-0.12090219766302213,-0.05882352941176472,0.0
xgb,647,1 2” bronze pop up drain for sink without overflow,40,0.7317228718707818,0.2903225806451613,1.0,0.5794548111535441,0.2258064516129032,0.5,0.15226806071723764,0.06451612903225812,0.5
xgb,650,1 3/4 mens leather belt strap without buckle,40,0.831452411917816,0.2777777777777778,1.0,0.8220924905878803,0.2777777777777778,1.0,0.009359921329935794,0.0,0.0
xgb,662,1 52 by 84 thermal drape not blackout,40,0.6692753700671209,0.27586206896551724,1.0,0.513913660244013,0.2068965517241379,1.0,0.15536170982310793,0.06896551724137934,0.0
xgb,664,1 7/8 wood hole saw without arbor,40,0.5904445474861388,0.27586206896551724,1.0,0.7073150649625172,0.2758620689655172,1.0,-0.11687051747637833,5.551115123125783e-17,0.0
xgb,667,1 airpod not charging case,15,0.6056579622701845,0.8333333333333334,0.5,0.7667779776949966,1.0,0.5,-0.16112001542481202,-0.16666666666666663,0.0
xgb,681,1 black small notebook without lines,40,0.7164874860859372,0.25,1.0,0.6278238908966156,0.25,1.0,0.08866359518932154,0.0,0.0
xgb,698,1 cc tuberculin syringe without needle,16,0.8204053821922507,0.7272727272727273,1.0,0.7662861871134025,0.6363636363636364,1.0,0.054119195078848215,0.09090909090909094,0.0
xgb,707,1 corinthians without love wall art,40,0.6163145585873394,0.24242424242424243,0.5,0.5615754922656664,0.2121212121212121,0.5,0.054739066321673024,0.03030303030303033,0.0
xgb,735,1 fluid ounce empty mini sauce bottles (sauce not included),40,0.7255911294914237,0.32142857142857145,1.0,0.7539721687052973,0.3214285714285714,1.0,-0.028381039213873582,5.551115123125783e-17,0.0
xgb,736,1 foot long hinge without holes,40,0.6985850487025533,0.5,1.0,0.71150809432703,0.5,1.0,-0.012923045624476659,0.0,0.0
xgb,754,1 hp garbage disposal without power cord,40,0.6904227352882041,0.3076923076923077,1.0,0.6651897470673246,0.3076923076923077,1.0,0.025232988220879493,0.0,0.0
xgb,768,1 inch binder4 oz elmer glue,16,0.9164783316968063,0.625,1.0,0.9164783316968064,0.625,1.0,-1.1102230246251565e-16,0.0,0.0
xgb,773,1 inch heels shoes wide width,16,0.8944080932942748,0.625,1.0,0.8662869028072403,0.625,1.0,0.028121190487034542,0.0,0.0
xgb,790,1 inch wooden beads for crafts without holes,40,0.5870790399945743,0.36363636363636365,0.5,0.5264021424322937,0.3181818181818182,0.5,0.060676897562280674,0.04545454545454547,0.0
xgb,812,1 me without needle syringes,16,0.8055945918232597,0.6153846153846154,1.0,0.8774757265562976,0.6923076923076923,1.0,-0.07188113473303792,-0.07692307692307687,0.0
xgb,817,1 ml 28 gauge 1/2 inch attached needle without safety,16,0.8085045050183259,0.6923076923076923,1.0,0.701070605650978,0.6923076923076923,0.5,0.10743389936734793,0.0,0.5
xgb,819,1 ml blister pack luer lock tip without safety,16,0.7583194447032602,0.6666666666666666,1.0,0.5911229137042772,0.5555555555555556,1.0,0.16719653099898302,0.11111111111111105,0.0
xgb,824,1 ml syringes without needles,16,0.9738672436737749,0.625,1.0,0.9716189607861264,0.625,1.0,0.002248282887648445,0.0,0.0
xgb,859,1 picture frames 16x20 without mat,40,0.948475220140534,0.37037037037037035,1.0,0.8030381290312977,0.2962962962962963,1.0,0.1454370911092363,0.07407407407407407,0.0
xgb,865,1 pocket folder without prongs,40,0.6003168417149412,0.26666666666666666,0.5,0.7302737907146882,0.2666666666666666,1.0,-0.12995694899974708,5.551115123125783e-17,-0.5
xgb,877,1 room portable air conditioner without hose,16,0.9102464554748231,0.6,1.0,0.9494126029739882,0.6666666666666666,1.0,-0.03916614749916514,-0.06666666666666665,0.0
xgb,879,1 set of earbuds without microphone,16,0.7301108108731322,0.5833333333333334,1.0,0.8045562527442636,0.6666666666666666,1.0,-0.07444544187113133,-0.08333333333333326,0.0
xgb,900,1 tsp of grenetine without sweetener,39,0.40384085156997124,0.5714285714285714,0.5,0.2734345961484982,0.4285714285714285,0.5,0.13040625542147305,0.1428571428571429,0.0
xgb,910,1 wooden beads without holes bulk,40,0.7600310680128185,0.4090909090909091,1.0,0.6403796646222737,0.3636363636363636,1.0,0.11965140339054481,0.045454545454545525,0.0
xgb,918,1 year old girl toys,15,0.9400228393296095,0.7142857142857143,1.0,0.9251122079923696,0.7142857142857143,1.0,0.01491063133723991,0.0,0.0
xgb,929,1$xrphone cases,16,0.5796993200023342,0.5555555555555556,1.0,0.5816828629660385,0.5555555555555556,1.0,-0.001983542963704399,0.0,0.0
xgb,941,1-1/2 x 3/4 ac weather stripping without adhesive,40,0.4714294157065857,0.28,0.5,0.4978941781562902,0.28,0.5,-0.026464762449704526,0.0,0.0
xgb,948,1-1/4-inch vessel style drain without overflow,40,0.7379463268613554,0.2571428571428571,1.0,0.7651169076059816,0.2571428571428571,1.0,-0.027170580744626194,0.0,0.0
xgb,955,1-8x scope,40,0.8620387949969609,0.2564102564102564,1.0,0.8440469478399536,0.2564102564102564,1.0,0.0179918471570073,0.0,0.0
xgb,972,1.2 inch belt without buckle,40,0.5352538414513874,0.25806451612903225,0.5,0.5481895777824305,0.2580645161290322,0.5,-0.012935736331043057,5.551115123125783e-17,0.0
xgb,982,1.4cuft small refrigerator without freezer,16,0.7473896417283418,0.5714285714285714,1.0,0.7358490244164674,0.5714285714285714,1.0,0.01154061731187439,0.0,0.0
xgb,997,1.5 mortise cylinder,40,0.8456549395195647,0.2903225806451613,1.0,0.7148452334383661,0.2903225806451613,0.5,0.13080970608119857,0.0,0.5
xgb,1015,1.6 refrigerator without freezer,16,0.7611552155881369,0.6153846153846154,1.0,0.57018972227249,0.5384615384615384,0.5,0.19096549331564694,0.07692307692307698,0.5
xgb,1026,1.77 inch chrome drain without overflow,40,0.7508548089225912,0.23529411764705882,1.0,0.7372768620320784,0.2352941176470588,1.0,0.013577946890512727,2.7755575615628914e-17,0.0
xgb,1033,1.9 fridge without freezer,16,0.45544605227259816,0.5454545454545454,0.25,0.5342254201133251,0.5454545454545454,0.5,-0.07877936784072692,0.0,-0.25
xgb,1076,1/2 quart pan without lids lightweight,39,0.7560643929693168,0.3448275862068966,1.0,0.8033547576863392,0.3448275862068966,1.0,-0.047290364717022415,0.0,0.0
xgb,1081,1/2 velcro strips without adhesive,16,0.6157222571198985,0.6666666666666666,1.0,0.5586355623953517,0.5,1.0,0.05708669472454675,0.16666666666666663,0.0
xgb,1089,1/2cc syringe without needle multiple use glass,16,0.8655175666934384,0.6923076923076923,1.0,0.8437030517666483,0.6153846153846154,1.0,0.021814514926790096,0.07692307692307687,0.0
xgb,1107,1/4 grommet without washer,16,0.46913431573410364,0.6,0.3333333333333333,0.381596300689794,0.6,0.2,0.08753801504430964,0.0,0.1333333333333333
xgb,1130,1/4 tool set without ratchet,39,0.44264801186572544,0.3333333333333333,0.5,0.5344112351495383,0.3333333333333333,1.0,-0.09176322328381281,0.0,-0.5
xgb,1196,10 gage electrical wire without ground,40,0.43861292689871106,0.24,0.25,0.6398157990095593,0.28,1.0,-0.20120287211084825,-0.040000000000000036,-0.75
xgb,1238,10 k gold earrings for women,16,0.8317853183847363,0.625,1.0,0.8175746012996037,0.625,1.0,0.014210717085132663,0.0,0.0
xgb,1247,10 lb resistance band without handles,40,0.8856605027646288,0.2857142857142857,1.0,0.787961616828841,0.2571428571428571,1.0,0.0976988859357878,0.02857142857142858,0.0
xgb,1263,10 mfoot runner for kitchen without nap,40,0.8475591217080137,0.2903225806451613,1.0,0.828604545247417,0.2903225806451613,1.0,0.018954576460596728,0.0,0.0
xgb,1264,10 micron fuel filter 6an without regulator,16,0.9242792750602506,0.6666666666666666,1.0,0.8956721692843664,0.6666666666666666,1.0,0.028607105775884212,0.0,0.0
xgb,1273,10 open window envelopes without plastic window,39,0.7958313901595816,0.2727272727272727,1.0,0.7799082337019199,0.2727272727272727,0.5,0.015923156457661736,0.0,0.5
xgb,1276,10 oz mason jars without lids with handle,40,0.4042664521872565,0.18518518518518517,1.0,0.3681966441938396,0.1851851851851851,0.5,0.036069807993416914,8.326672684688674e-17,0.5
xgb,1277,10 oz nuk learner sippy cup without handles,38,0.8109856806110745,0.29411764705882354,1.0,0.796068254214396,0.2941176470588235,1.0,0.01491742639667848,5.551115123125783e-17,0.0
xgb,1300,10 slot slim wallet with money clip and without id window,39,0.711895148463722,0.2702702702702703,1.0,0.6099045882389194,0.2432432432432432,1.0,0.10199056022480268,0.027027027027027084,0.0
xgb,1358,10.5 inch ipad pro case without home button,16,0.9363792118010482,0.75,1.0,0.866947989864271,0.6666666666666666,1.0,0.0694312219367772,0.08333333333333337,0.0
xgb,1378,100 cc syringes without needle,16,0.7998841245733354,0.6923076923076923,1.0,0.7998841245733354,0.6923076923076923,1.0,0.0,0.0,0.0
xgb,1396,100 gallon fuel tank,16,0.8753695065129184,0.625,1.0,0.8847705668269432,0.625,1.0,-0.009401060314024767,0.0,0.0
xgb,1401,100 human hair without the track,40,0.8543173099791948,0.24324324324324326,1.0,0.9507235030281824,0.2702702702702703,1.0,-0.09640619304898768,-0.02702702702702703,0.0
xgb,1459,100% down pillow without feathers,39,0.41937283458334745,0.16666666666666666,0.5,0.6034269393561738,0.2666666666666666,0.5,-0.1840541047728263,-0.09999999999999995,0.0
xgb,1494,100ft garden hose expandanble without sprayer,39,0.809461810702804,0.2702702702702703,1.0,0.79483826339559,0.2432432432432432,1.0,0.014623547307213935,0.027027027027027084,0.0
xgb,1523,101 life lessons without the bullshit,16,0.4322824749866561,1.0,0.2,0.4853800454606816,1.0,0.3333333333333333,-0.05309757047402547,0.0,-0.1333333333333333
xgb,1524,101 pocket workout without machines,40,0.07130698769081917,0.125,0.1,0.1520779710253673,0.25,0.125,-0.08077098333454813,-0.125,-0.024999999999999994
xgb,1546,108 inches quartz vanity tops without sink,37,0.027695665219351445,0.0,0.08333333333333333,0.1178018640148107,0.0909090909090909,0.125,-0.09010619879545925,-0.0909090909090909,-0.04166666666666667
xgb,1585,10k white gold diamond princess cut earrings screw on back,40,0.9061209324228746,0.2564102564102564,1.0,0.9074318324770688,0.2564102564102564,1.0,-0.0013109000541942084,0.0,0.0
xgb,1587,10k yellow gold biblical circle pendant without chain,40,0.6295403164841519,0.23333333333333334,1.0,0.7066959034749682,0.2666666666666666,1.0,-0.07715558699081637,-0.03333333333333327,0.0
xgb,1588,10kpendant settings without stones,40,0.2836612404414375,0.2,0.5,0.246870458001232,0.2,0.3333333333333333,0.03679078244020548,0.0,0.16666666666666669
xgb,1594,10lb resistance band without handles,40,0.7857777451104445,0.2571428571428571,1.0,0.8597031672322999,0.2571428571428571,1.0,-0.07392542212185538,0.0,0.0
xgb,1596,10m waterproof led strip lights outdoor without controller,40,0.6870876722079812,0.24242424242424243,1.0,0.774927197544883,0.2727272727272727,1.0,-0.08783952533690187,-0.030303030303030276,0.0
xgb,1622,10x 30tents without sidewalls,40,0.4830994639797223,0.22580645161290322,0.5,0.6443093513515248,0.2258064516129032,1.0,-0.16120988737180247,2.7755575615628914e-17,-0.5
xgb,1625,10x mirror with lights without batteries,40,0.9716189607861263,0.2564102564102564,1.0,0.9787930706003494,0.2564102564102564,1.0,-0.007174109814223062,0.0,0.0
xgb,1647,10x20 without walls,36,0.20887109193038952,0.4,0.16666666666666666,0.28689036998736,0.4,0.5,-0.07801927805697048,0.0,-0.33333333333333337
xgb,1660,10‘ x 10‘ trampoline without netting,16,0.47416249881322636,0.7142857142857143,0.5,0.3639187830520156,0.5714285714285714,0.5,0.11024371576121078,0.1428571428571429,0.0
xgb,1662,10’ tow rope for jetski without hooks,40,0.42527959798090564,0.25,0.5,0.5318735348324882,0.2916666666666667,1.0,-0.10659393685158258,-0.041666666666666685,-0.5
xgb,1694,11 ipad pro case,16,0.9471969491438326,0.625,1.0,0.977915258848537,0.625,1.0,-0.03071830970470446,0.0,0.0
xgb,1747,110 v desktop power grommet without usb,16,0.505655912363478,0.6,1.0,0.6510403581327205,0.7,1.0,-0.1453844457692426,-0.09999999999999998,0.0
xgb,1754,110v temperature controller without display,16,0.7609753267237322,0.6363636363636364,1.0,0.8439957040433861,0.8181818181818182,1.0,-0.08302037731965384,-0.18181818181818188,0.0
xgb,1755,111 places in washington that you must not miss,15,0.7030766740916158,0.7142857142857143,1.0,0.8787304910100149,1.0,1.0,-0.1756538169183991,-0.2857142857142857,0.0
xgb,1759,116 inch length window panels without grommets,40,0.29407379185285776,0.19047619047619047,0.3333333333333333,0.3391530421272117,0.1428571428571428,1.0,-0.045079250274353944,0.04761904761904767,-0.6666666666666667
xgb,1779,11th birthday crown without slash,40,0.4465208128885048,0.2,0.5,0.6120531130286487,0.2666666666666666,1.0,-0.16553230014014392,-0.0666666666666666,-0.5
xgb,1784,11x14 frames without glass,39,0.7757028114383346,0.2727272727272727,1.0,0.7600596887539226,0.2727272727272727,1.0,0.015643122684412036,0.0,0.0
xgb,1828,12 inch metal straw,40,0.7169792294248534,0.22857142857142856,0.5,0.6417375737502505,0.2285714285714285,0.3333333333333333,0.07524165567460284,5.551115123125783e-17,0.16666666666666669
xgb,1890,12 volt air pump for inflatables,16,0.8087700267809188,0.625,1.0,0.8406776198791424,0.625,1.0,-0.03190759309822355,0.0,0.0
xgb,1935,120v 40w filament incandescent,16,0.9161601115836259,0.625,1.0,0.9173751624756288,0.625,1.0,-0.0012150508920029113,0.0,0.0
xgb,1942,120x96 blackout curtains,40,0.6149458869473685,0.2727272727272727,1.0,0.527409875804938,0.2121212121212121,1.0,0.08753601114243048,0.06060606060606061,0.0
xgb,1994,12v table lamp,16,0.7928767132620416,0.5384615384615384,1.0,0.6822696424932673,0.5384615384615384,0.5,0.1106070707687743,0.0,0.5
xgb,2008,12x12 primed canvas,16,0.7772599530167265,0.7,1.0,0.7081180674988375,0.6,1.0,0.06914188551788891,0.09999999999999998,0.0
xgb,2088,14 inch lamp shades for table lamps,16,0.941233297798857,0.625,1.0,0.8721222823605412,0.625,1.0,0.06911101543831577,0.0,0.0
xgb,2118,14ft pole saw,15,0.8919191159980254,0.6666666666666666,1.0,0.8919191159980254,0.6666666666666666,1.0,0.0,0.0,0.0
xgb,2134,14kwhite gold red quartz crab ring,34,0.6317603922428244,0.2727272727272727,0.5,0.6317603922428244,0.2727272727272727,0.5,0.0,0.0,0.0
xgb,2138,14mm druzy pendant,16,0.9170083247510736,1.0,1.0,0.8043861987060396,0.875,1.0,0.11262212604503408,0.125,0.0
xgb,2161,15 inch fastpitch softball,16,0.7954351410532086,0.7,1.0,0.8129398729044005,0.7,1.0,-0.017504731851191946,0.0,0.0
xgb,2162,15 inch light weight laptop that has lots of memory storage and RAM.  It should include a HDMI port as well as a USB drive.  ,15,0.880227422109821,0.7142857142857143,1.0,0.925136875747975,0.7142857142857143,1.0,-0.04490945363815402,0.0,0.0
xgb,2182,15-inch macbook pro,16,0.9556493299547569,0.625,1.0,0.930316877503158,0.625,1.0,0.025332452451598986,0.0,0.0
xgb,2203,150qt cooler,16,0.7818781515566117,0.7272727272727273,1.0,0.6697264680653324,0.5454545454545454,1.0,0.11215168349127924,0.18181818181818188,0.0
xgb,2245,16 oz glass juice bottles with caps,16,0.826992997760886,0.625,1.0,0.8309780734967004,0.625,1.0,-0.003985075735814414,0.0,0.0
xgb,2249,16 qt air fryer oven,16,0.9108579352048268,0.625,1.0,0.9554289676024136,0.625,1.0,-0.04457103239758675,0.0,0.0
xgb,2253,16 x 32 frame,40,0.8140731980793376,0.2857142857142857,1.0,0.8192250915679228,0.2857142857142857,1.0,-0.005151893488585135,0.0,0.0
xgb,2267,16mm concrete drill bit hex,16,0.7757675328550585,0.6,1.0,0.8330013577422527,0.6,1.0,-0.057233824887194196,0.0,0.0
xgb,2282,16x24x4 furnace filter,16,0.7440406922306879,0.5,1.0,0.748747402249488,0.5,1.0,-0.0047067100188000754,0.0,0.0
xgb,2396,18x24 canvas paper,40,0.6265813435014416,0.25,1.0,0.6222150616255342,0.25,1.0,0.004366281875907374,0.0,0.0
xgb,2405,19 by 19 frame,16,0.8789335177254264,0.625,1.0,0.8748032409025883,0.625,1.0,0.004130276822838064,0.0,0.0
xgb,2475,1” sink stopper and strainer,16,0.9790468959828571,0.625,1.0,0.9533147403336067,0.625,1.0,0.025732155649250354,0.0,0.0
xgb,2545,2 gallon water bottle,40,0.6695032397725462,0.22857142857142856,1.0,0.6895124997053197,0.2285714285714285,1.0,-0.02000925993277347,5.551115123125783e-17,0.0
xgb,2552,2 in 1 elliptical and exercise bike,12,0.6417364546255475,0.6666666666666666,1.0,0.8087135683814459,0.8333333333333334,1.0,-0.1669771137558984,-0.16666666666666674,0.0
xgb,2560,2 in pvc,16,0.9053206285482487,0.6153846153846154,1.0,0.8990684392693267,0.6153846153846154,1.0,0.006252189278922016,0.0,0.0
xgb,2562,2 inch belts for men,16,0.92663607790064,0.625,1.0,0.9005033215744148,0.625,1.0,0.026132756326225137,0.0,0.0
xgb,2570,2 inch muffler tip,16,0.9054291485009893,0.6428571428571429,1.0,0.9045513367491768,0.6428571428571429,1.0,0.0008778117518125628,0.0,0.0
xgb,2660,2 seater stroller,16,0.9305687780632228,0.625,1.0,0.895039956444123,0.625,1.0,0.03552882161909976,0.0,0.0
xgb,2701,2 way mirror film for glass windows,40,0.8017988686556616,0.2647058823529412,1.0,0.7979194792153574,0.2941176470588235,1.0,0.003879389440304193,-0.029411764705882304,0.0
xgb,2703,2 way speaker 5x7,16,0.8495004657240798,0.6,1.0,0.8491801111886097,0.6,1.0,0.00032035453547007986,0.0,0.0
xgb,2721,"2"" curtain rings bronze",16,0.9264715756027232,1.0,1.0,0.8292633782252631,0.8333333333333334,1.0,0.09720819737746011,0.16666666666666663,0.0
xgb,2748,2.5 vacuum hose,16,0.8050546583235917,0.6428571428571429,0.5,0.8650111786183293,0.5714285714285714,1.0,-0.059956520294737636,0.07142857142857151,-0.5
xgb,2788,20 inch storage bin,40,0.8137271575828219,0.25,1.0,0.7962644784619636,0.25,1.0,0.017462679120858304,0.0,0.0
xgb,2816,20 volt weed eater dewalt,15,0.8368150013720392,0.75,1.0,0.8166544002020917,0.625,1.0,0.020160601169947556,0.125,0.0
xgb,2837,200cc scooter,16,0.7448749627692272,0.7,1.0,0.6596654860215583,0.6,1.0,0.08520947674766888,0.09999999999999998,0.0
xgb,2884,20x30 frame,16,0.9240532084982401,0.625,1.0,0.8784185804229517,0.625,1.0,0.0456346280752884,0.0,0.0
xgb,2888,20x40 tent,40,0.8380322791048067,0.23076923076923078,1.0,0.8915237125246576,0.2564102564102564,1.0,-0.05349143341985085,-0.025641025641025605,0.0
xgb,2906,"21"" metal hoop",16,0.7620991074904692,0.75,1.0,0.7990559142278677,0.75,1.0,-0.03695680673739854,0.0,0.0
xgb,2929,"22"" monitor telescopic wall mount",16,0.7132254408719695,0.5384615384615384,1.0,0.7084733534779478,0.5384615384615384,1.0,0.004752087394021665,0.0,0.0
xgb,3077,25 hp mercury carb,16,0.9072098139278666,0.6923076923076923,1.0,0.8840986557744498,0.6923076923076923,1.0,0.0231111581534168,0.0,0.0
xgb,3080,25 inch opening 8 ft pull down ladder,16,0.9624725413737495,0.6666666666666666,1.0,0.8763688066502701,0.6,1.0,0.08610373472347943,0.06666666666666665,0.0
xgb,3098,250cc dirtbike,16,0.7548988887079091,0.6,0.5,0.8990918454613029,0.8,1.0,-0.14419295675339383,-0.20000000000000007,-0.5
xgb,3100,250cc scooters,15,0.7204657400572863,0.5,1.0,0.7023998630976181,0.6,0.3333333333333333,0.018065876959668103,-0.09999999999999998,0.6666666666666667
xgb,3142,27 cushion,16,0.7890365294329029,0.6428571428571429,0.5,0.7417238069574871,0.5714285714285714,0.5,0.04731272247541585,0.07142857142857151,0.0
xgb,3144,27 foot pool covers for above ground pools,16,0.1674625028592927,0.5,0.1111111111111111,0.0536020994596766,0.0,0.0909090909090909,0.1138604033996161,0.5,0.020202020202020207
xgb,3256,2x linen shorts mens,16,0.6412198961462949,0.7,1.0,0.6412198961462949,0.7,1.0,0.0,0.0,0.0
xgb,3324,3 day refresh beachbody without shakeology,40,0.42813347163114807,0.3157894736842105,0.25,0.6447633299166169,0.3157894736842105,1.0,-0.21662985828546882,0.0,-0.75
xgb,3378,3 led retrofit recessed,16,0.9077607744977495,0.625,1.0,0.9533147403336067,0.625,1.0,-0.045553965835857246,0.0,0.0
xgb,3463,3 wood covers for golf clubs,40,0.9005033215744148,0.2631578947368421,1.0,0.9716189607861264,0.2631578947368421,1.0,-0.0711156392117116,0.0,0.0
xgb,3464,3 x 1 box,40,0.7500677103355458,0.2857142857142857,1.0,0.7737128926940569,0.2857142857142857,1.0,-0.023645182358511097,0.0,0.0
xgb,3521,3/10 ml u-100 insulin syringes,16,0.8603606793705225,0.625,1.0,0.8851825356425533,0.625,1.0,-0.024821856272030818,0.0,0.0
xgb,3539,3/4 quickchange,16,0.7035397632423709,0.6,0.25,0.691714126548764,0.8,0.25,0.011825636693606922,-0.20000000000000007,0.0
xgb,3548,3/8 drill socket adapter,16,0.8368789572119399,0.625,1.0,0.8397585434315616,0.625,1.0,-0.0028795862196216993,0.0,0.0
xgb,3626,302 crate engine,16,0.7427229486710438,1.0,0.5,0.5657348814520418,0.6666666666666666,0.3333333333333333,0.17698806721900207,0.33333333333333337,0.16666666666666669
xgb,3632,30a sports bra with padding,16,0.9633458197515192,0.625,1.0,0.9327994909398156,0.625,1.0,0.030546328811703605,0.0,0.0
xgb,3662,32 cool underwear,16,0.9472389483607739,0.6666666666666666,1.0,0.934773045240411,0.6666666666666666,1.0,0.012465903120362887,0.0,0.0
xgb,3941,3m shipping tape,16,0.877091894241954,0.625,1.0,0.8248625163264434,0.625,1.0,0.05222937791551063,0.0,0.0
xgb,3966,3rd rock from the sun,15,0.9517825025223118,0.6666666666666666,1.0,0.9517825025223118,0.6666666666666666,1.0,0.0,0.0,0.0
xgb,3968,3t boys pajamas shorts,16,0.6104871655852316,0.6,1.0,0.6603155446330301,0.6,1.0,-0.049828379047798466,0.0,0.0
xgb,3991,3x cotton shirts for men,40,0.8063059872961442,0.2564102564102564,1.0,0.8529049402290357,0.2564102564102564,1.0,-0.04659895293289151,0.0,0.0
xgb,4190,400w power inverter,16,0.9584565021709728,0.625,1.0,0.9092480684874108,0.625,1.0,0.04920843368356198,0.0,0.0
xgb,4247,44 ddd bras for plus size women,16,0.8886495184452615,0.625,1.0,0.9138900830033844,0.625,1.0,-0.025240564558122847,0.0,0.0
xgb,4248,44 inch ceiling fan without light,40,0.7027314513813538,0.2903225806451613,1.0,0.7111838321922784,0.2903225806451613,1.0,-0.008452380810924587,0.0,0.0
xgb,4303,49ers mens t shirt,16,0.9787930706003494,0.625,1.0,0.9471969491438326,0.625,1.0,0.0315961214565168,0.0,0.0
xgb,4370,4k projector ultra hd with 3d,16,0.9396588531679275,0.625,1.0,0.8875565951456295,0.625,1.0,0.052102258022298065,0.0,0.0
xgb,4378,4k tv non smart,16,0.811703298531014,0.625,1.0,0.8064659999627327,0.625,1.0,0.005237298568281257,0.0,0.0
xgb,4453,4x sweatshirts for women plus size,16,0.7176141778317753,0.5833333333333334,1.0,0.6534089137311893,0.6666666666666666,0.5,0.06420526410058602,-0.08333333333333326,0.5
xgb,4456,4x4,16,0.43536748321984675,0.6666666666666666,0.2,0.3009419258769365,0.3333333333333333,0.1,0.13442555734291023,0.3333333333333333,0.1
xgb,4460,4x4 note pads not sticky,40,0.5260854892602891,0.2608695652173913,0.3333333333333333,0.4682768039839325,0.217391304347826,0.3333333333333333,0.057808685276356575,0.0434782608695653,0.0
xgb,4472,4xl funny tshirts for men,40,0.9787930706003494,0.25,1.0,0.9526603142741242,0.25,1.0,0.026132756326225137,0.0,0.0
xgb,4527,5 inch quilting ruler,16,0.9657707470924094,0.625,1.0,0.9205767342323008,0.625,1.0,0.0451940128601086,0.0,0.0
xgb,4560,5 star fall season xxl shirts,16,0.7917447978136218,0.5714285714285714,1.0,0.8196399727029104,0.5714285714285714,1.0,-0.02789517488928861,0.0,0.0
xgb,4600,5.5 under armour white and black boys,16,0.8794051586927478,0.6,1.0,0.8911358847263607,0.6,1.0,-0.011730726033612915,0.0,0.0
xgb,4634,50 inch tv not smart,16,0.8072178328998588,0.6153846153846154,1.0,0.8137753924441639,0.6153846153846154,1.0,-0.006557559544305036,0.0,0.0
xgb,4670,500 heavyduty clear sheet protector,16,1.0,0.625,1.0,0.9556493299547568,0.625,1.0,0.04435067004524318,0.0,0.0
xgb,4700,50s425,16,0.8878837664275291,0.6153846153846154,1.0,0.8451880698763876,0.5384615384615384,1.0,0.04269569655114147,0.07692307692307698,0.0
xgb,4795,5v white led,40,1.0,0.2702702702702703,1.0,1.0,0.2702702702702703,1.0,0.0,0.0,0.0
xgb,4854,6 foot teddy bear,16,0.8549364419391183,0.625,1.0,0.9338568382031256,0.625,1.0,-0.07892039626400726,0.0,0.0
xgb,4859,6 gal water storage jug replacement parts,16,0.9377996217281197,0.625,1.0,0.9399337652641016,0.625,1.0,-0.0021341435359818473,0.0,0.0
xgb,4879,6 inch whool pad,16,0.9171051652460275,0.6,1.0,0.9432379215722528,0.6,1.0,-0.02613275632622536,0.0,0.0
xgb,4880,6 lug chevy rims 26 inch,16,0.4775602230375343,0.6666666666666666,0.5,0.6260661745377447,0.6666666666666666,1.0,-0.1485059515002104,0.0,-0.5
xgb,4888,6 pane window frame with glass,16,0.7595341725854465,0.6153846153846154,1.0,0.7078824774777559,0.6153846153846154,0.5,0.05165169510769063,0.0,0.5
xgb,4893,6 person tent with screen room,16,0.9191852126207546,0.625,1.0,0.9018096131475518,0.625,1.0,0.017375599473202774,0.0,0.0
xgb,4958,60 wide mini blinds,16,0.9656991747609192,0.625,1.0,0.9606536523804244,0.625,1.0,0.005045522380494716,0.0,0.0
xgb,4991,62 inch shelf,40,0.8880842064461737,0.25,1.0,0.8578966398857479,0.25,1.0,0.03018756656042576,0.0,0.0
xgb,5056,6oz brandy glass,16,0.9787930706003494,0.625,1.0,1.0,0.625,1.0,-0.02120692939965063,0.0,0.0
xgb,5084,6xl knee sleeve with straps,40,0.8063471700451074,0.25,1.0,0.7704655128700535,0.25,1.0,0.03588165717505387,0.0,0.0
xgb,5095,7 african powers statue,16,0.5241740300068648,0.6,0.3333333333333333,0.524079852759894,0.6,0.3333333333333333,9.417724697080576e-05,0.0,0.0
xgb,5101,7 ft multi color pre lit christmas tree,16,0.9416762038348911,0.625,1.0,0.9222093930797478,0.625,1.0,0.019466810755143338,0.0,0.0
xgb,5105,7 inch wide letter stencils,16,0.9692201653995299,0.625,1.0,0.96922016539953,0.625,1.0,-1.1102230246251565e-16,0.0,0.0
xgb,5116,7 watt led bulb,16,0.9517825025223118,0.625,1.0,0.9421111095506692,0.625,1.0,0.009671392971642545,0.0,0.0
xgb,5120,"7"" paper plates",16,0.9754579868626665,0.625,1.0,0.9537915794915526,0.625,1.0,0.021666407371113916,0.0,0.0
xgb,5132,7.5 hp vfd,40,0.683740175811859,0.22580645161290322,1.0,0.6549236150873445,0.2258064516129032,1.0,0.02881656072451444,2.7755575615628914e-17,0.0
xgb,5138,70 costumes for women,40,0.7791738025574315,0.2916666666666667,1.0,0.6877334751671017,0.25,1.0,0.09144032739032981,0.041666666666666685,0.0
xgb,5203,75w clamp lamp,16,0.8368399711288993,0.5714285714285714,1.0,0.7484406765637585,0.5714285714285714,0.5,0.08839929456514084,0.0,0.5
xgb,5224,7th generation wipes,16,0.5610727578282687,0.5714285714285714,0.14285714285714285,0.5267142270426016,0.4285714285714285,0.1428571428571428,0.034358530785667085,0.1428571428571429,5.551115123125783e-17
xgb,5245,8 billiard table,40,0.783155945002056,0.21621621621621623,0.5,0.8108582970019788,0.2162162162162162,0.5,-0.02770235199992277,2.7755575615628914e-17,0.0
xgb,5290,8 port punch down panel weatherproof,16,0.43509200989439967,0.6666666666666666,0.25,0.4476081378817734,0.6666666666666666,0.2,-0.012516127987373726,0.0,0.04999999999999999
xgb,5293,8 range hood wall vent,16,0.9768562593544076,0.625,1.0,0.9787930706003494,0.625,1.0,-0.0019368112459418052,0.0,0.0
xgb,5305,8-15 knee high compression socks for women,16,0.948475220140534,0.625,1.0,0.94631913739202,0.625,1.0,0.0021560827485139766,0.0,0.0
xgb,5337,80s costumes for women,23,0.8043628744017065,0.5714285714285714,0.5,0.7799082337019199,0.5714285714285714,0.5,0.024454640699786645,0.0,0.0
xgb,5349,80’s movie,16,0.7877736340270854,0.6666666666666666,1.0,0.7510916729774054,0.6666666666666666,1.0,0.03668196104968002,0.0,0.0
xgb,5376,8ft pool tables for adults,43,0.6976167299667256,0.23076923076923078,1.0,0.762021189981039,0.2307692307692307,1.0,-0.06440446001431333,8.326672684688674e-17,0.0
xgb,5395,8oz leather,16,0.8532721558012799,0.6,0.5,0.8248911165874062,0.6,0.5,0.028381039213873693,0.0,0.0
xgb,5416,8x11 rugs for living room,16,0.8738920069604414,0.625,1.0,0.8730044734854441,0.625,1.0,0.0008875334749973707,0.0,0.0
xgb,5469,9 year old clothes,16,0.8211702463915566,0.7,1.0,0.650563989079303,0.5,1.0,0.17060625731225354,0.19999999999999996,0.0
xgb,5493,90's party decorations and supplies,40,0.9368077570869662,0.2727272727272727,1.0,0.9477344873475498,0.2727272727272727,1.0,-0.010926730260583661,0.0,0.0
xgb,5506,90s cartoon movies,16,0.8958236282594846,0.625,1.0,0.8726798876138921,0.625,1.0,0.023143740645592437,0.0,0.0
xgb,5513,90s phone,16,0.8279867868994345,0.6666666666666666,1.0,0.8632043598335556,0.6666666666666666,1.0,-0.03521757293412109,0.0,0.0
xgb,5544,96 civic quarter panel,15,0.23463936301137825,0.3333333333333333,0.3333333333333333,0.2346393630113782,0.3333333333333333,0.3333333333333333,5.551115123125783e-17,0.0,0.0
xgb,5562,98 dodge caravan rain guard,16,0.9851429892008043,0.7142857142857143,1.0,0.9822634029811828,0.7142857142857143,1.0,0.0028795862196215882,0.0,0.0
xgb,5575,990v5 men,16,0.90291385926324,0.625,1.0,0.90291385926324,0.625,1.0,0.0,0.0,0.0
xgb,5598,9x12 envelopes 250 count,16,0.8994225879321841,0.625,1.0,0.8994225879321841,0.625,1.0,0.0,0.0,0.0
xgb,5612,A laptop that had good gaming capabilities while being budget friendly ,15,0.711109224605386,0.6153846153846154,0.3333333333333333,0.7070163306109303,0.6153846153846154,0.3333333333333333,0.004092893994455671,0.0,0.0
xgb,5615,A laptop with enough power to play 4K videos and run photoshop easily.,15,0.5410687407831501,0.6666666666666666,0.3333333333333333,0.4910819150481967,0.6666666666666666,0.25,0.049986825734953444,0.0,0.08333333333333331
xgb,5621,A navy blue puffer jacket which covers my bum and has a fur lined hood.  It also has a gold zip & fleece lined pockets,36,0.7311275486477533,0.3888888888888889,1.0,0.7167800517502114,0.4444444444444444,1.0,0.01434749689754189,-0.055555555555555525,0.0
xgb,5678,I want the new laptop to have a replaceable battery and to be solid state and ruggedized to deal with bumps and scrapes.,15,0.597490632301755,0.8,0.5,0.5381078270451449,0.8,0.5,0.059382805256610105,0.0,0.0
xgb,5725,"I'd buy a Dell or HP running Windows, I need a big hard drive and lostsa memory",13,0.8653648874441399,1.0,0.5,0.7313148243770339,1.0,0.1428571428571428,0.13405006306710598,0.0,0.3571428571428572
xgb,5743,Nice new top of the range laptop with maybe where the screen comes away on it's own,13,0.6795218584283838,0.8571428571428571,1.0,0.7471843758567381,0.8571428571428571,1.0,-0.06766251742835439,0.0,0.0
xgb,5748,"Portable, touch-screen, with a pen, high resolution display, good speakers. ",12,0.9856697566532081,0.9090909090909091,1.0,0.9151132339695064,0.8181818181818182,1.0,0.07055652268370172,0.09090909090909083,0.0
xgb,5749,Since I have a desktop any laptop for work with decent specifications would do,12,0.2820984544597722,0.3333333333333333,0.1111111111111111,0.5242710303785718,1.0,0.1428571428571428,-0.2421725759187996,-0.6666666666666667,-0.03174603174603169
xgb,5750,"Solid state drive, fast, with copious memory. Two USB ports minimum. High resolution display. Prefer 12” monitor or larger, and prefer number pad. ",14,0.790638519441857,0.75,1.0,0.798573808461295,0.75,1.0,-0.007935289019437963,0.0,0.0
xgb,5778,a & b foam,16,0.4945178469605697,0.42857142857142855,1.0,0.490693852966554,0.7142857142857143,0.5,0.0038239939940157286,-0.28571428571428575,0.5
xgb,5780,a 6 motels,16,0.8721222823605412,0.625,1.0,0.8426144311250842,0.625,1.0,0.029507851235457072,0.0,0.0
xgb,5793,a choice for life,16,0.9504318313235595,0.625,1.0,0.9504318313235596,0.625,1.0,-1.1102230246251565e-16,0.0,0.0
xgb,5869,a not so typical love,16,0.8652385760892458,0.8888888888888888,1.0,0.8673858629360122,0.8888888888888888,1.0,-0.0021472868467663497,0.0,0.0
xgb,5915,a womens work,16,0.9431772909673255,0.625,1.0,0.9518128045041552,0.625,1.0,-0.008635513536829675,0.0,0.0
xgb,5919,a world without work,15,0.8391947020003964,0.8571428571428571,1.0,0.7986938308234333,0.8571428571428571,1.0,0.040500871176963105,0.0,0.0
xgb,5922,a writers reference 9th edition by diana hacker,16,0.9729014376772381,0.625,1.0,0.9506168780916407,0.625,1.0,0.022284559585597385,0.0,0.0
xgb,5933,a-shirts undershirts,40,0.9009094678526477,0.2702702702702703,1.0,0.9085781768482109,0.2702702702702703,1.0,-0.007668708995563156,0.0,0.0
xgb,5938,a/c adapters,16,0.9171051652460275,0.6428571428571429,1.0,0.9157196576049408,0.7142857142857143,1.0,0.0013855076410866918,-0.0714285714285714,0.0
xgb,5949,a10e case,21,0.8327570103235146,0.47619047619047616,1.0,0.9388633982505332,0.4761904761904761,1.0,-0.10610638792701865,5.551115123125783e-17,0.0
xgb,5958,a20,16,1.0,0.625,1.0,0.9787930706003494,0.625,1.0,0.02120692939965063,0.0,0.0
xgb,6004,a7iir,16,0.7947151284191607,0.6,1.0,0.9214535246064988,0.6666666666666666,1.0,-0.12673839618733806,-0.06666666666666665,0.0
xgb,6011,a9 sony,16,0.9464004029551656,0.625,1.0,0.9737845369173468,0.625,1.0,-0.0273841339621812,0.0,0.0
xgb,6101,abrigo de invierno para jovenes,16,0.8507592180964663,0.6666666666666666,1.0,0.7583150961195118,0.6,1.0,0.09244412197695451,0.06666666666666665,0.0
xgb,6165,ac units for rooms without windows,16,0.8678693756994968,0.6428571428571429,1.0,0.8390528149749825,0.6428571428571429,1.0,0.02881656072451433,0.0,0.0
xgb,6184,accent c table,16,0.9716189607861263,0.625,1.0,0.96331803895032,0.625,1.0,0.00830092183580633,0.0,0.0
xgb,6188,accent furniture,16,0.9230139024040692,0.625,1.0,0.8928549294002411,0.625,1.0,0.030158973003828082,0.0,0.0
xgb,6257,ace combat 7 ps4,16,0.8954487098214712,0.7777777777777778,1.0,0.9151351564887452,0.7777777777777778,1.0,-0.019686446667274038,0.0,0.0
xgb,6311,acer predator gaming x34,16,0.9289180756985237,0.6,1.0,0.95334971629609,0.6,1.0,-0.024431640597566306,0.0,0.0
xgb,6319,acer thin laptop,16,0.8892523802098564,0.625,1.0,0.9471234905468496,0.625,1.0,-0.057871110336993214,0.0,0.0
xgb,6381,acorn tv subscription in prime,16,0.8323612592488089,0.625,1.0,0.8911738743598763,0.625,1.0,-0.05881261511106739,0.0,0.0
xgb,6425,acrylic paints for painting,16,0.9435593591982605,0.625,1.0,0.9435593591982604,0.625,1.0,1.1102230246251565e-16,0.0,0.0
xgb,6448,activated carbon mask,16,0.7448559741076546,0.5,1.0,0.7614578177792674,0.5,1.0,-0.01660184367161277,0.0,0.0
xgb,6488,acure toner,16,0.9541668649157139,0.625,1.0,0.8099678049938919,0.625,1.0,0.14419905992182203,0.0,0.0
xgb,6511,adam and eve toys for women,40,0.40191712053281636,0.17391304347826086,0.3333333333333333,0.6474166954776684,0.3478260869565217,0.3333333333333333,-0.24549957494485208,-0.1739130434782608,0.0
xgb,6513,adam savage,16,0.8616364400711131,0.6923076923076923,1.0,0.8776930456870435,0.7692307692307693,1.0,-0.016056605615930475,-0.07692307692307698,0.0
xgb,6574,addidas book bags,16,0.858357995394443,0.625,1.0,0.8937353580384246,0.625,1.0,-0.035377362643981614,0.0,0.0
xgb,6621,adhesive tape,16,0.9285338902797745,0.6923076923076923,1.0,0.8861281096368654,0.6153846153846154,1.0,0.04240578064290912,0.07692307692307687,0.0
xgb,6627,adhesive vinyl envelops,16,0.8839269150077771,0.625,1.0,0.9681038083104088,0.625,1.0,-0.08417689330263167,0.0,0.0
xgb,6645,adidas boost,16,0.9325055893091646,0.625,1.0,0.8768879154552428,0.625,1.0,0.0556176738539218,0.0,0.0
xgb,6753,adidas soccer cleats black,16,0.9061141373634362,0.625,1.0,0.9250795789348766,0.625,1.0,-0.018965441571440422,0.0,0.0
xgb,6778,adidas track spikes,16,1.0,0.625,1.0,1.0,0.625,1.0,0.0,0.0,0.0
xgb,6784,adidas ultimate tee men,16,0.9186136433723903,0.625,1.0,0.9186136433723904,0.625,1.0,-1.1102230246251565e-16,0.0,0.0
xgb,6796,adidas yellow t-shirt,39,0.8330089108835794,0.2564102564102564,1.0,0.8214304354331939,0.2564102564102564,1.0,0.011578475450385484,0.0,0.0
xgb,6803,adidas+nmd+r1+men+grey,16,0.902600658494056,0.625,1.0,0.94513830629659,0.625,1.0,-0.042537647802533995,0.0,0.0
xgb,6806,adidog pink,40,0.7743316392838464,0.2727272727272727,1.0,0.7762952751151158,0.2727272727272727,1.0,-0.0019636358312693503,0.0,0.0
xgb,6811,adirondack chair cushions,16,0.9158052676693772,0.7142857142857143,1.0,0.9193406281167676,0.7142857142857143,1.0,-0.0035353604473904454,0.0,0.0
xgb,6860,admiral,16,0.9554289676024135,0.625,1.0,0.9554289676024136,0.625,1.0,-1.1102230246251565e-16,0.0,0.0
xgb,6892,adrianna papell short dress long sleeve,16,0.9845353954029737,0.625,1.0,0.9808851670121423,0.625,1.0,0.0036502283908314004,0.0,0.0
xgb,6899,adullt toys for man,16,0.18370506494272704,0.3333333333333333,0.16666666666666666,0.1359158037129947,0.3333333333333333,0.2,0.047789261229732344,0.0,-0.033333333333333354
xgb,6908,adult books,16,0.7136540102475307,0.5714285714285714,0.5,0.7104770117651426,0.5714285714285714,0.5,0.0031769984823881714,0.0,0.0
xgb,6912,adult cat supplement,16,0.9716189607861263,0.625,1.0,0.9716189607861264,0.625,1.0,-1.1102230246251565e-16,0.0,0.0
xgb,6950,adult onsie lemur,16,0.9633991057381247,0.625,1.0,0.936499564323138,0.625,1.0,0.02689954141498674,0.0,0.0
xgb,6981,adult twin loft bed withbdesk,13,0.9214152689816536,0.7692307692307693,1.0,0.9549673618913426,0.7692307692307693,1.0,-0.03355209290968897,0.0,0.0
xgb,7004,advantix ii for dogs large,16,0.7140133520861925,0.7777777777777778,1.0,0.6268199129137815,0.7777777777777778,0.5,0.08719343917241107,0.0,0.5
xgb,7019,adventures in odyssey dvd,16,0.19092086617893467,0.16666666666666666,0.5,0.3026024134988135,0.1666666666666666,1.0,-0.11168154731987884,5.551115123125783e-17,-0.5
xgb,7031,aelfox,16,0.994068591332762,0.625,1.0,0.9904274075370948,0.625,1.0,0.0036411837956672466,0.0,0.0
xgb,7041,aerochamber spacer for inhaler for adults without mask,40,0.2804523919966282,0.375,0.25,0.427898586164589,0.5,0.5,-0.1474461941679608,-0.125,-0.25
xgb,7053,aerosol water,16,0.9626765698115026,0.6666666666666666,1.0,0.9242236446846668,0.6666666666666666,1.0,0.038452925126835846,0.0,0.0
xgb,7071,af925,16,0.3363303364510109,0.4,0.3333333333333333,0.394343141178305,0.5,0.3333333333333333,-0.05801280472729409,-0.09999999999999998,0.0
xgb,7088,african american chef,16,0.5857420314400269,0.8333333333333334,0.3333333333333333,0.6155866229267417,0.8333333333333334,0.5,-0.02984459148671481,0.0,-0.16666666666666669
xgb,7141,agatha christie mysteries,16,0.9194945971439098,0.6428571428571429,1.0,0.8532403736895208,0.5714285714285714,1.0,0.06625422345438903,0.07142857142857151,0.0
xgb,7201,ahegao shirt women xtgoo brand,16,0.2769189462922768,0.6666666666666666,0.1111111111111111,0.2769189462922768,0.6666666666666666,0.1111111111111111,0.0,0.0,0.0
xgb,7213,aiag,16,0.8512360941594272,0.8,1.0,0.841492960259019,0.8,1.0,0.009743133900408263,0.0,0.0
xgb,7241,air bed frame,16,0.7521591566177972,0.75,0.5,0.8154722695448358,0.6666666666666666,1.0,-0.06331311292703856,0.08333333333333337,-0.5
xgb,7276,air defusers with essential oils,40,0.7898916330153443,0.2,1.0,0.8209647180733193,0.2,1.0,-0.031073085057975014,0.0,0.0
xgb,7289,air filters 16x25x4,16,0.7849818707050382,0.6363636363636364,1.0,0.914856882358379,0.8181818181818182,1.0,-0.1298750116533408,-0.18181818181818188,0.0
xgb,7419,air vapor max green,16,0.8333833111844141,0.625,1.0,0.884333992967299,0.625,1.0,-0.050950681782884866,0.0,0.0
xgb,7454,airforce 1 women shoes white,16,0.7853598025848142,0.6666666666666666,1.0,0.8375818949955358,0.7777777777777778,1.0,-0.05222209241072162,-0.11111111111111116,0.0
xgb,7460,airis mystica,16,0.3562071871080222,1.0,0.16666666666666666,0.0,0.0,0.0625,0.3562071871080222,1.0,0.10416666666666666
xgb,7475,airplane pinatas for birthday party,16,0.5287231601787562,0.8,0.5,0.328770117537504,0.4,0.25,0.1999530426412522,0.4,0.25
xgb,7500,airpod case vans logo,14,0.821726536735897,0.9,1.0,0.8625985291578209,0.9,1.0,-0.04087199242192385,0.0,0.0
xgb,7527,airpod skins blood,16,0.9394440914971977,0.625,1.0,0.9287561721325626,0.625,1.0,0.01068791936463509,0.0,0.0
xgb,7529,airpod without charging case,16,0.6236025639463918,0.5714285714285714,1.0,0.6439928215870411,0.5714285714285714,1.0,-0.02039025764064928,0.0,0.0
xgb,7600,airsoft electric rifles,16,0.8967311687784959,0.625,1.0,0.8820398089438279,0.625,1.0,0.01469135983466796,0.0,0.0
xgb,7606,airsoft glock 19,16,0.8031895314373129,0.5833333333333334,0.5,0.7891072323423388,0.5833333333333334,0.5,0.014082299094974049,0.0,0.0
xgb,7676,akai mpk mini mk2,16,0.9299173937502473,0.8,1.0,0.8940942684741385,0.8,1.0,0.03582312527610876,0.0,0.0
xgb,7699,akshay kumar movies,16,0.7895162703999322,0.625,1.0,0.8339075987519199,0.625,1.0,-0.04439132835198767,0.0,0.0
xgb,7842,alesis pro x hi-hat,27,0.5628219390115797,0.45454545454545453,0.5,0.5277941217208602,0.3636363636363636,0.3333333333333333,0.035027817290719576,0.09090909090909094,0.16666666666666669
xgb,7874,alexa 5 show,16,0.9187503074463397,0.6666666666666666,1.0,0.9169231836471612,0.6666666666666666,1.0,0.0018271237991784872,0.0,0.0
xgb,7875,alexa alarm clock,16,0.9360619878930005,0.6428571428571429,1.0,0.9123357616926896,0.6428571428571429,1.0,0.02372622620031095,0.0,0.0
xgb,7877,alexa app for echo dot setup,16,1.0,0.8333333333333334,1.0,0.9133977141907076,0.75,1.0,0.08660228580929241,0.08333333333333337,0.0
xgb,7908,alexa video,15,0.7649544505855146,0.8888888888888888,0.5,0.882989878706797,0.8888888888888888,1.0,-0.11803542812128243,0.0,-0.5
xgb,8005,alicia witt,16,0.7467045958894681,0.5833333333333334,1.0,0.914856882358379,0.75,1.0,-0.1681522864689109,-0.16666666666666663,0.0
xgb,8017,alien next door book 7,16,0.7619329501956004,0.375,1.0,0.8358842948276408,0.625,1.0,-0.07395134463204045,-0.25,0.0
xgb,8037,alison bruce,16,0.5676818677290053,0.6363636363636364,0.3333333333333333,0.6816604510406281,0.6363636363636364,1.0,-0.1139785833116228,0.0,-0.6666666666666667
xgb,8113,all or nothing michigan wolverines,14,0.9339091084314125,0.7142857142857143,1.0,0.9307066738505996,0.7142857142857143,1.0,0.0032024345808129295,0.0,0.0
xgb,8127,all the light we can not see paperback,16,0.8825372660177335,0.6923076923076923,1.0,0.8769555293929117,0.6923076923076923,1.0,0.005581736624821865,0.0,0.0
xgb,8186,alliglossy hair deep clousure,16,0.9339091084314125,0.625,1.0,0.9392148330510314,0.625,1.0,-0.005305724619618868,0.0,0.0
xgb,8194,allure chanel for men 1.7,16,0.9289006082267348,0.625,1.0,0.9289006082267348,0.625,1.0,0.0,0.0,0.0
xgb,8203,almay my best light 100,42,0.8476807383686888,0.27586206896551724,1.0,0.8697654795201518,0.2758620689655172,1.0,-0.022084741151462972,5.551115123125783e-17,0.0
xgb,8235,almond joy ornament,16,0.9804620982451108,1.0,1.0,0.991592473561516,1.0,1.0,-0.011130375316405261,0.0,0.0
xgb,8249,almost paradise debbie macomber,16,0.9720628422825806,0.6666666666666666,1.0,0.9267068060793572,0.6,1.0,0.04535603620322337,0.06666666666666665,0.0
xgb,8281,alpha base capsules without iron,40,0.8174902407184009,0.32,1.0,0.8728815711571037,0.36,1.0,-0.05539133043870281,-0.03999999999999998,0.0
xgb,8379,altra duo running shoes men,16,0.9570768474212639,0.625,1.0,0.957076847421264,0.625,1.0,-1.1102230246251565e-16,0.0,0.0
xgb,8483,amazing adventures hidden object games,8,0.9887279553159586,1.0,1.0,0.9389165353039436,1.0,1.0,0.049811420012014995,0.0,0.0
xgb,8571,amazon gift cards for christmas,16,0.8456034468057169,0.625,1.0,0.8764548271528609,0.625,1.0,-0.030851380347144075,0.0,0.0
xgb,8574,amazon ipads,16,0.6418281987812554,0.5714285714285714,0.5,0.9787930706003494,0.7142857142857143,1.0,-0.33696487181909396,-0.1428571428571429,-0.5
xgb,8595,amazon photo storage for prime members,16,0.9438661545147248,1.0,1.0,0.839653887821725,1.0,1.0,0.10421226669299977,0.0,0.0
xgb,8621,amazon tablet case for kids,15,0.790712137192466,0.6153846153846154,1.0,0.9159348476182226,0.7692307692307693,1.0,-0.1252227104257566,-0.15384615384615385,0.0
xgb,8627,amazon tv 50 inch,16,0.29923931830283873,0.2,0.16666666666666666,0.6874834680680725,0.8,1.0,-0.38824414976523375,-0.6000000000000001,-0.8333333333333334
xgb,8631,amazon video prime app,16,0.8138794328913841,0.5714285714285714,1.0,0.8634627267205642,0.5714285714285714,1.0,-0.04958329382918014,0.0,0.0
xgb,8717,amc channel subscription,14,0.5239456524584368,0.4,0.5,0.6872401701220915,0.6,1.0,-0.16329451766365466,-0.19999999999999996,-0.5
xgb,8766,american crew shampoo and conditioner for men,29,0.7448108170969686,0.4375,0.5,0.6825376813876302,0.4375,0.5,0.062273135709338456,0.0,0.0
xgb,8877,amla green tea,16,0.8383093062696512,0.625,1.0,0.8394741813173155,0.625,1.0,-0.001164875047664382,0.0,0.0
xgb,8879,amla hair oil,16,0.9526603142741242,0.625,1.0,0.9061141373634362,0.625,1.0,0.046546176910688075,0.0,0.0
xgb,8887,ammonia free windex refill,16,0.8668103762053675,0.625,1.0,0.8090814984226254,0.625,1.0,0.05772887778274205,0.0,0.0
xgb,8902,amp switch,51,0.8572048559638626,0.22857142857142856,1.0,0.9216017310213248,0.2571428571428571,1.0,-0.06439687505746217,-0.028571428571428553,0.0
xgb,8920,amsco world history,16,0.9468817998296742,0.625,1.0,0.9468817998296742,0.625,1.0,0.0,0.0,0.0
xgb,9051,android charger,35,1.0,0.5263157894736842,1.0,1.0,0.5263157894736842,1.0,0.0,0.0,0.0
xgb,9102,angel shirt from stitch,16,0.5768377587286273,1.0,0.25,0.7062853221094124,1.0,0.5,-0.1294475633807851,0.0,-0.25
xgb,9159,anillos de compromiso para mujer de oro,26,1.0,0.38461538461538464,1.0,1.0,0.3846153846153846,1.0,0.0,5.551115123125783e-17,0.0
xgb,9220,anime hoodie for girls,16,0.908050948609378,0.6666666666666666,1.0,0.9253314794949415,0.6666666666666666,1.0,-0.017280530885563583,0.0,0.0
xgb,9318,anna costume frozen adult,16,0.7161102509588387,0.7,1.0,0.7859624708593069,0.7,1.0,-0.0698522199004682,0.0,0.0
xgb,9326,anne de green gables español,13,0.9787930706003494,0.7692307692307693,1.0,0.9738672436737748,0.7692307692307693,1.0,0.004925826926574617,0.0,0.0
xgb,9346,annri blue light blocking glasses,16,0.9504120313864757,0.625,1.0,0.9524016186546208,0.625,1.0,-0.001989587268145132,0.0,0.0
xgb,9581,apieu tint,16,0.9567083294488864,0.625,1.0,0.9567083294488864,0.625,1.0,0.0,0.0,0.0
xgb,9623,apple 11 pro max,31,0.5615207764461468,0.3333333333333333,0.5,0.5645097921267795,0.3333333333333333,0.5,-0.0029890156806327006,0.0,0.0
xgb,9642,apple airpods,79,0.8824665955977139,0.16326530612244897,1.0,0.7745542150242184,0.1224489795918367,1.0,0.1079123805734955,0.04081632653061226,0.0
xgb,9703,apple i mac touch screen computer,16,0.9361767385157805,0.7142857142857143,1.0,0.8254629124034278,0.5714285714285714,1.0,0.1107138261123527,0.1428571428571429,0.0
xgb,9724,apple iphone 11 pro unlocked,16,0.5893003746766804,0.5833333333333334,0.5,0.6624456845665935,0.5,1.0,-0.07314530988991308,0.08333333333333337,-0.5
xgb,9739,"apple iphone xs max, 64gb, silver- fully unlocked like new",16,0.9938203652479539,0.625,1.0,0.993820365247954,0.625,1.0,-1.1102230246251565e-16,0.0,0.0
xgb,9886,apple watch series 1,27,0.8375467435230488,0.5,1.0,0.7674898868953589,0.4444444444444444,0.5,0.0700568566276899,0.05555555555555558,0.5
xgb,9900,apple watch series 3 bands 42mm women,16,0.8739986234589507,0.625,1.0,0.8454128742536764,0.625,1.0,0.028585749205274347,0.0,0.0
xgb,9953,appliances refrigerators,16,1.0,0.625,1.0,0.9471643200863396,0.625,1.0,0.05283567991366045,0.0,0.0
xgb,9994,aqua di gio body fragrance for men,16,0.7344735389507481,0.6363636363636364,1.0,0.6878226466723316,0.6363636363636364,0.5,0.046650892278416456,0.0,0.5
xgb,10000,aqua pour homme travel,16,0.9813162632348015,0.625,1.0,0.9877841797012168,0.625,1.0,-0.006467916466415313,0.0,0.0
xgb,10084,ar15 parts and accessories,15,0.6241767754313942,0.5454545454545454,0.5,0.6462735073677079,0.5454545454545454,0.5,-0.022096731936313785,0.0,0.0
xgb,10086,arab jewelry for women,40,0.9543384299005628,0.2631578947368421,1.0,0.9093618486635722,0.2631578947368421,1.0,0.044976581236990665,0.0,0.0
xgb,10130,arcade stool ms pacman,39,0.7814376197710623,0.28125,1.0,0.7049980341063626,0.25,1.0,0.07643958566469966,0.03125,0.0
xgb,10157,architecture templates 1/8,16,0.8624040622663321,0.6666666666666666,1.0,0.921964016353296,0.6666666666666666,1.0,-0.059559954086963796,0.0,0.0
xgb,10209,area rug 5x7 blue,16,0.9787930706003494,0.625,1.0,0.977915258848537,0.625,1.0,0.0008778117518123407,0.0,0.0
xgb,10250,ari finkelstein,14,0.6419125320382162,0.6,1.0,0.8411776402401573,0.9,1.0,-0.1992651082019411,-0.30000000000000004,0.0
xgb,10282,arimistane,40,0.3150301102084439,0.17857142857142858,0.3333333333333333,0.5988341317795602,0.25,1.0,-0.28380402157111634,-0.07142857142857142,-0.6666666666666667
xgb,10283,arizona birkenstocks men,16,0.5774250016294137,0.5384615384615384,0.3333333333333333,0.6165911491285786,0.6153846153846154,0.3333333333333333,-0.039166147499164916,-0.07692307692307698,0.0
xgb,10335,armani exchange white belts,16,0.3779031763723011,0.5555555555555556,0.2,0.4685300981660111,0.6666666666666666,0.2,-0.09062692179371001,-0.11111111111111105,0.0
xgb,10437,arrives before christmas gifts for men,13,0.45749452618986164,1.0,0.25,0.4574945261898616,1.0,0.25,5.551115123125783e-17,0.0,0.0
xgb,10541,articulated electronic fist 5 year,16,0.9085781768482107,0.625,1.0,0.8675021601272528,0.625,1.0,0.04107601672095795,0.0,0.0
xgb,10542,articulation second edition,16,0.3094992966959067,0.25,0.14285714285714285,0.6012075149174069,1.0,0.1428571428571428,-0.29170821822150017,-0.75,5.551115123125783e-17
xgb,10565,artificial plants indoor large,16,0.895039956444123,0.625,1.0,0.9005033215744148,0.625,1.0,-0.005463365130291775,0.0,0.0
xgb,10589,arts and crafts boys,11,0.9807893215175925,0.9090909090909091,1.0,0.9598266981246,0.9090909090909092,1.0,0.020962623392992485,-1.1102230246251565e-16,0.0
xgb,10596,arturia audiofuse studio,40,0.7622140128704047,0.3333333333333333,1.0,0.8312005113577512,0.3809523809523809,1.0,-0.0689864984873465,-0.04761904761904756,0.0
xgb,10628,asg sniper,16,0.5582604437617528,0.45454545454545453,1.0,0.5582604437617528,0.4545454545454545,1.0,0.0,5.551115123125783e-17,0.0
xgb,10705,aso ankle brace stabilizer,41,0.9787930706003494,0.24390243902439024,1.0,0.9738672436737748,0.2439024390243902,1.0,0.004925826926574617,2.7755575615628914e-17,0.0
xgb,10775,assorted bulk candy,16,0.9435593591982605,0.6666666666666666,1.0,0.9361767385157804,0.6666666666666666,1.0,0.007382620682480079,0.0,0.0
xgb,10787,assymetrical tops for women,16,0.5259281833599779,0.5,0.5,0.6209236414666792,0.5833333333333334,0.5,-0.09499545810670129,-0.08333333333333337,0.0
xgb,10804,astro headphones a40,16,0.7538009471246525,0.7,0.3333333333333333,0.7163242139998524,0.6,0.3333333333333333,0.037476733124800155,0.09999999999999998,0.0
xgb,10827,astros shirt women,10,0.946788899127528,1.0,1.0,0.9380003372275196,1.0,1.0,0.008788561900008318,0.0,0.0
xgb,10829,astroworld hoodie,16,0.9554289676024135,0.625,1.0,0.9554289676024136,0.625,1.0,-1.1102230246251565e-16,0.0,0.0
xgb,10858,asus laptop charger ux305c,16,0.8870024779577587,0.8,1.0,0.783105827125456,0.7,1.0,0.1038966508323027,0.10000000000000009,0.0
xgb,10961,athletica leggings for women,16,0.8320908574852407,0.625,1.0,0.8757486781158016,0.625,1.0,-0.043657820630560895,0.0,0.0
xgb,11026,attitude dish detergent,16,0.7402164354306696,0.6153846153846154,1.0,0.7379681525430211,0.6153846153846154,1.0,0.002248282887648556,0.0,0.0
xgb,11058,auburn tigers womens apparel,16,0.7530386806409877,0.5384615384615384,1.0,0.8237894698706737,0.6153846153846154,1.0,-0.07075078922968603,-0.07692307692307698,0.0
xgb,11115,audrey halloween coatume,16,0.8165128663065768,0.6,1.0,0.8598456810488044,0.7,1.0,-0.04333281474222761,-0.09999999999999998,0.0
xgb,11138,auntie necklaces for women,15,0.8209710197218151,0.6666666666666666,1.0,0.8288238167499891,0.6666666666666666,1.0,-0.007852797028173986,0.0,0.0
xgb,11218,aurora shoes,16,0.8266839389584025,0.7272727272727273,1.0,0.8184510283202937,0.7272727272727273,1.0,0.008232910638108826,0.0,0.0
xgb,11221,aurora world stuffed animal mouse,16,0.9468817998296742,0.625,1.0,0.9772274824155974,0.625,1.0,-0.030345682585923184,0.0,0.0
xgb,11276,auto position sensor,16,0.9203552140579812,0.8571428571428571,1.0,0.9157583948564628,0.8571428571428571,1.0,0.004596819201518332,0.0,0.0
xgb,11292,autoblow,15,0.2942046092242694,0.42857142857142855,0.14285714285714285,0.3869886755885395,0.5714285714285714,0.1428571428571428,-0.09278406636427011,-0.14285714285714285,5.551115123125783e-17
xgb,11318,automatic freshener refill cherry,16,0.9214535246064987,0.625,1.0,0.9399337652641016,0.625,1.0,-0.018480240657602898,0.0,0.0
xgb,11338,automatic toilet seat open and close,16,0.882736744717792,0.625,1.0,0.9437576190259304,0.625,1.0,-0.061020874308138406,0.0,0.0
xgb,11382,ava max christmas without you,9,0.8868591705515992,1.0,1.0,0.8868591705515992,1.0,1.0,0.0,0.0,0.0
xgb,11387,avalon 737 mic preamp,16,0.9032340243626937,0.8333333333333334,1.0,0.8919358199458501,0.8333333333333334,1.0,0.011298204416843594,0.0,0.0
xgb,11424,avenger birthday part games,16,0.6977063907674066,0.6,0.5,0.7083702798375796,0.4,1.0,-0.010663889070173016,0.19999999999999996,-0.5
xgb,11425,avenger costumes for women,16,0.9565094327126609,0.625,1.0,0.9332359561384512,0.625,1.0,0.02327347657420964,0.0,0.0
xgb,11433,avengers bow and arrow toy,16,0.9904274075370947,0.6666666666666666,1.0,0.958284970022092,0.6666666666666666,1.0,0.032142437515002675,0.0,0.0
xgb,11464,average joes costume,16,0.9400228393296095,0.625,1.0,0.942271122217258,0.625,1.0,-0.002248282887648445,0.0,0.0
xgb,11517,awesome edible kids crafts,16,0.8157435011435814,0.8333333333333334,1.0,0.872736268299635,0.8333333333333334,1.0,-0.056992767156053614,0.0,0.0
xgb,11531,axe phoenix shampoo and conditioner,16,0.9154355047894686,0.6,1.0,0.9124662320462946,0.6,1.0,0.002969272743173934,0.0,0.0
xgb,11604,b'15x28 furnace air filters',16,0.9435593591982605,0.6666666666666666,1.0,0.9392148330510314,0.6666666666666666,1.0,0.004344526147229133,0.0,0.0
xgb,11626,b'time machine clock',14,0.6752162385610107,0.6666666666666666,1.0,0.7323497835202886,0.7777777777777778,1.0,-0.057133544959277915,-0.11111111111111116,0.0
xgb,11693,babaliss pro curling iron,40,0.809865170237987,0.29411764705882354,1.0,0.7721539384613764,0.2941176470588235,1.0,0.03771123177661062,5.551115123125783e-17,0.0
xgb,11727,baby aqua stroller for 2,15,0.9950883841893562,1.0,1.0,0.9531641314941092,1.0,1.0,0.04192425269524702,0.0,0.0
xgb,11733,baby banana toothbrush,16,0.8950083339127259,0.6428571428571429,1.0,0.9584565021709728,0.7142857142857143,1.0,-0.06344816825824684,-0.0714285714285714,0.0
xgb,11736,baby basket stuffers,16,0.6366824387328316,0.5,1.0,0.715696758318853,0.75,1.0,-0.07901431958602145,-0.25,0.0
xgb,11750,baby bee backpack,16,0.9336907978341568,0.6666666666666666,1.0,0.9701072148500808,0.6666666666666666,1.0,-0.03641641701592402,0.0,0.0
xgb,11771,baby blue sweaters for women,16,0.7599813839137598,0.6666666666666666,1.0,0.8878055430663147,0.8333333333333334,1.0,-0.12782415915255485,-0.16666666666666674,0.0
xgb,11793,baby bow tie,16,0.6878721654214329,0.6,0.5,0.7140670757608816,0.6,0.5,-0.02619491033944865,0.0,0.0
xgb,11926,baby flight bed,16,0.757907426141003,0.75,0.5,0.7348939234922893,0.75,0.5,0.023013502648713713,0.0,0.0
xgb,11950,baby gates for dogs 50 inches,16,0.9774367618500638,0.625,1.0,0.9537915794915526,0.625,1.0,0.023645182358511208,0.0,0.0
xgb,11964,baby girl boots size 1,16,0.9216017310213247,0.6,1.0,0.7799082337019199,0.6,0.5,0.14169349731940484,0.0,0.5
xgb,11989,baby girl pink valentines day tutu,16,0.9567083294488864,0.7692307692307693,1.0,0.9047830903445314,0.6923076923076923,1.0,0.05192523910435498,0.07692307692307698,0.0
xgb,12023,baby hunter rain boots,16,0.725734530544632,0.7,1.0,0.6082965289412681,0.6,1.0,0.11743800160336393,0.09999999999999998,0.0
xgb,12053,baby machanic,14,0.9144322567538655,0.7142857142857143,1.0,0.8825372660177335,0.7142857142857143,1.0,0.031894990736132,0.0,0.0
xgb,12057,baby magic shampoo and body wash,40,0.9547715182029446,0.37037037037037035,1.0,0.8125495093363515,0.3333333333333333,1.0,0.14222200886659309,0.037037037037037035,0.0
xgb,12063,baby milk halloween costumes,16,0.9239166642947431,0.6666666666666666,1.0,0.9171612476796992,0.6666666666666666,1.0,0.006755416615043863,0.0,0.0
xgb,12081,baby musical toys,16,0.9451421906614861,0.625,1.0,0.9516537555066644,0.625,1.0,-0.0065115648451783414,0.0,0.0
xgb,12119,baby pumpkin costume 9 months,16,0.8968777354302122,0.625,1.0,0.9049656915215304,0.625,1.0,-0.008087956091318182,0.0,0.0
xgb,12128,baby rock kids toy,16,0.9275797623825901,0.6666666666666666,1.0,0.9031251216828032,0.6666666666666666,1.0,0.024454640699786867,0.0,0.0
xgb,12137,baby safety ring bathtub,16,0.9315292943157306,0.7142857142857143,1.0,0.9706903398068096,0.7142857142857143,1.0,-0.039161045491079016,0.0,0.0
xgb,12149,baby shark costume dog,16,0.7977875525897977,0.6428571428571429,1.0,0.7668420323062027,0.6428571428571429,1.0,0.030945520283594985,0.0,0.0
xgb,12166,baby shoes sale clearance,16,0.8738273733289122,0.75,1.0,0.8738273733289122,0.75,1.0,0.0,0.0,0.0
xgb,12178,baby shower goodie bags boy,16,0.8603818544462509,0.5714285714285714,1.0,0.8482378089219647,0.5714285714285714,1.0,0.012144045524286273,0.0,0.0
xgb,12231,baby table cloth,16,0.9066994325921797,0.625,1.0,0.8759195979917094,0.625,1.0,0.03077983460047029,0.0,0.0
xgb,12236,baby thermometer forehead and ear iproven,16,0.9182995190154707,0.7272727272727273,1.0,0.8977081135689674,0.7272727272727273,1.0,0.020591405446503286,0.0,0.0
xgb,12246,baby tracker dry erase board,16,0.8546155542307573,0.625,1.0,0.8991865866283439,0.625,1.0,-0.04457103239758664,0.0,0.0
xgb,12252,baby trend pack n play,16,0.972670728410317,0.625,1.0,0.888809633029341,0.625,1.0,0.08386109538097597,0.0,0.0
xgb,12270,baby warmer bottle dr brown,16,0.7717648515573778,0.6,1.0,0.8332099408506483,0.7,1.0,-0.061445089293270416,-0.09999999999999998,0.0
xgb,12274,baby water without fluoride,40,0.44221959423801294,0.25,1.0,0.4784215172879273,0.25,1.0,-0.036201923049914375,0.0,0.0
xgb,12287,baby yoda blanket,16,0.7799082337019199,0.75,0.5,0.7065443116025598,0.6666666666666666,0.5,0.07336392209936005,0.08333333333333337,0.0
xgb,12298,babydoll crop tops for women,16,0.6320839486457109,0.6153846153846154,0.5,0.6375875016694112,0.6153846153846154,0.5,-0.005503553023700314,0.0,0.0
xgb,12350,bachelorette fiesta theme sombrero veihl,16,0.8370431201062865,0.8333333333333334,1.0,0.8184698054187534,0.8333333333333334,1.0,0.018573314687533093,0.0,0.0
xgb,12382,back pack beach bag,16,0.9262688623283958,0.625,1.0,0.930316877503158,0.625,1.0,-0.004048015174762165,0.0,0.0
xgb,12415,backdrop,16,0.8446849276286176,0.5833333333333334,1.0,0.8358761963562928,0.5833333333333334,1.0,0.008808731272324732,0.0,0.0
xgb,12436,backlit universal remote fire tv,16,0.9238077824385645,0.625,1.0,0.9159348476182226,0.625,1.0,0.007872934820341904,0.0,0.0
xgb,12440,backpack aesthetic,16,0.9295204907858209,0.625,1.0,0.9295204907858208,0.625,1.0,1.1102230246251565e-16,0.0,0.0
xgb,12450,backpack first aid kit,16,0.9411338959973068,0.625,1.0,0.9411338959973068,0.625,1.0,0.0,0.0,0.0
xgb,12456,backpack for girls middle school that have chagers,16,0.8539609415942098,0.625,1.0,0.8849312791754934,0.625,1.0,-0.030970337581283647,0.0,0.0
xgb,12458,backpack for men training,16,0.963385466235431,0.625,1.0,0.9188144338378444,0.625,1.0,0.04457103239758653,0.0,0.0
xgb,12512,bacon drippings jar,40,0.8475402580516588,0.23076923076923078,1.0,0.9014470060563652,0.2307692307692307,1.0,-0.053906748004706406,8.326672684688674e-17,0.0
xgb,12523,bad donkey hat,16,0.8302375109097954,0.6666666666666666,1.0,0.8241613218392937,0.6666666666666666,1.0,0.00607618907050167,0.0,0.0
xgb,12590,baganing for advantage,16,0.925440078289629,0.8571428571428571,1.0,0.9167509405747843,0.8571428571428571,1.0,0.008689137714844697,0.0,0.0
xgb,12732,balios,16,0.6300426811446146,0.45454545454545453,1.0,0.7670273914429264,0.6363636363636364,1.0,-0.13698471029831183,-0.18181818181818182,0.0
xgb,12738,ball 64 oz mason jar,39,0.8814075961035845,0.25,1.0,0.9125388471459605,0.25,1.0,-0.031131251042375907,0.0,0.0
xgb,12740,ball and chain gag gift,16,0.7799082337019199,0.8181818181818182,0.5,0.7951657524814092,0.7272727272727273,1.0,-0.015257518779489332,0.09090909090909094,-0.5
xgb,12749,ball cream men,16,0.8607794163408998,0.625,1.0,0.8402207216179324,0.625,1.0,0.020558694722967452,0.0,0.0
xgb,12772,ballast box 3 point,40,0.8392456378643482,0.4375,1.0,0.7909506325094736,0.4375,1.0,0.04829500535487463,0.0,0.0
xgb,12837,balsum hill christmas trees without lights,36,0.6335180545607751,0.21212121212121213,0.5,0.6645979287951652,0.2424242424242424,1.0,-0.03107987423439007,-0.030303030303030276,-0.5
xgb,12838,balt desk,16,0.8428814541892294,0.5714285714285714,1.0,0.929699220816818,0.7142857142857143,1.0,-0.08681776662758856,-0.1428571428571429,0.0
xgb,12892,bamboo shirtwomen short sleeve,16,0.9533497162960899,0.625,1.0,0.95334971629609,0.625,1.0,-1.1102230246251565e-16,0.0,0.0
xgb,12902,bameos coffee table,15,0.8569744763745856,0.7777777777777778,1.0,0.9864855347203126,1.0,1.0,-0.12951105834572707,-0.2222222222222222,0.0
xgb,13018,bank for bills,16,0.9494126029739882,0.625,1.0,0.9504120313864756,0.625,1.0,-0.0009994284124873465,0.0,0.0
xgb,13081,bar set without shaker,40,0.6254260942626563,0.24324324324324326,0.5,0.6342783197033177,0.2432432432432432,0.5,-0.008852225440661443,5.551115123125783e-17,0.0
xgb,13088,bar stool no back,16,0.6021115082851666,0.5714285714285714,0.3333333333333333,0.6088209198031709,0.5714285714285714,0.3333333333333333,-0.006709411518004305,0.0,0.0
xgb,13136,barber nessecities,15,1.0,0.7692307692307693,1.0,0.8151400840039529,0.6153846153846154,1.0,0.18485991599604712,0.15384615384615385,0.0
xgb,13139,barber tools professional,16,0.9161601115836259,0.6666666666666666,1.0,0.8978323652257558,0.6666666666666666,1.0,0.018327746357870045,0.0,0.0
xgb,13147,barbie case,16,0.8302010829452637,0.5833333333333334,1.0,0.8285229673188254,0.5833333333333334,1.0,0.0016781156264383812,0.0,0.0
xgb,13230,bark collar with remote,16,0.9537125187088152,0.625,1.0,0.92663607790064,0.625,1.0,0.027076440808175284,0.0,0.0
xgb,13250,barnett ghost 360 crossbow,40,0.8182585635756016,0.2,1.0,0.8195252447745737,0.2,1.0,-0.0012666811989721083,0.0,0.0
xgb,13324,baruto action figures,40,0.8351201148123998,0.30303030303030304,1.0,0.7484497259043065,0.2727272727272727,1.0,0.08667038890809331,0.03030303030303033,0.0
xgb,13377,baseball glove kids,16,0.895039956444123,0.6666666666666666,1.0,0.8982550386867663,0.6666666666666666,1.0,-0.003215082242643219,0.0,0.0
xgb,13390,baseball shirt 6 under armour,16,0.7400174920580923,0.6363636363636364,1.0,0.7400174920580923,0.6363636363636364,1.0,0.0,0.0,0.0
xgb,13410,basic tess,16,0.9790468959828571,0.625,1.0,0.9141536948425276,0.625,1.0,0.06489320114032948,0.0,0.0
xgb,13461,basketball traction board,16,0.8866331498586214,0.75,1.0,0.8543320342254012,0.875,1.0,0.032301115633220245,-0.125,0.0
xgb,13507,bat with nails,16,0.4850338474361855,0.7142857142857143,0.3333333333333333,0.8333638036385755,0.8571428571428571,1.0,-0.34832995620239005,-0.1428571428571428,-0.6666666666666667
xgb,13596,bath and bodyworks water line,16,0.9205767342323009,0.625,1.0,0.9205767342323008,0.625,1.0,1.1102230246251565e-16,0.0,0.0
xgb,13668,bathandbodyworks bath bombs,16,0.9768562593544076,0.625,1.0,1.0,0.625,1.0,-0.023143740645592437,0.0,0.0
xgb,13670,bathing bape mask,16,0.8741701556078313,0.6666666666666666,1.0,0.8862552031985301,0.6666666666666666,1.0,-0.012085047590698839,0.0,0.0
xgb,13674,bathing suit straps wide black,16,0.7606971932189103,0.5714285714285714,0.3333333333333333,0.7606971932189103,0.5714285714285714,0.3333333333333333,0.0,0.0,0.0
xgb,13808,bathtub caddy,16,0.977915258848537,0.6666666666666666,1.0,0.9755453593002134,0.6666666666666666,1.0,0.002369899548323673,0.0,0.0
xgb,13840,batman arkham dc collectibles joker,16,0.9401322466696658,1.0,1.0,0.968072980291202,1.0,1.0,-0.027940733621536262,0.0,0.0
xgb,13869,batman toys for 4 year old,16,0.9556493299547569,0.6666666666666666,1.0,0.9716189607861264,0.6666666666666666,1.0,-0.015969630831369486,0.0,0.0
xgb,13873,batman weapons,16,0.9507235030281824,0.625,1.0,0.9401742983047277,0.625,1.0,0.010549204723454775,0.0,0.0
xgb,13881,batterie c,16,1.0,1.0,1.0,1.0,1.0,1.0,0.0,0.0,0.0
xgb,13889,batteries for xbox one controller,16,0.8759195979917094,0.625,1.0,0.8478333285894862,0.625,1.0,0.02808626940222314,0.0,0.0
xgb,13939,battery operated outsoor lamps,16,0.8803485966094552,0.625,1.0,0.895039956444123,0.625,1.0,-0.01469135983466785,0.0,0.0
xgb,14015,baylor 3x hoodie,40,0.8341153106924764,0.29411764705882354,1.0,0.7666981073867221,0.2647058823529412,1.0,0.06741720330575429,0.02941176470588236,0.0
xgb,14079,bbq sticks for campfire long fun,16,0.9554289676024135,0.625,1.0,0.9304461359304156,0.625,1.0,0.024982831671997885,0.0,0.0
xgb,14109,bdsm toys,16,0.5804287515672115,0.8571428571428571,0.25,0.3354002917921389,0.4285714285714285,0.3333333333333333,0.2450284597750726,0.4285714285714286,-0.08333333333333331
xgb,14110,bdsm wrist,16,0.9177729803937427,0.6428571428571429,1.0,0.9327022551515868,0.6428571428571429,1.0,-0.014929274757844113,0.0,0.0
xgb,14123,be kind decal,16,0.9439492378436964,0.625,1.0,0.9439492378436964,0.625,1.0,0.0,0.0,0.0
xgb,14179,beach sandals for women nike,16,0.8765954521540082,0.6923076923076923,1.0,0.8056105440585393,0.6923076923076923,1.0,0.07098490809546898,0.0,0.0
xgb,14200,beachbody workout,16,0.9738050896605512,0.625,1.0,0.9685287252979218,0.625,1.0,0.00527636436262946,0.0,0.0
xgb,14205,beachy face mask for women,16,0.7675222912553322,0.7,1.0,0.7303618592327141,0.7,1.0,0.037160432022618095,0.0,0.0
xgb,14217,bead tray,16,0.9268283195968527,0.625,1.0,0.8260727363832484,0.625,1.0,0.10075558321360434,0.0,0.0
xgb,14268,beanies long,16,0.1480409554829326,0.5,0.125,0.0,0.0,0.0909090909090909,0.1480409554829326,0.5,0.0340909090909091
xgb,14283,bear headcover golf,16,0.9695992761997815,0.625,1.0,0.9789253940906972,0.625,1.0,-0.009326117890915753,0.0,0.0
xgb,14381,beats solo 3 headband replacement,16,0.897063815495931,0.6,1.0,0.8807569949306625,0.6,1.0,0.016306820565268443,0.0,0.0
xgb,14394,beauti sleep elixir,40,0.6649656173324681,0.30434782608695654,1.0,0.6350373015375049,0.3043478260869565,1.0,0.029928315794963134,5.551115123125783e-17,0.0
xgb,14413,beauty products for women,43,0.9432379215722527,0.25,1.0,0.955830517697074,0.25,1.0,-0.01259259612482122,0.0,0.0
xgb,14457,becoming documentary michelle obama,16,0.8480637540994886,0.6428571428571429,1.0,0.8594952744102109,0.6428571428571429,1.0,-0.011431520310722254,0.0,0.0
xgb,14510,bed lift automatic,16,0.9254624505034729,0.8333333333333334,1.0,0.869166212195859,1.0,1.0,0.05629623830761388,-0.16666666666666663,0.0
xgb,14562,bed wool blankets,16,0.9095597643882277,0.625,1.0,0.9381280014977031,0.625,1.0,-0.028568237109475425,0.0,0.0
xgb,14602,bedroom seating small,16,0.9174487478283276,0.625,1.0,0.95334971629609,0.625,1.0,-0.03590096846776236,0.0,0.0
xgb,14640,bee rev limiter,16,0.8698344683788594,0.6923076923076923,1.0,0.8383155977510887,0.6923076923076923,1.0,0.0315188706277707,0.0,0.0
xgb,14657,beef keg,16,0.0,0.0,0.09090909090909091,0.3154648767857287,1.0,0.125,-0.3154648767857287,-1.0,-0.03409090909090909
xgb,14731,behringer headphone,16,0.706929927231889,0.5384615384615384,1.0,0.7248166535986058,0.5384615384615384,1.0,-0.017886726366716843,0.0,0.0
xgb,14746,beige faux fur throw,14,0.8738027593264448,0.6923076923076923,1.0,0.8414815072101582,0.6923076923076923,1.0,0.03232125211628656,0.0,0.0
xgb,14754,being positive at work,15,0.8953905349913344,0.75,1.0,0.8994020044551289,0.75,1.0,-0.0040114694637944925,0.0,0.0
xgb,14776,belkin mixit 6ft usb-c to usb-a cable,16,0.918504257212042,0.7142857142857143,1.0,0.9050794448391496,0.7142857142857143,1.0,0.013424812372892392,0.0,0.0
xgb,14835,belly bandit postpartum belly wrap,16,0.9936070796552218,0.625,1.0,0.9901095028504736,0.625,1.0,0.0034975768047481592,0.0,0.0
xgb,14843,belly sling for back pain,16,0.8205228949141826,0.6666666666666666,1.0,0.804810999209339,0.6666666666666666,1.0,0.01571189570484366,0.0,0.0
xgb,14857,belt buckle knife,16,0.6871594793746749,0.5454545454545454,1.0,0.6798194162935528,0.5454545454545454,1.0,0.007340063081122117,0.0,0.0
xgb,14858,belt buckles men,16,0.9787930706003494,0.625,1.0,0.9495342196346632,0.625,1.0,0.029258850965686145,0.0,0.0
xgb,14899,bench cusion 36x 24,16,0.8931181750461552,0.6,1.0,0.9634117275431492,0.6666666666666666,1.0,-0.07029355249699398,-0.06666666666666665,0.0
xgb,14914,bendy,16,0.8572048559638626,0.6666666666666666,1.0,0.8643145546088337,0.6666666666666666,1.0,-0.007109698644971019,0.0,0.0
xgb,15034,best bra without underwire,49,0.6932027825280748,0.17777777777777778,1.0,0.6884484898678933,0.1777777777777777,1.0,0.004754292660181458,8.326672684688674e-17,0.0
xgb,15096,best golf watches with gps,16,0.9283272902350127,0.625,1.0,0.9305687780632228,0.625,1.0,-0.002241487828210098,0.0,0.0
xgb,15107,best hyaluronic acid for lips,40,1.0,0.29411764705882354,1.0,0.7759944384848245,0.2352941176470588,1.0,0.22400556151517548,0.05882352941176475,0.0
xgb,15216,bestway sand filter pumps for above ground pools,16,0.905064732851324,0.6428571428571429,1.0,0.8303862867275239,0.6428571428571429,1.0,0.07467844612380015,0.0,0.0
xgb,15220,beta fish foods,16,0.858357995394443,0.625,1.0,0.8519675573955815,0.625,1.0,0.00639043799886152,0.0,0.0
xgb,15291,beyblade box,16,0.9054291485009893,0.625,1.0,0.92663607790064,0.625,1.0,-0.02120692939965063,0.0,0.0
xgb,15303,beyblade case with beyblades,16,0.8352857166141991,0.6428571428571429,1.0,0.8475043160634809,0.6428571428571429,1.0,-0.01221859944928172,0.0,0.0
xgb,15384,bible lessons for teens,9,0.9506899403249077,1.0,1.0,0.9506899403249076,1.0,1.0,1.1102230246251565e-16,0.0,0.0
xgb,15483,bicycle,43,0.6663075294622165,0.2413793103448276,0.5,0.7357387513989938,0.2758620689655172,0.5,-0.06943122193677731,-0.034482758620689585,0.0
xgb,15570,big and tall ripped shorts for men,16,0.4191857109875453,0.75,0.2,0.3495116187706584,0.5,0.25,0.06967409221688692,0.25,-0.04999999999999999
xgb,15580,big bang theory complete series,16,0.9790468959828571,0.625,1.0,0.9902867315621452,0.625,1.0,-0.011239835579288093,0.0,0.0
xgb,15607,big candles decorative,16,0.92663607790064,0.625,1.0,0.96331803895032,0.625,1.0,-0.03668196104968002,0.0,0.0
xgb,15631,big girls leggings funny,16,0.6929304365400483,0.5454545454545454,1.0,0.6548822128385355,0.5454545454545454,1.0,0.03804822370151273,0.0,0.0
xgb,15675,big plate 30 feet,37,0.8391982533282581,0.6666666666666666,1.0,0.8391982533282581,0.6666666666666666,1.0,0.0,0.0,0.0
xgb,15697,big stomach dress,16,0.9251437244303552,0.8181818181818182,1.0,0.9251437244303552,0.8181818181818182,1.0,0.0,0.0,0.0
xgb,15821,biking water and phone holder,16,0.9533497162960899,0.625,1.0,0.9772274824155974,0.625,1.0,-0.023877766119507537,0.0,0.0
xgb,15997,biosonic ultrasonic cleaner,16,0.9503532637006566,0.625,1.0,0.8975922120614306,0.625,1.0,0.052761051639226064,0.0,0.0
xgb,16041,bird itch,16,0.6005491084563834,1.0,0.5,0.5937751258332797,1.0,0.5,0.0067739826231036915,0.0,0.0
xgb,16083,birkenstock shoes,16,0.8049107101676063,0.625,1.0,0.8059378757465518,0.625,1.0,-0.0010271655789455547,0.0,0.0
xgb,16129,birthday goodie bag toys,16,0.9008636626471187,0.625,1.0,0.9008636626471188,0.625,1.0,-1.1102230246251565e-16,0.0,0.0
xgb,16131,birthday hat,16,0.8133814141574525,0.6,1.0,0.8288238167499891,0.6666666666666666,1.0,-0.015442402592536597,-0.06666666666666665,0.0
xgb,16176,bissell pet stain remover,16,0.92663607790064,0.6666666666666666,1.0,0.9034923372550476,0.6666666666666666,1.0,0.023143740645592326,0.0,0.0
xgb,16194,biteme not mosquito coil wristband,40,0.6316995649589291,0.25,1.0,0.67283214115445,0.28125,1.0,-0.04113257619552091,-0.03125,0.0
xgb,16218,bj and the bear dvd complete series,16,0.6455125976330206,0.7777777777777778,1.0,0.6021707545233348,0.6666666666666666,1.0,0.04334184310968581,0.11111111111111116,0.0
xgb,16258,black and decker drill/ driver combination kit 109 pieces,16,0.8478338627463426,0.625,1.0,0.9297308230593428,0.625,1.0,-0.0818969603130002,0.0,0.0
xgb,16261,black and decker impact driver,25,0.8537358263881334,0.391304347826087,1.0,0.8448096184991429,0.391304347826087,1.0,0.008926207888990456,0.0,0.0
xgb,16287,black and pink queen bed set,16,0.8441490481847796,0.625,1.0,0.8917841809040242,0.625,1.0,-0.04763513271924458,0.0,0.0
xgb,16292,black and red flower bouquet,16,0.8709660119808826,0.625,1.0,0.8690023761496133,0.625,1.0,0.0019636358312693503,0.0,0.0
xgb,16299,black and white bath rug for bathroom,16,0.9962378929123429,0.625,1.0,0.9336801679038148,0.625,1.0,0.06255772500852808,0.0,0.0
xgb,16316,black and white off the shoulder top,16,0.8099618255034721,0.6,1.0,0.8196315095518703,0.6,1.0,-0.009669684048398186,0.0,0.0
xgb,16323,black and white shower curtain,16,0.8982887849678984,0.6153846153846154,1.0,0.8660790205256876,0.6153846153846154,1.0,0.0322097644422108,0.0,0.0
xgb,16330,black and yellow nike shoes for men,40,0.8064659999627327,0.2631578947368421,1.0,0.8064659999627327,0.2631578947368421,1.0,0.0,0.0,0.0
xgb,16406,black card revoked card game,16,0.9938203652479539,0.6666666666666666,1.0,1.0,0.6666666666666666,1.0,-0.0061796347520460815,0.0,0.0
xgb,16411,black carhartt work shirts,16,0.7179640966557667,0.5384615384615384,1.0,0.7815848848547184,0.6153846153846154,1.0,-0.06362078819895178,-0.07692307692307698,0.0
xgb,16424,black chip paint,16,0.6830167911395004,0.7142857142857143,0.3333333333333333,0.4534465972674309,0.5714285714285714,0.2,0.2295701938720695,0.1428571428571429,0.1333333333333333
xgb,16492,black elastic choker necklace,16,0.8734658114722282,0.625,1.0,0.8872771075121092,0.625,1.0,-0.01381129603988096,0.0,0.0
xgb,16576,black hitch ball,16,0.8693394704287626,0.6428571428571429,1.0,0.9083870382279312,0.6428571428571429,1.0,-0.039047567799168625,0.0,0.0
xgb,16597,black kids magnetic belt,16,0.9877841797012169,0.625,1.0,0.9743682286692288,0.625,1.0,0.013415951031988116,0.0,0.0
xgb,16623,black leather thong panties women,16,0.8607495942961444,0.6666666666666666,1.0,0.8659840029147706,0.6666666666666666,1.0,-0.0052344086186262295,0.0,0.0
xgb,16631,black light for cars interior,16,0.8991865866283439,0.625,1.0,0.8991865866283439,0.625,1.0,0.0,0.0,0.0
xgb,16638,black lives matter white shirt,16,0.8445293798418667,0.625,1.0,0.8445293798418667,0.625,1.0,0.0,0.0,0.0
xgb,16656,black marble blanket,16,0.8729552152926601,0.625,1.0,0.9137300703367957,0.625,1.0,-0.04077485504413558,0.0,0.0
xgb,16668,black metal day bed,16,0.9158394515711116,0.625,1.0,0.9158394515711116,0.625,1.0,0.0,0.0,0.0
xgb,16678,black nail polish,16,0.9454862044599013,0.625,1.0,0.9454862044599012,0.625,1.0,1.1102230246251565e-16,0.0,0.0
xgb,16702,black overnight bag,16,0.961626441860224,0.625,1.0,0.9358243133685272,0.625,1.0,0.02580212849169672,0.0,0.0
xgb,16738,black plus size dresses for women,16,0.9507235030281824,0.625,1.0,0.9547715182029446,0.625,1.0,-0.004048015174762165,0.0,0.0
xgb,16808,black shower trim kit with valve,16,0.9738050896605512,0.6666666666666666,1.0,0.9985958121484936,0.6666666666666666,1.0,-0.02479072248794234,0.0,0.0
xgb,16834,black stockings for women,26,0.977915258848537,0.38461538461538464,1.0,0.9305755731226611,0.3846153846153846,1.0,0.04733968572587588,5.551115123125783e-17,0.0
xgb,16840,black strapped camisole,16,0.8858330195538265,0.625,1.0,0.8858330195538265,0.625,1.0,0.0,0.0,0.0
xgb,16915,black wide jeans for women,40,0.7206921646739214,0.22857142857142856,1.0,0.6552831239138519,0.2,1.0,0.06540904076006948,0.028571428571428553,0.0
xgb,16929,black wool dryer balls,16,0.8862369978951139,0.625,1.0,0.9517593323498535,0.625,1.0,-0.06552233445473965,0.0,0.0
xgb,16933,black xoat for baby boy,16,0.6957877663761588,0.5714285714285714,1.0,0.7534340753198705,0.5714285714285714,1.0,-0.0576463089437117,0.0,0.0
xgb,17005,blade oil for miter saw,16,0.6164518630001335,0.8571428571428571,0.25,0.5973802674848959,0.8571428571428571,0.25,0.019071595515237627,0.0,0.0
xgb,17032,blank tall koozies,40,0.9477344873475498,0.25,1.0,0.9123531163871794,0.25,1.0,0.03538137096037042,0.0,0.0
xgb,17060,blast zone water slide,40,0.8628224668123224,0.25,1.0,0.8649404658005813,0.25,1.0,-0.002117998988258818,0.0,0.0
xgb,17090,blemish spot treatment,16,0.9640807576630093,0.625,1.0,0.9661553985278952,0.625,1.0,-0.002074640864885957,0.0,0.0
xgb,17153,blink security camera system wireless,16,0.8406109055730541,0.5384615384615384,1.0,0.7604841611216291,0.5384615384615384,0.5,0.08012674445142498,0.0,0.5
xgb,17162,bliss flat iron for hair,40,0.6666666666666666,0.25,1.0,0.6887514078181296,0.25,1.0,-0.022084741151462972,0.0,0.0
xgb,17163,blisset pillow covers 18x18,40,0.9188159099299589,0.2564102564102564,1.0,0.883504420016115,0.2564102564102564,1.0,0.03531148991384392,0.0,0.0
xgb,17178,block and tackle pulley system,16,0.9035650050446238,0.6153846153846154,1.0,0.9048032373092418,0.6153846153846154,1.0,-0.0012382322646180555,0.0,0.0
xgb,17222,blood pressure cuff without the talk,40,0.8656370898100768,0.23076923076923078,1.0,0.9045513367491768,0.2564102564102564,1.0,-0.03891424693909995,-0.025641025641025605,0.0
xgb,17228,blood pressure relion 200 series,16,0.9172216027264881,0.625,1.0,0.9227209734746888,0.625,1.0,-0.005499370748200727,0.0,0.0
xgb,17295,blu-ray player without wifi,16,0.6164227130804327,0.5384615384615384,1.0,0.6726072056769999,0.6153846153846154,1.0,-0.056184492596567215,-0.07692307692307698,0.0
xgb,17310,blue and white checkered pajama pants,16,0.7522742891510154,0.6666666666666666,1.0,0.6694261592358036,0.6666666666666666,1.0,0.08284812991521173,0.0,0.0
xgb,17313,blue and white kitchen mat,16,0.8337116484697726,0.5714285714285714,1.0,0.7453503337736063,0.5714285714285714,1.0,0.08836131469616637,0.0,0.0
xgb,17362,blue devil horns,16,0.8364570742284423,0.7272727272727273,1.0,0.8855844012147097,0.8181818181818182,1.0,-0.04912732698626743,-0.09090909090909094,0.0
xgb,17380,blue exorcist plush,16,0.8880320196888395,0.875,1.0,0.9248239004862304,1.0,1.0,-0.03679188079739093,-0.125,0.0
xgb,17392,blue hand towel,16,0.9495342196346633,0.625,1.0,0.9400228393296096,0.625,1.0,0.009511380305053718,0.0,0.0
xgb,17402,blue leather 1inch 3 ring binder,16,0.9361767385157805,0.625,1.0,0.9392148330510314,0.625,1.0,-0.003038094535250835,0.0,0.0
xgb,17423,blue moon costume,16,1.0,1.0,1.0,1.0,1.0,1.0,0.0,0.0,0.0
xgb,17431,blue pajama pant set,13,0.9504318313235595,0.8333333333333334,1.0,0.9504318313235596,0.8333333333333334,1.0,-1.1102230246251565e-16,0.0,0.0
xgb,17449,blue ray wifi player,16,0.883229092337347,0.625,1.0,0.8602006667039339,0.625,1.0,0.02302842563341312,0.0,0.0
xgb,17450,blue reeses peanut butter cups,16,0.9504318313235595,0.625,1.0,0.9634117275431492,0.625,1.0,-0.012979896219589726,0.0,0.0
xgb,17491,blue tooth adapter for older cars,16,0.7065443116025598,0.6153846153846154,0.5,0.7799082337019199,0.6923076923076923,0.5,-0.07336392209936005,-0.07692307692307687,0.0
xgb,17494,blue tooth headset,14,0.8415908474314976,0.7272727272727273,1.0,0.8263333286520081,0.7272727272727273,1.0,0.015257518779489443,0.0,0.0
xgb,17500,blue twine with gift tags,16,0.9223424638143088,0.7142857142857143,1.0,0.9032467383434786,0.6428571428571429,1.0,0.01909572547083027,0.0714285714285714,0.0
xgb,17597,bluetooth julebox,16,0.5750319361461447,0.5384615384615384,0.5,0.6083384864238056,0.5384615384615384,1.0,-0.03330655027766094,0.0,-0.5
xgb,17710,bmw e46 rear coil shock,16,0.6114095411160122,0.5,0.14285714285714285,0.672143220859598,0.6666666666666666,0.25,-0.06073367974358579,-0.16666666666666663,-0.10714285714285715
xgb,17724,bmw oil filter,16,0.799757687946389,0.7,1.0,0.6081280051158976,0.5,1.0,0.19162968283049142,0.19999999999999996,0.0
xgb,17767,board games for kids 7 and up,12,0.8752243974569555,0.8888888888888888,1.0,0.7298624037007395,0.7777777777777778,1.0,0.14536199375621595,0.11111111111111105,0.0
xgb,17793,boat seats and mounts,16,0.7743730272819014,0.5714285714285714,1.0,0.7633252949757946,0.5714285714285714,1.0,0.011047732306106783,0.0,0.0
xgb,17802,boat tent shelter,16,0.6462302129493455,1.0,0.5,0.5540663910176149,1.0,0.3333333333333333,0.09216382193173056,0.0,0.16666666666666669
xgb,17805,boat trailer roller assembly,16,0.9093618486635722,0.625,1.0,0.8466624462998463,0.625,1.0,0.06269940236372584,0.0,0.0
xgb,17928,body safe massage oil candle,16,1.0,0.625,1.0,0.8762824239955564,0.625,1.0,0.12371757600444355,0.0,0.0
xgb,17948,body wash for women with shea butter & hyaluronic,15,0.8492186967745488,0.8,1.0,0.7165513532898736,0.8,1.0,0.13266734348467513,0.0,0.0
xgb,17965,bodycon maxi dress,16,0.9316277775573523,0.625,1.0,0.9400228393296096,0.625,1.0,-0.00839506177225735,0.0,0.0
xgb,17996,bohemian tops for women,16,0.4705304011050233,0.6,0.3333333333333333,0.5711929185667581,0.6,0.5,-0.10066251746173482,0.0,-0.16666666666666669
xgb,18004,boho bathroom decor,16,0.8687471874513093,0.625,1.0,0.8976617565525116,0.625,1.0,-0.02891456910120227,0.0,0.0
xgb,18045,boil over spill stopper small,16,0.9045513367491769,0.625,1.0,0.9034923372550476,0.625,1.0,0.0010589994941292424,0.0,0.0
xgb,18250,bondageromance kit for couples,40,0.7144097119277254,0.42105263157894735,0.3333333333333333,0.5285040850827915,0.3157894736842105,0.3333333333333333,0.18590562684493395,0.10526315789473684,0.0
xgb,18274,bongs and water pipes,16,0.5679882740123903,1.0,0.14285714285714285,0.5132736754823327,1.0,0.2,0.05471459853005756,0.0,-0.05714285714285716
xgb,18311,book and stuffed animal set,16,1.0,0.625,1.0,1.0,0.625,1.0,0.0,0.0,0.0
xgb,18326,book ends peter rabbit,16,0.9259126092062556,1.0,1.0,0.9178915194276416,1.0,1.0,0.008021089778614043,0.0,0.0
xgb,18338,book markers for girls,16,0.8521705090845475,0.5714285714285714,1.0,0.8482378089219647,0.5714285714285714,1.0,0.003932700162582847,0.0,0.0
xgb,18348,book of shadows coloring book sigil,16,0.9435593591982605,0.625,1.0,0.9504318313235596,0.625,1.0,-0.006872472125299067,0.0,0.0
xgb,18383,bookbags 1st grade boys,16,0.9346659795308913,0.625,1.0,0.9722340851332468,0.625,1.0,-0.03756810560235557,0.0,0.0
xgb,18406,books best sellers sci fi,16,0.7651396958598718,0.6666666666666666,1.0,0.4946701437352613,0.5833333333333334,0.5,0.27046955212461055,0.08333333333333326,0.5
xgb,18408,books by diane noble,16,0.8581480079762127,0.625,1.0,0.8529992841959859,0.625,1.0,0.005148723780226794,0.0,0.0
xgb,18511,boot tap,16,0.8824642221139221,0.8571428571428571,1.0,0.7868709706203587,0.7142857142857143,1.0,0.09559325149356335,0.1428571428571428,0.0
xgb,18516,bootcut leggings for women,16,0.9902867315621451,0.625,1.0,0.9726539756380788,0.625,1.0,0.017632755924066323,0.0,0.0
xgb,18540,boots without heels for women,40,0.3831502687991622,0.1875,0.3333333333333333,0.4670900458463519,0.21875,0.5,-0.08393977704718969,-0.03125,-0.16666666666666669
xgb,18542,booty enhancing drink,16,0.891922879295034,0.6,1.0,0.9554289676024136,0.6666666666666666,1.0,-0.06350608830737958,-0.06666666666666665,0.0
xgb,18573,borderlands 3 xbox one,16,0.96447240632415,0.8181818181818182,1.0,0.9472251906766744,0.7272727272727273,1.0,0.017247215647475556,0.09090909090909094,0.0
xgb,18591,born benna bootie,16,1.0,0.625,1.0,0.92663607790064,0.625,1.0,0.07336392209936005,0.0,0.0
xgb,18602,boruto set 5,16,0.9705669479986532,0.625,1.0,0.96922016539953,0.625,1.0,0.0013467825991231308,0.0,0.0
xgb,18607,bosch 18v router,40,0.36497014114625365,0.16,0.5,0.5006913463835508,0.2,1.0,-0.1357212052372972,-0.04000000000000001,-0.5
xgb,18613,bosch jobsite radio,16,0.987655918305024,0.625,1.0,0.976416082725736,0.625,1.0,0.011239835579287982,0.0,0.0
xgb,18631,"bose ""soundlink revolve"" power cord oem",16,0.866947989864271,0.7272727272727273,1.0,0.8630152897016882,0.7272727272727273,1.0,0.003932700162582847,0.0,0.0
xgb,18676,bose speaker connector,16,0.8631833012056642,0.6923076923076923,1.0,0.8153434263608537,0.6923076923076923,1.0,0.04783987484481056,0.0,0.0
xgb,18707,boston fern live plant indoor,40,0.9543384299005628,0.25,1.0,0.9534606181487504,0.25,1.0,0.0008778117518124517,0.0,0.0
xgb,18891,bottle cap,16,0.8248911165874062,0.6,0.5,0.821676034344763,0.6,0.5,0.003215082242643219,0.0,0.0
xgb,18931,bounce house without blower,40,1.0,0.2702702702702703,1.0,0.9567083294488864,0.2702702702702703,1.0,0.043291670551113604,0.0,0.0
xgb,18951,bourbon cherries for old fashioned,40,0.8228681044813319,0.24324324324324326,1.0,0.8011603954560549,0.2432432432432432,1.0,0.021707709025276967,5.551115123125783e-17,0.0
xgb,18955,bouys decorative,40,0.7753366239771086,0.21875,1.0,0.7818048722226502,0.21875,1.0,-0.006468248245541597,0.0,0.0
xgb,18978,bowflex dumbell handle,21,0.6812060741152738,0.5833333333333334,1.0,0.7312625444731048,0.5833333333333334,1.0,-0.05005647035783101,0.0,0.0
xgb,18994,bowling ball detox machine,40,0.466894874476682,1.0,0.5,0.0485540521045944,0.0,0.0555555555555555,0.4183408223720876,1.0,0.44444444444444453
xgb,19000,bowling shoes,16,0.8451850618939638,1.0,1.0,0.932521091954824,1.0,1.0,-0.08733603006086021,0.0,0.0
xgb,19100,boy kid apron,16,0.9317219174938032,0.625,1.0,0.9388633982505332,0.625,1.0,-0.007141480756730045,0.0,0.0
xgb,19112,boy ski base layer warm,40,0.762416491594312,0.28,1.0,0.7506372960520509,0.28,1.0,0.011779195542261145,0.0,0.0
xgb,19127,boyfriend and girlfriend onesies,16,0.5776479756897457,0.75,0.3333333333333333,0.3717464667743668,0.5,0.3333333333333333,0.2059015089153789,0.25,0.0
xgb,19141,boys 5t red button down,16,0.8940865926332232,1.0,1.0,0.8895070319123289,1.0,1.0,0.004579560720894271,0.0,0.0
xgb,19142,boys 8 nightgown,16,0.7065443116025598,0.7272727272727273,0.5,0.7917063341896683,0.7272727272727273,1.0,-0.08516202258710848,0.0,-0.5
xgb,19179,boys christmas suit,12,0.6574098636884107,1.0,0.3333333333333333,0.6626651142428475,1.0,0.3333333333333333,-0.005255250554436763,0.0,0.0
xgb,19187,boys costume rocket,16,0.9135525664121864,0.6428571428571429,1.0,0.8976345508899864,0.6428571428571429,1.0,0.015918015522199958,0.0,0.0
xgb,19228,boys open bottom sweatpants,40,0.7799082337019199,0.2571428571428571,0.5,0.7799082337019199,0.2571428571428571,0.5,0.0,0.0,0.0
xgb,19275,boys size 5 boots,16,0.8366829154266588,0.6,1.0,0.8105501591004336,0.6,1.0,0.026132756326225248,0.0,0.0
xgb,19314,boys wallets for teens,16,0.5274486902992358,0.75,0.5,0.4144299250118475,0.5,0.5,0.1130187652873883,0.25,0.0
xgb,19318,boys white basketball shoes,16,0.841771690458009,0.625,1.0,0.8420277180928288,0.625,1.0,-0.00025602763481979984,0.0,0.0
xgb,19348,bra everyday,16,0.9524016186546209,0.625,1.0,0.9755453593002134,0.625,1.0,-0.023143740645592437,0.0,0.0
xgb,19397,brady bunch blu ray,16,0.7742158010001621,0.8333333333333334,1.0,0.5842273861585909,0.5,1.0,0.18998841484157114,0.33333333333333337,0.0
xgb,19461,brake rotors,37,0.8814075961035845,0.2777777777777778,1.0,0.92663607790064,0.2777777777777778,1.0,-0.04522848179705541,0.0,0.0
xgb,19497,bras sexy for women,40,0.9543384299005628,0.2857142857142857,1.0,0.9322536887490998,0.2857142857142857,1.0,0.022084741151463083,0.0,0.0
xgb,19506,brass alto saxophone,16,0.7054811421054688,0.5833333333333334,0.25,0.6776751934048767,0.5833333333333334,0.25,0.027805948700592054,0.0,0.0
xgb,19540,braun series 7 replacement head,16,0.9880526871795848,0.7142857142857143,1.0,0.9771741273130832,0.7142857142857143,1.0,0.010878559866501658,0.0,0.0
xgb,19743,bridal dresses for women,40,0.7411451510254092,0.28,1.0,0.819856769708091,0.32,1.0,-0.07871161868268173,-0.03999999999999998,0.0
xgb,19781,bridesmaids decorations,16,0.8945127282052903,0.625,1.0,0.9157196576049408,0.625,1.0,-0.02120692939965052,0.0,0.0
xgb,19787,bridges,16,0.846058302336974,0.6153846153846154,1.0,0.7907606265930298,0.6153846153846154,1.0,0.055297675743944175,0.0,0.0
xgb,19815,bright white printer paper,16,0.9813162632348015,0.625,1.0,0.9743682286692288,0.625,1.0,0.006948034565572692,0.0,0.0
xgb,19861,britbox,18,0.8460515716133493,0.5625,1.0,0.7942816186352168,0.5625,1.0,0.05176995297813247,0.0,0.0
xgb,19865,british crime movies prime,16,0.8994225879321841,0.625,1.0,0.8478633954111509,0.625,1.0,0.05155919252103325,0.0,0.0
xgb,19910,brompton bike,16,0.6280359398032538,0.3333333333333333,0.16666666666666666,0.7228018276743631,0.5,0.5,-0.09476588787110929,-0.16666666666666669,-0.33333333333333337
xgb,19913,bronco barrel grill,16,0.7595169473916412,0.5,1.0,0.8464921973887899,0.5,1.0,-0.08697524999714867,0.0,0.0
xgb,19947,brooks adrenaline gts 20 size 9 2e mens,12,0.9791570532029295,0.8333333333333334,1.0,0.9791570532029296,0.8333333333333334,1.0,-1.1102230246251565e-16,0.0,0.0
xgb,19973,broom,25,0.8747440824689298,0.4,1.0,0.8120705141032581,0.4,1.0,0.06267356836567162,0.0,0.0
xgb,20059,brown high waisted skirt,14,0.7908387778091585,0.7142857142857143,1.0,0.7908387778091585,0.7142857142857143,1.0,0.0,0.0,0.0
xgb,20062,brown iphone charger,16,0.9630280087714618,0.625,1.0,0.9630280087714618,0.625,1.0,0.0,0.0,0.0
xgb,20064,brown jean's for women,16,0.9670607270980406,0.625,1.0,0.9738050896605512,0.625,1.0,-0.006744362562510653,0.0,0.0
xgb,20066,brown large beaded earrings,16,0.8429710413630962,0.625,1.0,0.8620513106385355,0.625,1.0,-0.019080269275439266,0.0,0.0
xgb,20123,browns football stuff,16,0.7208115788596473,0.7142857142857143,1.0,0.7479452570977633,0.7142857142857143,1.0,-0.027133678238115966,0.0,0.0
xgb,20153,brush multiple functions,16,0.8706086854269929,0.8333333333333334,1.0,0.7751482523375256,0.6666666666666666,1.0,0.09546043308946728,0.16666666666666674,0.0
xgb,20205,bts life size cardboard cutouts,16,0.7739702510342731,0.625,1.0,0.7739702510342731,0.625,1.0,0.0,0.0,0.0
xgb,20257,bubblezz squishy toys,16,0.9091099481035073,0.6666666666666666,1.0,0.8299769561805694,0.6666666666666666,1.0,0.07913299192293788,0.0,0.0
xgb,20285,buckles for straps,16,0.8443423151408778,0.625,1.0,0.8391894719717067,0.625,1.0,0.005152843169171084,0.0,0.0
xgb,20314,budha mural wall art,40,0.7537754773756947,0.24324324324324326,0.5,0.8366829154266588,0.2432432432432432,1.0,-0.08290743805096412,5.551115123125783e-17,-0.5
xgb,20318,bueno coffee travel mug,53,0.7420844110626204,0.2,1.0,0.7351756079321605,0.2,1.0,0.0069088031304598285,0.0,0.0
xgb,20331,buffalo bills hats kids,16,0.6434035614033737,0.6,1.0,0.6281649475693719,0.6,1.0,0.015238613834001824,0.0,0.0
xgb,20344,buffalo games star wars puzzle,16,0.9847422464622778,0.625,1.0,0.9651859766292256,0.625,1.0,0.019556269833052253,0.0,0.0
xgb,20386,bug repellent bracelet,16,0.8647340257460203,0.625,1.0,0.8553564219773413,0.625,1.0,0.009377603768679021,0.0,0.0
xgb,20412,buick enclave evaporator,16,0.8187093164490372,0.8571428571428571,0.5,0.7940974785367595,0.8571428571428571,0.5,0.024611837912277723,0.0,0.0
xgb,20423,build your own remote control car,16,0.8705853157443364,0.625,1.0,0.9093618486635722,0.625,1.0,-0.03877653291923577,0.0,0.0
xgb,20465,bulk canvas bags,16,0.8714490701023475,0.7777777777777778,1.0,0.8447089553623768,0.7777777777777778,1.0,0.026740114739970733,0.0,0.0
xgb,20490,bulk juice boxes,49,1.0,0.20833333333333334,1.0,1.0,0.2083333333333333,1.0,0.0,5.551115123125783e-17,0.0
xgb,20519,bull power tablets,16,0.706929927231889,0.7,1.0,0.555227203487093,0.6,1.0,0.151702723744796,0.09999999999999998,0.0
xgb,20533,bulletin board hooks,16,0.7799082337019199,0.6,0.5,0.7799082337019199,0.6,0.5,0.0,0.0,0.0
xgb,20537,bulletin board sets,16,1.0,0.6666666666666666,1.0,1.0,0.6666666666666666,1.0,0.0,0.0,0.0
xgb,20554,bulova marine star,16,0.9275797623825901,0.625,1.0,0.9517825025223118,0.625,1.0,-0.02420274013972168,0.0,0.0
xgb,20593,bundt pans for baking nonstick,16,0.9005033215744148,0.625,1.0,0.9253314794949415,0.625,1.0,-0.024828157920526728,0.0,0.0
xgb,20602,bungee office chair without arms,40,0.555736611587013,0.22857142857142856,1.0,0.4888358294997811,0.2285714285714285,0.5,0.06690078208723194,5.551115123125783e-17,0.5
xgb,20626,bunny,16,0.92663607790064,0.625,1.0,0.9537125187088152,0.625,1.0,-0.027076440808175284,0.0,0.0
xgb,20715,burnt orange border,16,0.8218027535034855,0.8333333333333334,1.0,0.586348944058919,0.8333333333333334,0.3333333333333333,0.2354538094445665,0.0,0.6666666666666667
xgb,20724,burrito pass,16,0.7233094977120095,0.8333333333333334,1.0,0.6269739532866294,0.8333333333333334,0.5,0.09633554442538006,0.0,0.5
xgb,20735,burton dnow board backpac bag,16,0.8115558478722845,0.5714285714285714,1.0,0.8236998933965709,0.5714285714285714,1.0,-0.012144045524286384,0.0,0.0
xgb,20739,burton men's crown hoodie,16,0.9191273815716655,0.625,1.0,0.9210641928176072,0.625,1.0,-0.0019368112459416942,0.0,0.0
xgb,20762,busch craft,16,0.9105297044016635,0.625,1.0,0.884210101903782,0.625,1.0,0.026319602497881456,0.0,0.0
xgb,20768,bushcraft knife,16,0.9515602013619081,0.625,1.0,0.953753702240502,0.625,1.0,-0.0021935008785939347,0.0,0.0
xgb,20829,butler statue with serving tray,16,0.5467843942868259,0.7142857142857143,0.3333333333333333,0.4331909641952436,0.5714285714285714,0.3333333333333333,0.11359343009158229,0.1428571428571429,0.0
xgb,20844,butter balm bug,16,0.9077607744977495,0.7142857142857143,1.0,0.8905697775682638,0.7142857142857143,1.0,0.01719099692948567,0.0,0.0
xgb,20845,butter bronzer,10,0.9829863045240973,1.0,1.0,0.9836036639794286,1.0,1.0,-0.0006173594553312567,0.0,0.0
xgb,20889,butterfly wings for women,16,0.8268133666517739,0.6153846153846154,1.0,0.8200685179888282,0.6153846153846154,1.0,0.006744848662945668,0.0,0.0
xgb,20907,button tufted convertible,16,1.0,0.625,1.0,1.0,0.625,1.0,0.0,0.0,0.0
xgb,20918,buttpluģs for women,40,0.23440650992329992,0.2727272727272727,0.25,0.3098064936645125,0.3636363636363636,0.25,-0.0753999837412126,-0.09090909090909088,0.0
xgb,21020,c3po marvel comic,16,0.8071770569562414,0.6428571428571429,1.0,0.8353627971509414,0.6428571428571429,1.0,-0.028185740194699993,0.0,0.0
xgb,21077,cabinet doors with glass insert,16,0.6943559465628248,0.0,0.07142857142857142,0.7827068917847372,1.0,0.1,-0.08835094522191234,-1.0,-0.02857142857142858
xgb,21103,cabinet with doors on wheels,16,0.9307311821393774,0.625,1.0,0.8897008565337642,0.625,1.0,0.04103032560561326,0.0,0.0
xgb,21181,cable row grip triangle,10,0.9277589908435724,1.0,1.0,0.7923583684378551,1.0,1.0,0.13540062240571726,0.0,0.0
xgb,21197,cable weight machine,40,0.9069212362975007,0.25,1.0,0.8519675573955815,0.25,1.0,0.054953678901919156,0.0,0.0
xgb,21259,cadillac escalade seat cover,14,0.9642163786893302,0.7142857142857143,1.0,0.98346818011365,0.7142857142857143,1.0,-0.019251801424319814,0.0,0.0
xgb,21265,cafe mocha cup,16,0.9376923705835961,0.625,1.0,0.9366257706824616,0.625,1.0,0.0010665999011345573,0.0,0.0
xgb,21268,cafe racer seat,40,0.9510907186004267,0.3103448275862069,1.0,0.9368077570869662,0.3103448275862069,1.0,0.014282961513460535,0.0,0.0
xgb,21306,cage the elephant vinyl,16,0.9311946892549704,0.625,1.0,0.9021945339087876,0.625,1.0,0.029000155346182832,0.0,0.0
xgb,21519,caldrea dish soap ginger pomelo,15,0.9459471690620483,0.6666666666666666,1.0,0.9359465146924496,0.6666666666666666,1.0,0.010000654369598738,0.0,0.0
xgb,21605,calimag,16,0.8297611995834433,0.6,1.0,0.9105149880941524,0.6666666666666666,1.0,-0.08075378851070913,-0.06666666666666665,0.0
xgb,21629,call of duty modern warfare xbox one,16,0.8435421246153175,0.6,1.0,0.8825159323495819,0.7,1.0,-0.0389738077342644,-0.09999999999999998,0.0
xgb,21687,calvin klein luggage set,16,0.990053913939746,0.625,1.0,0.9865750852233534,0.625,1.0,0.0034788287163926013,0.0,0.0
xgb,21698,calvin klein sleepwear women,15,0.9716189607861263,0.7142857142857143,1.0,0.9716189607861264,0.7142857142857143,1.0,-1.1102230246251565e-16,0.0,0.0
xgb,21850,camel leather sofa,40,0.933564588803294,0.25,1.0,0.9567083294488864,0.25,1.0,-0.023143740645592437,0.0,0.0
xgb,21855,camelbak,16,0.977915258848537,0.625,1.0,1.0,0.625,1.0,-0.022084741151462972,0.0,0.0
xgb,21863,camelbak water bottle backpack,16,0.9492493328503673,0.625,1.0,0.927491809884994,0.625,1.0,0.021757522965373255,0.0,0.0
xgb,21895,camera microphone,16,0.9821212785123468,0.625,1.0,0.8785831305248853,0.625,1.0,0.10353814798746142,0.0,0.0
xgb,21918,cameras for photography,16,0.932910390203548,0.6,1.0,0.9699371787526716,0.6,1.0,-0.03702678854912356,0.0,0.0
xgb,22053,camo baby shower invitations,16,0.9088250482506273,0.625,1.0,0.843227068997916,0.625,1.0,0.06559797925271127,0.0,0.0
xgb,22064,camo glasses holders,16,0.8028987128832985,0.7272727272727273,1.0,0.7799923166459903,0.7272727272727273,1.0,0.02290639623730817,0.0,0.0
xgb,22110,camp leggings with pockets yoga,16,0.8423557355055808,0.625,1.0,0.832750215264076,0.625,1.0,0.00960552024150485,0.0,0.0
xgb,22126,campbell hausfeld stick,40,0.5482581956202356,0.42857142857142855,1.0,0.6329003759395543,0.5714285714285714,1.0,-0.0846421803193187,-0.14285714285714285,0.0
xgb,22136,camper outdoor grill,16,0.9242343962405571,0.6,1.0,0.8568376403916185,0.6,1.0,0.06739675584893867,0.0,0.0
xgb,22180,camping organizer waterproof,16,0.9537915794915526,0.7142857142857143,1.0,0.9537915794915526,0.7142857142857143,1.0,0.0,0.0,0.0
xgb,22228,can't believe it's not butter spray,38,0.9046635614214761,0.37037037037037035,1.0,0.8296285275934442,0.3333333333333333,1.0,0.0750350338280319,0.037037037037037035,0.0
xgb,22312,candy elf,15,0.8478083993913507,0.8,1.0,0.8183734892650391,0.8,1.0,0.02943491012631161,0.0,0.0
xgb,22372,canned onions,16,0.895039956444123,0.6666666666666666,1.0,0.8803485966094552,0.6666666666666666,1.0,0.01469135983466785,0.0,0.0
xgb,22395,canoe,16,0.7167095265884538,0.45454545454545453,1.0,0.7618360028883262,0.5454545454545454,1.0,-0.04512647629987243,-0.09090909090909088,0.0
xgb,22421,canon battery rp,16,0.8457846345480339,0.6,1.0,0.85421584028323,0.6,1.0,-0.008431205735196179,0.0,0.0
xgb,22470,canon professional,16,0.9575861412006988,0.6,1.0,1.0,0.6666666666666666,1.0,-0.04241385879930115,-0.06666666666666665,0.0
xgb,22550,canvas stripe apple watch strap,16,0.892772141206916,0.6428571428571429,1.0,0.8763732492242693,0.6428571428571429,1.0,0.016398891982646657,0.0,0.0
xgb,22592,capezio rocket dance sneaker ds 24,12,0.9435593591982605,0.8333333333333334,1.0,0.9504318313235596,0.8333333333333334,1.0,-0.006872472125299067,0.0,0.0
xgb,22604,capri joggers womens plus,16,0.8164158462785959,0.6428571428571429,1.0,0.7494851528165022,0.5714285714285714,1.0,0.06693069346209368,0.07142857142857151,0.0
xgb,22633,captain america funo pop bubble-head,11,0.929128589794625,0.9,1.0,0.929128589794625,0.9,1.0,0.0,0.0,0.0
xgb,22653,car ac smell,16,0.4661819155536861,0.5714285714285714,0.5,0.4966595839083822,0.5714285714285714,0.5,-0.03047766835469612,0.0,0.0
xgb,22668,car audio battery,16,0.7815529716625852,0.5714285714285714,1.0,0.7687123021288035,0.5714285714285714,1.0,0.012840669533781712,0.0,0.0
xgb,22686,car carpet cleaner and brush,16,0.8006234558048874,0.6666666666666666,1.0,0.9355239508831188,0.8888888888888888,1.0,-0.13490049507823143,-0.2222222222222222,0.0
xgb,22694,car charger for samsung galaxy s7,16,0.8167134666833596,0.8,1.0,0.7672482642835564,0.7,1.0,0.04946520239980323,0.10000000000000009,0.0
xgb,22828,car seat mickey mouse,16,0.9070204930557979,0.6923076923076923,1.0,0.8741151597631817,0.6923076923076923,1.0,0.032905333292616246,0.0,0.0
xgb,22953,carbon remover for pans,16,0.9821212785123468,0.6666666666666666,1.0,0.9672553144765,0.6666666666666666,1.0,0.014865964035846724,0.0,0.0
xgb,22991,carcassonne expansion,16,0.9124114841440369,0.75,1.0,0.7816735356535736,0.5833333333333334,1.0,0.13073794849046338,0.16666666666666663,0.0
xgb,22994,card game mat,16,0.8859334281545891,0.75,1.0,0.8153592862212935,0.75,1.0,0.07057414193329559,0.0,0.0
xgb,23057,cardinal sarah,16,0.9547715182029446,0.6666666666666666,1.0,0.8222421932895845,0.6,1.0,0.1325293249133601,0.06666666666666665,0.0
xgb,23060,cardinals hoodie,16,0.9877841797012169,0.625,1.0,0.9877841797012168,0.625,1.0,1.1102230246251565e-16,0.0,0.0
xgb,23090,career,16,0.933745776545611,0.6,1.0,1.0,0.6666666666666666,1.0,-0.06625422345438903,-0.06666666666666665,0.0
xgb,23092,carefusion clippers,12,0.8878068904219922,1.0,1.0,0.8713225318359686,1.0,1.0,0.016484358586023595,0.0,0.0
xgb,23167,cargo van shelving,40,0.7775500257642897,0.2916666666666667,1.0,0.7799082337019199,0.3333333333333333,0.5,-0.0023582079376301968,-0.04166666666666663,0.5
xgb,23185,carhartt extreme cold weather boot socks,16,0.9317219174938032,0.625,1.0,0.9349369997364464,0.625,1.0,-0.003215082242643219,0.0,0.0
xgb,23210,carhartt z87,16,0.8582638554579922,0.625,1.0,0.8572048559638628,0.625,1.0,0.0010589994941294645,0.0,0.0
xgb,23212,caribeaner compass,16,0.9988930800939724,0.7692307692307693,1.0,0.931475876788218,0.6923076923076923,1.0,0.0674172033057544,0.07692307692307698,0.0
xgb,23213,caribiner anchor,16,0.9054291485009893,0.625,1.0,0.92663607790064,0.625,1.0,-0.02120692939965063,0.0,0.0
xgb,23238,carnation malted milk powder,16,0.9583192114463438,0.625,1.0,0.901809741946513,0.625,1.0,0.05650946949983082,0.0,0.0
xgb,23268,carolina panthers jersey women sexy dress,16,0.8376348135676,0.8,1.0,0.8302375109097954,0.8,1.0,0.007397302657804583,0.0,0.0
xgb,23271,caroline leavitt with or without you,16,0.6752986148457022,0.5555555555555556,1.0,0.7710507539596454,0.6666666666666666,1.0,-0.0957521391139432,-0.11111111111111105,0.0
xgb,23278,carolyn t. brown,16,0.6333183426878354,1.0,0.5,0.2463023887407299,0.25,0.5,0.3870159539471055,0.75,0.0
xgb,23339,carriola niños grandes,14,0.9471643200863396,0.7692307692307693,1.0,0.9069987441746872,0.6923076923076923,1.0,0.040165575911652374,0.07692307692307698,0.0
xgb,23390,carseats 3-in-1 infant through 100 lbs,16,0.8397585434315616,0.625,1.0,0.86393354779784,0.625,1.0,-0.024175004366278396,0.0,0.0
xgb,23590,caseta 3 way dimmer,16,0.9128522585849833,0.625,1.0,0.9137300703367957,0.625,1.0,-0.0008778117518123407,0.0,0.0
xgb,23633,casio solar,16,0.9045513367491769,0.625,1.0,0.9045513367491768,0.625,1.0,1.1102230246251565e-16,0.0,0.0
xgb,23675,cast iron pan hangers,16,0.9229212128722895,0.6666666666666666,1.0,0.8645246154291166,0.6,1.0,0.058396597443172826,0.06666666666666665,0.0
xgb,23680,cast iron skillet 6 inch,16,0.9120131844100002,0.625,1.0,0.8772663805908328,0.625,1.0,0.03474680381916739,0.0,0.0
xgb,23767,cat car charms for rear view mirror,16,0.9155681986298227,0.625,1.0,0.8991987231687164,0.625,1.0,0.016369475461106342,0.0,0.0
xgb,23818,cat furniture deterrent spray,16,0.8881917374298554,0.875,1.0,0.7892144143602857,0.75,1.0,0.09897732306956963,0.125,0.0
xgb,23930,cat6 crimping tool pass thru,16,0.938968842132905,0.625,1.0,0.9290783449833786,0.625,1.0,0.00989049714952639,0.0,0.0
xgb,23966,catclamp catalytic converter anti theft device lock,16,0.8621868485261202,0.8,1.0,0.8226316506441066,0.8,1.0,0.03955519788201356,0.0,0.0
xgb,23970,cateye strada cadence mount,16,0.8580407552240483,0.5833333333333334,1.0,0.7433546968239836,0.5,0.5,0.11468605840006474,0.08333333333333337,0.5
xgb,23973,catfood tree,16,0.8514879573941432,0.6923076923076923,1.0,0.8888554309245404,0.6923076923076923,1.0,-0.037367473530397266,0.0,0.0
xgb,24016,catty without coffee mug with spoon,40,0.6355971729521633,0.28125,0.5,0.7268616481830715,0.28125,1.0,-0.09126447523090819,0.0,-0.5
xgb,24068,cbd calming treats,16,0.9079033609220408,0.625,1.0,0.867141892036843,0.625,1.0,0.04076146888519783,0.0,0.0
xgb,24242,cell phone bag for men,16,0.7973791542685903,0.5714285714285714,1.0,0.8516646394453452,0.5714285714285714,1.0,-0.05428548517675491,0.0,0.0
xgb,24271,cell phone ring unique,8,1.0,1.0,1.0,0.9769656375308016,1.0,1.0,0.023034362469198433,0.0,0.0
xgb,24328,center punch,16,0.9325055893091646,0.625,1.0,0.8803485966094552,0.625,1.0,0.052156992699709415,0.0,0.0
xgb,24378,ceracote,16,0.35851904946546137,0.5,0.5,0.3217739728022822,0.5,0.5,0.036745076663179166,0.0,0.0
xgb,24421,cerave gentle cleanser,40,0.8638213605247348,0.2564102564102564,1.0,0.858357995394443,0.2564102564102564,1.0,0.005463365130291775,0.0,0.0
xgb,24525,ch751 lock,16,0.9570856191170051,0.625,1.0,0.958284970022092,0.625,1.0,-0.0011993509050869378,0.0,0.0
xgb,24614,chair velvet,16,0.6116023193019637,0.45454545454545453,0.2,0.8776768991735977,0.7272727272727273,1.0,-0.26607457987163396,-0.27272727272727276,-0.8
xgb,24794,chandelier without lights,40,0.6467677370309163,0.2222222222222222,1.0,0.8771139820172534,0.2777777777777778,1.0,-0.23034624498633716,-0.05555555555555558,0.0
xgb,24835,channel hooks,16,0.8021973161439687,0.6363636363636364,1.0,0.8621539475342567,0.7272727272727273,1.0,-0.05995663139028795,-0.09090909090909094,0.0
xgb,24867,chapstick tube,16,0.899847008173386,0.625,1.0,0.8444187242801696,0.625,1.0,0.05542828389321641,0.0,0.0
xgb,24940,charcoal pet filter,16,0.8603606793705225,0.625,1.0,0.8037500599178934,0.625,1.0,0.05661061945262913,0.0,0.0
xgb,24994,charles angels,16,0.8117214645716767,0.7777777777777778,1.0,0.8796648654899675,0.8888888888888888,1.0,-0.06794340091829076,-0.11111111111111105,0.0
xgb,25101,cheap onesies baby girl,16,0.9672920058722755,0.6666666666666666,1.0,0.9734716406243216,0.6666666666666666,1.0,-0.0061796347520460815,0.0,0.0
xgb,25110,cheap sexy lingerie for women under 5 dollars,16,0.9537125187088152,0.625,1.0,0.9537125187088152,0.625,1.0,0.0,0.0,0.0
xgb,25113,cheap small hydro flask,16,0.8532721558012799,0.6,0.5,0.8532721558012799,0.6,0.5,0.0,0.0,0.0
xgb,25127,cheap vintage posters,16,0.9537125187088152,0.625,1.0,0.92663607790064,0.625,1.0,0.027076440808175284,0.0,0.0
xgb,25154,checkers skirt,40,0.9282056735743376,0.2702702702702703,1.0,0.9250795789348766,0.2702702702702703,1.0,0.003126094639461008,0.0,0.0
xgb,25159,cheddar popcorn salt,16,0.7306006571801079,0.6,0.5,0.7572156393731402,0.6,0.5,-0.026614982193032266,0.0,0.0
xgb,25168,cheep light yellow heels,16,0.8471986980481802,0.6,1.0,0.8441449211361722,0.6,1.0,0.0030537769120079217,0.0,0.0
xgb,25198,cheese dome with base,15,0.9716189607861263,0.6666666666666666,1.0,0.9504120313864756,0.6666666666666666,1.0,0.021206929399650742,0.0,0.0
xgb,25220,cheetah print heels for women,16,0.9439492378436964,0.625,1.0,0.948475220140534,0.625,1.0,-0.0045259822968375385,0.0,0.0
xgb,25225,cheetah print two piece set skirt and top,16,0.9345752170580772,1.0,1.0,0.8596551206679819,0.8888888888888888,1.0,0.07492009639009534,0.11111111111111116,0.0
xgb,25245,chef jackets for men,16,0.8930233621137135,0.625,1.0,0.8659418680347015,0.625,1.0,0.027081494079011947,0.0,0.0
xgb,25279,chemical peel kits,16,0.9203394069457872,0.625,1.0,0.8873943985339321,0.625,1.0,0.0329450084118551,0.0,0.0
xgb,25298,chernobyl,33,0.8936499529587284,0.4090909090909091,1.0,0.8831268944789863,0.4090909090909091,1.0,0.010523058479742109,0.0,0.0
xgb,25305,cherries without stems,40,0.8582437084932817,0.32142857142857145,1.0,0.9188159099299588,0.3571428571428571,1.0,-0.060572201436677076,-0.03571428571428564,0.0
xgb,25345,chess table sets for adults,16,0.9768562593544076,0.625,1.0,0.9738672436737748,0.625,1.0,0.0029890156806328116,0.0,0.0
xgb,25407,chia and flax seed blend,9,0.9882891065490079,1.0,1.0,0.9912070469750914,1.0,1.0,-0.0029179404260835096,0.0,0.0
xgb,25415,chic throw pillows,40,0.7713210055292575,0.2608695652173913,1.0,0.7932191042356415,0.2608695652173913,1.0,-0.02189809870638393,0.0,0.0
xgb,25422,chicago blackhawks birthday decor,16,0.49958629875859095,0.5555555555555556,0.3333333333333333,0.5940247406064263,0.5555555555555556,1.0,-0.09443844184783534,0.0,-0.6666666666666667
xgb,25478,chicken noodle soup mix,16,0.9537915794915526,0.625,1.0,0.9507378025795444,0.625,1.0,0.0030537769120081437,0.0,0.0
xgb,25512,chikdrens watch,16,0.7799082337019199,0.6,0.5,0.7799082337019199,0.6,0.5,0.0,0.0,0.0
xgb,25528,child safety harness for toddlers,16,1.0,0.625,1.0,0.977915258848537,0.625,1.0,0.022084741151462972,0.0,0.0
xgb,25610,childs microphone with stand,40,0.9292051019868253,0.2647058823529412,1.0,0.904803237309242,0.2647058823529412,1.0,0.024401864677583318,0.0,0.0
xgb,25623,chilled beer glasses,40,0.9371852826240948,0.2564102564102564,1.0,0.9061141373634362,0.2564102564102564,1.0,0.031071145260658684,0.0,0.0
xgb,25637,china chilli,16,0.5713368668226864,0.5,1.0,0.3856606185083391,0.6,0.25,0.18567624831434726,-0.09999999999999998,0.75
xgb,25658,chinese power bank,16,0.8655505867784571,0.6,1.0,0.8722068345084167,0.6,1.0,-0.006656247729959652,0.0,0.0
xgb,25661,chinese steamer,16,0.9263140646559703,0.625,1.0,0.9154355047894688,0.625,1.0,0.010878559866501547,0.0,0.0
xgb,25665,chinese writing pad,16,0.8521423498525201,0.8,1.0,0.7804934617007137,0.7,1.0,0.07164888815180648,0.10000000000000009,0.0
xgb,25698,chlorhexidine gluconate soap,16,0.9657707470924094,0.625,1.0,0.9181365007073754,0.625,1.0,0.047634246385033996,0.0,0.0
xgb,25783,chop 2 pot,16,0.3804700261290254,0.5,0.5,0.5380498181896447,0.5,1.0,-0.15757979206061928,0.0,-0.5
xgb,25822,christian journal stickers,16,1.0,0.7142857142857143,1.0,1.0,0.7142857142857143,1.0,0.0,0.0,0.0
xgb,25867,christmas cookies guft,16,0.8959939299970946,0.625,1.0,0.9212918597785398,0.625,1.0,-0.025297929781445183,0.0,0.0
xgb,25922,christmas gold mesh ribbon spool,16,0.9391631584614769,0.625,1.0,0.9062711315641372,0.625,1.0,0.03289202689733972,0.0,0.0
xgb,26061,christmas totes with lids,16,0.9073475486981502,0.625,1.0,0.8455940937325924,0.625,1.0,0.06175345496555773,0.0,0.0
xgb,26086,christmas trees 8ft,16,0.9065012147745302,0.625,1.0,0.9377022672979513,0.625,1.0,-0.03120105252342109,0.0,0.0
xgb,26144,chromecast,43,0.715203153412636,0.18181818181818182,1.0,0.7943412252133241,0.2121212121212121,1.0,-0.0791380718006881,-0.030303030303030276,0.0
xgb,26151,chronograph shooting,16,0.944573515341395,1.0,1.0,0.6824871841548877,1.0,0.3333333333333333,0.26208633118650726,0.0,0.6666666666666667
xgb,26243,cia,16,0.7799082337019199,0.6428571428571429,0.5,0.7194955515208885,0.5714285714285714,1.0,0.06041268218103135,0.07142857142857151,-0.5
xgb,26440,citizen women's eco-drive silicone strap watch,16,0.9048709592357554,0.8181818181818182,1.0,0.8779587615038176,0.8181818181818182,1.0,0.02691219773193787,0.0,0.0
xgb,26464,citrus potting soil mix,16,0.95965068787752,0.625,1.0,0.9652449942689224,0.625,1.0,-0.005594306391402459,0.0,0.0
xgb,26508,clairol purple shampoo for blonde hair,40,0.8336577557830873,0.25,1.0,0.7496361090075316,0.25,1.0,0.08402164677555568,0.0,0.0
xgb,26565,classic brand flannel jacket,16,0.5766936167954835,0.7142857142857143,0.5,0.5919238763834331,0.7142857142857143,0.5,-0.015230259587949657,0.0,0.0
xgb,26631,clay blair,16,0.8532141674237365,0.8,1.0,0.9022610815351548,0.9,1.0,-0.04904691411141837,-0.09999999999999998,0.0
xgb,26680,clear acrylic tritan tumblers,16,1.0,0.625,1.0,1.0,0.625,1.0,0.0,0.0,0.0
xgb,26728,clear incandescent light bulbs 60 watt,16,0.9068896362382939,0.625,1.0,0.8710965993164692,0.625,1.0,0.03579303692182467,0.0,0.0
xgb,26734,clear jewelry beads,16,0.9640790567231979,0.6666666666666666,1.0,0.940542280925692,0.6666666666666666,1.0,0.023536775797505904,0.0,0.0
xgb,26745,clear mk tote,16,0.834335378942308,0.5714285714285714,1.0,0.7916626201157415,0.5714285714285714,1.0,0.042672758826566515,0.0,0.0
xgb,26820,cleo le-tan,10,0.411833840435435,1.0,0.16666666666666666,0.4217734095488644,1.0,0.2,-0.009939569113429414,0.0,-0.033333333333333354
xgb,26823,clergy burnout,16,0.8317213551625278,0.7777777777777778,1.0,0.7599676921884454,0.6666666666666666,1.0,0.07175366297408237,0.11111111111111116,0.0
xgb,26852,cliff bars chocolate chip value pack,40,0.9507235030281824,0.25,1.0,0.9005033215744148,0.25,1.0,0.05022018145376761,0.0,0.0
xgb,26933,clit sucking tot,15,0.7137916239064344,0.6363636363636364,1.0,0.6563033086078547,0.6363636363636364,1.0,0.05748831529857967,0.0,0.0
xgb,26944,cloak without hood,46,0.49092557041382945,0.26666666666666666,0.5,0.5108466851490598,0.2,1.0,-0.019921114735230394,0.06666666666666665,-0.5
xgb,26967,clone a willy,23,0.4682001002835619,0.36363636363636365,1.0,0.6311555276512929,0.5454545454545454,1.0,-0.162955427367731,-0.18181818181818177,0.0
xgb,26985,clorox xtra blue chlorinating granules,16,0.9313110006536346,0.625,1.0,0.8781869166129828,0.625,1.0,0.05312408404065183,0.0,0.0
xgb,26991,closet door guides for carpet,16,0.7650272979916417,0.6363636363636364,1.0,0.7922039318110173,0.5454545454545454,1.0,-0.02717663381937563,0.09090909090909094,0.0
xgb,27143,co2 canister chain,16,0.8502983370860305,1.0,1.0,0.6673352714949167,1.0,0.5,0.18296306559111386,0.0,0.5
xgb,27144,co2 cartridge,16,0.917341826463684,0.625,1.0,0.9451560659547228,0.625,1.0,-0.027814239491038784,0.0,0.0
xgb,27168,coach wallet mens trifold,16,1.0,0.625,1.0,1.0,0.625,1.0,0.0,0.0,0.0
xgb,27175,coaching confidence,16,0.9649496804091009,0.7142857142857143,1.0,0.95507694687173,0.7142857142857143,1.0,0.009872733537370948,0.0,0.0
xgb,27186,coastal napkin holders for kitchen,40,0.7773912370296576,0.2564102564102564,1.0,0.779069352656096,0.2564102564102564,1.0,-0.0016781156264383812,0.0,0.0
xgb,27187,coaster break hub,16,0.8869563732232948,0.7,1.0,0.9014130555408896,0.7,1.0,-0.014456682317594782,0.0,0.0
xgb,27207,coax to hdmi converter for tv,16,0.5028146442360918,0.5833333333333334,0.5,0.471938766537555,0.5833333333333334,0.5,0.03087587769853678,0.0,0.0
xgb,27221,cobblestone area rug,16,0.9916434438239524,0.625,1.0,0.9916434438239524,0.625,1.0,0.0,0.0,0.0
xgb,27271,cochoa leather,16,0.9956810520858584,0.625,1.0,0.9654936622793014,0.625,1.0,0.030187389806556997,0.0,0.0
xgb,27292,cocktail napkins basketball,16,0.9028613446110746,0.6428571428571429,1.0,0.8464845243165807,0.6428571428571429,1.0,0.05637682029449387,0.0,0.0
xgb,27310,cocobeans,16,0.885988329884735,0.6923076923076923,1.0,0.8676755635575705,0.6923076923076923,1.0,0.018312766327164498,0.0,0.0
xgb,27313,cocokind chlorophyll mask,40,0.8520988694059892,0.375,1.0,0.8661316889914167,0.4166666666666667,1.0,-0.014032819585427458,-0.041666666666666685,0.0
xgb,27384,coffee filters small 5 cup,39,0.948475220140534,0.2631578947368421,1.0,0.8539639397231652,0.2631578947368421,1.0,0.09451128041736878,0.0,0.0
xgb,27407,coffee maker pods single serve,16,0.7929085901756288,0.5384615384615384,1.0,0.8629862153708591,0.5384615384615384,1.0,-0.07007762519523031,0.0,0.0
xgb,27439,coffee sugar free syrups pump,16,0.9100039515781766,0.625,1.0,0.8952857540615984,0.625,1.0,0.014718197516578213,0.0,0.0
xgb,27494,coin frame chain,16,0.6780494608112011,0.6,1.0,0.551331062461933,0.5,1.0,0.12671839834926812,0.09999999999999998,0.0
xgb,27546,colapsable measuring cups,16,0.8753142497301399,0.6,1.0,0.9454862044599012,0.6666666666666666,1.0,-0.07017195472976123,-0.06666666666666665,0.0
xgb,27594,cold gear boys shirt,16,0.8666589172302495,0.625,1.0,0.8615730776370862,0.625,1.0,0.005085839593163222,0.0,0.0
xgb,27659,colerd shirts for men,16,0.9244787319285119,1.0,1.0,0.924478731928512,1.0,1.0,-1.1102230246251565e-16,0.0,0.0
xgb,27742,collar tees for men,16,0.8839269150077771,0.625,1.0,0.8748032409025883,0.625,1.0,0.009123674105188773,0.0,0.0
xgb,27764,collection edition barbie nutcraker,16,0.912450766316183,1.0,1.0,0.912450766316183,1.0,1.0,0.0,0.0,0.0
xgb,27776,college dorm room essentials,16,0.8318477135310891,0.8,1.0,0.7753366239771086,0.7,1.0,0.05651108955398054,0.10000000000000009,0.0
xgb,27835,color contact lenses,16,0.8545242571552495,0.6666666666666666,1.0,0.83400791273357,0.6666666666666666,1.0,0.02051634442167949,0.0,0.0
xgb,27836,color contacts lenses for eyes non prescription,54,0.901447006056365,0.27586206896551724,1.0,0.7523405950706065,0.2413793103448276,0.5,0.1491064109857585,0.03448275862068964,0.5
xgb,27950,colster,16,0.8708453755504382,0.5384615384615384,1.0,0.8095154996253874,0.5384615384615384,0.5,0.06132987592505079,0.0,0.5
xgb,27954,columbia,16,0.43122400921989024,0.5714285714285714,0.5,0.2958750506849613,0.4285714285714285,0.2,0.13534895853492895,0.1428571428571429,0.3
xgb,28156,commercial steam cleaner detergent,40,0.5256579829274478,0.3157894736842105,0.5,0.3436966913921454,0.1578947368421052,0.5,0.18196129153530238,0.1578947368421053,0.0
xgb,28171,communion wafers,16,0.8844323245726382,0.625,1.0,0.8833254046666107,0.625,1.0,0.0011069199060275148,0.0,0.0
xgb,28210,compass bead bracelets couples,16,0.8932005908253849,0.625,1.0,0.8709660119808826,0.625,1.0,0.022234578844502306,0.0,0.0
xgb,28258,compound bow strings and cables,16,0.6749492155183558,0.42857142857142855,1.0,0.5557568600969841,0.2857142857142857,0.5,0.11919235542137174,0.14285714285714285,0.5
xgb,28316,compressor wire terminal repair kit,16,0.7263127902136712,0.8571428571428571,0.5,0.7263127902136712,0.8571428571428571,0.5,0.0,0.0,0.0
xgb,28334,computer case water cooling,16,0.8360503048218028,0.625,1.0,0.8454362469876141,0.625,1.0,-0.009385942165811345,0.0,0.0
xgb,28364,computer is not a typewriter,15,0.8275709729473069,0.75,1.0,0.8184984057938949,0.75,1.0,0.009072567153411981,0.0,0.0
xgb,28368,computer mit,16,0.9387637876009838,0.8,1.0,0.9387637876009838,0.8,1.0,0.0,0.0,0.0
xgb,28389,computer sleeve 13 inch hp envy,16,0.8412820449041767,0.7272727272727273,1.0,0.6673747042216087,0.5454545454545454,1.0,0.17390734068256797,0.18181818181818188,0.0
xgb,28421,concealed belt bursa 380 thunder,16,0.9452601378978908,0.625,1.0,0.9454862044599012,0.625,1.0,-0.00022606656201040742,0.0,0.0
xgb,28466,cone filling machine,40,0.8643145546088337,0.3333333333333333,1.0,0.780525885360589,0.2916666666666667,1.0,0.08378866924824468,0.04166666666666663,0.0
xgb,28507,coniar hairbrush,16,0.8593684580894199,0.625,1.0,0.8995814470333734,0.625,1.0,-0.04021298894395353,0.0,0.0
xgb,28508,conjunctivitis eye drops for dogs,16,0.9463191373920201,0.625,1.0,0.9439492378436964,0.625,1.0,0.002369899548323673,0.0,0.0
xgb,28522,connect headset to another device,16,0.5160592384474268,0.7142857142857143,0.3333333333333333,0.5320731575613596,0.7142857142857143,0.3333333333333333,-0.016013919113932795,0.0,0.0
xgb,28523,connection without contact,16,0.6147959277656876,0.5,1.0,0.5562983930884396,0.5,1.0,0.05849753467724794,0.0,0.0
xgb,28564,contact,16,0.9787930706003494,0.625,1.0,0.977915258848537,0.625,1.0,0.0008778117518123407,0.0,0.0
xgb,28590,contemporary living room table,16,0.92663607790064,0.6428571428571429,1.0,0.9537125187088152,0.6428571428571429,1.0,-0.027076440808175284,0.0,0.0
xgb,28656,conversations with friends,16,0.9557350436055042,0.7692307692307693,1.0,0.9541422124941478,0.7692307692307693,1.0,0.0015928311113564408,0.0,0.0
xgb,28679,converse shoes for women pink,16,0.8115558478722845,0.5714285714285714,1.0,0.8115558478722845,0.5714285714285714,1.0,0.0,0.0,0.0
xgb,28779,cool blue led headlights,41,0.9787930706003494,0.24390243902439024,1.0,0.9567083294488864,0.2439024390243902,1.0,0.022084741151462972,2.7755575615628914e-17,0.0
xgb,28805,cool picture ideas for instagram,19,0.6672733306170803,0.75,1.0,0.7927969799608184,0.75,1.0,-0.12552364934373816,0.0,0.0
xgb,28897,coopertone face stick,16,0.8931457177773189,0.625,1.0,0.8913481821310819,0.625,1.0,0.0017975356462369696,0.0,0.0
xgb,28965,coppertone spf 50 limited edition,16,0.8803485966094552,0.625,1.0,0.8436666355597752,0.625,1.0,0.03668196104968002,0.0,0.0
xgb,28968,coq10 without soy,39,0.9755453593002134,0.2702702702702703,1.0,0.9421111095506692,0.2702702702702703,1.0,0.03343424974954412,0.0,0.0
xgb,29064,corduroy jacket,16,0.9152329079220239,0.6666666666666666,1.0,0.9335273182679492,0.6666666666666666,1.0,-0.01829441034592527,0.0,0.0
xgb,29116,corksickle coffee tumbler,40,0.7466402982674604,0.2564102564102564,1.0,0.7148841641443547,0.2564102564102564,1.0,0.03175613412310563,0.0,0.0
xgb,29119,corn dog sunglasses,16,0.45483219026203,1.0,0.125,0.45483219026203,1.0,0.125,0.0,0.0,0.0
xgb,29130,cornel sanders costume kids,16,0.8832607609018621,0.6,1.0,0.8620538315022115,0.6,1.0,0.02120692939965063,0.0,0.0
xgb,29278,corta unas para pies,28,0.7578234925504568,0.34615384615384615,0.5,0.6686323597340736,0.3076923076923077,0.5,0.08919113281638313,0.038461538461538436,0.0
xgb,29337,cortizone cream,16,0.9013099071205433,0.625,1.0,0.950511060343137,0.625,1.0,-0.049201153222593774,0.0,0.0
xgb,29400,costume flamingo girls,16,0.5078586807642304,0.7142857142857143,0.3333333333333333,0.4604232846737572,0.5714285714285714,0.5,0.04743539609047315,0.1428571428571429,-0.16666666666666669
xgb,29404,costume hooded robes for men,16,0.948475220140534,0.6666666666666666,1.0,0.9494126029739882,0.6666666666666666,1.0,-0.0009373828334542367,0.0,0.0
xgb,29418,costumes for women freddy,16,0.8484359194787113,0.6666666666666666,1.0,0.8100445218331705,0.6666666666666666,1.0,0.03839139764554078,0.0,0.0
xgb,29426,cot cushion,16,0.4371489800154313,0.5555555555555556,0.3333333333333333,0.5550372087680633,0.6666666666666666,0.5,-0.117888228752632,-0.11111111111111105,-0.16666666666666669
xgb,29502,cotton sleep wear,16,0.8591416672098046,0.625,1.0,0.9191273815716656,0.625,1.0,-0.059985714361861064,0.0,0.0
xgb,29517,cotufera,15,0.8275455457532876,0.6666666666666666,1.0,0.8258348010693564,0.6666666666666666,1.0,0.0017107446839312868,0.0,0.0
xgb,29535,couch pillows set of 4,49,0.7013133146827744,0.1875,0.5,0.7177795332994794,0.1875,0.5,-0.016466218616705053,0.0,0.0
xgb,29568,counter top tile,16,0.7937789739568236,0.6666666666666666,0.5,0.7752486476427196,0.6666666666666666,1.0,0.018530326314104006,0.0,-0.5
xgb,29574,countertop dishcloth drying rack,16,0.9975228609646487,0.625,1.0,1.0,0.625,1.0,-0.0024771390353512945,0.0,0.0
xgb,29588,country life tropical papaya,16,1.0,0.625,1.0,1.0,0.625,1.0,0.0,0.0,0.0
xgb,29609,couples necklaces,16,0.9684038785434832,0.625,1.0,0.9755453593002134,0.625,1.0,-0.007141480756730156,0.0,0.0
xgb,29612,couples robes set king and queen,16,0.7831748086584109,0.5714285714285714,1.0,0.8936499529587284,0.6428571428571429,1.0,-0.11047514430031746,-0.07142857142857151,0.0
xgb,29629,coustume socks,16,0.9127306419243082,0.7142857142857143,1.0,0.8751112980411739,0.7142857142857143,1.0,0.03761934388313426,0.0,0.0
xgb,29653,cover up makeup stick,16,0.9669400280728928,0.625,1.0,0.9403059847055673,0.625,1.0,0.026634043367325555,0.0,0.0
xgb,29678,cow paper plate,16,0.7784816941645585,0.6,1.0,0.8177347315316195,0.6,1.0,-0.03925303736706098,0.0,0.0
xgb,29690,cowboy action figure,16,0.9316277775573523,0.625,1.0,0.9684038785434832,0.625,1.0,-0.03677610098613093,0.0,0.0
xgb,29741,cozy hoodie women,16,0.9938203652479539,0.7142857142857143,1.0,1.0,0.7142857142857143,1.0,-0.0061796347520460815,0.0,0.0
xgb,29763,cpap wisp headgear,15,0.92188282238727,0.875,1.0,0.8806376148079432,0.75,1.0,0.041245207579326815,0.125,0.0
xgb,29853,cramp defense for leg cramps,40,0.908050948609378,0.2631578947368421,1.0,0.8809745078012027,0.2631578947368421,1.0,0.027076440808175284,0.0,0.0
xgb,29856,cranberry faux flowers,16,0.9295204907858209,0.625,1.0,0.9307066738505996,0.625,1.0,-0.0011861830647786897,0.0,0.0
xgb,29873,crash bandicoot ps1 game,16,0.9608235269056491,0.6666666666666666,1.0,0.940447182732146,0.6666666666666666,1.0,0.02037634417350309,0.0,0.0
xgb,29908,crayola metallic markers,40,0.9787930706003494,0.2631578947368421,1.0,0.977915258848537,0.2631578947368421,1.0,0.0008778117518123407,0.0,0.0
xgb,29922,crazy cat lady costume,16,0.7407780327805289,0.5833333333333334,1.0,0.7784769857344843,0.6666666666666666,1.0,-0.03769895295395542,-0.08333333333333326,0.0
xgb,29959,create 365 planner mini accessories,40,0.9313758769972874,0.2647058823529412,1.0,0.9290059774489636,0.2647058823529412,1.0,0.002369899548323784,0.0,0.0
xgb,30086,crib sound machine,40,0.9537125187088152,0.2564102564102564,1.0,0.96331803895032,0.2564102564102564,1.0,-0.00960552024150474,0.0,0.0
xgb,30094,cricket phones,22,0.9471969491438326,0.45454545454545453,1.0,0.9251122079923696,0.4545454545454545,1.0,0.022084741151462972,5.551115123125783e-17,0.0
xgb,30105,cricut easy press 12,15,0.84860265890399,0.7272727272727273,1.0,0.7975167679274938,0.7272727272727273,1.0,0.051085890976496184,0.0,0.0
xgb,30113,cricut maker accessories,16,0.9537125187088152,0.625,1.0,0.9537125187088152,0.625,1.0,0.0,0.0,0.0
xgb,30125,cricut tools,27,0.856455455932164,0.4444444444444444,1.0,0.8925231409371452,0.5,1.0,-0.036067685004981254,-0.05555555555555558,0.0
xgb,30140,crimson earrings,16,1.0,0.6666666666666666,1.0,0.9878431560618388,0.6666666666666666,1.0,0.012156843938161188,0.0,0.0
xgb,30217,crock sandles women clearance,40,0.8678693756994968,0.2564102564102564,1.0,0.8352142547488506,0.2564102564102564,1.0,0.032655120950646266,0.0,0.0
xgb,30225,crocodile belt,15,0.947822293573264,0.6666666666666666,1.0,0.9671486979779906,0.6666666666666666,1.0,-0.01932640440472666,0.0,0.0
xgb,30247,crocs purple,16,0.9787930706003494,0.625,1.0,1.0,0.625,1.0,-0.02120692939965063,0.0,0.0
xgb,30297,crosman pellet pistol 177,16,0.9374682645999085,1.0,1.0,0.8946662200418025,0.8571428571428571,1.0,0.04280204455810599,0.1428571428571429,0.0
xgb,30326,cross tie tops for women,16,0.987655918305024,0.7692307692307693,1.0,0.9504314609303663,0.6923076923076923,1.0,0.03722445737465763,0.07692307692307698,0.0
xgb,30356,crosswave bissell,16,0.8358292748090808,0.5555555555555556,1.0,0.8352288929421325,0.6666666666666666,1.0,0.0006003818669482186,-0.11111111111111105,0.0
xgb,30380,cruise accessories for room,16,0.5497655832101642,0.6666666666666666,0.5,0.676463505448809,1.0,0.5,-0.12669792223864473,-0.33333333333333337,0.0
xgb,30396,crutch pads underarm,16,0.7442445647210824,0.7,0.5,0.8161018972187559,0.7,1.0,-0.07185733249767357,0.0,-0.5
xgb,30410,crybaby lil peep hoodie,16,0.8904022416585923,0.6923076923076923,1.0,0.8904022416585923,0.6923076923076923,1.0,0.0,0.0,0.0
xgb,30415,crystal 10 malt,16,0.8040783681668731,0.7,1.0,0.746415533363182,0.6,1.0,0.057662834803691054,0.09999999999999998,0.0
xgb,30425,crystal bracelet bkack quartz,16,0.6608469578727881,0.6363636363636364,1.0,0.5986465796009081,0.5454545454545454,1.0,0.062200378271880075,0.09090909090909094,0.0
xgb,30481,ctt hydration,30,0.7994759781811206,0.34782608695652173,1.0,0.4783207245268074,0.3043478260869565,0.5,0.3211552536543132,0.043478260869565244,0.5
xgb,30495,cuadro 30x40,16,0.9654936622793014,0.625,1.0,0.9643287872316368,0.625,1.0,0.0011648750476646041,0.0,0.0
xgb,30517,cuadros electricos,26,0.11751610475642714,0.25,0.1111111111111111,0.2303612461053623,0.5,0.1111111111111111,-0.11284514134893515,-0.25,0.0
xgb,30530,cuater shoes,16,0.8759195979917094,0.6,1.0,0.8759195979917094,0.6,1.0,0.0,0.0,0.0
xgb,30677,cuisinart electric knife,20,0.8034666743172155,0.4444444444444444,1.0,0.7904574384253747,0.4444444444444444,1.0,0.013009235891840776,0.0,0.0
xgb,30680,cuisinart mini prep plus replacement parts,40,0.4142606675811873,0.23076923076923078,0.25,0.3432666450301509,0.1923076923076923,0.25,0.07099402255103637,0.03846153846153849,0.0
xgb,30719,cup and char pepperoni,14,0.9422700046100982,0.7142857142857143,1.0,0.947216831526372,0.7142857142857143,1.0,-0.004946826916273794,0.0,0.0
xgb,30753,cupcake toppers baby shower boy and girl,12,0.9902867315621451,0.8333333333333334,1.0,0.9790468959828572,0.8333333333333334,1.0,0.011239835579287871,0.0,0.0
xgb,30760,cups for personalization,16,0.9593352430163226,0.625,1.0,0.9744524468944666,0.625,1.0,-0.015117203878144081,0.0,0.0
xgb,30811,curly half wig,16,0.8798860253323864,0.6,1.0,0.9802219926161396,0.6666666666666666,1.0,-0.10033596728375327,-0.06666666666666665,0.0
xgb,30840,curtain for half moon door window,16,0.9008636626471187,0.625,1.0,0.9008636626471188,0.625,1.0,-1.1102230246251565e-16,0.0,0.0
xgb,30855,curtain rods for windows 66 to 120 white,40,0.7946430672590404,0.2727272727272727,1.0,0.85421584028323,0.303030303030303,1.0,-0.05957277302418962,-0.030303030303030276,0.0
xgb,30861,curtains 40 inch length,16,0.9121678503973486,0.625,1.0,0.9133599670091238,0.625,1.0,-0.0011921166117752069,0.0,0.0
xgb,30873,curtains white and gray,40,0.9526603142741242,0.25,1.0,0.9543384299005628,0.25,1.0,-0.0016781156264386032,0.0,0.0
xgb,30890,curved tv wall mount 75,16,0.7889891239286903,0.6,1.0,0.8407784552804567,0.6,1.0,-0.05178933135176644,0.0,0.0
xgb,30903,cushions black and white,40,0.9245907467019574,0.23684210526315788,1.0,0.9232798466477632,0.2368421052631578,1.0,0.0013109000541942084,8.326672684688674e-17,0.0
xgb,30905,cushmat playmat,40,0.8641948777454749,0.25,1.0,0.8150336957858365,0.25,1.0,0.04916118195963837,0.0,0.0
xgb,30915,custom biker patches for vest men,16,0.9285981845657806,0.625,1.0,0.9339141616892294,0.625,1.0,-0.0053159771234487785,0.0,0.0
xgb,30948,customizable cup,16,0.8730044734854441,0.625,1.0,0.8489869455162734,0.625,1.0,0.02401752796917067,0.0,0.0
xgb,30991,cute black sweater simple,16,1.0,0.7692307692307693,1.0,1.0,0.7692307692307693,1.0,0.0,0.0,0.0
xgb,31002,cute clothes for teen girls,16,0.4306765580733931,1.0,0.25,0.5,1.0,0.3333333333333333,-0.06932344192660689,0.0,-0.08333333333333331
xgb,31013,cute food coloring book,16,0.9375779842738845,0.625,1.0,0.9289006082267348,0.625,1.0,0.008677376047149687,0.0,0.0
xgb,31026,cute iphone 6s case,30,0.8553475075669356,0.3076923076923077,1.0,0.9305687780632228,0.3461538461538461,1.0,-0.07522127049628724,-0.03846153846153838,0.0
xgb,31122,cutout stamp,16,0.9504318313235595,0.8333333333333334,1.0,0.8526715074548512,0.6666666666666666,1.0,0.09776032386870825,0.16666666666666674,0.0
xgb,31172,cybling womens shoes,39,0.423330700050781,0.25,1.0,0.3628869103342175,0.1875,1.0,0.0604437897165635,0.0625,0.0
xgb,31292,dab pen,16,0.809705983336076,0.8333333333333334,1.0,0.7610003207917435,0.8333333333333334,1.0,0.048705662544332506,0.0,0.0
xgb,31313,dad son puzzle,16,0.4932386005291013,0.6666666666666666,0.3333333333333333,0.6159114601039334,0.7777777777777778,0.5,-0.1226728595748321,-0.11111111111111116,-0.16666666666666669
xgb,31381,daisy dream blush,19,0.7535653767202585,0.6666666666666666,1.0,0.8381615452693253,0.7777777777777778,1.0,-0.08459616854906682,-0.11111111111111116,0.0
xgb,31402,dakine 100 l,16,0.9103915877548706,0.625,1.0,0.9018096131475518,0.625,1.0,0.008581974607318799,0.0,0.0
xgb,31476,dance roller bag with hanging rack,16,0.9705960875454309,0.625,1.0,0.9200110811301472,0.625,1.0,0.05058500641528374,0.0,0.0
xgb,31481,dancefloor,16,0.9052116356304494,0.75,1.0,0.7123736502858729,0.5833333333333334,1.0,0.19283798534457652,0.16666666666666663,0.0
xgb,31503,dangling gold earrings,16,0.8519675573955815,0.625,1.0,0.8899541168509599,0.625,1.0,-0.03798655945537843,0.0,0.0
xgb,31570,dark gray deep pocket sheets,16,0.9882339066585007,0.625,1.0,0.9431240331897102,0.625,1.0,0.045109873468790584,0.0,0.0
xgb,31576,dark green leggins capris,16,0.85427110349586,0.625,1.0,0.8221561836112392,0.625,1.0,0.032114919884620785,0.0,0.0
xgb,31580,dark grey hand towels for bathroom,16,0.7293208366759081,0.6428571428571429,0.5,0.7537754773756947,0.6428571428571429,0.5,-0.024454640699786645,0.0,0.0
xgb,31589,dark maple contact paper,16,0.830753023036929,0.625,1.0,0.8502774382466488,0.625,1.0,-0.019524415209719814,0.0,0.0
xgb,31627,dart case for steel darts,16,0.7666381187064668,1.0,0.2,0.7666381187064668,1.0,0.2,0.0,0.0,0.0
xgb,31629,dart shield captain america,16,0.754987833891719,0.7777777777777778,1.0,0.8025962428354775,0.8888888888888888,1.0,-0.04760840894375851,-0.11111111111111105,0.0
xgb,31630,darth vader black series helmet,40,0.5411398037538921,0.21739130434782608,1.0,0.4533772515941014,0.217391304347826,0.5,0.08776255215979073,8.326672684688674e-17,0.5
xgb,31708,david dodson author,14,0.26406812257259094,0.5,0.25,0.1934264036172708,0.5,0.125,0.07064171895532015,0.0,0.125
xgb,31716,david pastrnak jersey,16,0.5072725644537807,0.45454545454545453,0.5,0.4497304009267829,0.4545454545454545,0.3333333333333333,0.05754216352699776,5.551115123125783e-17,0.16666666666666669
xgb,31761,day pants for men,16,0.7778441289027663,0.6923076923076923,1.0,0.6532029467976587,0.6153846153846154,1.0,0.12464118210510766,0.07692307692307687,0.0
xgb,31804,dbxing,41,0.40062521418422603,0.3333333333333333,1.0,0.4104705256938186,0.3333333333333333,1.0,-0.009845311509592558,0.0,0.0
xgb,31905,dealt toolbox,16,0.8079654212928308,0.625,1.0,0.807101926525953,0.625,1.0,0.0008634947668777482,0.0,0.0
xgb,31949,decaf coffee subscribe and save,16,0.9507235030281824,0.625,1.0,0.9240205794407472,0.625,1.0,0.0267029235874352,0.0,0.0
xgb,31972,deck installation tools,42,0.6473169103816825,0.23076923076923078,0.5,0.5656060796007277,0.1923076923076923,1.0,0.08171083078095476,0.03846153846153849,-0.5
xgb,31976,deck post brackets 4x4,16,0.96331803895032,0.625,1.0,0.9325055893091646,0.625,1.0,0.03081244964115537,0.0,0.0
xgb,32000,decor light word,16,0.8329499062001333,0.625,1.0,0.8412066568617184,0.625,1.0,-0.008256750661585044,0.0,0.0
xgb,32071,decoy bottles for alcohol,16,0.7973791542685903,0.5714285714285714,1.0,0.7681290381596589,0.5714285714285714,0.5,0.029250116108931357,0.0,0.5
xgb,32090,deep drawer organizer stackable,16,0.7432274859520548,0.5384615384615384,0.5,0.8400784956981504,0.6923076923076923,0.5,-0.09685100974609562,-0.15384615384615385,0.0
xgb,32141,deer patch hat,16,0.2205605109996152,0.3333333333333333,0.2,0.2850703250369507,0.3333333333333333,0.3333333333333333,-0.06450981403733547,0.0,-0.1333333333333333
xgb,32275,delonghi la specialista,36,0.9262688623283958,0.29411764705882354,1.0,0.9262688623283958,0.2941176470588235,1.0,0.0,5.551115123125783e-17,0.0
xgb,32298,deltarune laptop stickers,16,0.9392148330510314,0.625,1.0,0.9008636626471188,0.625,1.0,0.03835117040391256,0.0,0.0
xgb,32317,demon,16,1.0,0.7142857142857143,1.0,1.0,0.7142857142857143,1.0,0.0,0.0,0.0
xgb,32354,denman brush for curly hair,16,1.0,0.625,1.0,0.9782424770346264,0.625,1.0,0.021757522965373588,0.0,0.0
xgb,32422,deore 10 speed groupset,16,1.0,0.625,1.0,0.9504318313235596,0.625,1.0,0.04956816867644043,0.0,0.0
xgb,32512,descendants toys,16,0.9031831372383415,0.625,1.0,0.8474209236411819,0.625,1.0,0.055762213597159604,0.0,0.0
xgb,32519,desert boots men,16,0.9661035099304336,0.625,1.0,0.945036770628007,0.625,1.0,0.02106673930242664,0.0,0.0
xgb,32539,design house architecture,15,0.9194945971439098,0.75,1.0,0.9161383658910328,0.75,1.0,0.0033562312528769844,0.0,0.0
xgb,32569,designer paper bathroom cups,16,1.0,0.9090909090909091,1.0,0.866947989864271,0.7272727272727273,1.0,0.13305201013572898,0.18181818181818177,0.0
xgb,32576,designer watches for men,16,0.8870399055557403,0.625,1.0,0.8936966441051728,0.625,1.0,-0.006656738549432495,0.0,0.0
xgb,32647,desk white,16,0.9168790986840171,0.625,1.0,0.9151005414726318,0.625,1.0,0.001778557211385312,0.0,0.0
xgb,32751,detour protein bars,16,0.9526603142741242,0.625,1.0,0.9547715182029446,0.625,1.0,-0.00211120392882036,0.0,0.0
xgb,32828,dewalt dcb606,16,0.9145479713144713,0.625,1.0,0.9570856191170052,0.625,1.0,-0.042537647802533884,0.0,0.0
xgb,32836,dewalt flexvolt,16,0.9567083294488864,0.625,1.0,0.9526603142741242,0.625,1.0,0.004048015174762165,0.0,0.0
xgb,32887,dharma trading,16,0.9339091084314125,0.6666666666666666,1.0,0.8435500063697146,0.6,1.0,0.09035910206169795,0.06666666666666665,0.0
xgb,32901,dht blocker without biotin,40,0.6714001641148181,0.3333333333333333,1.0,0.588954414661456,0.25,1.0,0.08244574945336203,0.08333333333333331,0.0
xgb,32946,diamon grills,16,0.24913276910075038,0.2,1.0,0.6240829478165759,0.8,1.0,-0.37495017871582553,-0.6000000000000001,0.0
xgb,33041,diaper pail,16,0.848445916148512,0.7,1.0,0.8886974282177122,0.8,1.0,-0.0402515120692003,-0.10000000000000009,0.0
xgb,33049,diapers are not forever board book,16,0.9513257425986477,0.6666666666666666,1.0,0.9450316897980804,0.6666666666666666,1.0,0.0062940528005672736,0.0,0.0
xgb,33087,dice tower dungeons and dragons,16,0.7936667616451047,0.7272727272727273,1.0,0.775283434561792,0.6363636363636364,1.0,0.018383327083312695,0.09090909090909094,0.0
xgb,33093,dichroic film,16,1.0,0.625,1.0,0.9504120313864756,0.625,1.0,0.049587968613524436,0.0,0.0
xgb,33096,dickensons witch hazel toner,12,0.9420749047543188,0.8333333333333334,1.0,0.936123743404121,0.8333333333333334,1.0,0.005951161350197798,0.0,0.0
xgb,33138,die driver,16,0.6309297535714574,1.0,0.5,0.6309297535714574,1.0,0.5,0.0,0.0,0.0
xgb,33143,die without you christine gray,16,0.9451383062965899,0.6666666666666666,1.0,0.8351391129065976,0.6,1.0,0.10999919338999231,0.06666666666666665,0.0
xgb,33147,diesel engine stand,40,0.6944429697645212,0.2857142857142857,1.0,0.6854036084678378,0.2857142857142857,1.0,0.009039361296683479,0.0,0.0
xgb,33158,diet coke ginger lime 12 pack,16,0.9772274824155974,0.625,1.0,0.9772274824155974,0.625,1.0,0.0,0.0,0.0
xgb,33233,digital crockpot,16,0.8518935793467006,0.625,1.0,0.8319858734266574,0.625,1.0,0.019907705920043206,0.0,0.0
xgb,33245,digital music,16,0.770302713460415,0.6,1.0,0.7490957840607644,0.6,1.0,0.02120692939965063,0.0,0.0
xgb,33287,dildo women,16,0.8285568267393341,0.6,1.0,0.7823484062308866,0.6,1.0,0.04620842050844742,0.0,0.0
xgb,33292,dillos massager,16,0.800442312771173,0.6666666666666666,1.0,0.8307343276983541,0.6666666666666666,1.0,-0.030292014927181143,0.0,0.0
xgb,33298,dim100,16,0.7317276096355346,0.5833333333333334,1.0,0.6511089411246476,0.5833333333333334,1.0,0.08061866851088706,0.0,0.0
xgb,33361,dinosaur bike,16,0.6530298163355467,0.6,0.25,0.6168826233816105,0.6,0.2,0.0361471929539362,0.0,0.04999999999999999
xgb,33464,director chair without arms,39,0.5653821790189302,0.3333333333333333,1.0,0.5299120833589753,0.2777777777777778,1.0,0.03547009565995485,0.055555555555555525,0.0
xgb,33485,dirt devil pro 3,15,0.8689072001178979,0.6923076923076923,1.0,0.8705853157443364,0.6923076923076923,1.0,-0.0016781156264384922,0.0,0.0
xgb,33723,dishwashing gloves small,16,0.9630280087714618,0.625,1.0,0.9630280087714618,0.625,1.0,0.0,0.0,0.0
xgb,33748,disney backpack for women,16,0.8982550386867663,0.625,1.0,0.8803485966094552,0.625,1.0,0.01790644207731107,0.0,0.0
xgb,33758,disney character sticker roll,16,0.9255838014293366,0.6,1.0,0.9377996217281196,0.6,1.0,-0.012215820298782987,0.0,0.0
xgb,33781,disney girl clothes,14,0.9434336918247568,1.0,1.0,0.9434336918247568,1.0,1.0,0.0,0.0,0.0
xgb,33841,disney toys for girls,16,0.7298847435777548,0.5714285714285714,1.0,0.7833865569391482,0.5714285714285714,1.0,-0.05350181336139337,0.0,0.0
xgb,33897,disposable cake container,16,0.9305687780632228,0.625,1.0,0.9045513367491768,0.625,1.0,0.02601744131404604,0.0,0.0
xgb,33905,disposable coffee cups without lids,40,0.5707074072362753,0.2222222222222222,0.5,0.5088967771951836,0.1944444444444444,1.0,0.061810630041091774,0.027777777777777818,-0.5
xgb,33958,divergent series dvd complete set,16,0.8416786369589774,0.7272727272727273,1.0,0.8083914602920017,0.7272727272727273,1.0,0.03328717666697567,0.0,0.0
xgb,33989,diy air conditioner,16,0.6995635295833833,0.5714285714285714,1.0,0.7548779685413752,0.5714285714285714,1.0,-0.05531443895799193,0.0,0.0
xgb,33990,diy arcade cabinet,40,0.806984674510095,0.5,0.5,0.6891483521575726,0.375,0.5,0.1178363223525224,0.125,0.0
xgb,34004,diy plus walabot,40,0.7433144440291019,0.2857142857142857,1.0,0.6680631529658414,0.2857142857142857,0.5,0.07525129106326045,0.0,0.5
xgb,34036,dji air 2,39,0.8339525953655296,0.25806451612903225,1.0,0.7415481570258013,0.2580645161290322,0.5,0.09240443833972822,5.551115123125783e-17,0.5
xgb,34077,dk ingredients,16,0.9287092833614997,0.6666666666666666,1.0,0.9576381979632106,0.6666666666666666,1.0,-0.028928914601710876,0.0,0.0
xgb,34081,dk space eyewonder,11,0.9197207891481876,1.0,1.0,1.0,1.0,1.0,-0.08027921085181244,0.0,0.0
xgb,34113,dnd hats for men,40,0.6565723141922425,0.21212121212121213,1.0,0.3882251478215036,0.1212121212121212,0.5,0.2683471663707389,0.09090909090909093,0.5
xgb,34202,doctor mcstuffins doll,40,0.955830517697074,0.375,1.0,0.9053647373317372,0.375,1.0,0.050465780365336776,0.0,0.0
xgb,34209,doctor who pop figures,16,0.8364586133797036,0.6153846153846154,1.0,0.8579809428223729,0.6153846153846154,1.0,-0.021522329442669297,0.0,0.0
xgb,34215,doctors kit,16,0.41995854788324344,0.6,0.3333333333333333,0.470444835740417,0.8,0.3333333333333333,-0.05048628785717357,-0.20000000000000007,0.0
xgb,34230,dodge denali,16,0.5336810674890174,0.625,0.5,0.3516534677608792,0.375,0.3333333333333333,0.18202759972813826,0.25,0.16666666666666669
xgb,34486,dog office supplies,16,0.8519276577045148,0.6,1.0,0.8480211180676701,0.6,1.0,0.00390653963684473,0.0,0.0
xgb,34515,dog prosthetic leg,41,0.33970413853666276,0.2222222222222222,0.5,0.277792404327548,0.3333333333333333,0.5,0.06191173420911478,-0.1111111111111111,0.0
xgb,34599,dog training snacks,16,1.0,0.6666666666666666,1.0,0.955830517697074,0.6,1.0,0.044169482302926055,0.06666666666666665,0.0
xgb,34641,dogs and puppies grayscale coloring book,16,0.96331803895032,0.625,1.0,0.9716189607861264,0.625,1.0,-0.00830092183580644,0.0,0.0
xgb,34694,doll needles long 7,41,0.8223082471850064,0.3225806451612903,1.0,0.7894882734801613,0.2903225806451613,1.0,0.03281997370484513,0.032258064516129004,0.0
xgb,34698,doll with bassinet,16,0.96331803895032,0.625,1.0,0.9556493299547568,0.625,1.0,0.007668708995563156,0.0,0.0
xgb,34705,dollin wig,16,0.733620752410735,0.5714285714285714,0.5,0.733620752410735,0.5714285714285714,0.5,0.0,0.0,0.0
xgb,34720,dolphin e10 pool acreena,16,0.7846630113799941,0.5,1.0,0.9140265918250876,1.0,1.0,-0.12936358044509355,-0.5,0.0
xgb,34728,dometic sink,16,0.7310681253087954,0.5555555555555556,1.0,0.72178492208516,0.5555555555555556,1.0,0.009283203223635406,0.0,0.0
xgb,34776,donkey costume,16,0.8736877593960308,0.6153846153846154,1.0,0.8710091542984482,0.6153846153846154,1.0,0.0026786050975826647,0.0,0.0
xgb,34783,donnacha dennehy,16,0.7714993266134479,0.6363636363636364,1.0,0.7183627972686238,0.5454545454545454,1.0,0.053136529344824046,0.09090909090909094,0.0
xgb,34921,dorm refrigerator without freezer,16,0.431372802129832,0.5,0.5,0.57602566545683,0.5,1.0,-0.144652863326998,0.0,-0.5
xgb,34924,dorm room essentials for guys,16,0.7653606369886218,0.6666666666666666,1.0,0.7653606369886218,0.6666666666666666,1.0,0.0,0.0,0.0
xgb,34937,dorothy picnic basket,16,0.9821490166714711,0.7692307692307693,1.0,0.9821490166714713,0.7692307692307693,1.0,-1.1102230246251565e-16,0.0,0.0
xgb,34954,dot echo,16,0.6827608144490052,0.5,1.0,0.7282319948673357,0.6666666666666666,0.5,-0.04547118041833054,-0.16666666666666663,0.5
xgb,34960,dot youth & kids motocross offroad street helmet,16,1.0,0.625,1.0,1.0,0.625,1.0,0.0,0.0,0.0
xgb,34965,doterra frankincense,40,0.9123576594036434,0.2727272727272727,1.0,0.9322536887490998,0.303030303030303,1.0,-0.019896029345456312,-0.030303030303030276,0.0
xgb,34988,double d revolving,16,0.7829003751055817,0.5714285714285714,1.0,0.7720830043026157,0.5714285714285714,1.0,0.010817370802966075,0.0,0.0
xgb,35011,double protect ultra liquid,16,0.6006939027253606,0.5,1.0,0.7875730493824425,0.6666666666666666,1.0,-0.18687914665708194,-0.16666666666666663,0.0
xgb,35050,doughnuts fresh,40,0.9134166588977729,0.26666666666666666,1.0,0.9008240627729516,0.2666666666666666,1.0,0.012592596124821331,5.551115123125783e-17,0.0
xgb,35089,downstream injector for pressure washer,16,0.8182198962070146,0.5454545454545454,1.0,0.8623893785099407,0.6363636363636364,1.0,-0.044169482302926055,-0.09090909090909094,0.0
xgb,35097,downton abbey style dress,40,0.930316877503158,0.2564102564102564,1.0,0.9517825025223118,0.2564102564102564,1.0,-0.021465625019153833,0.0,0.0
xgb,35133,dr brown bags,16,0.8735998824634859,0.5384615384615384,1.0,0.8735998824634859,0.5384615384615384,1.0,0.0,0.0,0.0
xgb,35141,dr brown pacifiers 0-6 months,40,0.8864060908197352,0.25,1.0,0.8864060908197352,0.25,1.0,0.0,0.0,0.0
xgb,35144,dr browns level 4nipples,16,0.9286387618767193,0.6666666666666666,1.0,0.8602006667039339,0.6666666666666666,1.0,0.06843809517278543,0.0,0.0
xgb,35262,dragon masters pern,15,0.7773365277054463,0.6666666666666666,1.0,0.8054249818338775,0.6666666666666666,1.0,-0.028088454128431195,0.0,0.0
xgb,35281,dragonfly picks,16,0.976416082725736,0.6666666666666666,1.0,0.9744524468944666,0.6666666666666666,1.0,0.0019636358312693503,0.0,0.0
xgb,35332,drawing pad computer,16,0.9537125187088152,0.625,1.0,0.9507235030281824,0.625,1.0,0.0029890156806328116,0.0,0.0
xgb,35375,dream soccer,16,0.9462009171700265,0.625,1.0,0.9462009171700264,0.625,1.0,1.1102230246251565e-16,0.0,0.0
xgb,35393,dredd,16,0.9537125187088152,0.625,1.0,0.9537125187088152,0.625,1.0,0.0,0.0,0.0
xgb,35437,dress shirts for women,16,0.5755133414885094,0.45454545454545453,1.0,0.7071578953462411,0.5454545454545454,1.0,-0.13164455385773166,-0.09090909090909088,0.0
xgb,35465,dresses for party night,16,0.8872771075121092,0.625,1.0,0.8790376965552609,0.625,1.0,0.008239410956848325,0.0,0.0
xgb,35470,dresses for women party night sexy,16,0.8332408236862525,0.6428571428571429,1.0,0.8249546988861967,0.6428571428571429,1.0,0.00828612480005586,0.0,0.0
xgb,35475,dresses to wear to a wedding,40,0.70748799608451,0.25,0.5,0.8282585047509012,0.25,1.0,-0.12077050866639127,0.0,-0.5
xgb,35554,drinking jars with lids,16,0.9116418001157358,0.6,1.0,0.922709679386553,0.6,1.0,-0.011067879270817205,0.0,0.0
xgb,35572,drive belt troybuilt riding mower 46 inch lawn tractor,16,0.8077902105454117,0.875,1.0,0.7769411862502018,0.875,1.0,0.03084902429520986,0.0,0.0
xgb,35719,dry shampoo oribe,16,0.95965068787752,0.625,1.0,0.9354684648005668,0.625,1.0,0.02418222307695317,0.0,0.0
xgb,35880,ducky one 2 mini white,16,0.9813162632348015,0.625,1.0,1.0,0.625,1.0,-0.018683736765198522,0.0,0.0
xgb,35888,ducted dehumidifier,40,0.8807569949306625,0.23684210526315788,1.0,0.8857918147750365,0.2368421052631578,1.0,-0.005034819844374039,8.326672684688674e-17,0.0
xgb,35964,dunhill desire red for men,24,0.8945573030871922,0.45454545454545453,1.0,0.8930233621137135,0.4545454545454545,1.0,0.001533940973478698,5.551115123125783e-17,0.0
xgb,35976,duo charcoal smoker cover,16,0.9339091084314125,0.625,1.0,0.9339091084314124,0.625,1.0,1.1102230246251565e-16,0.0,0.0
xgb,35984,duplicolor #47 paint,16,0.6926180540852904,0.5714285714285714,1.0,0.7542236021833272,0.5714285714285714,1.0,-0.061605548098036755,0.0,0.0
xgb,36002,duracell powersource,16,0.9547715182029446,0.7142857142857143,1.0,0.9454862044599012,0.7142857142857143,1.0,0.009285313743043422,0.0,0.0
xgb,36011,duraliner bed liner,40,0.7835890333044379,0.28125,0.5,0.867124634590124,0.28125,1.0,-0.08353560128568616,0.0,-0.5
xgb,36085,dvb t2 antenne,16,0.8485539307584402,0.6666666666666666,1.0,0.8451418737511797,0.6666666666666666,1.0,0.0034120570072605494,0.0,0.0
xgb,36111,dvd yellowstone,16,0.942271122217258,0.7142857142857143,1.0,0.9292578780090284,0.7142857142857143,1.0,0.01301324420822958,0.0,0.0
xgb,36153,dxl big and tall,16,0.9044360217369977,0.625,1.0,0.9044360217369976,0.625,1.0,1.1102230246251565e-16,0.0,0.0
xgb,36240,dyson v10,27,0.819378428775028,0.29411764705882354,1.0,0.560254455509529,0.1764705882352941,0.2,0.25912397326549896,0.11764705882352944,0.8
xgb,36262,e doll carrier backpacks,16,1.0,0.625,1.0,0.9755453593002134,0.625,1.0,0.024454640699786645,0.0,0.0
xgb,36322,eagles white knit hat,16,0.9899138256111094,1.0,1.0,1.0,1.0,1.0,-0.01008617438889059,0.0,0.0
xgb,36430,earring cards,16,0.8982550386867663,0.625,1.0,0.9159783532244442,0.625,1.0,-0.017723314537677948,0.0,0.0
xgb,36441,earrings for girls without pierced ears,41,0.9524016186546209,0.3448275862068966,1.0,0.8196399727029104,0.2758620689655172,1.0,0.13276164595171047,0.06896551724137939,0.0
xgb,36457,earth not a globe,40,0.9755453593002134,0.43478260869565216,1.0,0.9716189607861264,0.4347826086956521,1.0,0.003926398514086937,5.551115123125783e-17,0.0
xgb,36516,easy to open pill bottle,16,0.821726536735897,0.6428571428571429,1.0,0.9705669479986532,0.7142857142857143,1.0,-0.14884041126275616,-0.0714285714285714,0.0
xgb,36538,eb7,16,0.8944836122933966,0.6428571428571429,1.0,0.96922016539953,0.7142857142857143,1.0,-0.07473655310613347,-0.0714285714285714,0.0
xgb,36586,echo battery chainsaw,16,0.813340233937183,0.6363636363636364,1.0,0.802923499499673,0.6363636363636364,1.0,0.010416734437510011,0.0,0.0
xgb,36594,echo dot game buttons,16,0.8090067675158505,0.625,1.0,0.8077415350181416,0.625,1.0,0.0012652324977089346,0.0,0.0
xgb,36614,echo show 8,24,0.8814802638931608,0.5,1.0,0.8620289579971351,0.5,1.0,0.019451305896025728,0.0,0.0
xgb,36653,economic development is not for amateurs,8,0.890094237311963,1.0,1.0,0.8938132475530267,1.0,1.0,-0.0037190102410636916,0.0,0.0
xgb,36657,ecos spray starch,16,1.0,0.6666666666666666,1.0,0.9743682286692288,0.6666666666666666,1.0,0.025631771330771214,0.0,0.0
xgb,36667,eczema bath treatment for kids,41,0.9021814372008533,0.24324324324324326,1.0,0.8842222191013388,0.2432432432432432,1.0,0.017959218099514507,5.551115123125783e-17,0.0
xgb,36692,eden by cacharel,16,0.8385606490019016,0.75,1.0,0.8359272137464643,0.75,1.0,0.0026334352554373552,0.0,0.0
xgb,36705,edgeswitch8,16,0.8397585434315616,0.625,1.0,0.8368789572119399,0.625,1.0,0.0028795862196216993,0.0,0.0
xgb,36749,educated a memoir,17,0.7682269253321375,0.6363636363636364,1.0,0.8331920384232125,0.7272727272727273,1.0,-0.064965113091075,-0.09090909090909094,0.0
xgb,36754,educational ball for baby,16,0.9273764386085975,0.6923076923076923,1.0,0.8621621406030003,0.6923076923076923,1.0,0.0652142980055972,0.0,0.0
xgb,36768,educator e collar,40,0.8532721558012799,0.2727272727272727,0.5,0.8532721558012799,0.2727272727272727,0.5,0.0,0.0,0.0
xgb,36808,egg slicer for hard boiled eggs oxo,20,0.7134394251604105,0.5714285714285714,1.0,0.793813840456592,0.6428571428571429,1.0,-0.0803744152961815,-0.07142857142857151,0.0
xgb,36836,egr xterra,16,0.894145952402549,0.875,1.0,0.7390541053550274,0.625,1.0,0.15509184704752166,0.25,0.0
xgb,36844,egyptian makeup,16,0.7797003652094391,0.8,1.0,0.8366308583704284,0.8,1.0,-0.056930493160989304,0.0,0.0
xgb,36869,ek predator,16,0.9248243196850909,0.8181818181818182,1.0,0.7831754511270252,0.7272727272727273,1.0,0.1416488685580657,0.09090909090909094,0.0
xgb,36872,eko stethoscope duo,16,0.7290404973369536,0.6,1.0,0.7593666178075781,0.6,1.0,-0.03032612047062444,0.0,0.0
xgb,36983,elbow pads for dogs,16,0.6901223827404803,0.5454545454545454,1.0,0.6733124142067405,0.5454545454545454,1.0,0.01680996853373984,0.0,0.0
xgb,37001,eleavtor clips,16,0.2622073738811406,0.5,0.16666666666666666,0.1175161047564271,0.25,0.1111111111111111,0.14469126912471353,0.25,0.05555555555555555
xgb,37027,electric blanket queen size,16,0.8803485966094552,0.7142857142857143,1.0,0.8591416672098046,0.7142857142857143,1.0,0.02120692939965063,0.0,0.0
xgb,37049,electric eraser refill,16,0.692022052826026,0.5454545454545454,1.0,0.6599539123611387,0.5454545454545454,0.5,0.032068140464887374,0.0,0.5
xgb,37051,electric fence,16,0.6657021998251024,0.5,0.5,0.6931518213923265,0.6,0.5,-0.02744962156722408,-0.09999999999999998,0.0
xgb,37094,electric marijuana tobacco grinder,16,0.9363792118010482,0.6923076923076923,1.0,0.8572048559638626,0.6153846153846154,1.0,0.07917435583718557,0.07692307692307687,0.0
xgb,37114,electric piano yamaha psr,40,0.6913024951087703,0.23684210526315788,1.0,0.7575567185631594,0.2631578947368421,1.0,-0.06625422345438914,-0.02631578947368421,0.0
xgb,37198,electrolyte powder without stevia,40,0.8211488061059302,0.3,1.0,0.8212989817726929,0.2666666666666666,1.0,-0.00015017566676267524,0.03333333333333338,0.0
xgb,37202,electrolyte tablets chewable,16,1.0,0.625,1.0,0.9634117275431492,0.625,1.0,0.03658827245685081,0.0,0.0
xgb,37284,elephate smoke pipe,16,0.7653606369886218,0.6666666666666666,1.0,0.7653606369886218,0.6666666666666666,1.0,0.0,0.0,0.0
xgb,37319,elf on shelf pajamas,16,0.7863392451329398,0.6,1.0,0.8384293369914939,0.6,1.0,-0.052090091858554066,0.0,0.0
xgb,37345,eliptical exercise machine for home,16,0.8735874281329035,0.625,1.0,0.8987207560466409,0.625,1.0,-0.025133327913737458,0.0,0.0
xgb,37348,elite bmx bikes 20 inch,16,0.9607616619828268,0.6666666666666666,1.0,0.9144484546063172,0.6666666666666666,1.0,0.04631320737650957,0.0,0.0
xgb,37353,elitefts wrist,40,0.5971311168710478,0.23333333333333334,1.0,0.5136687011057541,0.2333333333333333,0.5,0.08346241576529367,2.7755575615628914e-17,0.5
xgb,37361,elk bo,16,0.7315682114753617,1.0,0.5,0.7486761295186739,1.0,0.5,-0.017107918043312242,0.0,0.0
xgb,37377,elliott sign,16,0.9374130297304556,1.0,1.0,0.9757880548549218,1.0,1.0,-0.03837502512446622,0.0,0.0
xgb,37378,ellipsis 10 tablet charger,16,0.8387481383927144,0.6363636363636364,1.0,0.830447216556908,0.6363636363636364,1.0,0.00830092183580644,0.0,0.0
xgb,37389,elmers glue stick .77oz,16,0.8573105604887954,0.625,1.0,0.8339834266873334,0.625,1.0,0.023327133801462008,0.0,0.0
xgb,37463,embroidered collars for dogs,16,0.8745248109663576,0.625,1.0,0.8644535733649782,0.625,1.0,0.010071237601379401,0.0,0.0
xgb,37499,emergency keychain car escape tool,16,0.9368077570869662,0.6,1.0,0.955830517697074,0.6,1.0,-0.01902276061010777,0.0,0.0
xgb,37533,eminem iphone 6 case,16,0.7890916865312605,0.5714285714285714,1.0,0.7881491911951717,0.5714285714285714,1.0,0.0009424953360888111,0.0,0.0
xgb,37535,eminem music to be murdered by album,16,1.0,1.0,1.0,0.8922108454754892,0.8333333333333334,1.0,0.10778915452451077,0.16666666666666663,0.0
xgb,37569,empire waist dress,16,0.8973208359745616,0.75,1.0,0.6818656041208033,0.5833333333333334,1.0,0.21545523185375826,0.16666666666666663,0.0
xgb,37588,emt pants,16,0.9718788095129651,0.625,1.0,0.9375779842738844,0.625,1.0,0.034300825239080734,0.0,0.0
xgb,37693,enfamil polyvisol without iron,40,0.7285864055314198,0.25806451612903225,1.0,0.6565396851347497,0.2580645161290322,1.0,0.07204672039667015,5.551115123125783e-17,0.0
xgb,37745,english tea set,16,0.8507592180964663,0.6666666666666666,1.0,0.8896103573299283,0.6666666666666666,1.0,-0.03885113923346206,0.0,0.0
xgb,37774,ensimas dijestibas organica,28,0.8867195022587583,0.4,1.0,0.9454862044599012,0.4,1.0,-0.058766702201142884,0.0,0.0
xgb,37776,ensure para adultos mayores,28,0.9454862044599013,0.37037037037037035,1.0,0.9547715182029446,0.3703703703703703,1.0,-0.00928531374304331,5.551115123125783e-17,0.0
xgb,37817,enya a day without rain cd,12,0.8788006763177869,0.8,1.0,0.9271873113734592,0.9,1.0,-0.04838663505567231,-0.09999999999999998,0.0
xgb,37876,epson 702 ink cartridges,16,0.8478333285894862,0.625,1.0,0.8478333285894862,0.625,1.0,0.0,0.0,0.0
xgb,37885,epson printer xp340,16,0.9354379643371503,1.0,1.0,0.9400524363561394,1.0,1.0,-0.004614472018989124,0.0,0.0
xgb,37892,epson xp255,16,0.48642140706277764,0.6666666666666666,0.5,0.5164256824542052,0.6666666666666666,0.5,-0.030004275391427526,0.0,0.0
xgb,37948,ergonomic desk chair no arms,16,0.8729552152926601,0.625,1.0,0.911793259090854,0.625,1.0,-0.03883804379819389,0.0,0.0
xgb,37984,erode,16,0.8316757482148234,0.75,1.0,0.8406139963914658,0.75,1.0,-0.00893824817664246,0.0,0.0
xgb,38001,erythritol sweetenerorganic,16,0.8132556533854622,0.625,1.0,0.8652088476846377,0.625,1.0,-0.05195319429917544,0.0,0.0
xgb,38003,es shoes skateboard,40,0.92663607790064,0.2631578947368421,1.0,0.92663607790064,0.2631578947368421,1.0,0.0,0.0,0.0
xgb,38004,es2.5,16,0.8196664813677487,0.6153846153846154,1.0,0.8028987128832985,0.6153846153846154,1.0,0.016767768484450163,0.0,0.0
xgb,38068,eskimo jacket kids,16,0.5470887877342113,0.5,1.0,0.6667484994023143,0.6,1.0,-0.11965971166810296,-0.09999999999999998,0.0
xgb,38263,esthetician table and chair,16,0.8488610283252881,0.625,1.0,0.8599907066845038,0.625,1.0,-0.011129678359215744,0.0,0.0
xgb,38434,eureka nec180,16,0.8444230218453794,0.6,0.5,0.8400784956981504,0.6,0.5,0.004344526147229022,0.0,0.0
xgb,38484,evenflo top of stairs gate,16,0.9700433677407578,0.625,1.0,0.9413905060024133,0.625,1.0,0.02865286173834458,0.0,0.0
xgb,38521,everthing an argument reading 8th edition,12,0.9327994909398155,1.0,1.0,0.9343923220511718,1.0,1.0,-0.0015928311113563298,0.0,0.0
xgb,38580,exacto knife,33,0.7380279047899472,0.30303030303030304,1.0,0.7836894748893846,0.303030303030303,1.0,-0.04566157009943739,5.551115123125783e-17,0.0
xgb,38632,exercise without exercise,12,0.8292871557577455,0.8,1.0,0.8428651093231295,0.8,1.0,-0.013577953565384049,0.0,0.0
xgb,38640,exhalation,16,0.9197207891481876,1.0,1.0,0.9197207891481876,1.0,1.0,0.0,0.0,0.0
xgb,38676,expanse book 3,16,0.9335313346561557,0.75,1.0,0.8501584580286051,0.5833333333333334,1.0,0.08337287662755055,0.16666666666666663,0.0
xgb,38751,extenze plus male enhancing pills,19,0.7783970958929644,0.5625,1.0,0.7789895064323702,0.5,1.0,-0.000592410539405841,0.0625,0.0
xgb,38783,external storage for new android connection phones,16,0.3055862642591751,0.5,0.25,0.5115207573785331,0.5,1.0,-0.20593449311935796,0.0,-0.75
xgb,38847,extra ordinary,16,0.8465686992557672,0.625,1.0,0.8666438758772342,0.625,1.0,-0.020075176621467072,0.0,0.0
xgb,38955,eyeglasses without nose pads,42,0.6236698356979954,0.42857142857142855,1.0,0.5948591299858257,0.3571428571428571,1.0,0.028810705712169704,0.07142857142857145,0.0
xgb,38986,eyes of the grateful deadworld poster,16,0.0,0.0,0.09090909090909091,0.1772392867840477,0.5,0.1,-0.1772392867840477,-0.5,-0.009090909090909094
xgb,39058,f11,26,0.9363792118010482,0.6428571428571429,1.0,0.642186726668901,0.3571428571428571,1.0,0.29419248513214724,0.2857142857142858,0.0
xgb,39081,fab lip therapy,40,0.8277716123152982,0.2631578947368421,1.0,0.8003749650086616,0.2631578947368421,1.0,0.0273966473066366,0.0,0.0
xgb,39137,face cream with retinol,16,1.0,0.6666666666666666,1.0,0.8611375561264455,0.6,1.0,0.1388624438735545,0.06666666666666665,0.0
xgb,39148,face heating pad,39,0.6489315753318466,0.2,1.0,0.3669978332435373,0.2,0.25,0.28193374208830935,0.0,0.75
xgb,39158,face mask,109,1.0,0.10989010989010989,1.0,0.9349369997364464,0.1098901098901098,1.0,0.0650630002635536,8.326672684688674e-17,0.0
xgb,39204,face oil with salicylic acid,16,0.8405936598232132,0.625,1.0,0.8702673988790545,0.625,1.0,-0.029673739055841253,0.0,0.0
xgb,39218,face shield for toddlers,16,0.9093618486635721,0.6923076923076923,1.0,0.843992232020434,0.6153846153846154,1.0,0.065369616643138,0.07692307692307687,0.0
xgb,39236,face tattoos for women,16,0.8773595809288224,0.6,1.0,0.8552748397773593,0.6,1.0,0.022084741151463083,0.0,0.0
xgb,39303,fairy house kit,16,0.8921866118657682,0.625,1.0,0.9092480684874108,0.625,1.0,-0.0170614566216426,0.0,0.0
xgb,39320,fairywill ultrasonic toothbrush,16,0.851634150508456,0.625,1.0,0.8886061417369945,0.625,1.0,-0.03697199122853845,0.0,0.0
xgb,39332,fake 20 dollar bills,38,0.9537125187088152,0.2777777777777778,1.0,0.9034923372550476,0.2777777777777778,1.0,0.05022018145376761,0.0,0.0
xgb,39349,fake elf,16,0.8899541168509599,0.6,1.0,0.8611375561264455,0.6,1.0,0.02881656072451444,0.0,0.0
xgb,39393,fake timbs,16,0.5928558508844579,0.5714285714285714,0.5,0.8079654212928308,0.7142857142857143,1.0,-0.21510957040837286,-0.1428571428571429,-0.5
xgb,39469,fall shower curtain hooks,40,0.35262401194761855,0.12903225806451613,0.2,0.4564059937611591,0.1935483870967742,0.25,-0.10378198181354054,-0.06451612903225806,-0.04999999999999999
xgb,39472,fall table decor bulk,16,0.7459586613323314,0.9,0.5,0.8892860328999854,0.9,1.0,-0.14332737156765407,0.0,-0.5
xgb,39487,falljraven backpack,16,0.9787930706003494,0.625,1.0,0.9684038785434832,0.625,1.0,0.01038919205686617,0.0,0.0
xgb,39490,fallout 76 book,16,0.9712545700542154,0.625,1.0,0.9712545700542154,0.625,1.0,0.0,0.0,0.0
xgb,39542,fan light window shade,16,0.947419725043356,0.625,1.0,0.8854363023827685,0.625,1.0,0.06198342266058754,0.0,0.0
xgb,39551,fancy apple watch bands,16,0.8833444073495264,0.625,1.0,0.9253314794949415,0.625,1.0,-0.041987072145415194,0.0,0.0
xgb,39604,faraday cage,16,0.7404044182324251,0.5833333333333334,1.0,0.8036181332923337,0.6666666666666666,1.0,-0.06321371505990858,-0.08333333333333326,0.0
xgb,39662,farmhousw,16,0.905352649993056,0.625,1.0,0.9149856081400832,0.625,1.0,-0.009632958147027249,0.0,0.0
xgb,39688,fashion 3d crossbody bags for women,16,0.885988329884735,0.625,1.0,0.8513640343255936,0.625,1.0,0.03462429555914137,0.0,0.0
xgb,39726,fast without the s,14,0.5012658353418872,1.0,0.25,0.5249810332008934,1.0,0.3333333333333333,-0.02371519785900622,0.0,-0.08333333333333331
xgb,39746,fat girl sleep,16,0.8757412141153033,1.0,1.0,0.8757412141153033,1.0,1.0,0.0,0.0,0.0
xgb,39770,fathers day gift,16,0.9374219390867056,0.6428571428571429,1.0,0.9187604773038316,0.5714285714285714,1.0,0.018661461782873978,0.07142857142857151,0.0
xgb,39771,fathes,16,0.9216017310213247,0.6428571428571429,1.0,0.8165901947515999,0.5714285714285714,1.0,0.10501153626972481,0.07142857142857151,0.0
xgb,39843,feather pillow sham,15,0.9526603142741242,0.6666666666666666,1.0,0.9401742983047277,0.6666666666666666,1.0,0.01248601596939658,0.0,0.0
xgb,39897,feliway multicat diffuser starter kit,15,0.9245759632603721,0.6153846153846154,1.0,0.9533899450471146,0.6923076923076923,1.0,-0.02881398178674255,-0.07692307692307687,0.0
xgb,39899,felix ever after,16,0.7583344301238126,0.6666666666666666,1.0,0.6800929161289828,0.5555555555555556,1.0,0.07824151399482981,0.11111111111111105,0.0
xgb,39927,felt story boards for teachers,16,0.6125353345843497,1.0,0.3333333333333333,0.6661998717660157,0.6,1.0,-0.05366453718166597,0.4,-0.6666666666666667
xgb,39953,feminine furniture,16,0.7799082337019199,0.6,0.5,0.7799082337019199,0.6,0.5,0.0,0.0,0.0
xgb,40071,ffp2 not kn95,39,0.8975793867186517,0.5294117647058824,1.0,0.7994263796405152,0.4117647058823529,1.0,0.09815300707813646,0.11764705882352944,0.0
xgb,40181,fifty shades of grey book,16,0.8746421997087821,0.8181818181818182,1.0,0.8022415739286917,0.8181818181818182,0.5,0.07240062578009043,0.0,0.5
xgb,40195,figma deku with mask,40,0.6020781973939823,0.21428571428571427,1.0,0.5755180112687549,0.2857142857142857,0.5,0.02656018612522737,-0.07142857142857142,0.5
xgb,40289,film christmas ornament,16,0.7875280351155164,0.6,1.0,0.7830020528186789,0.6,1.0,0.0045259822968375385,0.0,0.0
xgb,40418,finn starwars book,16,0.7729453993642945,0.5384615384615384,1.0,0.8664785925006194,0.6153846153846154,1.0,-0.09353319313632491,-0.07692307692307698,0.0
xgb,40434,fire cam,16,0.13539213147917573,0.3333333333333333,0.16666666666666666,0.1199062332840657,0.3333333333333333,0.125,0.015485898195110023,0.0,0.04166666666666666
xgb,40438,fire emblem 3 houses merch,16,0.949036942882267,0.8888888888888888,1.0,0.867995477785511,0.8888888888888888,1.0,0.08104146509675603,0.0,0.0
xgb,40480,fire resistwnt jackets for men,14,0.92663607790064,0.7142857142857143,1.0,0.9537125187088152,0.7142857142857143,1.0,-0.027076440808175284,0.0,0.0
xgb,40496,fire stick without alexa,16,0.7319769674558264,0.6363636363636364,1.0,0.6130170260264108,0.5454545454545454,1.0,0.11895994142941557,0.09090909090909094,0.0
xgb,40502,fire table glass wind guard,16,0.8612384911223349,0.625,1.0,0.8548417514749775,0.625,1.0,0.006396739647357319,0.0,0.0
xgb,40541,firefly guitar,16,0.7681290381596589,0.5714285714285714,0.5,0.8532721558012799,0.6428571428571429,0.5,-0.08514311764162097,-0.07142857142857151,0.0
xgb,40576,firestickstick 4k,16,0.7771448380120669,0.6923076923076923,0.5,0.7513770025344324,0.6153846153846154,0.5,0.025767835477634504,0.07692307692307687,0.0
xgb,40600,first aid merit badge book,15,0.9877841797012169,0.6666666666666666,1.0,0.95334971629609,0.6666666666666666,1.0,0.0344344634051269,0.0,0.0
xgb,40624,first response pregnancy test 3 pack,16,0.9211281423633325,0.625,1.0,0.9126347990857984,0.625,1.0,0.008493343277534149,0.0,0.0
xgb,40703,fisher price mirror toy,16,0.8722022910570614,0.625,1.0,0.8903818700168974,0.625,1.0,-0.018179578959836018,0.0,0.0
xgb,40710,fisher price tricycle 2,16,0.9484408074789668,0.7692307692307693,1.0,0.9301463971330411,0.6923076923076923,1.0,0.018294410345925605,0.07692307692307698,0.0
xgb,40749,fishing likes,12,0.44791757522503833,0.8,0.2,0.5895363674080469,1.0,0.25,-0.1416187921830086,-0.19999999999999996,-0.04999999999999999
xgb,40800,fit crunch,16,1.0,0.625,1.0,0.9317219174938032,0.625,1.0,0.06827808250619682,0.0,0.0
xgb,40882,fitmiss protein powder,16,1.0,0.625,1.0,0.9743682286692288,0.625,1.0,0.025631771330771214,0.0,0.0
xgb,40916,fitted red sox hat,40,0.8721222823605412,0.25,1.0,0.8371184369372995,0.25,1.0,0.03500384542324175,0.0,0.0
xgb,40927,fitvine wines,40,0.6297927348214584,0.36363636363636365,1.0,0.5489061528471565,0.4545454545454545,0.3333333333333333,0.08088658197430187,-0.09090909090909083,0.6666666666666667
xgb,40993,flag temp tatoos,16,0.7889267734576658,0.625,1.0,0.7942386796128394,0.625,1.0,-0.005311906155173629,0.0,0.0
xgb,41044,flannels for women,16,0.6036977035725936,0.6363636363636364,0.5,0.6883922706136795,0.7272727272727273,0.5,-0.08469456704108591,-0.09090909090909094,0.0
xgb,41103,flat brimmed hat,16,0.8684153503253894,0.625,1.0,0.9119059176127284,0.625,1.0,-0.04349056728733902,0.0,0.0
xgb,41108,flat extension cord,16,0.92663607790064,0.6,1.0,0.9074250374176304,0.6,1.0,0.01921104048300959,0.0,0.0
xgb,41125,flat screen tv,28,0.7568371608459037,0.3157894736842105,1.0,0.833758197368034,0.3684210526315789,1.0,-0.07692103652213034,-0.05263157894736842,0.0
xgb,41135,flatbed tool boxes,16,0.88798419083891,0.6,1.0,0.8515331980226639,0.6,1.0,0.036450992816246086,0.0,0.0
xgb,41158,flaw because of the brave,16,0.792141855700309,0.6666666666666666,1.0,0.6622668440469683,0.5,1.0,0.1298750116533407,0.16666666666666663,0.0
xgb,41161,flaxseed vitamins,16,0.9537125187088152,0.6666666666666666,1.0,0.92663607790064,0.6666666666666666,1.0,0.027076440808175284,0.0,0.0
xgb,41172,flea trap light,16,0.9575861412006988,0.8181818181818182,1.0,0.6870303531693138,0.5454545454545454,0.5,0.270555788031385,0.2727272727272728,0.5
xgb,41273,flight sim,16,0.8182198962070146,0.5,1.0,0.7893454817437576,0.5,1.0,0.028874414463257003,0.0,0.0
xgb,41324,floating glass shelf 10 inches wide,16,0.9171922712598665,0.6666666666666666,1.0,0.9716227842066444,0.8888888888888888,1.0,-0.05443051294677792,-0.2222222222222222,0.0
xgb,41455,floral sandal,16,0.9421111095506693,0.625,1.0,0.9371852826240948,0.625,1.0,0.004925826926574506,0.0,0.0
xgb,41566,fluffy puppy bed,16,0.9755106631796201,0.625,1.0,0.9577740661608029,0.625,1.0,0.017736597018817246,0.0,0.0
xgb,41568,fluffy rug 5x8,16,0.8947358000396576,0.625,1.0,0.8757557806560736,0.625,1.0,0.018980019383583957,0.0,0.0
xgb,41586,fluker's reptile calcium supplement without vitamin d3,20,0.8279452215443955,0.6428571428571429,1.0,0.8155703489402799,0.6428571428571429,1.0,0.012374872604115628,0.0,0.0
xgb,41703,foam for rectangular microphones,16,0.7769061997037873,1.0,1.0,0.7694496805522829,1.0,1.0,0.007456519151504359,0.0,0.0
xgb,41709,foam it green,41,0.24728073039770915,0.19047619047619047,0.3333333333333333,0.4459650178110603,0.238095238095238,0.5,-0.19868428741335115,-0.04761904761904753,-0.16666666666666669
xgb,41713,foam matresses topper full,16,0.9527096352829777,0.625,1.0,0.9250465452780924,0.625,1.0,0.027663090004885316,0.0,0.0
xgb,41757,foco miami dolphins,40,1.0,0.2857142857142857,1.0,1.0,0.2857142857142857,1.0,0.0,0.0,0.0
xgb,41769,focusrite scarlett 2i2,16,0.9748269776677403,0.6,1.0,0.9681004971877386,0.6,1.0,0.006726480480001684,0.0,0.0
xgb,41934,food saver,16,0.7375534525733178,0.5714285714285714,0.3333333333333333,0.767995171736783,0.5714285714285714,0.5,-0.030441719163465164,0.0,-0.16666666666666669
xgb,41965,foos ball coffee table,40,0.9787930706003494,0.37037037037037035,1.0,0.92663607790064,0.3703703703703703,1.0,0.052156992699709415,5.551115123125783e-17,0.0
xgb,41995,foot pump for inflatables,16,0.9921086444723337,0.625,1.0,0.9728000816764084,0.625,1.0,0.0193085627959253,0.0,0.0
xgb,42046,football wreath fram,16,0.6533933590057492,1.0,0.3333333333333333,0.6533933590057492,1.0,0.3333333333333333,0.0,0.0,0.0
xgb,42048,football.plates,16,0.9768562593544076,0.625,1.0,0.9755453593002134,0.625,1.0,0.0013109000541942084,0.0,0.0
xgb,42067,for shoes 2 cabinet,12,0.9287748101789832,0.9090909090909091,1.0,0.8873943985339321,0.9090909090909092,1.0,0.04138041164505113,-1.1102230246251565e-16,0.0
xgb,42069,for the girls card game,16,1.0,0.625,1.0,1.0,0.625,1.0,0.0,0.0,0.0
xgb,42071,for the love of men,16,0.9371817141325761,0.625,1.0,0.9154678432925096,0.625,1.0,0.021713870840066485,0.0,0.0
xgb,42082,force reconnaissance,16,0.9647512106763887,0.6666666666666666,1.0,0.9593034466393204,0.6666666666666666,1.0,0.005447764037068259,0.0,0.0
xgb,42110,ford logo seat covers,16,1.0,0.625,1.0,0.994068591332762,0.625,1.0,0.0059314086672379585,0.0,0.0
xgb,42128,foregrip picatinny,13,0.7812484554707145,0.8571428571428571,1.0,0.7565701893577831,0.8571428571428571,1.0,0.024678266112931446,0.0,0.0
xgb,42223,fortnight socks do not disturb,40,0.9105149880941525,0.25,1.0,0.9325055893091646,0.25,1.0,-0.021990601215012062,0.0,0.0
xgb,42254,fortnite suit for boys,16,0.3152014104491349,0.6666666666666666,0.16666666666666666,0.1564262420075855,0.3333333333333333,0.1428571428571428,0.1587751684415494,0.3333333333333333,0.023809523809523864
xgb,42272,fossil jacquline watch band for women,16,0.7125523635307984,0.5454545454545454,1.0,0.8603818544462509,0.7272727272727273,1.0,-0.1478294909154525,-0.18181818181818188,0.0
xgb,42343,fp wristlet,16,1.0,0.7692307692307693,1.0,0.9008636626471188,0.7692307692307693,1.0,0.09913633735288119,0.0,0.0
xgb,42344,fp30 piano,9,0.9122181427119185,1.0,1.0,0.9160590690667508,1.0,1.0,-0.0038409263548323525,0.0,0.0
xgb,42378,frame drum shaman,16,0.9169130043419457,0.6428571428571429,1.0,0.9169130043419456,0.6428571428571429,1.0,1.1102230246251565e-16,0.0,0.0
xgb,42383,frame holder display for 24 x 36 horizontal,16,0.4776237035032179,0.6666666666666666,0.5,0.6105456988825856,0.6666666666666666,1.0,-0.13292199537936766,0.0,-0.5
xgb,42464,free jt tshirt,39,0.5859391837908614,0.23076923076923078,1.0,0.449502704714561,0.1538461538461538,1.0,0.1364364790763004,0.07692307692307698,0.0
xgb,42484,free phones for 0.00 samsung,12,0.6898423503436015,0.7142857142857143,0.5,0.8681435786610507,0.8571428571428571,1.0,-0.1783012283174492,-0.1428571428571428,-0.5
xgb,42500,free weights 5lbs pair,16,0.8266783965133379,0.6,1.0,0.8960009244056312,0.6,1.0,-0.06932252789229332,0.0,0.0
xgb,42527,freeze dryers for home use,15,0.7623258785956221,0.6428571428571429,1.0,0.7612011306709414,0.6428571428571429,1.0,0.0011247479246806469,0.0,0.0
xgb,42598,fresh organic strawberries,40,0.8050408130073772,0.28125,1.0,0.8675021601272528,0.3125,1.0,-0.06246134711987561,-0.03125,0.0
xgb,42631,friday trilogy dvd,16,0.7138376982815163,0.5,0.5,0.7192569587474276,0.5,0.5,-0.005419260465911235,0.0,0.0
xgb,42676,friendship shirts for best friends,16,0.917788173776686,0.8571428571428571,1.0,0.8561989105457116,0.7142857142857143,1.0,0.061589263230974356,0.1428571428571428,0.0
xgb,42712,frisbee asend,12,0.6989791369461095,0.75,1.0,0.81610227609607,0.875,1.0,-0.11712313914996053,-0.125,0.0
xgb,42797,frostfire pest repeller,40,0.7813935883939966,0.2631578947368421,1.0,0.7625558606247879,0.2631578947368421,1.0,0.01883772776920878,0.0,0.0
xgb,42830,frozen couch for toddler,16,0.8263122278235459,0.6428571428571429,1.0,0.8117097505335111,0.6428571428571429,1.0,0.014602477290034721,0.0,0.0
xgb,42838,frozen fried onions,16,0.84860265890399,0.8,1.0,0.8553475075669356,0.8,1.0,-0.006744848662945557,0.0,0.0
xgb,42856,frozen theme,16,0.9684038785434832,0.625,1.0,0.9684038785434832,0.625,1.0,0.0,0.0,0.0
xgb,42895,fruit of the loom womens waffle knit thermal pants,16,0.8246057428445466,0.8,1.0,0.8304519074988383,0.8,1.0,-0.0058461646542917745,0.0,0.0
xgb,42916,frye boots women 12,16,0.8802402709171557,0.625,1.0,0.877498822220854,0.625,1.0,0.0027414486963017737,0.0,0.0
xgb,42999,fuji white paint,40,0.9768562593544076,0.4166666666666667,1.0,0.977915258848537,0.4166666666666667,1.0,-0.0010589994941294645,0.0,0.0
xgb,43006,fujifilm instax mini 11 accessories bundle without camera,16,0.6684809267741479,0.5384615384615384,1.0,0.7771351972585528,0.6153846153846154,1.0,-0.1086542704844049,-0.07692307692307698,0.0
xgb,43012,fujifilm sq10,16,0.8901106467690214,0.7777777777777778,1.0,0.8125163012475167,0.5555555555555556,1.0,0.07759434552150468,0.2222222222222222,0.0
xgb,43019,fujimax instax mini 11 film,16,0.8339033546946564,0.625,1.0,0.8063059872961442,0.625,1.0,0.02759736739851215,0.0,0.0
xgb,43103,full size crib,16,0.8128541859186197,0.5714285714285714,1.0,0.7844731467047461,0.5714285714285714,1.0,0.028381039213873582,0.0,0.0
xgb,43506,funko pop ron puking,16,0.7860137352654724,0.8,1.0,0.7860137352654724,0.8,1.0,0.0,0.0,0.0
xgb,43620,furniture,43,0.8800456786592188,0.2222222222222222,1.0,0.7606971932189103,0.2222222222222222,0.3333333333333333,0.11934848544030852,0.0,0.6666666666666667
xgb,43640,furry heads wolf,15,0.8748240388177296,0.6923076923076923,1.0,0.8154722695448358,0.6923076923076923,1.0,0.05935176927289387,0.0,0.0
xgb,43665,fusion ringke iphone 11 pro,16,0.4696694276929514,0.6666666666666666,0.3333333333333333,0.398585979493494,0.5,0.5,0.07108344819945739,0.16666666666666663,-0.16666666666666669
xgb,43717,fuzzy white balls,16,0.901968467346777,0.625,1.0,0.920186381065795,0.625,1.0,-0.01821791371901793,0.0,0.0
xgb,43749,g master 85mm f 1.4,16,0.8697268307711932,0.6666666666666666,1.0,0.8648376219190134,0.6666666666666666,1.0,0.004889208852179805,0.0,0.0
xgb,43762,g star hoodies for men,16,0.737434430837196,0.6153846153846154,1.0,0.6510372723769046,0.5384615384615384,0.5,0.08639715846029139,0.07692307692307698,0.5
xgb,43798,g6a-8e,36,0.6839667223750736,0.2222222222222222,1.0,0.6700144054628698,0.2222222222222222,1.0,0.013952316912203777,0.0,0.0
xgb,43895,gaiter columbia,16,0.4388004275866311,0.2857142857142857,0.3333333333333333,0.579390628417212,0.2857142857142857,1.0,-0.14059020083058088,0.0,-0.6666666666666667
xgb,43984,galaxy s10 case cute,16,0.7479350596733328,0.6363636363636364,1.0,0.7026305163854645,0.6363636363636364,1.0,0.04530454328786837,0.0,0.0
xgb,44045,galaxy s9 samsung screen protector,16,0.8553475075669356,0.8,1.0,0.7778721720600672,0.7,1.0,0.07747533550686836,0.10000000000000009,0.0
xgb,44071,galaxy watch active 2,33,0.8367540081081052,0.2857142857142857,1.0,0.8585157560180571,0.2857142857142857,1.0,-0.02176174790995189,0.0,0.0
xgb,44099,gallon high build primer,16,0.9431772909673255,0.625,1.0,0.8991652295919679,0.625,1.0,0.044012061375357625,0.0,0.0
xgb,44100,gallon jug cleaner bottle,16,0.46492087074634947,0.625,0.5,0.4919879409754334,0.625,0.5,-0.027067070229083945,0.0,0.0
xgb,44138,game mono,16,0.9726965299149881,0.625,1.0,0.9832623809009362,0.625,1.0,-0.010565850985948089,0.0,0.0
xgb,44170,gamecube pokemon games,16,0.5854288021612751,0.5555555555555556,1.0,0.6550133728234498,0.6666666666666666,1.0,-0.06958457066217472,-0.11111111111111105,0.0
xgb,44228,gaming charging cases,16,0.8219948322599153,0.7,1.0,0.6134929224229594,0.6,0.5,0.20850190983695593,0.09999999999999998,0.5
xgb,44310,ganesh bracelet,16,0.9494126029739882,0.625,1.0,0.8955717276994197,0.625,1.0,0.05384087527456849,0.0,0.0
xgb,44323,ganz jewelry,16,0.5507013193580136,0.75,0.3333333333333333,0.5923790585752067,0.625,1.0,-0.04167773921719309,0.125,-0.6666666666666667
xgb,44377,garddn of life zinc,16,0.9738672436737749,0.8333333333333334,1.0,0.96331803895032,0.8333333333333334,1.0,0.010549204723454886,0.0,0.0
xgb,44442,gardian clean step indoor,16,0.9100039515781766,0.7692307692307693,1.0,0.926337642007215,0.7692307692307693,1.0,-0.016333690429038428,0.0,0.0
xgb,44653,gay funko pop,16,1.0,0.625,1.0,0.9008636626471188,0.625,1.0,0.09913633735288119,0.0,0.0
xgb,44659,gazebo gutters,40,0.5736899196572438,0.4166666666666667,1.0,0.6772733739526908,0.5,1.0,-0.10358345429544702,-0.08333333333333331,0.0
xgb,44716,gears 5 guide,16,0.8457645775703597,1.0,1.0,0.8310546304521939,1.0,1.0,0.014709947118165867,0.0,0.0
xgb,44738,gel bucket,16,0.9497743143280859,1.0,1.0,0.7919152346471098,1.0,1.0,0.15785907968097612,0.0,0.0
xgb,44886,genesis sega,16,0.9112759072669864,0.8,1.0,0.8426896474540976,0.6,1.0,0.0685862598128888,0.20000000000000007,0.0
xgb,44906,gentleman in moscow book,15,0.7745619181390642,0.6363636363636364,1.0,0.8371099830350944,0.6363636363636364,1.0,-0.06254806489603026,0.0,0.0
xgb,44940,george hw bush biographies,16,0.9292578780090285,0.6666666666666666,1.0,0.9054291485009892,0.6666666666666666,1.0,0.02382872950803927,0.0,0.0
xgb,44963,georgia g cookie cutter,16,0.9634117275431491,0.6666666666666666,1.0,0.9634117275431492,0.6666666666666666,1.0,-1.1102230246251565e-16,0.0,0.0
xgb,45048,gfuel,16,0.7523753810131366,0.5384615384615384,0.5,0.7616047415540466,0.5384615384615384,0.5,-0.009229360540909948,0.0,0.0
xgb,45051,gfw-av-lcd-1,9,0.9782917460822231,1.0,1.0,0.9918291064614978,1.0,1.0,-0.013537360379274666,0.0,0.0
xgb,45071,ghirardelli unsweetened cocoa powder,40,0.9716189607861263,0.2777777777777778,1.0,0.96331803895032,0.2777777777777778,1.0,0.00830092183580633,0.0,0.0
xgb,45104,giant beer pong,16,0.9633632145265492,0.625,1.0,0.9191347743715284,0.625,1.0,0.04422844015502081,0.0,0.0
xgb,45185,gift for 2 year old boy,37,0.9034923372550475,0.25,1.0,0.9556493299547568,0.2777777777777778,1.0,-0.052156992699709304,-0.02777777777777779,0.0
xgb,45197,gift for person who love coffie,16,0.6410457898283654,0.5714285714285714,0.3333333333333333,0.8200685179888282,0.5714285714285714,1.0,-0.17902272816046283,0.0,-0.6666666666666667
xgb,45205,gift ideas for 2 year old girl,16,0.9051835495894204,0.625,1.0,0.8928346125788518,0.625,1.0,0.012348937010568606,0.0,0.0
xgb,45298,gifts under 15 dollars,16,0.7230500268504607,0.7272727272727273,1.0,0.5986105374703116,0.6363636363636364,0.5,0.12443948938014915,0.09090909090909094,0.5
xgb,45325,gildan tee shirts women,40,0.9106020359000185,0.391304347826087,1.0,0.9106020359000184,0.391304347826087,1.0,1.1102230246251565e-16,0.0,0.0
xgb,45340,gillette mach 3 turbo,22,0.9787930706003494,0.47619047619047616,1.0,0.9787930706003494,0.4761904761904761,1.0,0.0,5.551115123125783e-17,0.0
xgb,45427,girl dress brands disney,16,0.8671094425597229,0.7272727272727273,1.0,0.7850680011597214,0.6363636363636364,1.0,0.08204144140000147,0.09090909090909094,0.0
xgb,45428,girl dress yellow tropical,16,0.39064645078486704,0.42857142857142855,1.0,0.5622090015679209,0.5714285714285714,1.0,-0.17156255078305382,-0.14285714285714285,0.0
xgb,45453,girl power pins,16,0.9298741584091643,0.625,1.0,0.9412293725754808,0.625,1.0,-0.011355214166316463,0.0,0.0
xgb,45454,girl power shirt for women,16,0.9863836279089951,0.625,1.0,0.9462009171700264,0.625,1.0,0.04018271073896873,0.0,0.0
xgb,45456,girl rings size 11,16,0.8102079957614985,0.6153846153846154,1.0,0.8898674579172758,0.6923076923076923,1.0,-0.07965946215577735,-0.07692307692307687,0.0
xgb,45457,girl romper 4t,16,0.933745776545611,0.6923076923076923,1.0,0.9305687780632228,0.6923076923076923,1.0,0.0031769984823881714,0.0,0.0
xgb,45529,girls bible cover,16,0.8074566935184655,0.6,1.0,0.8118610591546279,0.6,1.0,-0.004404365636162422,0.0,0.0
xgb,45537,girls book series ages 4,16,0.4177050339668234,0.5555555555555556,0.3333333333333333,0.4838091954740714,0.5555555555555556,0.5,-0.06610416150724802,0.0,-0.16666666666666669
xgb,45548,girls chair,16,0.706993457308443,1.0,1.0,0.9298593499260984,1.0,1.0,-0.22286589261765544,0.0,0.0
xgb,45553,girls clothes 2t 3t,16,0.560342139127653,0.8,0.5,0.3835663673713356,0.4,0.5,0.17677577175631737,0.4,0.0
xgb,45565,girls cowboy boots size 2,16,0.946337780834781,0.625,1.0,0.921477547584267,0.625,1.0,0.024860233250514008,0.0,0.0
xgb,45680,girls size 12 clothes,16,0.6233173655322678,0.5,1.0,0.5614673852131516,0.5,1.0,0.06184998031911615,0.0,0.0
xgb,45691,girls snow pants grey,16,0.7997165398229411,0.6923076923076923,1.0,0.7972534001346965,0.6923076923076923,1.0,0.002463139688244631,0.0,0.0
xgb,45702,girls sz 12 pajamas,16,0.24630238874072996,0.25,0.5,0.1951900249960508,0.25,0.3333333333333333,0.05111236374467917,0.0,0.16666666666666669
xgb,45717,girls underwear hipster size 10,16,0.9088866336713521,0.625,1.0,0.9001759842113441,0.625,1.0,0.008710649460007991,0.0,0.0
xgb,45779,gj5z17a385aa,16,0.44158011035778233,1.0,0.2,0.2184074368181641,0.5,0.1666666666666666,0.22317267353961823,0.5,0.03333333333333341
xgb,45820,glass blocks for crafts with hole,16,0.4991344453081229,0.6666666666666666,0.25,0.4412799965179907,0.5555555555555556,0.3333333333333333,0.057854448790132185,0.11111111111111105,-0.08333333333333331
xgb,45839,glass cosmetic storage box,14,0.9702075805162398,0.7142857142857143,1.0,0.9678575613741008,0.7142857142857143,1.0,0.0023500191421389482,0.0,0.0
xgb,45875,glass jar without lid,40,0.5322264314340038,0.21875,1.0,0.7141087768991377,0.3125,1.0,-0.18188234546513382,-0.09375,0.0
xgb,45954,gleamin face mask,32,0.826603593831951,0.3103448275862069,1.0,0.8262020706034737,0.2758620689655172,1.0,0.00040152322847730737,0.034482758620689724,0.0
xgb,46047,glossy shopping bag black,16,0.8886495184452615,0.625,1.0,0.9242792750602506,0.625,1.0,-0.03562975661498913,0.0,0.0
xgb,46092,glowforge plus 3d laser printer,16,0.914856882358379,0.75,1.0,0.8263333286520081,0.6666666666666666,1.0,0.08852355370637088,0.08333333333333337,0.0
xgb,46100,glucometer,16,0.8947141692973658,0.625,1.0,0.8983460229640208,0.625,1.0,-0.0036318536666549717,0.0,0.0
xgb,46150,gm running boards,40,0.8083367573132526,0.23684210526315788,1.0,0.828785732989734,0.2368421052631578,1.0,-0.020448975676481407,8.326672684688674e-17,0.0
xgb,46165,gnat sticks,16,1.0,0.625,1.0,0.95334971629609,0.625,1.0,0.04665028370391,0.0,0.0
xgb,46178,gnc+q10,16,1.0,0.6666666666666666,1.0,0.9849094998054998,0.6666666666666666,1.0,0.0150905001945002,0.0,0.0
xgb,46287,godzilla kotm blu ray,15,0.8812510472235456,0.6666666666666666,1.0,0.8699317242688046,0.6666666666666666,1.0,0.011319322954741029,0.0,0.0
xgb,46294,goerge forman outdoor grill,16,0.8739084648706551,0.5714285714285714,1.0,0.7985960177921765,0.5714285714285714,1.0,0.07531244707847862,0.0,0.0
xgb,46305,goggles without nose cover,40,0.8069708291938804,0.3103448275862069,1.0,0.72683131672787,0.2758620689655172,1.0,0.08013951246601037,0.034482758620689724,0.0
xgb,46474,gold ring for wedding,40,0.9716189607861263,0.2631578947368421,1.0,0.8366829154266588,0.2368421052631578,1.0,0.13493604535946746,0.026315789473684292,0.0
xgb,46477,gold rush season 9,16,0.7013202833061228,0.5454545454545454,1.0,0.6192941892776959,0.4545454545454545,1.0,0.08202609402842698,0.09090909090909094,0.0
xgb,46493,gold slave for 15 years,16,0.5,1.0,0.3333333333333333,0.5,1.0,0.3333333333333333,0.0,0.0,0.0
xgb,46504,gold stud 1.5,40,0.8703397168327673,0.2631578947368421,1.0,0.8285719161899242,0.2631578947368421,1.0,0.041767800642843134,0.0,0.0
xgb,46534,gold wireless charging case iphone 7 plus,16,0.6627103485008126,0.6666666666666666,1.0,0.6493962285839425,0.6666666666666666,1.0,0.013314119916870037,0.0,0.0
xgb,46537,golden apple pear gfuel,40,0.7233275953626664,0.2647058823529412,1.0,0.645169387784748,0.2058823529411764,1.0,0.07815820757791847,0.058823529411764774,0.0
xgb,46670,good guy action figure,16,0.8666438758772342,0.6666666666666666,1.0,0.888662825343017,0.6666666666666666,1.0,-0.022018949465782756,0.0,0.0
xgb,46697,goodnfun dog treats,16,0.822619718826713,0.625,1.0,0.8192119948599884,0.625,1.0,0.0034077239667246184,0.0,0.0
xgb,46699,goodnights pads for bed,16,0.9042362929039349,0.625,1.0,0.9042362929039348,0.625,1.0,1.1102230246251565e-16,0.0,0.0
xgb,46755,googles for toddlers,16,0.7746387002201613,0.75,1.0,0.6747227042622008,0.75,1.0,0.09991599595796052,0.0,0.0
xgb,46824,gorilla grip premium bathroom peva shower curtain liner,16,0.759974948628758,0.4,1.0,0.7861394068985358,0.7,0.5,-0.026164458269777757,-0.29999999999999993,0.5
xgb,46896,gothic necklace,16,0.9659714937294979,0.7142857142857143,1.0,0.9507308602955804,0.7142857142857143,1.0,0.015240633433917461,0.0,0.0
xgb,46916,gourmia digital french door air fryer toaster oven,16,0.9921086444723337,0.6666666666666666,1.0,0.9527249050549412,0.6666666666666666,1.0,0.03938373941739248,0.0,0.0
xgb,46938,gps compass,16,0.9213532959274785,0.6923076923076923,1.0,0.8231298306614854,0.6923076923076923,0.5,0.09822346526599313,0.0,0.5
xgb,46986,graco snug ride,16,0.8924750506122975,0.6923076923076923,1.0,0.8440930308614619,0.6153846153846154,1.0,0.04838201975083556,0.07692307692307687,0.0
xgb,47006,graffiti spray paint,16,0.7748738868226045,0.6153846153846154,0.5,0.92663607790064,0.6923076923076923,1.0,-0.15176219107803546,-0.07692307692307687,-0.5
xgb,47016,gralab timers,43,0.8532721558012799,0.21951219512195122,0.5,0.7779575771397634,0.2195121951219512,1.0,0.07531457866151647,2.7755575615628914e-17,-0.5
xgb,47036,grand tour,23,0.830711679124832,0.5,1.0,0.8519186085244826,0.5,1.0,-0.02120692939965063,0.0,0.0
xgb,47065,granja de zenon percheron,16,0.9747429528567877,1.0,1.0,0.9519709359886503,1.0,1.0,0.022772016868137346,0.0,0.0
xgb,47092,grapes green seedless,40,0.8467608677255206,0.391304347826087,1.0,0.8490578628260984,0.391304347826087,1.0,-0.002296995100577792,0.0,0.0
xgb,47100,graph paper roll large,16,0.945837011841976,0.625,1.0,0.9744524468944666,0.625,1.0,-0.028615435052490645,0.0,0.0
xgb,47103,graphene power bank,16,0.9320739411743278,0.625,1.0,0.9320739411743278,0.625,1.0,0.0,0.0,0.0
xgb,47110,graphic tees for men,16,0.9132354711554559,0.6,1.0,0.9092911358458244,0.6,1.0,0.003944335309631453,0.0,0.0
xgb,47143,grateful i'm not dead stickers,40,0.5950288420428619,0.21428571428571427,1.0,0.6523266852056299,0.3214285714285714,0.5,-0.05729784316276798,-0.10714285714285712,0.5
xgb,47158,grave flowers,14,0.9363792118010482,0.9,1.0,0.9363792118010482,0.9,1.0,0.0,0.0,0.0
xgb,47179,gray and white striped pillow cover,16,0.7194164376490378,0.6,1.0,0.7930303205235864,0.6,1.0,-0.07361388287454851,0.0,0.0
xgb,47201,gray masking tape,16,0.96331803895032,0.625,1.0,0.96331803895032,0.625,1.0,0.0,0.0,0.0
xgb,47215,gray teal beach towel,16,0.9504318313235595,0.6666666666666666,1.0,0.9435593591982604,0.6666666666666666,1.0,0.006872472125299067,0.0,0.0
xgb,47271,green and white striped shirt,39,0.7541405878574092,0.2571428571428571,1.0,0.7469441475408538,0.2571428571428571,1.0,0.007196440316555419,0.0,0.0
xgb,47273,green apple suave,16,0.3641330332618806,0.5714285714285714,0.2,0.5955163178801943,0.8571428571428571,0.3333333333333333,-0.2313832846183137,-0.2857142857142857,-0.1333333333333333
xgb,47282,green bay packers toddler apparel,40,0.8996972507513682,0.3103448275862069,1.0,0.9388633982505332,0.3448275862068966,1.0,-0.03916614749916503,-0.03448275862068967,0.0
xgb,47311,green gas blowback airsoft pistols,16,0.9008636626471187,0.625,1.0,0.9008636626471188,0.625,1.0,-1.1102230246251565e-16,0.0,0.0
xgb,47318,green insoles for women,16,0.8866079878312831,0.7142857142857143,1.0,0.9442176371562488,0.7142857142857143,1.0,-0.057609649324965706,0.0,0.0
xgb,47367,green spray cleaner,16,0.9923932036942882,0.625,1.0,0.957804799346722,0.625,1.0,0.03458840434756616,0.0,0.0
xgb,47370,green stretch cord,16,0.9402207153229555,0.75,1.0,0.8712571012584615,0.75,1.0,0.06896361406449403,0.0,0.0
xgb,47397,green yankees cap,40,0.9006575672925828,0.25,1.0,0.9168790986840172,0.25,1.0,-0.01622153139143434,0.0,0.0
xgb,47398,green yeti water bottle,16,0.9938203652479539,0.625,1.0,0.932524804969626,0.625,1.0,0.06129556027832794,0.0,0.0
xgb,47469,grey crib with changing table,16,0.8809745078012027,0.7142857142857143,1.0,0.8359272137464643,0.6428571428571429,1.0,0.045047294054738396,0.0714285714285714,0.0
xgb,47471,grey desl,16,0.8945499292551465,0.6428571428571429,1.0,0.8036794801514933,0.5714285714285714,1.0,0.09087044910365327,0.07142857142857151,0.0
xgb,47514,grey with white fleece hoodie teens,16,0.9008636626471187,0.6666666666666666,1.0,1.0,0.6666666666666666,1.0,-0.0991363373528813,0.0,0.0
xgb,47535,griddle conditioner,16,0.9477344873475498,0.6428571428571429,1.0,0.8650111786183293,0.5714285714285714,1.0,0.08272330872922051,0.07142857142857151,0.0
xgb,47565,grill pik up,16,0.7099064706384516,0.8571428571428571,0.5,0.6306445976766599,0.7142857142857143,0.5,0.07926187296179166,0.1428571428571428,0.0
xgb,47620,griswold family christmas dvd,16,0.6715103685449597,0.75,0.25,0.7683645980045127,1.0,0.25,-0.09685422945955302,-0.25,0.0
xgb,47625,grizzly wintergreen long cut,40,0.7129541479578516,0.3448275862068966,1.0,0.6718466461962807,0.3103448275862069,1.0,0.041107501761570964,0.03448275862068967,0.0
xgb,47670,groot lunch box,16,0.8788862375801427,0.625,1.0,0.8713689875596979,0.625,1.0,0.007517250020444788,0.0,0.0
xgb,47684,grounding shoes,16,0.6052262984896798,0.5,0.25,0.551639117118362,0.5,0.2,0.053587181371317794,0.0,0.04999999999999999
xgb,47700,grower not a shower,29,0.13012668333070057,0.25,0.14285714285714285,0.1301266833307005,0.25,0.1428571428571428,8.326672684688674e-17,0.0,5.551115123125783e-17
xgb,47701,growing older but not up,39,0.9132354711554559,0.75,1.0,0.9106020359000184,0.75,1.0,0.0026334352554374663,0.0,0.0
xgb,47709,grsy car pint,16,0.7510916729774054,0.5714285714285714,1.0,0.7510916729774054,0.5714285714285714,1.0,0.0,0.0,0.0
xgb,47740,gstring for women,16,0.9040799680171638,0.625,1.0,0.8816129094778916,0.625,1.0,0.022467058539272222,0.0,0.0
xgb,47814,guarage storage wars,16,0.0,0.0,0.07692307692307693,0.0,0.0,0.0625,0.0,0.0,0.014423076923076927
xgb,47970,guitar neck ties for men,16,0.9684038785434832,0.8333333333333334,1.0,0.9738672436737748,0.8333333333333334,1.0,-0.005463365130291553,0.0,0.0
xgb,48112,gx470 car cover,16,0.6780463491237698,1.0,0.3333333333333333,0.5383966291616095,0.8571428571428571,0.25,0.13964971996216036,0.1428571428571429,0.08333333333333331
xgb,48137,gym stuff that will help you lose weight,16,0.6849632151765594,0.5714285714285714,0.5,0.6607309185997647,0.5714285714285714,0.3333333333333333,0.02423229657679471,0.0,0.16666666666666669
xgb,48333,hair dye for dry scalp,16,0.4251054180898911,0.5,0.5,0.4549878023222048,0.625,0.3333333333333333,-0.029882384232313708,-0.125,0.16666666666666669
xgb,48345,hair filler,16,1.0,0.6666666666666666,1.0,1.0,0.6666666666666666,1.0,0.0,0.0,0.0
xgb,48351,hair goal lol,16,0.8563660371005849,0.625,1.0,0.8898144420191838,0.625,1.0,-0.033448404918598906,0.0,0.0
xgb,48364,hair loss products,16,0.926390478989071,0.625,1.0,0.9063728329829396,0.625,1.0,0.02001764600613143,0.0,0.0
xgb,48368,hair mask shine,16,0.8967837570291254,0.625,1.0,0.9483165558221784,0.625,1.0,-0.05153279879305306,0.0,0.0
xgb,48448,hairobics,16,0.8988252059479764,0.5714285714285714,1.0,0.8756814653023841,0.5714285714285714,1.0,0.023143740645592326,0.0,0.0
xgb,48523,hallmark tv movies,16,0.4954200231028766,0.8333333333333334,0.25,0.660103354439143,1.0,0.3333333333333333,-0.16468333133626645,-0.16666666666666663,-0.08333333333333331
xgb,48540,halloween candy,43,0.8611375561264455,0.2727272727272727,1.0,0.7799082337019199,0.2727272727272727,0.5,0.08122932242452563,0.0,0.5
xgb,48565,halloween coustume disney duo,15,0.7534343532059864,0.7,1.0,0.7155054623097976,0.6,1.0,0.03792889089618878,0.09999999999999998,0.0
xgb,48638,halloween serving decor,16,0.9432379215722527,0.6,1.0,0.9074250374176304,0.6,1.0,0.03581288415462236,0.0,0.0
xgb,48652,halloween treats bulk,39,0.7286362013482521,0.2608695652173913,1.0,0.7084379822149558,0.2608695652173913,1.0,0.020198219133296336,0.0,0.0
xgb,48656,halloween web gun,16,0.8097181687936961,1.0,1.0,0.8869322264724173,1.0,1.0,-0.07721405767872125,0.0,0.0
xgb,48842,hand limb trimmer,16,0.9468817998296742,0.625,1.0,0.9468817998296742,0.625,1.0,0.0,0.0,0.0
xgb,48875,hand swelling reducer,16,0.7045057227504283,1.0,0.5,0.5143371794949736,0.75,0.3333333333333333,0.19016854325545474,0.25,0.16666666666666669
xgb,48916,handheld nintendo game system,16,0.9537125187088152,0.625,1.0,0.9537125187088152,0.625,1.0,0.0,0.0,0.0
xgb,48957,handson bathing/grooming/sheddinggloves,40,0.7837324139117618,0.21212121212121213,1.0,0.6567897135155385,0.1515151515151515,1.0,0.12694270039622335,0.060606060606060635,0.0
xgb,49064,hanging shelves without nails,39,0.9494126029739882,0.2631578947368421,1.0,0.941233297798857,0.2631578947368421,1.0,0.008179305175131213,0.0,0.0
xgb,49086,hanna 713 po4,13,0.7298005670670283,0.8888888888888888,0.5,0.7298005670670283,0.8888888888888888,0.5,0.0,0.0,0.0
xgb,49130,happy birthday bear,16,0.8597408875863228,1.0,1.0,0.7946775459209725,1.0,1.0,0.06506334166535033,0.0,0.0
xgb,49155,har clippers,16,1.0,0.625,1.0,1.0,0.625,1.0,0.0,0.0,0.0
xgb,49212,hardtop luggage carrier for top of car,16,0.8445293798418667,0.625,1.0,0.8100445218331705,0.625,1.0,0.03448485800869616,0.0,0.0
xgb,49240,harley and the davidsons,16,0.8435500063697146,0.6,1.0,0.9307066738505996,0.6666666666666666,1.0,-0.08715666748088502,-0.06666666666666665,0.0
xgb,49267,harley quinn and joker legos,16,0.8880156958269811,0.625,1.0,0.8478333285894862,0.625,1.0,0.04018236723749491,0.0,0.0
xgb,49272,harley quinn inflatable mallet,16,0.8622915293422492,0.8333333333333334,1.0,0.8045564737871913,0.8333333333333334,1.0,0.05773505555505787,0.0,0.0
xgb,49321,harry potter baby stuff,13,0.9726847195515911,0.7692307692307693,1.0,0.9715777996455636,0.7692307692307693,1.0,0.0011069199060275148,0.0,0.0
xgb,49338,harry potter favor bags,14,0.9368640728450347,1.0,1.0,0.8568283711899702,0.8571428571428571,1.0,0.08003570165506446,0.1428571428571429,0.0
xgb,49429,hat mountain hardware,16,0.9473635789834091,0.7142857142857143,1.0,0.9473635789834092,0.7142857142857143,1.0,-1.1102230246251565e-16,0.0,0.0
xgb,49441,hatchets and axes,16,1.0,0.625,1.0,1.0,0.625,1.0,0.0,0.0,0.0
xgb,49492,hawaiian leis 8 pack,16,0.9161019652292043,0.625,1.0,0.9239166642947432,0.625,1.0,-0.007814699065538888,0.0,0.0
xgb,49572,hdd nividea pro,16,0.6529085680869966,0.5555555555555556,1.0,0.602665644618543,0.4444444444444444,1.0,0.050242923468453604,0.11111111111111116,0.0
xgb,49645,hds 9 gen 3,16,0.5721511031159687,0.6,1.0,0.512562939996334,0.6,0.5,0.059588163119634774,0.0,0.5
xgb,49829,heart boxers for men cotton,16,0.8576720045041812,0.625,1.0,0.8477875946111861,0.625,1.0,0.009884409892995105,0.0,0.0
xgb,49834,heart locket choker,16,0.9054291485009893,0.625,1.0,0.9034923372550476,0.625,1.0,0.0019368112459416942,0.0,0.0
xgb,49963,heavy bag stand slip,16,0.11634650273393563,0.25,0.16666666666666666,0.2060780157042758,0.25,0.5,-0.08973151297034018,0.0,-0.33333333333333337
xgb,49984,heavy duty flag pole,13,0.8553888837640676,0.75,0.5,0.8516267766764105,0.75,0.5,0.0037621070876571183,0.0,0.0
xgb,49995,heavy duty mouth guard,16,0.966935622140074,0.625,1.0,0.916124010793066,0.625,1.0,0.05081161134700796,0.0,0.0
xgb,49997,heavy duty outdoor extension cord 10 gauge,16,0.9223766464229698,0.625,1.0,0.9419125000550158,0.625,1.0,-0.01953585363204602,0.0,0.0
xgb,50095,helen butler,16,0.4011088743548755,0.4,0.5,0.0683487586113983,0.2,0.1,0.3327601157434772,0.2,0.4
xgb,50134,hello kitty nevk pillow,16,0.9974614508982592,0.6666666666666666,1.0,0.9738050896605512,0.6666666666666666,1.0,0.02365636123770798,0.0,0.0
xgb,50141,hello mirror,15,0.9772274824155974,0.6666666666666666,1.0,0.9772274824155974,0.6666666666666666,1.0,0.0,0.0,0.0
xgb,50183,hemp coffee,16,0.769926001366063,0.8,0.5,0.6259907989386305,0.6,0.25,0.14393520242743252,0.20000000000000007,0.25
xgb,50396,hi vis windbreakerwomen,16,0.4364799060677963,0.5714285714285714,0.3333333333333333,0.5078586807642304,0.7142857142857143,0.3333333333333333,-0.07137877469643406,-0.1428571428571429,0.0
xgb,50490,high frame rate camera,11,0.8695549180400004,0.9,1.0,0.9691563988333308,1.0,1.0,-0.09960148079333042,-0.09999999999999998,0.0
xgb,50528,high school english,40,0.8579809428223729,0.4,1.0,0.837993815480853,0.45,1.0,0.01998712734151986,-0.04999999999999999,0.0
xgb,50531,high school textbooks,16,0.9607076344908267,0.625,1.0,0.9695992761997816,0.625,1.0,-0.008891641708954845,0.0,0.0
xgb,50562,high waisted bikini women pink,16,0.9464620324915696,0.625,1.0,0.9407560442099592,0.625,1.0,0.005705988281610397,0.0,0.0
xgb,50578,high waisted thong bikini,16,0.9413297249954465,0.625,1.0,0.9268280819742156,0.625,1.0,0.014501643021230914,0.0,0.0
xgb,50605,highwaisted white jeans,40,0.9768562593544076,0.25,1.0,0.9787930706003494,0.25,1.0,-0.0019368112459418052,0.0,0.0
xgb,50616,hiking cart,16,0.6970818906816967,0.5384615384615384,0.3333333333333333,0.6647485864103929,0.5384615384615384,0.25,0.032333304271303764,0.0,0.08333333333333331
xgb,50702,hippie tshirts for women,16,0.9202981605027932,0.6666666666666666,1.0,0.8621868485261202,0.6,1.0,0.058111311976673075,0.06666666666666665,0.0
xgb,50741,history of the piano,16,1.0,0.625,1.0,0.9877841797012168,0.625,1.0,0.012215820298783209,0.0,0.0
xgb,50743,history of western philosophy russell,16,0.9811968030800481,0.625,1.0,0.9554289676024136,0.625,1.0,0.025767835477634504,0.0,0.0
xgb,50876,holiday romance collection movie 10 pack,16,0.9576381979632106,0.625,1.0,0.9583192114463438,0.625,1.0,-0.0006810134831332082,0.0,0.0
xgb,50912,holocaust fiction books,16,0.9438661545147248,1.0,1.0,0.9349366583346496,1.0,1.0,0.008929496180075214,0.0,0.0
xgb,50915,holographic,31,1.0,0.35714285714285715,1.0,0.7799082337019199,0.3214285714285714,0.5,0.22009176629808014,0.035714285714285754,0.5
xgb,50919,holographic hoodie,16,0.9813162632348015,0.625,1.0,1.0,0.625,1.0,-0.018683736765198522,0.0,0.0
xgb,50934,holster for taurus g2s 9mm,16,0.9008636626471187,0.625,1.0,0.9295204907858208,0.625,1.0,-0.028656828138702073,0.0,0.0
xgb,50940,holt mcdougal geometry textbook,16,0.9074318324770688,0.625,1.0,0.9074318324770688,0.625,1.0,0.0,0.0,0.0
xgb,51047,homecoming dresses,26,0.971004045628903,0.38461538461538464,1.0,0.92880709458425,0.3846153846153846,1.0,0.04219695104465293,5.551115123125783e-17,0.0
xgb,51062,homemade ice cream maker ball,16,0.9634117275431491,0.6666666666666666,1.0,0.9634117275431492,0.6666666666666666,1.0,-1.1102230246251565e-16,0.0,0.0
xgb,51097,honda fit key,13,0.8286067471299078,0.6666666666666666,1.0,0.7765402189214732,0.6666666666666666,1.0,0.052066528208434604,0.0,0.0
xgb,51136,honest diapers size 1 boy,16,0.9630280087714618,0.6666666666666666,1.0,0.9471863502717376,0.6666666666666666,1.0,0.015841658499724187,0.0,0.0
xgb,51149,honey crop top yellow,16,0.9394530327586393,0.625,1.0,0.9394530327586392,0.625,1.0,1.1102230246251565e-16,0.0,0.0
xgb,51172,honeywell lyric t5,16,0.9468817998296742,0.625,1.0,0.9877841797012168,0.625,1.0,-0.04090237987154255,0.0,0.0
xgb,51224,hoodies with thumb holes for teen girls,16,0.9082616141367374,0.6428571428571429,1.0,0.9169130043419456,0.7142857142857143,1.0,-0.00865139020520811,-0.0714285714285714,0.0
xgb,51252,hoot,16,0.9096940593505204,0.9,1.0,0.9216959970259644,0.9,1.0,-0.012001937675443997,0.0,0.0
xgb,51263,hope in the dark craig groeschel,16,0.6420419620626955,0.75,0.5,0.6426881113894501,0.75,0.5,-0.0006461493267546636,0.0,0.0
xgb,51269,hoppes bore snake 9mm pistol,40,0.7789161350489462,0.2857142857142857,1.0,0.7807991421616667,0.2857142857142857,1.0,-0.0018830071127204917,0.0,0.0
xgb,51337,horse wine charms,16,0.837440581615055,0.7272727272727273,1.0,0.8600809182724215,0.7272727272727273,1.0,-0.022640336657366533,0.0,0.0
xgb,51361,hospital bed,16,0.873049727919016,0.8333333333333334,1.0,0.8565236477223027,0.8333333333333334,1.0,0.01652608019671331,0.0,0.0
xgb,51410,hot logic mini,10,0.9902867315621451,1.0,1.0,0.9707623163524256,1.0,1.0,0.01952441520971948,0.0,0.0
xgb,51456,hot tub rug outdoor,40,0.6607288493197454,0.2692307692307692,1.0,0.6974280989176507,0.2692307692307692,1.0,-0.03669924959790527,0.0,0.0
xgb,51470,hot wheels 50 pack,16,0.9317219174938032,0.625,1.0,0.9188159099299588,0.625,1.0,0.012906007563844413,0.0,0.0
xgb,51533,house plant bug strips,16,0.3853585682515056,0.5,0.5,0.2900757977385809,0.5,0.2,0.09528277051292472,0.0,0.3
xgb,51548,household rough plumbing valves,41,0.914856882358379,0.3,1.0,0.9305687780632228,0.3,1.0,-0.01571189570484377,0.0,0.0
xgb,51574,hoverboard plain black,16,1.0,0.625,1.0,0.9755453593002134,0.625,1.0,0.024454640699786645,0.0,0.0
xgb,51594,how not to start third grade,15,0.7860896726740231,0.7,1.0,0.7882228724762924,0.7,1.0,-0.0021331998022693366,0.0,0.0
xgb,51615,how to draw books,16,0.7104770117651426,0.8,0.5,0.6698623505528798,0.8,0.5,0.04061466121226276,0.0,0.0
xgb,51698,hp envy 360 laptop hard shock cover,16,0.9411338959973068,0.625,1.0,0.9411338959973068,0.625,1.0,0.0,0.0,0.0
xgb,51775,hp sublimation printers,16,0.7218793828621913,0.6153846153846154,1.0,0.7509490856160885,0.6153846153846154,1.0,-0.029069702753897197,0.0,0.0
xgb,51794,hpa hand pump,16,0.9045513367491769,0.6428571428571429,1.0,0.9290059774489636,0.6428571428571429,1.0,-0.024454640699786756,0.0,0.0
xgb,51913,hudson jeans red,13,0.8094986929694142,0.8,1.0,0.8254066486208448,0.8,1.0,-0.01590795565143055,0.0,0.0
xgb,51917,hue black leggings,40,0.9768562593544076,0.25,1.0,0.9547715182029446,0.25,1.0,0.022084741151462972,0.0,0.0
xgb,51936,huge erasers,40,0.5058854424219427,0.23076923076923078,0.3333333333333333,0.5278432933752527,0.2307692307692307,0.5,-0.021957850953310043,8.326672684688674e-17,-0.16666666666666669
xgb,51940,huge stainless steel bowl,16,1.0,0.625,1.0,0.9768562593544076,0.625,1.0,0.023143740645592437,0.0,0.0
xgb,51952,huggies overnites,16,0.9684038785434832,0.625,1.0,0.96331803895032,0.625,1.0,0.005085839593163222,0.0,0.0
xgb,51958,hugh grant,16,0.8713843261128736,0.6666666666666666,1.0,0.9496558583709696,0.6666666666666666,1.0,-0.07827153225809591,0.0,0.0
xgb,51987,hulk slippers for boys,16,0.8938890942759699,0.8181818181818182,1.0,0.8808432522385016,0.8181818181818182,1.0,0.01304584203746828,0.0,0.0
xgb,52020,humanrace shoes men,16,0.7888291713538192,0.625,1.0,0.82787029914062,0.625,1.0,-0.0390411277868008,0.0,0.0
xgb,52034,humidifier without filter,41,0.8971470903215379,0.23684210526315788,1.0,0.9168790986840172,0.2631578947368421,1.0,-0.019732008362479236,-0.02631578947368421,0.0
xgb,52067,humphrey books 2,16,0.7040011776859079,0.5,0.5,0.8694642314741197,0.75,1.0,-0.1654630537882118,-0.25,-0.5
xgb,52094,hunter decor,16,0.8955717276994197,0.625,1.0,0.8928346125788518,0.625,1.0,0.0027371151205679567,0.0,0.0
xgb,52120,hunting flag,15,0.801026988234075,0.8,1.0,0.8482792747710087,0.8,1.0,-0.047252286536933696,0.0,0.0
xgb,52153,hush puppies chukka boots for boys,13,0.7373866539800873,0.75,1.0,0.7690897544820742,0.75,1.0,-0.03170310050198688,0.0,0.0
xgb,52157,husky party supplies,16,0.9204047770013025,0.625,1.0,0.9040852948656428,0.625,1.0,0.016319482135659702,0.0,0.0
xgb,52169,husqvarna 322l,16,0.7371320423220403,0.42857142857142855,1.0,0.8381647708701108,0.8571428571428571,1.0,-0.10103272854807044,-0.42857142857142855,0.0
xgb,52203,hybrid mattress queen,16,0.8810403805313404,0.625,1.0,0.8434147349997103,0.625,1.0,0.03762564553163006,0.0,0.0
xgb,52251,hydro flask straw lid 24 oz,16,0.7582101064791311,0.5384615384615384,1.0,0.8829703967178437,0.6923076923076923,1.0,-0.1247602902387126,-0.15384615384615385,0.0
xgb,52267,hydroflask 16oz,16,0.871525302027581,0.625,1.0,0.8599907066845038,0.625,1.0,0.011534595343077214,0.0,0.0
xgb,52269,hydroflask 32oz,16,0.7424366633463945,0.7272727272727273,0.5,0.730576768602281,0.6363636363636364,0.5,0.01185989474411342,0.09090909090909094,0.0
xgb,52274,hydroflask straw lid wide mouth,13,0.9273278618225252,0.7692307692307693,1.0,0.942271122217258,0.7692307692307693,1.0,-0.014943260394732705,0.0,0.0
xgb,52323,hypotherm plasma cutter,40,0.6382856274527929,0.34615384615384615,1.0,0.664296767118343,0.3461538461538461,1.0,-0.02601113966555002,5.551115123125783e-17,0.0
xgb,52331,hytro flask lids,15,0.9087745444994653,0.6666666666666666,1.0,0.8837780904947264,0.6666666666666666,1.0,0.02499645400473882,0.0,0.0
xgb,52356,i am not sick i dont need help,16,0.822556290347192,0.6363636363636364,1.0,0.8705913462855331,0.7272727272727273,1.0,-0.04803505593834112,-0.09090909090909094,0.0
xgb,52372,i cant imagine my life without you,16,0.8200685179888282,0.6153846153846154,1.0,0.8389574121760602,0.6153846153846154,1.0,-0.018888894187232053,0.0,0.0
xgb,52401,i life robot vacuum filters,16,0.9341774609125255,0.7692307692307693,1.0,0.8364101656632801,0.6923076923076923,1.0,0.09776729524924543,0.07692307692307698,0.0
xgb,52426,i monopoly board game prime 5 age and above,16,0.7917267193679839,0.7,1.0,0.6816604510406281,0.7,1.0,0.11006626832735578,0.0,0.0
xgb,52449,i phone xs small lens,16,0.6118311880345149,0.6363636363636364,0.5,0.7886749022714504,0.7272727272727273,1.0,-0.17684371423693557,-0.09090909090909094,-0.5
xgb,52457,i pinsp,16,0.8120705141032581,0.625,1.0,0.822619718826713,0.625,1.0,-0.010549204723454886,0.0,0.0
xgb,52475,i touch smartwatch women,16,0.9494126029739882,0.7142857142857143,1.0,0.9031251216828032,0.6428571428571429,1.0,0.046287481291184984,0.0714285714285714,0.0
xgb,52500,i'm mirror for car,16,0.5063209639325834,0.6,0.5,0.4165669464423479,0.5,0.5,0.08975401749023554,0.09999999999999998,0.0
xgb,52561,ibd subscriptions,16,1.0,1.0,1.0,0.8772153153380493,1.0,1.0,0.1227846846619507,0.0,0.0
xgb,52563,ibiyaya doggie stroller lite,16,0.9313091866017607,0.625,1.0,0.8504837184998835,0.625,1.0,0.08082546810187718,0.0,0.0
xgb,52610,ice fishing,16,0.8899541168509599,0.75,1.0,0.8899541168509599,0.75,1.0,0.0,0.0,0.0
xgb,52631,ice necklace for men,16,0.9084840369117598,0.625,1.0,0.9104208481577016,0.625,1.0,-0.0019368112459418052,0.0,0.0
xgb,52712,if animal celebrated christmas,16,0.6961104434337918,0.7142857142857143,1.0,0.7588644258491719,0.7142857142857143,1.0,-0.0627539824153801,0.0,0.0
xgb,52719,if only night would not come,39,0.38685280723454163,1.0,0.2,0.5,1.0,0.3333333333333333,-0.11314719276545837,0.0,-0.1333333333333333
xgb,52782,ikea wine rack,28,0.9074318324770688,0.35714285714285715,1.0,0.9074318324770688,0.3571428571428571,1.0,0.0,5.551115123125783e-17,0.0
xgb,52798,illumibowl toilet night light,40,0.7896185573795509,0.25,1.0,0.7570294903243268,0.25,1.0,0.03258906705522413,0.0,0.0
xgb,52809,iluminación y ventiladores de techo,31,0.9052116356304494,0.3,1.0,0.9216017310213248,0.3,1.0,-0.016390095390875437,0.0,0.0
xgb,52813,im a big brother book,16,0.9469024295259745,1.0,1.0,0.9469024295259744,1.0,1.0,1.1102230246251565e-16,0.0,0.0
xgb,52879,impact brush kit,16,0.7993363459385803,0.5714285714285714,1.0,0.7802851537812248,0.5714285714285714,1.0,0.019051192157355512,0.0,0.0
xgb,52970,incase macbook air 13 inch case,16,0.9567083294488864,0.625,1.0,0.8751112980411739,0.625,1.0,0.08159703140771246,0.0,0.0
xgb,52989,increase size and girth,16,0.9738050896605512,0.625,1.0,0.9685287252979218,0.625,1.0,0.00527636436262946,0.0,0.0
xgb,52997,incredibles shirt,16,1.0,0.625,1.0,0.9684038785434832,0.625,1.0,0.0315961214565168,0.0,0.0
xgb,53030,indian hair mask,16,0.6848000864165362,0.7,1.0,0.6786157940293479,0.7,1.0,0.006184292387188317,0.0,0.0
xgb,53036,indian motorcycles mens shirts,16,0.9507235030281824,0.625,1.0,0.8958236282594846,0.625,1.0,0.05489987476869784,0.0,0.0
xgb,53053,indie skincare brand,40,0.9768562593544076,0.2702702702702703,1.0,0.9537125187088152,0.2702702702702703,1.0,0.023143740645592326,0.0,0.0
xgb,53061,individual wrapped cookies,16,0.9716189607861263,0.625,1.0,0.9684038785434832,0.625,1.0,0.003215082242643108,0.0,0.0
xgb,53105,indoor vacuum,16,0.74717511215309,0.6153846153846154,1.0,0.7371610681580498,0.5384615384615384,1.0,0.010014043995040134,0.07692307692307698,0.0
xgb,53188,infant seats for sitting up,16,0.8995985677984534,0.625,1.0,0.8873386183910673,0.625,1.0,0.012259949407386062,0.0,0.0
xgb,53197,infant stroller without car seat,16,0.6104847736652398,0.5714285714285714,0.5,0.7037519872515297,0.5714285714285714,1.0,-0.09326721358628987,0.0,-0.5
xgb,53236,infinix not 8,16,0.8991865866283439,0.7142857142857143,1.0,0.9249544221059786,0.7142857142857143,1.0,-0.025767835477634615,0.0,0.0
xgb,53237,infinix zero 8,16,0.8880156958269811,0.625,1.0,0.9150271041437172,0.625,1.0,-0.027011408316736096,0.0,0.0
xgb,53271,inflatable mattress full,16,0.6434428197342043,0.5555555555555556,1.0,0.457491395269709,0.3333333333333333,1.0,0.18595142446449525,0.22222222222222227,0.0
xgb,53276,inflatable pool cover ball,16,0.9765262399458083,0.625,1.0,0.9213360862088388,0.625,1.0,0.05519015373696956,0.0,0.0
xgb,53293,infuser essential oil,16,0.7565116456029652,0.6,1.0,0.9001407370800718,0.6,1.0,-0.14362909147710656,0.0,0.0
xgb,53333,ink pens,16,0.683077161443599,0.8571428571428571,0.5,0.7050451472304174,0.8571428571428571,0.5,-0.021967985786818467,0.0,0.0
xgb,53350,inmate books for men,16,0.9399337652641017,0.625,1.0,0.9361324845935262,0.625,1.0,0.003801280670575502,0.0,0.0
xgb,53419,inspirational tags,16,0.9137164782272058,0.625,1.0,0.8423152781591091,0.625,1.0,0.07140120006809669,0.0,0.0
xgb,53421,inspire fit hr,16,0.6817492843866348,0.5,0.14285714285714285,0.6319042956133433,0.25,0.1,0.049844988773291576,0.25,0.042857142857142844
xgb,53422,inspire hr,16,0.7020660762752023,0.4,0.3333333333333333,0.664874311387454,0.6,0.125,0.037191764887748335,-0.19999999999999996,0.20833333333333331
xgb,53450,instant pot,67,0.8532721558012799,0.15254237288135594,0.5,0.841610994396208,0.1186440677966101,1.0,0.011661161405071896,0.03389830508474584,-0.5
xgb,53460,instant pot duo plus 3 qt 9-in-1,16,0.9204072649492008,0.6153846153846154,1.0,0.9485284554362357,0.6923076923076923,1.0,-0.028121190487034875,-0.07692307692307687,0.0
xgb,53465,instant pot ultra 8 quart,16,0.6398382902506572,0.5,0.2,0.688207196202708,0.6666666666666666,0.2,-0.04836890595205079,-0.16666666666666663,0.0
xgb,53469,instant rice,16,0.8899541168509599,0.6,1.0,0.9052116356304494,0.6,1.0,-0.015257518779489443,0.0,0.0
xgb,53523,insulated lunch bag to keep food warm,16,0.92663607790064,0.625,1.0,0.9537125187088152,0.625,1.0,-0.027076440808175284,0.0,0.0
xgb,53570,intellocatch,16,0.46737911848037356,0.5454545454545454,0.25,0.5309999066793253,0.6363636363636364,0.25,-0.06362078819895173,-0.09090909090909094,0.0
xgb,53631,interstellar,14,0.9674679834891694,1.0,1.0,1.0,1.0,1.0,-0.0325320165108306,0.0,0.0
xgb,53727,iohone x case with card slot and q charge,16,0.3868528072345416,0.5,0.5,0.5,1.0,0.3333333333333333,-0.11314719276545843,-0.5,0.16666666666666669
xgb,53820,ipad air 4th generation case without pencil holder,16,0.6842449568523982,0.6363636363636364,1.0,0.725125087074662,0.7272727272727273,1.0,-0.04088013022226378,-0.09090909090909094,0.0
xgb,53883,ipad mini tripod,16,0.7900799128882461,0.5714285714285714,0.5,0.7900799128882461,0.5714285714285714,0.5,0.0,0.0,0.0
xgb,53890,ipad original,17,0.5175070694434541,0.375,0.14285714285714285,0.5639413646647415,0.5,0.1428571428571428,-0.04643429522128739,-0.125,5.551115123125783e-17
xgb,53919,ipad pro 9.7 survivor case,16,0.9201960976577727,0.6,1.0,0.9841194046311494,0.6666666666666666,1.0,-0.06392330697337678,-0.06666666666666665,0.0
xgb,53962,ipason gaming pc,16,0.9681038083104088,0.625,1.0,1.0,0.625,1.0,-0.031896191689591236,0.0,0.0
xgb,53995,iphone 11 back protector,32,0.9750888375058715,1.0,1.0,0.9842479978850486,1.0,1.0,-0.009159160379177078,0.0,0.0
xgb,53997,iphone 11 black case silicone,16,0.96331803895032,0.625,1.0,0.96331803895032,0.625,1.0,0.0,0.0,0.0
xgb,54006,iphone 11 case otterbox,30,0.7065836017263629,0.2727272727272727,1.0,0.7034066032439746,0.2727272727272727,1.0,0.0031769984823882824,0.0,0.0
xgb,54050,iphone 11 pro burberry case,16,0.6532233220404782,0.8333333333333334,0.5,0.5950889997553631,0.8333333333333334,0.5,0.05813432228511506,0.0,0.0
xgb,54114,iphone 11 to macbook pro cable,16,0.869095450126025,0.6428571428571429,1.0,0.8309448344639071,0.5714285714285714,1.0,0.03815061566211786,0.07142857142857151,0.0
xgb,54128,iphone 4 bands 44mm,15,0.9738672436737749,0.6666666666666666,1.0,0.92663607790064,0.6666666666666666,1.0,0.04723116577313491,0.0,0.0
xgb,54182,iphone 6s case for girls,15,0.941233297798857,0.6666666666666666,1.0,0.9494126029739882,0.6666666666666666,1.0,-0.008179305175131213,0.0,0.0
xgb,54222,iphone 7 case lv,16,0.8848976510021356,0.625,1.0,0.921477547584267,0.625,1.0,-0.036579896582131455,0.0,0.0
xgb,54302,iphone 8 case cucci,16,0.7908635847036076,0.625,1.0,0.8758030819630591,0.625,1.0,-0.08493949725945149,0.0,0.0
xgb,54341,iphone 8 plus case tge giving tree,16,0.9634117275431491,0.7142857142857143,1.0,0.9361767385157804,0.7142857142857143,1.0,0.02723498902736865,0.0,0.0
xgb,54369,iphone 8 silicone case,16,1.0,0.7692307692307693,1.0,0.9363792118010482,0.6923076923076923,1.0,0.06362078819895178,0.07692307692307698,0.0
xgb,54455,iphone handlebar case,16,0.41039156802332444,0.3333333333333333,1.0,0.3501827644973758,0.5,0.3333333333333333,0.06020880352594865,-0.16666666666666669,0.6666666666666667
xgb,54486,iphone pro 11 max screen protector,16,0.9684038785434832,0.625,1.0,0.9234014633084384,0.625,1.0,0.04500241523504478,0.0,0.0
xgb,54498,iphone screen protector 8,15,0.8200685179888282,0.6666666666666666,1.0,0.8572048559638626,0.6666666666666666,1.0,-0.03713633797503446,0.0,0.0
xgb,54555,iphone x not unlocked,17,0.770965203260021,0.6,0.5,0.770965203260021,0.6,0.5,0.0,0.0,0.0
xgb,54613,iphone xr phone case with ring,16,0.8611375561264455,0.6428571428571429,1.0,0.8389574121760602,0.5714285714285714,1.0,0.022180143950385256,0.07142857142857151,0.0
xgb,54623,iphone xr thin case,16,0.9730367401053003,0.625,1.0,0.8506381801193972,0.625,1.0,0.1223985599859031,0.0,0.0
xgb,54626,iphone xr used verizon,16,0.9634117275431491,0.625,1.0,0.9634117275431492,0.625,1.0,-1.1102230246251565e-16,0.0,0.0
xgb,54632,iphone xs,16,0.6967570452073822,0.5555555555555556,0.3333333333333333,0.6867966070290554,0.5555555555555556,0.25,0.009960438178326814,0.0,0.08333333333333331
xgb,54678,iphone xs wallet case compatible with wireless charging,16,0.903872649535226,0.6666666666666666,1.0,0.9262688623283958,0.6666666666666666,1.0,-0.022396212793169834,0.0,0.0
xgb,54785,ipilot trolling motor saltwater,40,0.8349686558372815,0.29411764705882354,1.0,0.9191273815716656,0.2941176470588235,1.0,-0.0841587257343841,5.551115123125783e-17,0.0
xgb,54843,ir air compressor,39,0.911793259090854,0.30303030303030304,1.0,0.8946727408718789,0.303030303030303,1.0,0.01712051821897509,5.551115123125783e-17,0.0
xgb,54853,irestore laser hair growth system,38,0.7597729070933903,0.26666666666666666,1.0,0.7304250685245219,0.3,1.0,0.029347838568868356,-0.033333333333333326,0.0
xgb,55026,issues and ethics in the helping professions 10th edition,16,1.0,0.7692307692307693,1.0,0.993812563697942,0.7692307692307693,1.0,0.00618743630205798,0.0,0.0
xgb,55047,it door welcome mat,16,0.9021081353137309,0.625,1.0,0.9021081353137308,0.625,1.0,1.1102230246251565e-16,0.0,0.0
xgb,55048,it eddies cast,16,1.0,1.0,1.0,1.0,1.0,1.0,0.0,0.0,0.0
xgb,55080,italian cakes from italy,16,0.45037656302618767,0.5,0.5,0.631762523053415,0.6,1.0,-0.1813859600272273,-0.09999999999999998,-0.5
xgb,55086,italian party decorations face props,16,0.9427930190104704,0.625,1.0,0.9681038083104088,0.625,1.0,-0.025310789299938352,0.0,0.0
xgb,55089,italian rug,16,0.9354590973351752,0.625,1.0,0.9394530327586392,0.625,1.0,-0.003993935423464046,0.0,0.0
xgb,55101,items for fathers day,13,0.9700433677407578,0.7692307692307693,1.0,0.9799647310882664,0.7692307692307693,1.0,-0.009921363347508594,0.0,0.0
xgb,55104,items under 5 dollars,16,0.8718020758620798,0.625,1.0,0.9051835495894204,0.625,1.0,-0.03338147372734057,0.0,0.0
xgb,55115,its its ice cream sandwiches,41,0.8413613974086913,0.4090909090909091,1.0,0.6843046481194043,0.3181818181818182,1.0,0.15705674928928703,0.09090909090909094,0.0
xgb,55126,its ok that youre not ok,16,0.7863089846694172,0.7,1.0,0.8677631949399239,0.8,1.0,-0.0814542102705067,-0.10000000000000009,0.0
xgb,55141,iu perfume,40,0.8357460260041473,0.2702702702702703,1.0,0.8628224668123224,0.2702702702702703,1.0,-0.027076440808175173,0.0,0.0
xgb,55149,iv nail lamp kit,40,0.9787930706003494,0.2564102564102564,1.0,0.9537125187088152,0.2564102564102564,1.0,0.02508055189153413,0.0,0.0
xgb,55173,iwachu large iron pot,16,0.9374519351039698,0.6,1.0,0.942686343722596,0.6,1.0,-0.0052344086186261185,0.0,0.0
xgb,55175,iwalk 2.0 hands free crutch,16,0.9170585331205683,1.0,1.0,0.7955514803726979,0.5,1.0,0.12150705274787044,0.5,0.0
xgb,55194,iwatch bands 42mm mens luxury,16,0.946337780834781,0.625,1.0,0.9409870088221952,0.625,1.0,0.005350772012585825,0.0,0.0
xgb,55324,jack skellington figure,16,0.9574269660138689,0.625,1.0,0.9658672137103088,0.625,1.0,-0.008440247696439918,0.0,0.0
xgb,55398,jambusters book,18,0.6900269543833258,0.5454545454545454,1.0,0.7174373341361775,0.6363636363636364,1.0,-0.027410379752851655,-0.09090909090909094,0.0
xgb,55462,japanese,16,1.0,0.625,1.0,0.8839269150077771,0.625,1.0,0.11607308499222291,0.0,0.0
xgb,55479,japanese dashi powder,16,0.9513703327341864,0.625,1.0,0.947419725043356,0.625,1.0,0.003950607690830332,0.0,0.0
xgb,55483,japanese knife pocket,16,0.8982550386867663,0.6,1.0,0.8822854078553969,0.6,1.0,0.015969630831369375,0.0,0.0
xgb,55541,jason bag,16,0.7532383601611261,0.8333333333333334,1.0,0.7887616933979626,0.8333333333333334,1.0,-0.03552333323683654,0.0,0.0
xgb,55572,jaw horse work bench,16,0.8892244693780794,0.6666666666666666,1.0,0.8882588966729918,0.6666666666666666,1.0,0.0009655727050875695,0.0,0.0
xgb,55575,jawku muscle blaster,16,0.6990651920472333,0.5833333333333334,1.0,0.6903761397527753,0.5833333333333334,1.0,0.008689052294457933,0.0,0.0
xgb,55583,jay and silent bob costume,16,0.8952404005075875,0.8181818181818182,1.0,0.8952404005075875,0.8181818181818182,1.0,0.0,0.0,0.0
xgb,55641,jbl wireless pods,16,0.8476190127865311,0.625,1.0,0.8834837172582919,0.625,1.0,-0.03586470447176082,0.0,0.0
xgb,55655,jean dress,16,0.9105149880941525,0.625,1.0,0.9471643200863396,0.625,1.0,-0.036649331992187006,0.0,0.0
xgb,55671,jean-baptiste lully,16,0.8611375561264455,0.75,1.0,0.7799082337019199,0.75,0.5,0.08122932242452563,0.0,0.5
xgb,55673,jeans american eagle for men,45,0.8174842304054264,0.23255813953488372,1.0,0.7884809443629646,0.2325581395348837,1.0,0.02900328604246183,2.7755575615628914e-17,0.0
xgb,55695,jeep 4.0 main and rod bearings .010,8,0.9744096707847364,1.0,1.0,0.9744096707847364,1.0,1.0,0.0,0.0,0.0
xgb,55701,jeep center console,16,0.650623967465356,1.0,0.2,0.6370744919851087,1.0,0.1666666666666666,0.01354947548024732,0.0,0.03333333333333341
xgb,55702,jeep cherokee 6 inch lift drop pitman arm,16,0.8828566510959026,0.8181818181818182,1.0,0.9336073182455352,0.8181818181818182,1.0,-0.05075066714963261,0.0,0.0
xgb,55755,jeff shalfon the family,16,0.3010299956639812,1.0,0.1111111111111111,0.0,0.0,0.0625,0.3010299956639812,1.0,0.048611111111111105
xgb,55763,jeffrey cox,16,0.8404633885360052,0.625,1.0,0.8438413780200833,0.625,1.0,-0.003377989484078081,0.0,0.0
xgb,55822,jerky without sugar,40,0.8936499529587284,0.2647058823529412,1.0,0.8899541168509599,0.2647058823529412,1.0,0.0036958361077684687,0.0,0.0
xgb,55865,jessica drake,16,0.5518892534223377,0.5384615384615384,1.0,0.7400177968309765,0.6153846153846154,1.0,-0.18812854340863872,-0.07692307692307698,0.0
xgb,55906,jetson electric bike pro,16,0.9374519351039698,0.6,1.0,0.9374519351039698,0.6,1.0,0.0,0.0,0.0
xgb,55919,jewellery+box+small+crystal,16,0.8354403213108612,0.6428571428571429,1.0,0.6757615907286033,0.5714285714285714,0.5,0.1596787305822579,0.07142857142857151,0.5
xgb,55947,jewelry stainless steel,16,0.9537125187088152,0.625,1.0,0.9537125187088152,0.625,1.0,0.0,0.0,0.0
xgb,56026,jj suspenders,42,0.8655803853865616,0.24324324324324326,1.0,0.644670913118386,0.1621621621621621,1.0,0.2209094722681756,0.08108108108108117,0.0
xgb,56068,jobs for introverts,16,0.6980368887278693,0.5555555555555556,1.0,0.683456276266337,0.5555555555555556,1.0,0.014580612461532305,0.0,0.0
xgb,56072,jock itch cream,16,0.9507235030281824,0.625,1.0,0.8987207560466409,0.625,1.0,0.0520027469815415,0.0,0.0
xgb,56106,joggers scrubs women,16,1.0,0.625,1.0,0.9768562593544076,0.625,1.0,0.023143740645592437,0.0,0.0
xgb,56164,john snow costume,16,0.9251392179432151,0.75,1.0,0.9038901945762412,0.6666666666666666,1.0,0.021249023366973874,0.08333333333333337,0.0
xgb,56190,johnson control cable,16,1.0,0.6666666666666666,1.0,1.0,0.6666666666666666,1.0,0.0,0.0,0.0
xgb,56245,joker persona 5 cosplay,40,0.8301284151556875,0.2903225806451613,0.5,0.8301284151556875,0.2903225806451613,0.5,0.0,0.0,0.0
xgb,56344,jovi air dry clay,36,0.8928346125788518,0.30303030303030304,1.0,0.848385259580694,0.303030303030303,1.0,0.044449352998157776,5.551115123125783e-17,0.0
xgb,56378,joystick ps4 x pro,16,0.9288691903973569,0.75,1.0,0.7844117343592633,0.75,0.5,0.14445745603809368,0.0,0.5
xgb,56394,juana mens,16,1.0,0.7142857142857143,1.0,1.0,0.7142857142857143,1.0,0.0,0.0,0.0
xgb,56406,judith hill medical astrology,16,0.8788928732991396,0.625,1.0,0.8762620600420185,0.625,1.0,0.002630813257121112,0.0,0.0
xgb,56410,judy dvd,15,0.6318532842514007,1.0,0.3333333333333333,0.9223260797603764,1.0,1.0,-0.29047279550897565,0.0,-0.6666666666666667
xgb,56542,juicy tracksuit,41,0.9242792750602506,0.24390243902439024,1.0,0.8819181922831527,0.2439024390243902,1.0,0.042361082777097936,2.7755575615628914e-17,0.0
xgb,56598,jump rope without the rope,40,0.7748400361917728,0.21621621621621623,1.0,0.9755453593002134,0.2702702702702703,1.0,-0.20070532310844058,-0.05405405405405406,0.0
xgb,56635,junior bridesmaid robe,16,0.9792993621289764,0.625,1.0,0.957076847421264,0.625,1.0,0.022222514707712415,0.0,0.0
xgb,56647,juniors flowy tank,16,0.8972794230628861,0.625,1.0,0.8967531918526644,0.625,1.0,0.0005262312102216615,0.0,0.0
xgb,56668,jupiter vape,16,0.7791714369672128,0.5833333333333334,1.0,0.841492960259019,0.6666666666666666,1.0,-0.06232152329180618,-0.08333333333333326,0.0
xgb,56672,jura ena micro 90,39,0.8584641395430705,0.2857142857142857,1.0,0.8916740236839519,0.3214285714285714,1.0,-0.03320988414088133,-0.0357142857142857,0.0
xgb,56708,just my size sports bras for women plus size,12,0.9734776300536291,0.8333333333333334,1.0,0.987467292299445,0.8333333333333334,1.0,-0.013989662245815881,0.0,0.0
xgb,56713,just play kids disposable face mask,40,0.9227423084440458,0.2631578947368421,1.0,0.925957390686689,0.2631578947368421,1.0,-0.003215082242643219,0.0,0.0
xgb,56717,just water,16,0.9201048561927256,0.625,1.0,0.9201048561927256,0.625,1.0,0.0,0.0,0.0
xgb,56746,juul pods,25,0.6114149498752102,0.42857142857142855,0.3333333333333333,0.623974995893425,0.4285714285714285,0.25,-0.01256004601821481,5.551115123125783e-17,0.08333333333333331
xgb,56826,k9 carrier,38,0.9045513367491769,0.25,1.0,0.92663607790064,0.25,1.0,-0.022084741151463083,0.0,0.0
xgb,56847,kaenon sunglasses for men,41,0.8824454205219855,0.2631578947368421,1.0,0.8679208684133448,0.2368421052631578,1.0,0.014524552108640676,0.026315789473684292,0.0
xgb,56865,kajal stick indian,40,0.9325055893091646,0.2564102564102564,1.0,0.8949458165076722,0.2564102564102564,1.0,0.037559772801492364,0.0,0.0
xgb,56870,kala hari smooth leave in,41,0.7141087768991377,0.23684210526315788,1.0,0.7060884199328951,0.2368421052631578,1.0,0.008020356966242592,8.326672684688674e-17,0.0
xgb,56897,kamen rider 555 faiz deforeal,16,0.8126608837093229,0.5555555555555556,1.0,0.8309828086168071,0.5555555555555556,1.0,-0.01832192490748419,0.0,0.0
xgb,56932,kanoodle puzzle game,40,0.9567083294488864,0.2857142857142857,1.0,0.9567083294488864,0.2857142857142857,1.0,0.0,0.0,0.0
xgb,56953,karak pot,16,0.4523931366187043,0.5,0.2,0.4114123585718612,0.5,0.2,0.04098077804684308,0.0,0.0
xgb,56984,karl lagerfeld men,16,0.7909506325094736,0.7,1.0,0.7909506325094736,0.7,1.0,0.0,0.0,0.0
xgb,57009,kat von d mascara go big or go home,28,0.8872839025715477,0.32,1.0,0.9084908319711982,0.36,1.0,-0.02120692939965052,-0.03999999999999998,0.0
xgb,57038,kate spade perfume roller,16,0.8956865919515298,0.6666666666666666,1.0,0.8923608142879657,0.6666666666666666,1.0,0.0033257776635641223,0.0,0.0
xgb,57053,kaufman bath mats,40,0.8008327318876817,0.25,1.0,0.8210779837689746,0.25,1.0,-0.02024525188129289,0.0,0.0
xgb,57062,kawaii iphone se phone wallet,16,0.8165901947515999,0.6153846153846154,1.0,0.8165901947515999,0.6153846153846154,1.0,0.0,0.0,0.0
xgb,57087,kayak fishing accessories,16,0.961626441860224,0.6666666666666666,1.0,0.8966272197468824,0.6,1.0,0.06499922211334153,0.06666666666666665,0.0
xgb,57093,kayak not inflatable,15,0.6766262102665871,0.7142857142857143,1.0,0.8258899469169918,1.0,1.0,-0.1492637366504047,-0.2857142857142857,0.0
xgb,57130,kdp self publishing account sign in,8,0.9299896056993346,1.0,1.0,0.9299896056993346,1.0,1.0,0.0,0.0,0.0
xgb,57161,keep ants off hummingbird feeder,16,0.9049656915215305,0.625,1.0,0.8564029905550983,0.625,1.0,0.048562700966432226,0.0,0.0
xgb,57170,keeys of the bible,13,1.0,0.8333333333333334,1.0,1.0,0.8333333333333334,1.0,0.0,0.0,0.0
xgb,57180,kego infinity gauntlet,16,0.9074250374176304,0.6,1.0,0.9074250374176304,0.6,1.0,0.0,0.0,0.0
xgb,57239,kenny loggins,16,0.9371852826240948,0.625,1.0,0.9421111095506692,0.625,1.0,-0.004925826926574395,0.0,0.0
xgb,57243,kenra hairspray 30,16,0.9705669479986532,0.625,1.0,0.9705669479986532,0.625,1.0,0.0,0.0,0.0
xgb,57332,keto logic shake,40,0.8578966398857479,0.2631578947368421,1.0,0.8796699093955043,0.2631578947368421,1.0,-0.021773269509756332,0.0,0.0
xgb,57402,keurig mini reusable k cup,40,0.9316277775573522,0.24324324324324326,1.0,0.9537125187088152,0.2432432432432432,1.0,-0.022084741151463083,5.551115123125783e-17,0.0
xgb,57404,keurig resivoir,16,0.7799082337019199,0.75,0.5,0.7162874455029681,0.6666666666666666,0.5,0.06362078819895178,0.08333333333333337,0.0
xgb,57521,keyring stretch,15,0.8123941376022298,0.7272727272727273,1.0,0.7170571726418596,0.6363636363636364,1.0,0.09533696496037014,0.09090909090909094,0.0
xgb,57547,khaled hosseini,16,0.8773810087466447,0.6,1.0,0.8537681810966682,0.6,1.0,0.02361282764997652,0.0,0.0
xgb,57559,kia rio radio,16,0.4265230387785118,0.2857142857142857,0.125,0.4430100031874717,0.2857142857142857,0.1666666666666666,-0.016486964408959914,0.0,-0.0416666666666666
xgb,57560,kia soul model,16,0.9674679834891694,1.0,1.0,0.9674679834891694,1.0,1.0,0.0,0.0,0.0
xgb,57564,kick ass dvd pack,16,0.7544384686209664,0.8333333333333334,1.0,0.7066522828498971,0.8333333333333334,1.0,0.0477861857710693,0.0,0.0
xgb,57578,kicks high flyer choke tube 12 gauge browning,16,0.8796341344904942,0.6666666666666666,1.0,0.8812044016515216,0.6666666666666666,1.0,-0.0015702671610273722,0.0,0.0
xgb,57611,kid microphone stand,40,1.0,0.3225806451612903,1.0,0.8904022416585923,0.2903225806451613,1.0,0.10959775834140772,0.032258064516129004,0.0
xgb,57648,kiddy carrier,16,0.7145983182499132,0.6,1.0,0.6975752403726642,0.8,1.0,0.017023077877248993,-0.20000000000000007,0.0
xgb,57653,kidney diet dog treats,40,0.9316277775573523,0.2777777777777778,1.0,0.9716189607861264,0.2777777777777778,1.0,-0.03999118322877415,0.0,0.0
xgb,57701,kids binoculars girls,16,0.9021814372008533,0.625,1.0,0.9227423084440458,0.625,1.0,-0.020560871243192502,0.0,0.0
xgb,57810,kids fleece pajamas,16,0.8982550386867663,0.625,1.0,0.8899541168509599,0.625,1.0,0.00830092183580633,0.0,0.0
xgb,57835,kids green hoodies girl,16,0.7375971017454396,0.5833333333333334,1.0,0.7395610000627709,0.5833333333333334,1.0,-0.0019638983173313473,0.0,0.0
xgb,57933,kids pijama boys,16,0.7898916330153443,0.5384615384615384,1.0,0.8990684392693267,0.6153846153846154,1.0,-0.1091768062539824,-0.07692307692307698,0.0
xgb,57953,kids probtiotic fiber,11,0.9346659795308913,0.9090909090909091,1.0,0.9427930190104704,0.9090909090909092,1.0,-0.008127039479579157,-1.1102230246251565e-16,0.0
xgb,57969,kids rick and morty shirt,16,0.45224191449107654,0.5,0.5,0.4161042400174222,0.5,0.3333333333333333,0.036137674473654346,0.0,0.16666666666666669
xgb,57977,kids room black and white,41,0.8108582970019788,0.34782608695652173,0.5,0.619730340475974,0.2608695652173913,0.3333333333333333,0.19112795652600478,0.08695652173913043,0.16666666666666669
xgb,57989,kids shaving kit for boys play,16,0.9243244839169811,0.6666666666666666,1.0,0.8533554002038573,0.6,1.0,0.07096908371312383,0.06666666666666665,0.0
xgb,58062,kids twin bed mattress,16,0.7597767360646562,0.625,1.0,0.4237169849048935,0.5,0.25,0.3360597511597627,0.125,0.75
xgb,58097,kids wooden play kitchen,16,0.8944836122933966,0.625,1.0,0.8478333285894862,0.625,1.0,0.046650283703910334,0.0,0.0
xgb,58121,kiinde starter kit,39,0.8341337831078465,0.30434782608695654,1.0,0.7228545077817987,0.2608695652173913,1.0,0.11127927532604776,0.043478260869565244,0.0
xgb,58133,kill mildew,16,0.9537125187088152,0.625,1.0,0.9787930706003494,0.625,1.0,-0.02508055189153413,0.0,0.0
xgb,58161,kim possible costume,16,0.6935984793138764,0.6363636363636364,1.0,0.7680683265160458,0.7272727272727273,1.0,-0.07446984720216943,-0.09090909090909094,0.0
xgb,58179,kindergarden tablet for writing numbers,16,0.9567083294488864,0.625,1.0,0.9388633982505332,0.625,1.0,0.017844931198353176,0.0,0.0
xgb,58212,kindle fire 8,30,0.663093103708534,0.21052631578947367,1.0,0.4297683282887096,0.1052631578947368,0.1666666666666666,0.23332477541982444,0.10526315789473688,0.8333333333333334
xgb,58256,kinetico k5 drinking water station,40,0.5596560137323743,0.07142857142857142,1.0,0.5364760238724632,0.1071428571428571,1.0,0.0231799898599111,-0.03571428571428567,0.0
xgb,58258,king and queen crowns,16,0.9763548176414888,0.625,1.0,0.9763548176414888,0.625,1.0,0.0,0.0,0.0
xgb,58276,king black stripe sheets,16,0.90291385926324,0.625,1.0,0.8659418680347015,0.625,1.0,0.03697199122853845,0.0,0.0
xgb,58364,king size platform bed frame,16,0.8171863026887816,0.625,1.0,0.8419064869719035,0.625,1.0,-0.02472018428312195,0.0,0.0
xgb,58440,kiss him not me stickers,39,0.6951116003271834,0.2777777777777778,1.0,0.7424243228025994,0.3333333333333333,1.0,-0.04731272247541596,-0.055555555555555525,0.0
xgb,58461,kit cat clock,16,0.9401742983047275,0.625,1.0,0.94631913739202,0.625,1.0,-0.006144839087292464,0.0,0.0
xgb,58516,kitchen aide grill,16,0.6602303520741634,0.6666666666666666,0.25,0.6614230493303066,0.6666666666666666,0.25,-0.001192697256143238,0.0,0.0
xgb,58518,kitchen aluminum foil organizer,16,0.9231753967464277,0.625,1.0,0.9008768387951548,0.625,1.0,0.02229855795127289,0.0,0.0
xgb,58537,kitchen coffee bar,16,0.9510907186004267,0.6,1.0,0.8532721558012799,0.6,0.5,0.0978185627991468,0.0,0.5
xgb,58683,kitchenaid covers for stand mixer 5 quart,40,0.5995601119237286,0.2413793103448276,0.5,0.7799597264157676,0.2758620689655172,1.0,-0.180399614492039,-0.034482758620689585,-0.5
xgb,58701,kitchenaid refrigerator water filter 3,16,0.9772274824155974,0.6666666666666666,1.0,0.9877841797012168,0.6666666666666666,1.0,-0.010556697285619365,0.0,0.0
xgb,58705,kiteboarding kite bag,16,0.872629548143269,0.7272727272727273,1.0,0.8946674603072645,0.7272727272727273,1.0,-0.022037912163995532,0.0,0.0
xgb,58719,kitten onesies recovery small,16,0.0,0.0,0.09090909090909091,0.2769189462922768,0.6666666666666666,0.1111111111111111,-0.2769189462922768,-0.6666666666666666,-0.020202020202020193
xgb,58755,klein tool cable fisher,16,0.12059218170405793,0.2857142857142857,0.125,0.3000531438347479,0.5714285714285714,0.1428571428571428,-0.17946096213068996,-0.2857142857142857,-0.017857142857142794
xgb,58832,knee surgery,16,0.914856882358379,0.6428571428571429,1.0,0.8611375561264455,0.6428571428571429,1.0,0.05371932623193354,0.0,0.0
xgb,58853,knife guard 16,16,0.5454772409060166,0.45454545454545453,1.0,0.5704262355826158,0.5454545454545454,1.0,-0.02494899467659928,-0.09090909090909088,0.0
xgb,58893,knitted cardigans for women,16,0.9787930706003494,0.625,1.0,0.9755453593002134,0.625,1.0,0.0032477113001360136,0.0,0.0
xgb,58896,knitters pride zing alu dpn size 0,10,0.9752092775120579,1.0,1.0,0.975209277512058,1.0,1.0,-1.1102230246251565e-16,0.0,0.0
xgb,58909,knives,16,0.6410457898283654,0.6666666666666666,0.3333333333333333,0.6410457898283654,0.6666666666666666,0.3333333333333333,0.0,0.0,0.0
xgb,58970,kohler brevia q2 white plastic elongated toilet seat,40,0.941233297798857,0.2564102564102564,1.0,0.9104208481577016,0.2564102564102564,1.0,0.03081244964115537,0.0,0.0
xgb,59013,kong wobbler medium,39,0.8938936120729811,0.2777777777777778,1.0,0.9140415419785024,0.2777777777777778,1.0,-0.020147929905521278,0.0,0.0
xgb,59045,korean makeup,16,0.9537125187088152,0.625,1.0,0.9537125187088152,0.625,1.0,0.0,0.0,0.0
xgb,59078,kp bump eraser body scrub,16,0.9731655646212307,0.6428571428571429,1.0,0.9680525297703192,0.6428571428571429,1.0,0.005113034850911524,0.0,0.0
xgb,59080,kp lotion,40,0.8558939559096684,0.2857142857142857,1.0,0.7497807729232111,0.2571428571428571,1.0,0.10611318298645733,0.02857142857142858,0.0
xgb,59204,kwanza candle holder,40,0.6376235722981066,0.21428571428571427,0.5,0.617223361968822,0.2857142857142857,0.3333333333333333,0.02040021032928463,-0.07142857142857142,0.16666666666666669
xgb,59269,l styled shafts,16,1.0,0.8333333333333334,1.0,1.0,0.8333333333333334,1.0,0.0,0.0,0.0
xgb,59273,l track massage chair,40,0.8764548271528609,0.25,1.0,0.8526593413174667,0.25,1.0,0.02379548583539426,0.0,0.0
xgb,59281,l'oreal magic root cover up medium brown,40,0.8709024413430004,0.2564102564102564,1.0,0.8497179187417597,0.2564102564102564,1.0,0.021184522601240707,0.0,0.0
xgb,59360,la mer eye cream,40,0.7065632165480472,0.20588235294117646,1.0,0.6214011939609387,0.2058823529411764,0.5,0.08516202258710848,5.551115123125783e-17,0.5
xgb,59421,label printer cleaning card 4x6,16,0.7641620915881894,0.6666666666666666,1.0,0.8302229075697188,0.8333333333333334,1.0,-0.06606081598152946,-0.16666666666666674,0.0
xgb,59474,lace silk cami,16,0.9938203652479539,0.625,1.0,0.9821490166714713,0.625,1.0,0.011671348576482665,0.0,0.0
xgb,59549,ladies art teacher shirts,16,0.8963914458021905,0.625,1.0,0.884210101903782,0.625,1.0,0.012181343898408525,0.0,0.0
xgb,59577,ladies pull on shorts elastic waist,16,0.9744387709952586,0.625,1.0,0.968183127309004,0.625,1.0,0.006255643686254531,0.0,0.0
xgb,59585,ladies short boot socks,16,0.6366824387328316,0.5,1.0,0.6366824387328316,0.5,1.0,0.0,0.0,0.0
xgb,59594,ladies white sneakers 10.5 nike,40,0.9454862044599013,0.29411764705882354,1.0,0.8378360548572391,0.2647058823529412,1.0,0.10765014960266217,0.02941176470588236,0.0
xgb,59652,lake life gifts,16,0.7030861797445797,0.75,1.0,0.5585075862632192,0.5,1.0,0.14457859348136048,0.25,0.0
xgb,59669,lambs ear wreath 24 inch,16,0.8828223056466264,0.6,1.0,0.8902879263966849,0.6,1.0,-0.00746562075005841,0.0,0.0
xgb,59677,laminate countertop,16,0.5943271348393742,0.5833333333333334,0.5,0.7362372578815278,0.5833333333333334,1.0,-0.14191012304215367,0.0,-0.5
xgb,59707,lamp with marracon lamp shade,16,0.9537125187088152,0.625,1.0,0.96331803895032,0.625,1.0,-0.00960552024150474,0.0,0.0
xgb,59770,lamy dark lilac ink,40,0.6271823210482643,0.3181818181818182,1.0,0.628110137521974,0.3181818181818182,1.0,-0.0009278164737096528,0.0,0.0
xgb,59791,land cruiser 90,16,0.8582638554579922,0.625,1.0,0.8436666355597752,0.625,1.0,0.014597219898217051,0.0,0.0
xgb,59942,laptop power adapters,16,0.9477344873475498,0.6,1.0,0.9368077570869662,0.6,1.0,0.010926730260583661,0.0,0.0
xgb,59995,large batman figure,16,0.9371852826240948,0.625,1.0,0.9234014633084384,0.625,1.0,0.01378381931565642,0.0,0.0
xgb,59997,large beach towels,16,0.9537125187088152,0.625,1.0,0.96331803895032,0.625,1.0,-0.00960552024150474,0.0,0.0
xgb,60024,large clear organizer bins,16,0.9122378688040328,0.625,1.0,0.9527304837512484,0.625,1.0,-0.040492614947215566,0.0,0.0
xgb,60028,large container multi colored glitter,16,0.8792626682927859,0.5714285714285714,1.0,0.9898117597656032,0.7142857142857143,1.0,-0.11054909147281733,-0.1428571428571429,0.0
xgb,60078,large harley sign,16,0.8729552152926601,0.625,1.0,0.83627325424298,0.625,1.0,0.03668196104968002,0.0,0.0
xgb,60124,large pink christmas ornaments,40,0.9495342196346633,0.2564102564102564,1.0,0.9534606181487504,0.2564102564102564,1.0,-0.003926398514087048,0.0,0.0
xgb,60131,large pots for trees outdoor clearance,16,0.4965445646903224,0.625,1.0,0.4748872236846519,0.625,1.0,0.02165734100567046,0.0,0.0
xgb,60159,large tents for camping,16,0.7942386796128394,0.625,1.0,0.799164506539414,0.625,1.0,-0.004925826926574506,0.0,0.0
xgb,60171,large wall clock 36 inches,16,0.9239166642947431,0.625,1.0,0.9427930190104704,0.625,1.0,-0.01887635471572735,0.0,0.0
xgb,60181,large whole house humidifiers,16,1.0,0.6666666666666666,1.0,0.955830517697074,0.6,1.0,0.044169482302926055,0.06666666666666665,0.0
xgb,60220,laser alignment tool for tiles,16,0.942271122217258,0.625,1.0,0.9170305576591352,0.625,1.0,0.025240564558122736,0.0,0.0
xgb,60288,lasko tower fan combo pack,16,0.96331803895032,0.625,1.0,0.9684038785434832,0.625,1.0,-0.005085839593163222,0.0,0.0
xgb,60321,latex socks,13,0.9017596765291899,1.0,1.0,0.9012353579882826,1.0,1.0,0.000524318540907287,0.0,0.0
xgb,60334,latte art,16,0.5633737951694301,0.5,1.0,0.704256826337871,0.6666666666666666,1.0,-0.14088303116844092,-0.16666666666666663,0.0
xgb,60380,laundry sanitizer liquid,16,0.8677488937595094,0.5714285714285714,1.0,0.8677488937595094,0.5714285714285714,1.0,0.0,0.0,0.0
xgb,60394,lauren eden,16,0.3028124283986501,0.6666666666666666,0.16666666666666666,0.3044671974905181,0.6666666666666666,0.1428571428571428,-0.0016547690918680136,0.0,0.023809523809523864
xgb,60440,lavendar pills anxiety,16,0.8150660023189528,0.6428571428571429,1.0,0.8406891320329313,0.6428571428571429,1.0,-0.02562312971397851,0.0,0.0
xgb,60530,lazer pointer,16,0.8611375561264455,0.6,1.0,0.8611375561264455,0.6,1.0,0.0,0.0,0.0
xgb,60541,lazyboy recliner chair,16,0.8759195979917094,0.625,1.0,0.8478333285894862,0.625,1.0,0.02808626940222314,0.0,0.0
xgb,60543,lbi sweatshirts,16,0.9981541114692021,0.625,1.0,0.9865502292925066,0.625,1.0,0.011603882176695501,0.0,0.0
xgb,60582,leachco pregnancy pillow cover,16,0.9537915794915526,0.625,1.0,0.9014013629195812,0.625,1.0,0.052390216571971404,0.0,0.0
xgb,60606,leaf guard,16,0.9085876404132014,0.6666666666666666,1.0,0.871833824005769,0.6666666666666666,1.0,0.03675381640743236,0.0,0.0
xgb,60620,league legacy hat,40,0.8860603473943658,0.25,1.0,0.8589902082346864,0.25,1.0,0.027070139159679374,0.0,0.0
xgb,60626,lean gains,16,0.8368789572119399,0.6666666666666666,1.0,0.8381657123202053,0.6666666666666666,1.0,-0.0012867551082653694,0.0,0.0
xgb,60631,leap frog magic adventures globes for kids interactive,40,0.671378097038883,0.2692307692307692,1.0,0.683240914373359,0.3076923076923077,1.0,-0.011862817334476028,-0.03846153846153849,0.0
xgb,60633,leap office chair,40,0.9787930706003494,0.25,1.0,0.9787930706003494,0.25,1.0,0.0,0.0,0.0
xgb,60683,leather belt blanks 1 1/4 inch,16,0.832793904873879,0.6428571428571429,1.0,0.8922219480706612,0.6428571428571429,1.0,-0.05942804319678219,0.0,0.0
xgb,60687,leather belt without holes,42,0.942271122217258,0.2564102564102564,1.0,0.9543384299005628,0.2564102564102564,1.0,-0.012067307683304884,0.0,0.0
xgb,60762,leather pocket opener,16,0.9938203652479539,0.625,1.0,0.97551066317962,0.625,1.0,0.018309702068333933,0.0,0.0
xgb,60785,leather toddler backpack,16,0.8963168744812942,0.6,1.0,0.8991517521755826,0.6,1.0,-0.0028348776942884735,0.0,0.0
xgb,60859,led bed lights,15,0.8708438804066915,0.6923076923076923,1.0,0.9177169982781096,0.6923076923076923,1.0,-0.046873117871418124,0.0,0.0
xgb,60873,led cigarette lighter light,40,0.6885850935030454,0.25925925925925924,0.5,0.6892206400834503,0.2222222222222222,1.0,-0.0006355465804048777,0.037037037037037035,-0.5
xgb,60891,led desk lamp -touch,16,1.0,1.0,1.0,1.0,1.0,1.0,0.0,0.0,0.0
xgb,60922,led headlights kits civic 05,16,0.8803485966094552,0.625,1.0,0.8803485966094552,0.625,1.0,0.0,0.0,0.0
xgb,61084,ledge lounger in-pool chaise,40,0.9311946892549704,0.25,1.0,0.9524016186546208,0.25,1.0,-0.02120692939965041,0.0,0.0
xgb,61156,leg vise hardware,16,0.8972045973633479,0.875,1.0,0.9435901278988,0.875,1.0,-0.046385530535452135,0.0,0.0
xgb,61255,lego city fire truck,16,0.9678575624849975,0.625,1.0,0.9974537474936096,0.625,1.0,-0.029596185008612053,0.0,0.0
xgb,61395,lego under 10 dollars,16,0.8791446136890237,0.6,1.0,0.6751930131058504,0.6,0.5,0.2039516005831733,0.0,0.5
xgb,61433,lem meat grinders,11,0.752293117767362,0.8333333333333334,0.5,0.7140913024837894,0.8333333333333334,0.25,0.03820181528357258,0.0,0.25
xgb,61505,lenovo tab 4 8 case,16,0.6289704380768635,0.5714285714285714,1.0,0.5949438035423388,0.5714285714285714,1.0,0.0340266345345247,0.0,0.0
xgb,61506,lenovo tab 7,16,0.9320739411743278,0.625,1.0,0.9476845588029804,0.625,1.0,-0.015610617628652568,0.0,0.0
xgb,61524,lens hood canon t6 t7,16,0.8072603775080547,0.7,1.0,0.7944731762035188,0.7,1.0,0.012787201304535922,0.0,0.0
xgb,61546,leo mckern,16,0.485262857016371,0.6666666666666666,0.5,0.2943419908374364,0.5,0.1666666666666666,0.1909208661789346,0.16666666666666663,0.33333333333333337
xgb,61579,leopard stationary,16,0.8576736693025871,0.7272727272727273,1.0,0.9272385651642044,0.8181818181818182,1.0,-0.06956489586161729,-0.09090909090909094,0.0
xgb,61616,let it glow set,16,0.9822149272069155,1.0,1.0,0.90362228889926,0.8,1.0,0.0785926383076555,0.19999999999999996,0.0
xgb,61618,let it snow sweater,16,1.0,0.6666666666666666,1.0,1.0,0.6666666666666666,1.0,0.0,0.0,0.0
xgb,61620,leteulo crossbody,9,0.9151505377371351,1.0,1.0,0.9151505377371352,1.0,1.0,-1.1102230246251565e-16,0.0,0.0
xgb,61672,leupold fixed power scope,40,0.9065559605225726,0.23076923076923078,1.0,0.8092031150833006,0.2307692307692307,1.0,0.09735284543927203,8.326672684688674e-17,0.0
xgb,61687,levelled reader stickers,16,0.8537190032784241,0.75,1.0,0.9124662320462946,0.8333333333333334,1.0,-0.05874722876787053,-0.08333333333333337,0.0
xgb,61796,lg 77 inch oled wall mount,17,0.5261842843054702,0.46153846153846156,0.5,0.5153395036883294,0.4615384615384615,0.5,0.010844780617140781,5.551115123125783e-17,0.0
xgb,61809,lg cx10 oled tv,16,0.9498092123352825,0.625,1.0,0.9193650765455238,0.625,1.0,0.030444135789758686,0.0,0.0
xgb,61859,lg oled77g1pua,16,0.8748032409025883,0.625,1.0,0.8478333285894862,0.625,1.0,0.026969912313102085,0.0,0.0
xgb,61867,lg refridgerators,16,0.5796720132384705,0.45454545454545453,0.16666666666666666,0.5796720132384705,0.4545454545454545,0.1666666666666666,0.0,5.551115123125783e-17,5.551115123125783e-17
xgb,61885,lg stylo 5 battery case,16,0.8650363949056664,0.8181818181818182,1.0,0.823617389515933,0.8181818181818182,1.0,0.04141900538973342,0.0,0.0
xgb,61952,liberty's kids,16,0.49017422226223817,0.6,0.5,0.5533282963726459,0.6,1.0,-0.06315407411040774,0.0,-0.5
xgb,62071,license plate hole cover plug,16,0.21840743681816419,0.5,0.16666666666666666,0.2184074368181641,0.5,0.1666666666666666,8.326672684688674e-17,0.0,5.551115123125783e-17
xgb,62153,life without diabetes roy taylor,16,0.8092754507868934,0.6923076923076923,1.0,0.7696942159878682,0.6153846153846154,1.0,0.0395812347990252,0.07692307692307687,0.0
xgb,62154,life without plastic toothbrush,37,0.74254515223003,0.26666666666666666,1.0,0.7390321884645572,0.2666666666666666,1.0,0.003512963765472832,5.551115123125783e-17,0.0
xgb,62222,ligandrol,40,0.4184089072426915,0.2727272727272727,0.5,0.5226477564178168,0.2272727272727272,1.0,-0.10423884917512533,0.0454545454545455,-0.5
xgb,62228,light arch,16,0.9401742983047275,0.7692307692307693,1.0,0.9517825025223118,0.7692307692307693,1.0,-0.01160820421758424,0.0,0.0
xgb,62275,light dimmer film,16,0.6612568463875567,0.6363636363636364,0.5,0.561929429666061,0.5454545454545454,0.3333333333333333,0.0993274167214957,0.09090909090909094,0.16666666666666669
xgb,62291,light green bowtie,16,0.8508075776455285,0.6,1.0,0.8732445360772788,0.6,1.0,-0.02243695843175031,0.0,0.0
xgb,62347,light up green lantern ring,16,0.8316495371299398,0.6153846153846154,1.0,0.8208993783319128,0.6153846153846154,1.0,0.010750158798026987,0.0,0.0
xgb,62384,lighted electrical outlet cover,16,0.8899541168509599,0.6,1.0,1.0,0.6666666666666666,1.0,-0.11004588314904007,-0.06666666666666665,0.0
xgb,62480,lightweight mirror for wall,16,0.8391100684001118,0.6,1.0,0.8031971700176062,0.6,1.0,0.035912898382505665,0.0,0.0
xgb,62486,lightweight sleeping bag 2 person summer,16,0.878754662673766,0.625,1.0,0.9124662320462946,0.625,1.0,-0.033711569372528616,0.0,0.0
xgb,62491,lightweight womens jackets for fall,16,0.9433239291166576,0.625,1.0,0.9503532637006566,0.625,1.0,-0.007029334583999014,0.0,0.0
xgb,62495,liilispoetic home,49,0.8937469570107012,0.8571428571428571,1.0,0.8850578192958565,0.8571428571428571,1.0,0.008689137714844697,0.0,0.0
xgb,62511,lil huggy,40,1.0,0.2702702702702703,1.0,1.0,0.2702702702702703,1.0,0.0,0.0,0.0
xgb,62519,lilac acrylic powder,40,0.8556483569980994,0.2631578947368421,1.0,0.8588897666497397,0.2631578947368421,1.0,-0.0032414096516403257,0.0,0.0
xgb,62559,lime green hoodie,11,0.9230677702906952,0.9,1.0,0.9241497144992702,0.9,1.0,-0.001081944208574992,0.0,0.0
xgb,62608,lincoln 210 mp welder,40,0.920582461529293,0.2777777777777778,1.0,0.920582461529293,0.2777777777777778,1.0,0.0,0.0,0.0
xgb,62649,linen gift bags gray,15,0.9586107883947427,0.7142857142857143,1.0,0.9586107883947428,0.7142857142857143,1.0,-1.1102230246251565e-16,0.0,0.0
xgb,62660,ling ling potstickers,40,0.708708263330205,0.4,1.0,0.6156359257890498,0.3333333333333333,1.0,0.09307233754115518,0.06666666666666671,0.0
xgb,62686,links awakening,16,0.8856711480108262,0.7777777777777778,1.0,0.8856711480108262,0.7777777777777778,1.0,0.0,0.0,0.0
xgb,62732,lion king movie,16,0.8489237057561805,0.625,1.0,0.8489237057561805,0.625,1.0,0.0,0.0,0.0
xgb,62822,liquid fusion glue for rhinestones,41,0.7013888827626445,0.3333333333333333,1.0,0.7642166968464841,0.3888888888888889,1.0,-0.06282781408383953,-0.05555555555555558,0.0
xgb,62843,liquid sulfur soap for acne,40,0.8202858560146897,0.2631578947368421,1.0,0.8545305553752748,0.2631578947368421,1.0,-0.03424469936058505,0.0,0.0
xgb,62864,lisa nichols,16,0.9137388648262595,0.625,1.0,0.906597394385194,0.625,1.0,0.0071414704410655006,0.0,0.0
xgb,62961,little ikes turn slide,40,0.7390586370777635,0.27586206896551724,1.0,0.850443687487311,0.3448275862068966,1.0,-0.11138505040954749,-0.06896551724137934,0.0
xgb,62971,little man balloons,16,1.0,0.625,1.0,0.9346659795308913,0.625,1.0,0.06533402046910874,0.0,0.0
xgb,63089,living room lamps for end tables,16,0.9524016186546209,0.625,1.0,0.9317219174938032,0.625,1.0,0.020679701160817743,0.0,0.0
xgb,63100,living world eco green habitat,21,0.828225995964534,0.47368421052631576,1.0,0.8386366201840664,0.4736842105263157,1.0,-0.010410624219532427,5.551115123125783e-17,0.0
xgb,63155,llaveros de los 7 pecados capitales,25,0.7171324470320033,0.38095238095238093,1.0,0.7676940100599609,0.4285714285714285,1.0,-0.05056156302795756,-0.04761904761904756,0.0
xgb,63179,lobby chairs without arms,41,0.506063763506133,0.20588235294117646,0.3333333333333333,0.3815301491462358,0.1470588235294117,0.5,0.12453361435989724,0.058823529411764774,-0.16666666666666669
xgb,63191,loccitane lumiere parfum,16,0.7206924026824431,0.6,1.0,0.7663091593452884,0.7,1.0,-0.04561675666284537,-0.09999999999999998,0.0
xgb,63234,locksmith tools,40,0.3974935196182418,0.21739130434782608,0.3333333333333333,0.5473595451406057,0.2608695652173913,0.5,-0.1498660255223639,-0.043478260869565216,-0.16666666666666669
xgb,63317,logitech performance mouse,16,0.8886495184452615,0.625,1.0,0.8908978013329101,0.625,1.0,-0.002248282887648556,0.0,0.0
xgb,63346,lol dance dance dance doll omg,41,0.8738134946949139,0.23076923076923078,1.0,0.8079351540514836,0.2051282051282051,1.0,0.06587834064343023,0.02564102564102569,0.0
xgb,63453,long dress blazers for women,16,0.5327551111423698,0.5,1.0,0.6229222672635393,0.6,1.0,-0.09016715612116943,-0.09999999999999998,0.0
xgb,63477,long kent comb,16,0.8024255578946929,0.625,1.0,0.8573887872666861,0.625,1.0,-0.05496322937199316,0.0,0.0
xgb,63557,long sleeve off white dresss,16,0.6908990367726638,0.5454545454545454,1.0,0.7005042072658941,0.5454545454545454,1.0,-0.009605170493230286,0.0,0.0
xgb,63702,loreal heat protection for hair,16,0.8829715062540484,0.625,1.0,0.8188743895458064,0.625,1.0,0.06409711670824203,0.0,0.0
xgb,63729,los angeles rams hat,16,0.92663607790064,0.6666666666666666,1.0,0.96331803895032,0.6666666666666666,1.0,-0.03668196104968002,0.0,0.0
xgb,63753,losi truggy 1/8,16,0.759495584314407,0.5,0.5,0.759495584314407,0.5,0.5,0.0,0.0,0.0
xgb,63791,loud houses dvd,16,0.9144383801353688,0.6428571428571429,1.0,0.918101541116596,0.6428571428571429,1.0,-0.0036631609812272092,0.0,0.0
xgb,63808,louis vutton wallet,40,0.8807289088896336,0.4166666666666667,1.0,0.8829771917772822,0.4166666666666667,1.0,-0.002248282887648556,0.0,0.0
xgb,63823,lounge dress for women loose fit,45,0.7065443116025598,0.5333333333333333,0.5,0.6285108926059098,0.4666666666666667,0.5,0.07803341899665006,0.06666666666666665,0.0
xgb,63831,lounge shorts men,16,0.9369437337067622,0.625,1.0,0.9320739411743278,0.625,1.0,0.004869792532434358,0.0,0.0
xgb,63849,love books hoodie,16,0.891546745064562,0.6666666666666666,1.0,0.9139935630403138,0.6666666666666666,1.0,-0.022446817975751765,0.0,0.0
xgb,63890,lovedeoll,13,0.9371852826240948,0.7692307692307693,1.0,0.9325055893091646,0.7692307692307693,1.0,0.004679693314930233,0.0,0.0
xgb,63903,loveseat sleeper sofa bed,16,0.9718788095129651,0.625,1.0,0.9644124196526538,0.625,1.0,0.00746638986031134,0.0,0.0
xgb,63925,low carb meals and snacks,16,0.9254588451672154,0.625,1.0,0.926863033018722,0.625,1.0,-0.0014041878515065331,0.0,0.0
xgb,63963,low profileadjustable bed frame,39,0.9543384299005628,0.2564102564102564,1.0,0.9556493299547568,0.2564102564102564,1.0,-0.0013109000541939864,0.0,0.0
xgb,63964,low rider oldies chrome series cds,14,0.8065735963827292,1.0,1.0,0.8065735963827292,1.0,1.0,0.0,0.0,0.0
xgb,64038,luau girl dress 7 year,16,0.9339091084314125,0.7692307692307693,1.0,0.9321376950951338,0.7692307692307693,1.0,0.0017714133362787265,0.0,0.0
xgb,64040,lubar body pillow,16,0.8381657123202053,0.625,1.0,0.8100445218331705,0.625,1.0,0.028121190487034764,0.0,0.0
xgb,64059,lucca tent,16,0.6807008352001337,0.8333333333333334,0.5,0.6678067074646313,0.8333333333333334,0.5,0.012894127735502359,0.0,0.0
xgb,64154,luggage scale,16,0.977915258848537,0.9090909090909091,1.0,1.0,0.9090909090909092,1.0,-0.022084741151462972,-1.1102230246251565e-16,0.0
xgb,64196,lulurue tee shirt,16,0.692067721698844,0.6363636363636364,1.0,0.5669715919067837,0.5454545454545454,1.0,0.1250961297920603,0.09090909090909094,0.0
xgb,64202,lumbar pillow,16,0.9066994325921797,0.625,1.0,0.8810676612614085,0.625,1.0,0.025631771330771214,0.0,0.0
xgb,64224,lumix gh5,16,0.9467529232895173,0.6,1.0,0.9413646760399528,0.6,1.0,0.005388247249564548,0.0,0.0
xgb,64305,luther season 5,16,0.7891222625916408,0.7272727272727273,0.5,0.7360738002912947,0.5454545454545454,0.5,0.0530484623003461,0.18181818181818188,0.0
xgb,64308,"lutron+claro+on/off+switch,+15+amp,",16,0.9262688623283958,0.625,1.0,0.9556493299547568,0.625,1.0,-0.02938046762636104,0.0,0.0
xgb,64371,lv bracelet for women,16,0.9738050896605512,0.7142857142857143,1.0,0.9607076344908267,0.7142857142857143,1.0,0.013097455169724492,0.0,0.0
xgb,64377,lvow sexy see through mesh,21,0.8940718159195983,0.5555555555555556,1.0,0.8724054085484845,0.5555555555555556,1.0,0.021666407371113805,0.0,0.0
xgb,64383,lye relaxer,16,0.9088650206134377,0.625,1.0,0.8991517521755826,0.625,1.0,0.009713268437855027,0.0,0.0
xgb,64445,m letter auto sunshade,16,0.8322029466571276,0.625,1.0,0.8035665833441641,0.625,1.0,0.028636363312963486,0.0,0.0
xgb,64544,mac pro new,16,0.6570846738284951,0.5,0.3333333333333333,0.6207338591866265,0.5,0.2,0.03635081464186862,0.0,0.1333333333333333
xgb,64579,macbook air 13 inch gold sparkly case,16,0.9058516050475466,0.625,1.0,0.939451144594528,0.625,1.0,-0.03359953954698147,0.0,0.0
xgb,64605,macbook pro 13 case touch bar,16,0.9221163972522983,0.625,1.0,0.9439492378436964,0.625,1.0,-0.021832840591398117,0.0,0.0
xgb,64665,mackenzie morgan,16,0.0,0.0,0.06666666666666667,0.0,0.0,0.0909090909090909,0.0,0.0,-0.024242424242424232
xgb,64748,madonna boots,16,0.5414799037080296,0.75,0.5,0.4077708498263974,0.5,0.5,0.13370905388163218,0.25,0.0
xgb,64858,magnesium sleep babies,16,0.98797927307486,0.6666666666666666,1.0,0.9802219926161396,0.6666666666666666,1.0,0.0077572804587203725,0.0,0.0
xgb,64899,magnetic chalk board for wall,16,0.9069212362975007,0.6153846153846154,1.0,0.8898455968982192,0.6923076923076923,1.0,0.017075639399281473,-0.07692307692307687,0.0
xgb,64914,magnetic earring,16,0.9316277775573523,0.625,1.0,0.9684038785434832,0.625,1.0,-0.03677610098613093,0.0,0.0
xgb,64921,magnetic eyelashes without liner,40,0.9127306419243082,0.2631578947368421,1.0,0.9768562593544076,0.2631578947368421,1.0,-0.06412561743009937,0.0,0.0
xgb,64924,magnetic fabric,16,1.0,0.625,1.0,0.9654244887907296,0.625,1.0,0.03457551120927038,0.0,0.0
xgb,64968,magnetic tips for android,16,0.9477344873475498,0.6923076923076923,1.0,0.9053206285482488,0.6153846153846154,1.0,0.04241385879930104,0.07692307692307687,0.0
xgb,64987,magnifying eyeglasses,16,0.934773045240411,0.625,1.0,0.9645565063769428,0.625,1.0,-0.02978346113653174,0.0,0.0
xgb,64998,magnolia table cookbook,16,1.0,0.625,1.0,1.0,0.625,1.0,0.0,0.0,0.0
xgb,65016,maguires ultimate rubbing compound,40,0.8436138595375718,0.22857142857142856,1.0,0.8567073564922288,0.2571428571428571,1.0,-0.013093496954657002,-0.028571428571428553,0.0
xgb,65033,maidenform racerback bra front closure,16,0.9411338959973068,0.625,1.0,0.9411338959973068,0.625,1.0,0.0,0.0,0.0
xgb,65058,mainstay floor lamp,40,1.0,0.2564102564102564,1.0,0.9524016186546208,0.2564102564102564,1.0,0.04759838134537919,0.0,0.0
xgb,65078,make a keychain kit,16,0.8403869410971224,0.625,1.0,0.9181258953358344,0.625,1.0,-0.07773895423871202,0.0,0.0
xgb,65081,make anna’s scarf,15,0.38685280723454163,1.0,0.2,0.6309297535714574,1.0,0.5,-0.2440769463369158,0.0,-0.3
xgb,65086,make love not war shirt,47,0.9363792118010482,0.225,1.0,0.9768562593544076,0.25,1.0,-0.04047704755335935,-0.024999999999999994,0.0
xgb,65169,makeup table without mirror,41,0.33526631735780166,0.14814814814814814,0.5,0.5020341361921639,0.2222222222222222,1.0,-0.1667678188343622,-0.07407407407407407,-0.5
xgb,65191,makita battery charger,16,1.0,0.625,1.0,1.0,0.625,1.0,0.0,0.0,0.0
xgb,65211,mal barbie descendants 3,16,0.9058629123265631,0.625,1.0,0.916741472193065,0.625,1.0,-0.01087855986650188,0.0,0.0
xgb,65383,manchester united ornament,16,0.915542121287978,0.625,1.0,0.8917220986275541,0.625,1.0,0.023820022660423823,0.0,0.0
xgb,65578,manual washing machine,16,0.8905628774774316,0.6428571428571429,1.0,0.8981696737831434,0.6428571428571429,1.0,-0.007606796305711816,0.0,0.0
xgb,65581,manubrios para bicicleta de ruta,26,0.9368077570869662,0.391304347826087,1.0,0.8611375561264455,0.391304347826087,1.0,0.07567020096052068,0.0,0.0
xgb,65699,marble grinder,16,0.8800456786592188,0.6153846153846154,1.0,0.955830517697074,0.6923076923076923,1.0,-0.07578483903785516,-0.07692307692307687,0.0
xgb,65703,marble organizer,16,0.9768562593544076,0.625,1.0,0.9787930706003494,0.625,1.0,-0.0019368112459418052,0.0,0.0
xgb,65710,marbled fruit bowl,16,0.926390478989071,0.625,1.0,0.8945127282052903,0.625,1.0,0.031877750783780745,0.0,0.0
xgb,65750,marcy 150lb stack home gym,40,0.8883976178851966,0.2777777777777778,1.0,0.8461369766930454,0.2777777777777778,1.0,0.042260641192151116,0.0,0.0
xgb,65780,marico marine switch,16,0.9536095000973961,0.6666666666666666,1.0,0.953609500097396,0.6666666666666666,1.0,1.1102230246251565e-16,0.0,0.0
xgb,65820,marinero dress for women,16,0.9484714839582833,0.625,1.0,0.9411934813639052,0.625,1.0,0.007278002594378052,0.0,0.0
xgb,65863,mariobros,16,0.8543695033253097,0.6666666666666666,1.0,0.8266165677701107,0.6666666666666666,1.0,0.027752935555198976,0.0,0.0
xgb,65879,marker disc basket,16,0.9646667648772824,1.0,1.0,0.8090060616212743,0.8333333333333334,1.0,0.15566070325600811,0.16666666666666663,0.0
xgb,65881,marker sketch pad bleed proof,16,0.9891406902845187,0.7692307692307693,1.0,0.9351793941869384,0.6923076923076923,1.0,0.05396129609758027,0.07692307692307698,0.0
xgb,65912,maroon women shoes,16,0.8880828864259117,0.625,1.0,0.8905559458092555,0.625,1.0,-0.0024730593833437453,0.0,0.0
xgb,65948,marshmello costume,24,0.8475402580516588,0.42105263157894735,1.0,0.8913319177463098,0.4210526315789473,1.0,-0.04379165969465104,5.551115123125783e-17,0.0
xgb,65986,marvel games,16,0.8786503340183063,0.6,1.0,0.8507763342047462,0.6,1.0,0.02787399981356009,0.0,0.0
xgb,66135,mask cord adjustable,16,0.8800456786592188,0.7272727272727273,1.0,0.762815192207169,0.6363636363636364,0.5,0.11723048645204981,0.09090909090909094,0.5
xgb,66146,mask not required sign,16,0.6448244864271548,0.5,1.0,0.4935232796777482,0.3333333333333333,1.0,0.15130120674940667,0.16666666666666669,0.0
xgb,66178,mason jar led solar light lids 4 pack,16,0.8808565091304089,0.625,1.0,0.9077607744977496,0.625,1.0,-0.026904265367340696,0.0,0.0
xgb,66191,mason jars without lids,40,0.7598845063027325,0.28125,1.0,0.7141087768991377,0.3125,1.0,0.04577572940359487,-0.03125,0.0
xgb,66197,masquerade mask for women,32,0.9494126029739882,0.3225806451612903,1.0,0.9526603142741242,0.3225806451612903,1.0,-0.0032477113001360136,0.0,0.0
xgb,66227,massage uniform men,16,0.8455823819353225,0.7272727272727273,1.0,0.8455823819353225,0.7272727272727273,1.0,0.0,0.0,0.0
xgb,66277,mat burn skin,14,1.0,1.0,1.0,0.6885288809404666,1.0,0.3333333333333333,0.3114711190595334,0.0,0.6666666666666667
xgb,66299,matching christmas pajamas,16,0.9758089901245822,0.625,1.0,0.9733318510892308,0.625,1.0,0.0024771390353514056,0.0,0.0
xgb,66350,maternity overalls,16,0.8925123177696497,0.6666666666666666,1.0,0.9328616298921296,0.6666666666666666,1.0,-0.04034931212247994,0.0,0.0
xgb,66378,mathematical compass,16,0.9454862044599013,0.625,1.0,0.9316277775573524,0.625,1.0,0.013858426902548904,0.0,0.0
xgb,66391,matress no sound,16,0.6531056131461264,0.5,1.0,0.6909105976215184,0.5,1.0,-0.037804984475392045,0.0,0.0
xgb,66398,matrix high amplify shampoo,40,0.8905202757957813,0.25806451612903225,1.0,0.8969504402810679,0.2580645161290322,1.0,-0.006430164485286549,5.551115123125783e-17,0.0
xgb,66438,mattress christmas tree,16,0.9134166588977729,0.5714285714285714,1.0,0.9368077570869662,0.6428571428571429,1.0,-0.02339109818919327,-0.07142857142857151,0.0
xgb,66466,mattress topper memory foam full,16,0.5098501619682683,1.0,0.16666666666666666,1.0,1.0,1.0,-0.49014983803173173,0.0,-0.8333333333333334
xgb,66488,mauve bridesmaid dresses,40,0.9052116356304494,0.25,1.0,0.9738672436737748,0.2777777777777778,1.0,-0.06865560804332538,-0.02777777777777779,0.0
xgb,66490,mauve lipstick matte long lasting,40,0.867442589045611,0.25,1.0,0.8642275068029677,0.25,1.0,0.00321508224264333,0.0,0.0
xgb,66500,mavic air,16,0.6763769766500441,0.3333333333333333,1.0,0.6137676905703463,0.5,0.25,0.06260928607969785,-0.16666666666666669,0.75
xgb,66504,mavic mini lights,16,0.8878984756873929,0.7272727272727273,1.0,0.8043754776986982,0.7272727272727273,1.0,0.08352299798869467,0.0,0.0
xgb,66529,maxi climber,14,0.9718542884917086,1.0,1.0,0.9567104908190548,1.0,1.0,0.015143797672653836,0.0,0.0
xgb,66538,maxi nursing nightgown,40,0.9317219174938032,0.2777777777777778,1.0,0.96331803895032,0.2777777777777778,1.0,-0.0315961214565168,0.0,0.0
xgb,66544,maxim,16,1.0,0.9090909090909091,1.0,0.9991031692211776,0.9090909090909092,1.0,0.0008968307788224106,-1.1102230246251565e-16,0.0
xgb,66599,mayo clinic guide to a healthy pregnancy,16,0.8740491112086551,0.6153846153846154,1.0,0.8846586604145029,0.6153846153846154,1.0,-0.01060954920584778,0.0,0.0
xgb,66777,"medallion 5"" decorative recessed trim",16,0.9321376950951338,0.625,1.0,0.9392148330510314,0.625,1.0,-0.007077137955897594,0.0,0.0
xgb,66857,medicom mask,13,0.6008757069344629,0.7777777777777778,0.3333333333333333,0.6474316758782719,0.7777777777777778,0.5,-0.04655596894380898,0.0,-0.16666666666666669
xgb,66881,meditation is not what you think tshirt,40,0.8685296745807692,0.2647058823529412,1.0,0.8685296745807692,0.2647058823529412,1.0,0.0,0.0,0.0
xgb,66907,medium tall hi viz,16,0.7710886373187511,0.6,0.5,0.7783843637936494,0.6,0.5,-0.00729572647489829,0.0,0.0
xgb,66934,mega man fully charged,40,0.9298837892007761,0.391304347826087,1.0,0.9290059774489636,0.391304347826087,1.0,0.0008778117518124517,0.0,0.0
xgb,66943,megaba deodorant,16,0.8604835500940083,0.625,1.0,0.8939237601167624,0.625,1.0,-0.0334402100227541,0.0,0.0
xgb,67016,mele and company warehpuse,16,0.34620964322385606,0.5,0.3333333333333333,0.5413996682199069,0.5,1.0,-0.19519002499605087,0.0,-0.6666666666666667
xgb,67057,melissa moore,16,0.11305340175787203,0.2,0.14285714285714285,0.7913446798877491,0.8,1.0,-0.6782912781298771,-0.6000000000000001,-0.8571428571428572
xgb,67060,melody jane dolls,40,0.759965729982756,0.2857142857142857,1.0,0.6671606512328546,0.2857142857142857,0.5,0.0928050787499014,0.0,0.5
xgb,67061,melody susie nail drill bits,40,0.8004754065936082,0.2647058823529412,1.0,0.7403978043382708,0.2941176470588235,1.0,0.060077602255337315,-0.029411764705882304,0.0
xgb,67069,melting white chocolate,40,0.977915258848537,0.2702702702702703,1.0,1.0,0.2702702702702703,1.0,-0.022084741151462972,0.0,0.0
xgb,67099,memory foam house shoes for men,16,0.8268960396946975,0.5714285714285714,1.0,0.8423744614661816,0.5714285714285714,1.0,-0.015478421771484063,0.0,0.0
xgb,67269,men winter joggers on sale,16,0.4017998179775806,0.6666666666666666,0.3333333333333333,0.3501483019834802,0.6666666666666666,0.25,0.051651515994100394,0.0,0.08333333333333331
xgb,67420,mens anal toy,15,0.7123736502858729,0.7,1.0,0.6461194268314837,0.6,1.0,0.06625422345438914,0.09999999999999998,0.0
xgb,67421,mens ankle compression socks,16,0.8583035103443588,0.625,1.0,0.9003811844555958,0.625,1.0,-0.04207767411123697,0.0,0.0
xgb,67447,mens belt without buckle leather,48,0.8750623491700749,0.20454545454545456,1.0,0.9504120313864756,0.2272727272727272,1.0,-0.0753496822164007,-0.02272727272727265,0.0
xgb,67492,mens burgundy bow tie,16,0.9967982765022565,0.625,1.0,0.9909461210158376,0.625,1.0,0.005852155486418931,0.0,0.0
xgb,67514,mens cathater,16,0.8979265912624363,0.8333333333333334,1.0,0.832358544402516,1.0,0.5,0.06556804685992035,-0.16666666666666663,0.5
xgb,67640,mens gym shorts,16,0.7559094123382475,0.6428571428571429,1.0,0.8502774382466488,0.7142857142857143,1.0,-0.09436802590840132,-0.0714285714285714,0.0
xgb,67748,mens motorcycle shirts,16,0.884210101903782,0.6666666666666666,1.0,0.8146198307757037,0.6,1.0,0.06959027112807836,0.06666666666666665,0.0
xgb,67775,mens omega watch,16,0.995553227704349,0.625,1.0,0.953753702240502,0.625,1.0,0.04179952546384691,0.0,0.0
xgb,67837,mens rockstar belts,16,0.8613400451142653,0.7142857142857143,1.0,0.8779758649402664,0.6428571428571429,1.0,-0.01663581982600104,0.0714285714285714,0.0
xgb,67838,mens rugged traditional fit,16,0.9492493328503673,0.625,1.0,0.8967531918526644,0.625,1.0,0.052496140997702834,0.0,0.0
xgb,67858,mens shirts short sleeve button down,16,0.9160135273634696,0.625,1.0,0.9435940822615896,0.625,1.0,-0.027580554898119947,0.0,0.0
xgb,67869,mens shorts without pockets,40,0.8642275068029677,0.2702702702702703,1.0,0.9286387618767192,0.2702702702702703,1.0,-0.06441125507375156,0.0,0.0
xgb,67893,mens slippers size 12,16,0.9755453593002134,0.625,1.0,0.96331803895032,0.625,1.0,0.012227320349893378,0.0,0.0
xgb,67905,mens soccer indoor cleats 15,16,0.7133080652109929,0.6363636363636364,1.0,0.6320787427864671,0.6363636363636364,0.5,0.08122932242452574,0.0,0.5
xgb,68033,mens wedding band mint,16,0.7217271073275462,0.6666666666666666,1.0,0.696045054678387,0.6666666666666666,1.0,0.025682052649159237,0.0,0.0
xgb,68046,mens wide width walking shoes,16,0.7729240929320348,0.6153846153846154,1.0,0.875083662242695,0.6923076923076923,1.0,-0.10215956931066017,-0.07692307692307687,0.0
xgb,68068,mens yellow under armour shoes,40,0.738460993092329,0.2564102564102564,1.0,0.7380279047899472,0.2564102564102564,1.0,0.0004330883023818677,0.0,0.0
xgb,68094,men’s velour navy blue suit,16,0.42695087348069677,0.6666666666666666,0.3333333333333333,0.4277543669170825,0.6666666666666666,0.3333333333333333,-0.0008034934363857493,0.0,0.0
xgb,68102,mercedes 190e exhaust,16,0.5397567843232968,0.4,0.5,0.5635325065472064,0.4,0.5,-0.023775722223909668,0.0,0.0
xgb,68108,mercedes w204 led parking lights,16,0.8340282097720166,1.0,1.0,0.633757247405778,0.6,1.0,0.20027096236623865,0.4,0.0
xgb,68159,mermaid rainboots for toddlers girls,16,0.9079981725871746,0.6428571428571429,1.0,0.9079981725871746,0.6428571428571429,1.0,0.0,0.0,0.0
xgb,68163,mermaid sinking pool toys for kids,16,0.9008636626471187,0.6666666666666666,1.0,0.9321376950951338,0.6666666666666666,1.0,-0.03127403244801508,0.0,0.0
xgb,68183,merrell hut moc women,16,0.7046545575753098,0.6363636363636364,1.0,0.7232185718769968,0.6363636363636364,1.0,-0.01856401430168697,0.0,0.0
xgb,68197,merrill women sandals size 9,16,0.9128522585849833,0.625,1.0,0.9231753967464276,0.625,1.0,-0.010323138161444256,0.0,0.0
xgb,68321,mestar iron pro 2 in 1,26,0.8644766674058041,0.38461538461538464,1.0,0.8633947231972292,0.3846153846153846,1.0,0.001081944208574881,5.551115123125783e-17,0.0
xgb,68363,metal cockrings men,12,0.9700888222783675,1.0,1.0,0.7952903086540475,0.7142857142857143,1.0,0.17479851362431997,0.2857142857142857,0.0
xgb,68399,metal gear solid ps3,16,0.8069137770714502,0.8333333333333334,1.0,0.779622839076966,0.8333333333333334,1.0,0.027290937994484232,0.0,0.0
xgb,68413,metal picture frames for living room,16,0.5055833313702798,0.5454545454545454,0.5,0.5225546821005839,0.5454545454545454,0.5,-0.01697135073030409,0.0,0.0
xgb,68445,metal tech rolling scaffold,40,0.8597738800500481,0.2727272727272727,1.0,0.9072672767940164,0.303030303030303,1.0,-0.04749339674396835,-0.030303030303030276,0.0
xgb,68458,metal wallet,16,0.908616231907784,0.625,1.0,0.9030710611044828,0.625,1.0,0.0055451708033011915,0.0,0.0
xgb,68465,metallic dinnerware set,16,0.9051619122257389,0.6428571428571429,1.0,0.8944603682005674,0.6428571428571429,1.0,0.010701544025171539,0.0,0.0
xgb,68473,metallic red costume,16,0.721801830382049,0.7,1.0,0.7314470771099789,0.7,1.0,-0.00964524672792988,0.0,0.0
xgb,68496,meth bumper sticker,16,0.8726364045932623,1.0,1.0,0.6737424215936396,1.0,0.5,0.1988939829996227,0.0,0.5
xgb,68615,miami dolphins mens shirt 4xl,16,0.94040405165174,0.6428571428571429,1.0,0.8768878116672053,0.5714285714285714,1.0,0.0635162399845347,0.07142857142857151,0.0
xgb,68643,michael jordan sneakers for boys,16,0.592418313862289,0.5384615384615384,0.5,0.5615098380426693,0.5384615384615384,0.5,0.030908475819619752,0.0,0.0
xgb,68667,michael kors wallet res,16,0.8476676416607545,0.625,1.0,0.8275129166957949,0.625,1.0,0.020154724964959625,0.0,0.0
xgb,68696,michigan state spartan patch,16,0.8550956239938448,0.7777777777777778,1.0,0.8550956239938448,0.7777777777777778,1.0,0.0,0.0,0.0
xgb,68708,mickey infant pajamas,16,0.9282056735743376,0.625,1.0,0.9033408782799296,0.625,1.0,0.024864795294407993,0.0,0.0
xgb,68718,mickey mouse clothes for women,16,0.9738672436737749,0.6666666666666666,1.0,0.941233297798857,0.6666666666666666,1.0,0.03263394587491786,0.0,0.0
xgb,68726,mickey mouse one year old toys,16,0.960544497651649,0.7142857142857143,1.0,0.8875698179171388,0.7142857142857143,1.0,0.0729746797345101,0.0,0.0
xgb,68775,micro sd card 3 pack 32,16,0.9540097298753218,0.625,1.0,0.9525250935037348,0.625,1.0,0.0014846363715870226,0.0,0.0
xgb,68800,microblading glasses,16,0.9388633982505333,0.625,1.0,0.9401742983047277,0.625,1.0,-0.0013109000541943194,0.0,0.0
xgb,68829,microgreen growing trays,41,1.0,0.2564102564102564,1.0,1.0,0.2564102564102564,1.0,0.0,0.0,0.0
xgb,68853,microphone arm for sm7b,16,0.8017273252942377,0.6923076923076923,0.5,0.8315703364977186,0.6923076923076923,0.5,-0.029843011203480874,0.0,0.0
xgb,68917,microtouch solo razor as seen on tv,16,0.7448082955024853,0.5,0.5,0.7777079793235889,0.5,1.0,-0.03289968382110364,0.0,-0.5
xgb,68934,microwave with convection oven grill and air fryer,16,0.9343923220511718,0.625,1.0,0.9343923220511718,0.625,1.0,0.0,0.0,0.0
xgb,68936,microwave without turntable,16,0.8288238167499891,0.6666666666666666,1.0,0.85421584028323,0.6666666666666666,1.0,-0.025392023533240993,0.0,0.0
xgb,68997,midsize suitcases with wheels,16,0.9464620324915696,0.625,1.0,0.9431772909673256,0.625,1.0,0.0032847415242439615,0.0,0.0
xgb,69037,mikasa bone china,16,1.0,0.625,1.0,0.9311946892549704,0.625,1.0,0.0688053107450296,0.0,0.0
xgb,69044,mike myers dvd,12,0.8512360941594272,0.8,1.0,0.9305687780632228,0.9,1.0,-0.07933268390379555,-0.09999999999999998,0.0
xgb,69050,mikes beef jerkey,16,0.9286673921025442,0.6923076923076923,1.0,0.91930137575504,0.7692307692307693,1.0,0.009366016347504225,-0.07692307692307698,0.0
xgb,69066,milbank 200-amp 1 gang ringless overhead only meter socket,40,0.599523370988727,0.46153846153846156,1.0,0.5386679401785724,0.4615384615384615,1.0,0.06085543081015454,5.551115123125783e-17,0.0
xgb,69081,military bed,16,0.9663729261134105,0.6,1.0,0.9669003659660044,0.6,1.0,-0.0005274398525938473,0.0,0.0
xgb,69114,milk kefir starter kit,16,0.8471089897056349,0.625,1.0,0.8436651120337486,0.625,1.0,0.003443877671886253,0.0,0.0
xgb,69125,milkdust lactation protein powder,40,0.8140851919337423,0.2962962962962963,1.0,0.9321806164089964,0.3703703703703703,1.0,-0.11809542447525412,-0.07407407407407401,0.0
xgb,69135,millenials in the workplace,16,0.9634117275431491,0.625,1.0,1.0,0.625,1.0,-0.03658827245685092,0.0,0.0
xgb,69191,milwaukee m18 drill,16,0.937634399960692,0.625,1.0,0.917458190956302,0.625,1.0,0.02017620900438999,0.0,0.0
xgb,69209,mimbre chair,39,0.9292578780090285,0.30303030303030304,1.0,0.9227423084440458,0.303030303030303,1.0,0.006515569564982671,5.551115123125783e-17,0.0
xgb,69287,mini album dies,16,0.9768562593544076,0.625,1.0,0.9543384299005628,0.625,1.0,0.02251782945384473,0.0,0.0
xgb,69373,mini dab rig,8,0.8841467212717075,1.0,1.0,0.827261550976317,1.0,1.0,0.05688517029539042,0.0,0.0
xgb,69408,mini fridge without freezer,16,0.9743682286692287,0.625,1.0,0.9772274824155974,0.625,1.0,-0.0028592537463687506,0.0,0.0
xgb,69463,mini mouth wash,16,0.6285108926059098,0.5833333333333334,0.5,0.5309999066793253,0.5833333333333334,0.25,0.09751098592658447,0.0,0.25
xgb,69561,mini vending machine for room,40,0.8995169898698616,0.42857142857142855,1.0,0.8579809428223729,0.3809523809523809,1.0,0.0415360470474887,0.04761904761904767,0.0
xgb,69570,miniature bag,16,0.7596468312553587,0.6153846153846154,1.0,0.8459110562745902,0.6153846153846154,1.0,-0.08626422501923148,0.0,0.0
xgb,69643,minnie iphone x case,16,0.790378833727545,0.7272727272727273,1.0,0.8527177761647678,0.8181818181818182,1.0,-0.06233894243722282,-0.09090909090909094,0.0
xgb,69650,minnie mouse ears glitter,16,0.8803485966094552,0.625,1.0,0.9034923372550476,0.625,1.0,-0.023143740645592437,0.0,0.0
xgb,69654,minnie mouse onesie baby girl,16,0.9625756897940958,0.6428571428571429,1.0,0.9522782422336422,0.6428571428571429,1.0,0.010297447560453588,0.0,0.0
xgb,69704,miraculous ladybug backpack,16,0.8126630796737198,0.6,1.0,0.886143074776918,0.6666666666666666,1.0,-0.07347999510319825,-0.06666666666666665,0.0
xgb,69743,mirror tv,16,0.972670728410317,0.6,1.0,0.9943899986877236,0.6666666666666666,1.0,-0.02171927027740661,-0.06666666666666665,0.0
xgb,69744,mirror window decor half moon shape,16,0.8653577550776692,0.875,1.0,0.7470572972323428,0.875,0.5,0.11830045784532639,0.0,0.5
xgb,69798,mista jacket,14,0.977915258848537,0.7142857142857143,1.0,1.0,0.7142857142857143,1.0,-0.022084741151462972,0.0,0.0
xgb,69867,miyabi sharpening stone,16,0.909444762248505,0.6,1.0,0.9134136241232084,0.6,1.0,-0.0039688618747033555,0.0,0.0
xgb,69905,mlb 19 ps4,16,1.0,0.7692307692307693,1.0,0.952687277524584,0.6923076923076923,1.0,0.04731272247541596,0.07692307692307698,0.0
xgb,69910,mma magnet,16,0.8859662074579149,0.625,1.0,0.9074318324770688,0.625,1.0,-0.021465625019153944,0.0,0.0
xgb,69927,moana rooster,16,0.8887210439070125,0.6923076923076923,1.0,0.8614492842217765,0.6923076923076923,1.0,0.027271759685235986,0.0,0.0
xgb,69954,mobile water purifier,16,0.7061021803481909,0.6,1.0,0.7047747650382843,0.6,1.0,0.0013274153099066544,0.0,0.0
xgb,70081,model magic clay soft,16,0.8268133666517739,0.5714285714285714,1.0,0.8643145546088337,0.5714285714285714,1.0,-0.03750118795705981,0.0,0.0
xgb,70084,model railroad train people,16,0.0,0.0,0.09090909090909091,0.0,0.0,0.0625,0.0,0.0,0.02840909090909091
xgb,70100,moderate compression socks women,16,0.9877841797012169,0.625,1.0,0.9877841797012168,0.625,1.0,1.1102230246251565e-16,0.0,0.0
xgb,70118,modern floor shelving,16,0.7162874455029681,0.5714285714285714,0.5,0.7104770117651426,0.5714285714285714,0.5,0.005810433737825527,0.0,0.0
xgb,70126,modern housewife,16,0.7860239555510738,0.8571428571428571,1.0,0.7568246800972068,0.7142857142857143,1.0,0.029199275453867024,0.1428571428571428,0.0
xgb,70131,modern love,16,0.7406479173676456,0.6666666666666666,1.0,0.6129522863694371,0.5555555555555556,1.0,0.12769563099820846,0.11111111111111105,0.0
xgb,70155,modest bikini,15,0.8476466249895277,0.6666666666666666,1.0,0.875092585537026,0.6666666666666666,1.0,-0.02744596054749826,0.0,0.0
xgb,70157,modily clothing,40,0.0,0.0,0.045454545454545456,0.0,0.0,0.0526315789473684,0.0,0.0,-0.0071770334928229415
xgb,70230,moldes para resina epoxi,32,0.8603818544462509,0.38095238095238093,1.0,0.5111668916475213,0.1904761904761904,0.5,0.34921496279872966,0.19047619047619052,0.5
xgb,70261,molle backpack rain,16,0.9738672436737749,0.7142857142857143,1.0,0.92663607790064,0.7142857142857143,1.0,0.04723116577313491,0.0,0.0
xgb,70273,molybell one piece swimsuits for women high waisted,17,0.9352843808185531,0.625,1.0,0.8782258171511531,0.625,1.0,0.05705856366740003,0.0,0.0
xgb,70285,mom jeans high waisted,25,0.9325055893091646,0.4,1.0,0.9325055893091646,0.4,1.0,0.0,0.0,0.0
xgb,70343,money drawing incense,16,0.9901095028504737,0.625,1.0,0.9878431560618388,0.625,1.0,0.00226634678863491,0.0,0.0
xgb,70361,monistat 3 day treatment,16,0.9090864629316364,1.0,1.0,0.8681129476867291,0.8333333333333334,1.0,0.04097351524490733,0.16666666666666663,0.0
xgb,70417,monkey face the book,16,0.8734682406707539,0.6666666666666666,1.0,0.8792291484456679,0.6666666666666666,1.0,-0.005760907774914004,0.0,0.0
xgb,70506,monster tail rainbow loom,39,0.8647340257460203,0.2702702702702703,1.0,0.8117593066109329,0.2702702702702703,1.0,0.052974719135087445,0.0,0.0
xgb,70580,moon nebula light,16,0.9274269703737469,0.625,1.0,0.9813475741257186,0.625,1.0,-0.05392060375197172,0.0,0.0
xgb,70605,moose wrapping paper,16,0.9543384299005628,0.625,1.0,0.9768562593544076,0.625,1.0,-0.02251782945384473,0.0,0.0
xgb,70609,mop,43,1.0,0.23255813953488372,1.0,0.96331803895032,0.2325581395348837,1.0,0.03668196104968002,2.7755575615628914e-17,0.0
xgb,70649,more and more twice,16,0.933745776545611,0.6,1.0,0.9305687780632228,0.6,1.0,0.0031769984823881714,0.0,0.0
xgb,70680,moroccan oil curl defining cream,16,0.8767346978480929,0.6153846153846154,1.0,0.8686386674985687,0.6153846153846154,1.0,0.00809603034952422,0.0,0.0
xgb,70690,morphie portable charger,16,0.7575567185631594,0.625,1.0,0.7592348341895978,0.625,1.0,-0.0016781156264383812,0.0,0.0
xgb,70867,moto g7 case -supra -lg,16,1.0,1.0,1.0,0.8971754588393883,0.8571428571428571,1.0,0.10282454116061168,0.1428571428571429,0.0
xgb,70939,motorcycle jack parts,16,0.7719970585389948,0.8,1.0,0.7974049492783574,0.8,1.0,-0.02540789073936256,0.0,0.0
xgb,70978,motorola edge s teléfono,15,0.9938203652479539,0.6666666666666666,1.0,0.9492493328503672,0.6666666666666666,1.0,0.04457103239758675,0.0,0.0
xgb,70979,motorola g7 power case,16,0.8987414707960141,0.6666666666666666,1.0,0.8222833035044519,0.6666666666666666,1.0,0.07645816729156218,0.0,0.0
xgb,71034,mountain landscape stickers,16,0.9250795789348766,0.625,1.0,0.8558939559096684,0.625,1.0,0.06918562302520814,0.0,0.0
xgb,71041,mountains and rivers without end,16,0.8424492500339024,0.8333333333333334,1.0,0.7696938492989045,0.8333333333333334,0.5,0.07275540073499787,0.0,0.5
xgb,71043,mounted wall shelf with drawers,16,0.949391557746789,0.625,1.0,0.9206599039998726,0.625,1.0,0.02873165374691633,0.0,0.0
xgb,71069,mouse pad red lightning,16,0.9200440697820688,0.6428571428571429,1.0,0.924122114892666,0.6428571428571429,1.0,-0.004078045110597284,0.0,0.0
xgb,71115,movie frozen 2 dvd,16,0.9943899986877236,0.7692307692307693,1.0,0.990053913939746,0.7692307692307693,1.0,0.004336084747977642,0.0,0.0
xgb,71271,mrs wilson,16,0.643690792864207,0.6,1.0,0.4743959822061493,0.6,0.5,0.16929481065805774,0.0,0.5
xgb,71291,msi alpha 15,16,0.9080375735745104,0.625,1.0,0.9255838014293366,0.625,1.0,-0.01754622785482618,0.0,0.0
xgb,71326,msi vr one,16,0.7356527651606579,1.0,0.5,0.6447747146076975,0.875,0.5,0.09087805055296039,0.125,0.0
xgb,71331,msr combo kit sig sauer,40,0.6055705638638008,0.26666666666666666,1.0,0.5855968052713929,0.2666666666666666,1.0,0.01997375859240791,5.551115123125783e-17,0.0
xgb,71334,msr stoves backpacking,16,0.7394902638192596,0.6153846153846154,0.3333333333333333,0.7606971932189103,0.6153846153846154,0.3333333333333333,-0.02120692939965063,0.0,0.0
xgb,71337,msr x6 bluetooth,14,0.8370396326958581,0.75,1.0,0.8395858852022486,0.75,1.0,-0.0025462525063905117,0.0,0.0
xgb,71346,mta train toy,16,0.9218644966922334,0.625,1.0,0.901968467346777,0.625,1.0,0.019896029345456312,0.0,0.0
xgb,71369,mtg playmat,16,0.9495342196346633,0.625,1.0,0.9526603142741242,0.625,1.0,-0.003126094639460897,0.0,0.0
xgb,71463,mugwort herb,16,0.8859795952107105,0.625,1.0,0.8822863458600966,0.625,1.0,0.003693249350613881,0.0,0.0
xgb,71479,mulberry silk bra,16,0.854110998202559,0.6666666666666666,1.0,0.8788381247696451,0.6666666666666666,1.0,-0.02472712656708609,0.0,0.0
xgb,71520,multi tv unit,16,0.4692303543625229,1.0,0.25,0.5354145845057273,1.0,0.25,-0.0661842301432044,0.0,0.0
xgb,71526,multi zone receiver,16,0.8467139390136942,0.6,1.0,0.8335389258654619,0.6,1.0,0.013175013148232328,0.0,0.0
xgb,71644,muscle milk strawberry banana,16,0.9956639152520221,0.625,1.0,0.9738050896605512,0.625,1.0,0.0218588255914709,0.0,0.0
xgb,71697,music stand for keyboard,16,0.6390801205550817,0.5714285714285714,0.3333333333333333,0.6183566347369007,0.5714285714285714,1.0,0.020723485818180953,0.0,-0.6666666666666667
xgb,71712,musical rent,16,0.81877652539521,0.625,1.0,0.8062509469296142,0.625,1.0,0.012525578465595766,0.0,0.0
xgb,71723,must read classic,16,0.9667147927059907,1.0,1.0,0.950420626211048,1.0,1.0,0.016294166494942752,0.0,0.0
xgb,71791,mwp52ll/a,15,0.7371166953441979,0.6666666666666666,0.5,0.7102966820583198,0.5833333333333334,1.0,0.02682001328587813,0.08333333333333326,-0.5
xgb,71797,mx412 windscreen,8,0.9840054527867665,1.0,1.0,0.9840054527867664,1.0,1.0,1.1102230246251565e-16,0.0,0.0
xgb,71816,my dog makes me happy car magnets and decals,16,0.96331803895032,0.625,1.0,0.92663607790064,0.625,1.0,0.03668196104968002,0.0,0.0
xgb,71829,my hero academia cosplay midoriya female,16,0.9189673689050769,0.625,1.0,0.948475220140534,0.625,1.0,-0.029507851235457072,0.0,0.0
xgb,71841,my life doll accessories,19,0.9453427932135229,0.5555555555555556,1.0,0.9309396307820336,0.5555555555555556,1.0,0.014403162431489314,0.0,0.0
xgb,71856,my little secret l.a. casey,15,0.8402307672483353,0.6923076923076923,1.0,0.7813646632456421,0.6153846153846154,1.0,0.05886610400269321,0.07692307692307687,0.0
xgb,71870,my partner in wine glass,16,0.671713929088632,0.6363636363636364,1.0,0.6824365378991384,0.6363636363636364,1.0,-0.010722608810506351,0.0,0.0
xgb,71890,my+little+pony+queen+chrysalis,16,0.9938125636979421,0.625,1.0,0.9974537474936096,0.625,1.0,-0.0036411837956674686,0.0,0.0
xgb,71947,máscara led facial,15,0.9716189607861263,0.7142857142857143,1.0,0.9684038785434832,0.7142857142857143,1.0,0.003215082242643108,0.0,0.0
xgb,72001,nadal apparel,40,0.8178458855753319,0.34615384615384615,1.0,0.8971470903215379,0.3461538461538461,1.0,-0.07930120474620606,5.551115123125783e-17,0.0
xgb,72009,nah not today,38,0.7619252249678106,0.38095238095238093,1.0,0.8361351551564296,0.4285714285714285,1.0,-0.07420993018861899,-0.04761904761904756,0.0
xgb,72065,nail polish trolley,16,0.8672937960846067,0.6,1.0,0.7789089853800991,0.6,0.5,0.08838481070450754,0.0,0.5
xgb,72068,nail polishssie,16,0.7732273931681583,0.6,0.5,0.8058277185264797,0.6,1.0,-0.03260032535832147,0.0,-0.5
xgb,72158,nanit plus,16,0.8525377246567917,0.5384615384615384,1.0,0.8527809579781418,0.5384615384615384,1.0,-0.00024323332135012254,0.0,0.0
xgb,72231,naruto headband,14,0.6309297535714574,1.0,0.5,0.6309297535714574,1.0,0.5,0.0,0.0,0.0
xgb,72244,narwhal cake,16,0.47396865544992833,0.2,1.0,0.5482086637727731,0.4,1.0,-0.07424000832284477,-0.2,0.0
xgb,72271,nascar 22 joey logano car,16,0.9537125187088152,0.625,1.0,0.9537125187088152,0.625,1.0,0.0,0.0,0.0
xgb,72273,nascar parts,16,0.7188234435126971,1.0,0.5,0.6658927847728726,1.0,0.5,0.0529306587398245,0.0,0.0
xgb,72290,national geographic sierra map,16,0.9854983569787691,0.6666666666666666,1.0,0.958169085389086,0.6666666666666666,1.0,0.027329271589683124,0.0,0.0
xgb,72329,natural balance bones,16,0.9150271041437172,0.625,1.0,0.9212500284989033,0.625,1.0,-0.00622292435518601,0.0,0.0
xgb,72377,natural spray sunscreen,40,0.9755453593002134,0.2564102564102564,1.0,0.9537125187088152,0.2564102564102564,1.0,0.021832840591398117,0.0,0.0
xgb,72390,naturalcotton twin sheets,16,0.9768562593544076,0.625,1.0,0.9787930706003494,0.625,1.0,-0.0019368112459418052,0.0,0.0
xgb,72441,nautica polo shirts for men,43,1.0,0.23255813953488372,1.0,1.0,0.2325581395348837,1.0,0.0,2.7755575615628914e-17,0.0
xgb,72443,nautica shirts for boys,16,0.9524016186546209,0.625,1.0,0.9054291485009892,0.625,1.0,0.04697247015363171,0.0,0.0
xgb,72473,navigation program,16,0.5419314635149453,0.8,0.25,0.6162667312204994,0.8,0.5,-0.0743352677055541,0.0,-0.25
xgb,72481,navy and beige rugs,16,0.9411338959973068,0.625,1.0,0.9411338959973068,0.625,1.0,0.0,0.0,0.0
xgb,72484,navy baby costume,14,0.8204252792730284,1.0,1.0,0.8495471166950859,1.0,1.0,-0.02912183742205743,0.0,0.0
xgb,72489,navy blue and gold pom poms,16,0.8777365312475948,0.6666666666666666,1.0,0.841771690458009,0.6666666666666666,1.0,0.03596484078958573,0.0,0.0
xgb,72504,navy blue kid flip flops,16,0.6912384574643765,0.6666666666666666,1.0,0.7438202828048176,0.6666666666666666,1.0,-0.05258182534044109,0.0,0.0
xgb,72618,neato d4,16,0.678161925327781,0.5,0.2,0.673013862058082,0.5,0.2,0.005148063269698966,0.0,0.0
xgb,72653,neck gaiter with earloop,16,0.9684038785434832,0.625,1.0,0.9684038785434832,0.625,1.0,0.0,0.0,0.0
xgb,72755,nelson rigg rg-020,16,0.9191158849629212,0.625,1.0,0.96922016539953,0.625,1.0,-0.05010428043660886,0.0,0.0
xgb,72759,nemeziz 19.3 firm ground cleats,16,0.96055123658686,0.625,1.0,0.9616581564928876,0.625,1.0,-0.0011069199060275148,0.0,0.0
xgb,72785,neon dry erase markers for black dry erase board,40,1.0,0.2631578947368421,1.0,1.0,0.2631578947368421,1.0,0.0,0.0,0.0
xgb,72864,nerf gun,17,1.0,0.625,1.0,1.0,0.625,1.0,0.0,0.0,0.0
xgb,72887,nerf nstrike elite accustrike raptorstrike,16,0.7469316229444566,0.45454545454545453,1.0,0.7914634807320164,0.5454545454545454,1.0,-0.04453185778755986,-0.09090909090909088,0.0
xgb,72970,netdot gen10 micro usb connectors without cords,16,0.8529955530750076,0.6428571428571429,1.0,0.7988325649169835,0.5714285714285714,1.0,0.05416298815802412,0.07142857142857151,0.0
xgb,72989,netscout wifi detector,16,0.38268031849431083,1.0,0.14285714285714285,0.5540663910176149,1.0,0.3333333333333333,-0.17138607252330407,0.0,-0.19047619047619047
xgb,72991,nettie pot sinus,16,0.9627429431373177,0.625,1.0,0.9669741336163364,0.625,1.0,-0.004231190479018765,0.0,0.0
xgb,73054,nevermore james patterson,16,0.9241497144992702,0.6923076923076923,1.0,0.9184501644002392,0.6923076923076923,1.0,0.005699550099031003,0.0,0.0
xgb,73056,nevo hybrid smart watch,16,0.9008636626471187,0.625,1.0,0.9295204907858208,0.625,1.0,-0.028656828138702073,0.0,0.0
xgb,73071,new balance 500 mens shoes,16,1.0,0.625,1.0,1.0,0.625,1.0,0.0,0.0,0.0
xgb,73102,new balance running shorts,16,0.7100226348397881,0.5384615384615384,1.0,0.5829393865084946,0.5384615384615384,1.0,0.12708324833129347,0.0,0.0
xgb,73133,new era snapback,16,0.9454862044599013,0.625,1.0,0.9388633982505332,0.625,1.0,0.0066228062093680595,0.0,0.0
xgb,73158,new movies,16,0.8781499410771023,0.625,1.0,0.8381657123202053,0.625,1.0,0.039984228756897,0.0,0.0
xgb,73187,new york and company gift card,16,0.9307066738505995,0.7142857142857143,1.0,0.9008636626471188,0.7142857142857143,1.0,0.02984301120348065,0.0,0.0
xgb,73194,new york giants tapestry,16,0.8899541168509599,0.7142857142857143,1.0,0.8899541168509599,0.7142857142857143,1.0,0.0,0.0,0.0
xgb,73225,newborn girl sweaters,16,0.6733405817870023,0.5454545454545454,1.0,0.7586741390432965,0.6363636363636364,1.0,-0.08533355725629421,-0.09090909090909094,0.0
xgb,73279,neymar youth jersey,16,1.0,0.6666666666666666,1.0,0.9877841797012168,0.6666666666666666,1.0,0.012215820298783209,0.0,0.0
xgb,73329,ni-mh battery aaa,40,1.0,0.25,1.0,1.0,0.25,1.0,0.0,0.0,0.0
xgb,73334,niacinimide ordinary,40,0.7846543344470631,0.21212121212121213,1.0,0.8101796097880278,0.2727272727272727,1.0,-0.025525275340964715,-0.06060606060606058,0.0
xgb,73474,nike air jordans 1 black & white womens size 9,16,0.9361767385157805,0.625,1.0,0.9361767385157804,0.625,1.0,1.1102230246251565e-16,0.0,0.0
xgb,73528,nike crewneck sweatshirt,16,0.8074409029799609,0.6428571428571429,1.0,0.8202021857954745,0.6428571428571429,1.0,-0.012761282815513697,0.0,0.0
xgb,73529,nike crop,15,0.3943392835264282,0.5714285714285714,0.2,0.4841113246708042,0.8571428571428571,0.2,-0.08977204114437598,-0.2857142857142857,0.0
xgb,73566,nike high tops womens,40,0.8777330981495625,0.2631578947368421,1.0,0.8873386183910673,0.2631578947368421,1.0,-0.00960552024150485,0.0,0.0
xgb,73623,nike rain jacket,16,0.966935622140074,0.625,1.0,0.9654936622793014,0.625,1.0,0.001441959860772557,0.0,0.0
xgb,73647,nike shoes boys,15,0.9388633982505333,0.6666666666666666,1.0,0.9008768387951548,0.6666666666666666,1.0,0.037986559455378544,0.0,0.0
xgb,73651,nike shoes for kids boys,16,0.8352142547488505,0.6,1.0,0.9349369997364464,0.6666666666666666,1.0,-0.09972274498759592,-0.06666666666666665,0.0
xgb,73677,nike superfly 6 academy mg mens soccer cleats,16,0.9260567512444231,0.6666666666666666,1.0,0.9198011075581686,0.6666666666666666,1.0,0.006255643686254531,0.0,0.0
xgb,73710,nike womens shoe 9.5,16,0.6666074168029762,0.6666666666666666,1.0,0.6927184630083372,0.6666666666666666,1.0,-0.026111046205360977,0.0,0.0
xgb,73794,ninja duo blender,16,0.9191273815716655,0.625,1.0,0.8924244579842303,0.625,1.0,0.0267029235874352,0.0,0.0
xgb,73833,nintendo 3ds,30,0.9074250374176304,0.36,1.0,0.8506629589898831,0.32,1.0,0.056762078427747276,0.03999999999999998,0.0
xgb,73852,nintendo lanyard,16,0.9392148330510314,0.625,1.0,0.9504318313235596,0.625,1.0,-0.0112169982725282,0.0,0.0
xgb,74043,no calorie snacks,40,0.8718020758620797,0.3103448275862069,1.0,0.8937353580384246,0.3448275862068966,1.0,-0.021933282176344937,-0.03448275862068967,0.0
xgb,74058,no face mask,16,0.6210294874193579,0.5,1.0,0.7210615680200271,0.6666666666666666,1.0,-0.10003208060066915,-0.16666666666666663,0.0
xgb,74078,no lye kid relaxer,16,0.9201048561927256,0.625,1.0,0.9201048561927256,0.625,1.0,0.0,0.0,0.0
xgb,74107,no sodium soup,16,0.8944836122933966,0.625,1.0,0.9411338959973068,0.625,1.0,-0.04665028370391022,0.0,0.0
xgb,74183,nokia 8 sirocco,16,0.7715238236038134,0.5,1.0,0.7715238236038134,0.5,1.0,0.0,0.0,0.0
xgb,74202,non firework - rockets,16,0.8431522717211759,0.6923076923076923,1.0,0.8478333285894862,0.7692307692307693,1.0,-0.004681056868310329,-0.07692307692307698,0.0
xgb,74237,non toxic terrarium plants,16,0.8590601055752306,0.7,1.0,0.8473762297028852,0.7,1.0,0.011683875872345428,0.0,0.0
xgb,74248,nonstick 11 inch frying pans,16,0.9439492378436964,0.625,1.0,0.9439492378436964,0.625,1.0,0.0,0.0,0.0
xgb,74249,nonstick 12 inch frying pans,15,0.9533497162960899,0.6666666666666666,1.0,0.9877841797012168,0.6666666666666666,1.0,-0.0344344634051269,0.0,0.0
xgb,74379,northface winter coat,16,0.8757557806560736,0.625,1.0,0.8449835611594985,0.625,1.0,0.03077221949657516,0.0,0.0
xgb,74411,nose pore cleaner,15,0.9534606181487504,0.6666666666666666,1.0,0.9421111095506692,0.6666666666666666,1.0,0.011349508598081148,0.0,0.0
xgb,74418,nose rings for business,16,0.7093322138724463,0.8571428571428571,0.5,0.761396361422939,0.7142857142857143,1.0,-0.05206414755049271,0.1428571428571428,-0.5
xgb,74439,not my first rodeo shirt women,16,1.0,0.6666666666666666,1.0,0.9738672436737748,0.6666666666666666,1.0,0.026132756326225248,0.0,0.0
xgb,74445,not until forever,18,0.7146801224224564,0.6666666666666666,1.0,0.723292327782808,0.6666666666666666,1.0,-0.008612205360351677,0.0,0.0
xgb,74539,nova 5t,16,0.649592796679237,0.2,0.5,0.5921089493292235,0.2,0.2,0.05748384735001344,0.0,0.3
xgb,74562,novelty socks,16,0.9427348191973566,0.625,1.0,0.9423263113709864,0.625,1.0,0.0004085078263701414,0.0,0.0
xgb,74567,novia vapes,16,0.6116241543630103,0.5,0.25,0.7034547851980112,1.0,0.3333333333333333,-0.09183063083500087,-0.5,-0.08333333333333331
xgb,74600,nrp 8th edition textbook,16,0.7773338381519983,0.6666666666666666,1.0,0.753097772444458,0.6666666666666666,1.0,0.024236065707540333,0.0,0.0
xgb,74616,nuby sippy cup replacement spout,16,0.9878811550307042,0.625,1.0,0.9861521673903242,0.625,1.0,0.0017289876403799864,0.0,0.0
xgb,74646,nug jar cape,16,0.8944836122933966,0.7142857142857143,1.0,0.8944836122933966,0.7142857142857143,1.0,0.0,0.0,0.0
xgb,74817,nutrient 950 without iron,40,0.8726602301468455,0.2571428571428571,1.0,0.8767643007326517,0.2571428571428571,1.0,-0.0041040705858061965,0.0,0.0
xgb,74825,nutrisystem protein shakes,16,0.9690585954839798,0.625,1.0,0.9208468873772327,0.625,1.0,0.04821170810674702,0.0,0.0
xgb,74828,"nutrition an applied approach, 5th edition",13,0.9450716302193615,0.75,1.0,0.9244934712859388,0.75,1.0,0.02057815893342263,0.0,0.0
xgb,74829,nutrition bars prime pantry,16,0.8899439942795754,0.625,1.0,0.8593011163052139,0.625,1.0,0.030642877974361493,0.0,0.0
xgb,74875,ny sweatshirt women,16,0.8658040508691229,0.625,1.0,0.8677045706583835,0.625,1.0,-0.0019005197892605352,0.0,0.0
xgb,74946,oak hill pants big and tall,19,0.9325055893091646,0.5263157894736842,1.0,0.9567083294488864,0.5263157894736842,1.0,-0.02420274013972179,0.0,0.0
xgb,74948,oak wood dresser,16,0.9570665684992263,0.6666666666666666,1.0,0.913095124835618,0.6666666666666666,1.0,0.04397144366360828,0.0,0.0
xgb,75027,oboe,16,0.7343676166298685,0.625,0.5,0.8143946753558311,0.75,1.0,-0.08002705872596261,-0.125,-0.5
xgb,75062,octo link amiibo,16,0.9427691298950186,0.625,1.0,0.9094719441828996,0.625,1.0,0.03329718571211904,0.0,0.0
xgb,75105,odor absorber 500,8,0.971210244743814,1.0,1.0,0.9251501690430952,1.0,1.0,0.046060075700718794,0.0,0.0
xgb,75110,odor removal spray,16,0.901968467346777,0.625,1.0,0.9494126029739882,0.625,1.0,-0.04744413562721117,0.0,0.0
xgb,75118,oem 22re fuel injectors,16,0.9847422464622778,0.625,1.0,0.9747020702185548,0.625,1.0,0.010040176243722998,0.0,0.0
xgb,75122,oem toyota tundra rims,16,0.8969504402810679,0.6666666666666666,1.0,0.8905202757957813,0.6666666666666666,1.0,0.006430164485286549,0.0,0.0
xgb,75137,off brand crocs,16,0.9008636626471187,0.625,1.0,0.9008636626471188,0.625,1.0,-1.1102230246251565e-16,0.0,0.0
xgb,75142,off season clothing storage,16,1.0,0.625,1.0,0.9787930706003494,0.625,1.0,0.02120692939965063,0.0,0.0
xgb,75169,office accessories for men,14,0.7767471075223497,0.6666666666666666,1.0,0.7304927469502274,0.6666666666666666,1.0,0.04625436057212229,0.0,0.0
xgb,75263,ohio state socks men,16,0.9787930706003494,0.625,1.0,0.96331803895032,0.625,1.0,0.015475031650029392,0.0,0.0
xgb,75361,olaf cookie cutter,16,1.0,0.6666666666666666,1.0,0.9772274824155974,0.6666666666666666,1.0,0.022772517584402574,0.0,0.0
xgb,75414,old spice swagger deodorant,40,0.9537125187088152,0.25,1.0,0.96331803895032,0.25,1.0,-0.00960552024150474,0.0,0.0
xgb,75416,old town vapor 10 kayak,16,0.9190765925121712,0.6153846153846154,1.0,0.8973190695467981,0.6153846153846154,1.0,0.021757522965373144,0.0,0.0
xgb,75445,olive green camera strap,16,0.9122029177595264,0.75,1.0,0.8510449765651324,0.75,1.0,0.061157941194393994,0.0,0.0
xgb,75448,olive green purses for women,40,0.813761726437631,0.2631578947368421,1.0,0.7709944973823003,0.2631578947368421,1.0,0.0427672290553307,0.0,0.0
xgb,75468,olixar ultra-thin iphone xr case,16,0.9566671852577723,0.9,1.0,0.8817137305358649,0.9,1.0,0.0749534547219074,0.0,0.0
xgb,75596,one a day multivitamin for teens,16,0.9166666640371612,0.6,1.0,0.9035726874549924,0.6,1.0,0.01309397658216882,0.0,0.0
xgb,75625,one night ultimate werewolf,16,0.9471863502717376,0.7692307692307693,1.0,0.8966082404896993,0.6923076923076923,1.0,0.05057810978203825,0.07692307692307698,0.0
xgb,75670,one size womens sweater,16,0.831340969075455,0.5714285714285714,1.0,0.8411276952893907,0.6428571428571429,1.0,-0.009786726213935726,-0.07142857142857151,0.0
xgb,75678,one wheel,14,0.6995607007105467,0.6363636363636364,1.0,0.6762335669090848,0.6363636363636364,1.0,0.023327133801461897,0.0,0.0
xgb,75721,onesies with mitten cuffs baby boy,16,0.8861473952002319,0.6,1.0,0.8689072001178979,0.6,1.0,0.017240195082333987,0.0,0.0
xgb,75737,onion container,16,0.9684038785434832,0.625,1.0,0.9738672436737748,0.625,1.0,-0.005463365130291553,0.0,0.0
xgb,75746,online visa gift cards,16,0.7516113456726354,0.5714285714285714,1.0,0.8272833846587476,0.7142857142857143,1.0,-0.07567203898611219,-0.1428571428571429,0.0
xgb,75771,oodji shirt dress,16,0.8815673184025421,0.625,1.0,0.8815673184025421,0.625,1.0,0.0,0.0,0.0
xgb,75806,open nature protein powder,40,0.8083086712722237,0.2631578947368421,1.0,0.636906421460202,0.2368421052631578,1.0,0.17140224981202168,0.026315789473684292,0.0
xgb,75811,open when letters kit,16,0.851316535095832,0.6363636363636364,1.0,0.8345208114772436,0.6363636363636364,1.0,0.0167957236185885,0.0,0.0
xgb,75846,oppo f17 pro mobile,16,0.8880156958269811,0.625,1.0,0.8810676612614085,0.625,1.0,0.006948034565572692,0.0,0.0
xgb,75871,optima uhd60 4k,16,0.9165993281944014,0.625,1.0,0.9188656749830362,0.625,1.0,-0.0022663467886347988,0.0,0.0
xgb,75874,optimum nutrition testosterone booster,16,0.9527096352829777,0.625,1.0,0.936899315293138,0.625,1.0,0.015810319989839727,0.0,0.0
xgb,75915,oral stimulator for men,16,0.6773440221416858,0.6666666666666666,1.0,0.6245630496788102,0.5555555555555556,1.0,0.05278097246287561,0.11111111111111105,0.0
xgb,75928,orange bells,16,0.665608331712128,0.5,1.0,0.6982283319165793,0.625,1.0,-0.03262000020445133,-0.125,0.0
xgb,75932,orange butcher paper roll,16,0.9787930706003494,0.625,1.0,0.8803485966094552,0.625,1.0,0.09844447399089418,0.0,0.0
xgb,76009,ordained minister book,16,0.8598793780836756,1.0,1.0,0.8343115108027439,1.0,1.0,0.025567867280931744,0.0,0.0
xgb,76112,organic diaper cream,15,0.9607076344908267,0.6666666666666666,1.0,0.9550976331785505,0.6666666666666666,1.0,0.0056100013122762915,0.0,0.0
xgb,76121,organic french skin care,16,0.8980399469609298,0.625,1.0,0.893006951876298,0.625,1.0,0.005032995084631842,0.0,0.0
xgb,76155,organic red wine without sulfites,44,0.5116246699310776,0.26666666666666666,1.0,0.6003909558908909,0.3333333333333333,1.0,-0.08876628595981328,-0.06666666666666665,0.0
xgb,76227,oribe root touch up spray dark brown,22,0.9232892081521067,0.45,1.0,0.9391708153852408,0.45,1.0,-0.015881607233134143,0.0,0.0
xgb,76236,orient saturation diver,16,0.9877841797012169,0.625,1.0,0.9346659795308913,0.625,1.0,0.05311820017032565,0.0,0.0
xgb,76304,orphan black,16,0.7849818707050382,0.7,1.0,0.7702043899253146,0.7,1.0,0.014777480779723629,0.0,0.0
xgb,76334,ortur,40,0.92663607790064,0.24324324324324326,1.0,0.92663607790064,0.2432432432432432,1.0,0.0,5.551115123125783e-17,0.0
xgb,76347,osaka pour over mesh filter,16,0.9722340851332467,0.625,1.0,0.9411338959973068,0.625,1.0,0.031100189135939926,0.0,0.0
xgb,76442,otterbox galaxy s9,16,0.7414750590256146,0.5833333333333334,1.0,0.745585716413586,0.5833333333333334,1.0,-0.004110657387971339,0.0,0.0
xgb,76449,otterbox iphone 6,16,0.841492960259019,0.5714285714285714,1.0,0.8088788385334339,0.5714285714285714,1.0,0.03261412172558509,0.0,0.0
xgb,76456,otterbox iphone 8,25,0.5734923014668308,0.375,0.5,0.7331513185342459,0.5,1.0,-0.15965901706741503,-0.125,-0.5
xgb,76459,otterbox iphone x camouflage case,16,0.7869279632489107,0.6363636363636364,1.0,0.8307415969315902,0.7272727272727273,1.0,-0.04381363368267954,-0.09090909090909094,0.0
xgb,76476,ottoman bench storage brown,16,1.0,0.625,1.0,1.0,0.625,1.0,0.0,0.0,0.0
xgb,76583,outdoor folding tables,16,0.8865978855980831,0.6,1.0,0.8816662917230879,0.6,1.0,0.004931593874995199,0.0,0.0
xgb,76693,outdoor storage box waterproof,16,0.9044821036724336,0.6666666666666666,1.0,0.9087197070824414,0.6666666666666666,1.0,-0.004237603410007784,0.0,0.0
xgb,76707,outdoor toilet,16,0.806984674510095,0.6153846153846154,0.5,0.8777267965010667,0.6153846153846154,1.0,-0.07074212199097163,0.0,-0.5
xgb,76761,outliers malcolm gladwell,23,0.9256882901856052,0.5263157894736842,1.0,0.885871200228283,0.4736842105263157,1.0,0.03981708995732214,0.052631578947368474,0.0
xgb,76872,overcome by god and not your troubles by steve mays,16,0.2890648263178878,1.0,0.1,0.3010299956639812,1.0,0.1111111111111111,-0.011965169346093374,0.0,-0.0111111111111111
xgb,76877,overgrown pool,39,0.7060088238306487,0.4666666666666667,1.0,0.7508150824361662,0.5333333333333333,1.0,-0.04480625860551757,-0.06666666666666665,0.0
xgb,76916,ovidia yu,16,0.8164795302946322,0.625,1.0,0.8046806797685867,0.625,1.0,0.011798850526045457,0.0,0.0
xgb,76928,owl head decoy,16,0.946337780834781,0.625,1.0,0.9774367618500638,0.625,1.0,-0.031098981015282745,0.0,0.0
xgb,76930,owl pinata toy,16,0.8647352979152096,0.625,1.0,0.9061410609739532,0.625,1.0,-0.04140576305874355,0.0,0.0
xgb,76998,ozark coffee travel mug,16,0.841493602899801,0.6,1.0,0.896574930458117,0.6,1.0,-0.05508132755831596,0.0,0.0
xgb,77006,ozobot starter pack,16,0.9261576739163502,0.875,1.0,0.8086677820336744,0.5,1.0,0.11748989188267578,0.375,0.0
xgb,77043,p6 testosterone booster,16,0.9956810520858584,0.625,1.0,0.9923932036942882,0.625,1.0,0.0032878483915702583,0.0,0.0
xgb,77106,package shows delivered but not received,10,0.2890648263178878,1.0,0.1,0.2890648263178878,1.0,0.1,0.0,0.0,0.0
xgb,77128,packout tray,16,0.9787930706003494,0.625,1.0,0.9768562593544076,0.625,1.0,0.0019368112459418052,0.0,0.0
xgb,77157,padded weight bar,15,0.7797717639205592,0.6363636363636364,1.0,0.7802046000832752,0.7272727272727273,1.0,-0.00043283616271594383,-0.09090909090909094,0.0
xgb,77250,paintbrush cups,16,0.9088650206134377,0.6666666666666666,1.0,0.8674684351761345,0.6666666666666666,1.0,0.04139658543730318,0.0,0.0
xgb,77278,pairing knife usa,16,0.9292578780090285,0.625,1.0,0.9388633982505332,0.625,1.0,-0.00960552024150474,0.0,0.0
xgb,77291,pajama shorts,27,0.9543384299005628,0.5882352941176471,1.0,0.8964495394512323,0.5294117647058824,1.0,0.05788889044933054,0.05882352941176472,0.0
xgb,77338,palitos de madera para paletas,30,0.8476676416607545,0.38461538461538464,1.0,0.8654994761511733,0.3846153846153846,1.0,-0.017831834490418808,5.551115123125783e-17,0.0
xgb,77447,panda plant plant,16,0.9322536887490998,0.6666666666666666,1.0,0.8851825356425533,0.6666666666666666,1.0,0.047071153106546415,0.0,0.0
xgb,77584,panther airpod case,16,0.8938182667384497,0.625,1.0,0.9261551510738728,0.625,1.0,-0.032336884335423144,0.0,0.0
xgb,77719,paper plates 8 1/2,16,0.9902627559415359,0.625,1.0,0.9876559210330988,0.625,1.0,0.00260683490843705,0.0,0.0
xgb,77723,paper products for home,16,0.7752387368046298,0.7,1.0,0.7846170207230129,0.7,1.0,-0.009378283918383024,0.0,0.0
xgb,77802,paraglider carabiner,40,0.4765607187261189,0.19230769230769232,0.25,0.4407312229581161,0.1923076923076923,0.2,0.03582949576800276,2.7755575615628914e-17,0.04999999999999999
xgb,77900,parting crowd black friday shirt,40,0.5304312428528095,0.1875,1.0,0.5598751087119169,0.21875,1.0,-0.02944386585910741,-0.03125,0.0
xgb,78007,pastel necktie,16,0.8989726566067059,0.625,1.0,0.889708517939391,0.625,1.0,0.009264138667314903,0.0,0.0
xgb,78018,pastel unicorn party plates,16,0.8839269150077771,0.625,1.0,0.8810676612614085,0.625,1.0,0.0028592537463686396,0.0,0.0
xgb,78118,patio side table leg prop,16,0.6331977547510813,0.6666666666666666,1.0,0.6753458326066929,0.6666666666666666,1.0,-0.04214807785561159,0.0,0.0
xgb,78122,patio swing replacement cushion,16,0.9435593591982605,0.625,1.0,1.0,0.625,1.0,-0.056440640801739494,0.0,0.0
xgb,78138,patrick shorts men,16,0.8554310445151856,0.6153846153846154,1.0,0.7841186338575163,0.6153846153846154,1.0,0.07131241065766925,0.0,0.0
xgb,78159,patriots jersy,16,1.0,0.6666666666666666,1.0,1.0,0.6666666666666666,1.0,0.0,0.0,0.0
xgb,78176,patterned curtains purple,16,0.9117943209938011,0.625,1.0,0.9124662320462946,0.625,1.0,-0.0006719110524935346,0.0,0.0
xgb,78222,paw patrol birthday candles,16,0.8094541116329114,0.6153846153846154,1.0,0.8481858153609328,0.6923076923076923,1.0,-0.03873170372802148,-0.07692307692307687,0.0
xgb,78430,peak to park columbia,16,0.9473635789834091,0.625,1.0,0.9902867315621452,0.625,1.0,-0.042923152578736135,0.0,0.0
xgb,78443,peanut free trail mix,39,0.7988862785703521,0.25806451612903225,1.0,0.6834398610807705,0.1935483870967742,1.0,0.11544641748958162,0.06451612903225806,0.0
xgb,78473,pearl silver lariat necklace,16,0.9318657370091274,0.625,1.0,0.9310531903395344,0.625,1.0,0.0008125466695930728,0.0,0.0
xgb,78498,pecs communication book,16,0.9203448012873421,0.75,1.0,0.90306517173227,0.75,1.0,0.017279629555072118,0.0,0.0
xgb,78636,pelican mustang 100x kayak,17,0.9559102496645824,0.625,1.0,0.952269065868915,0.625,1.0,0.0036411837956673576,0.0,0.0
xgb,78664,pelton treadmill,16,0.9255838014293366,0.625,1.0,0.9772274824155974,0.625,1.0,-0.05164368098626082,0.0,0.0
xgb,78807,penis enhancment,16,0.8471089897056349,0.625,1.0,0.8234875795124332,0.625,1.0,0.02362141019320163,0.0,0.0
xgb,78841,pentagon puzle,16,0.6264870335541018,0.6153846153846154,0.5,0.5235492063238629,0.5384615384615384,0.5,0.10293782723023892,0.07692307692307698,0.0
xgb,78846,pentair superflo vs,16,0.9419178604674607,0.75,1.0,0.9039401896992654,0.6666666666666666,1.0,0.03797767076819536,0.08333333333333337,0.0
xgb,78865,pentrrex 4oz,16,0.23995682821118594,0.375,0.14285714285714285,0.8959455908127036,0.875,1.0,-0.6559887626015177,-0.5,-0.8571428571428572
xgb,78872,people not a fan,16,0.9755453593002134,0.625,1.0,1.0,0.625,1.0,-0.024454640699786645,0.0,0.0
xgb,78969,percy jackson hardcover box set,16,0.8971992497325718,0.9,1.0,0.9005598165256876,0.9,1.0,-0.0033605667931158045,0.0,0.0
xgb,79017,perfumes for men pasion for mn,15,0.9699829631932922,0.9090909090909091,1.0,0.9699829631932922,0.9090909090909092,1.0,0.0,-1.1102230246251565e-16,0.0
xgb,79057,perplexus maze ball,16,0.9567083294488864,0.625,1.0,0.8152855963459015,0.625,1.0,0.14142273310298492,0.0,0.0
xgb,79122,personalized folded card with envelope,16,0.9272682907408835,0.625,1.0,0.94631913739202,0.625,1.0,-0.019050846651136544,0.0,0.0
xgb,79169,peruvian fedora hat,16,0.9188891736636443,0.625,1.0,0.9570217987137696,0.625,1.0,-0.03813262505012527,0.0,0.0
xgb,79281,petechtool,16,1.0,0.625,1.0,0.92663607790064,0.625,1.0,0.07336392209936005,0.0,0.0
xgb,79292,peter rabbit 2 the runaway dvd,12,0.7557924387488332,1.0,0.14285714285714285,0.7206598657854982,0.6666666666666666,0.1666666666666666,0.03513257296333494,0.33333333333333337,-0.023809523809523753
xgb,79331,petrol,15,0.592512031964586,0.75,0.5,0.7757386182436072,0.75,1.0,-0.18322658627902122,0.0,-0.5
xgb,79341,petsability joint,11,0.9326827204369442,0.9,1.0,0.9164666082174888,0.9,1.0,0.016216112219455403,0.0,0.0
xgb,79347,petty cash receipt,16,0.9936070796552218,0.6666666666666666,1.0,0.9902867315621452,0.6666666666666666,1.0,0.003320348093076575,0.0,0.0
xgb,79448,phillip melanson,15,0.0,0.0,0.09090909090909091,0.3562071871080222,1.0,0.1666666666666666,-0.3562071871080222,-1.0,-0.07575757575757569
xgb,79507,phone case iphone 8,16,0.34840917826079737,0.5,0.2,0.3273256199146115,0.5,0.1666666666666666,0.02108355834618586,0.0,0.03333333333333341
xgb,79518,phone case samsung galaxy s8 otterbox,16,0.7015099647232445,0.6153846153846154,0.5,0.5924577430382714,0.5384615384615384,0.5,0.10905222168497308,0.07692307692307698,0.0
xgb,79557,phone finder locator,16,0.948475220140534,0.625,1.0,0.9517825025223118,0.625,1.0,-0.0033072823817777985,0.0,0.0
xgb,79646,photo order,16,0.9787930706003494,0.625,1.0,0.9524016186546208,0.625,1.0,0.02639145194572856,0.0,0.0
xgb,79687,physical therapy exercise for hands,16,0.4306765580733931,1.0,0.25,0.3868528072345416,1.0,0.2,0.04382375083885154,0.0,0.04999999999999999
xgb,79719,piano key chain,16,0.9452601378978908,0.6666666666666666,1.0,0.942271122217258,0.6666666666666666,1.0,0.0029890156806328116,0.0,0.0
xgb,79726,piano music for shallow,16,0.6512279810731281,0.4444444444444444,1.0,0.7674114817197962,0.6666666666666666,1.0,-0.11618350064666816,-0.2222222222222222,0.0
xgb,79744,pickle ip,16,0.9718391205808965,1.0,1.0,0.9500798762244352,1.0,1.0,0.02175924435646126,0.0,0.0
xgb,79793,picture frames for sweet 16,16,0.8991253031103577,0.6,1.0,0.8790449506229113,0.6,1.0,0.02008035248744633,0.0,0.0
xgb,79852,piercing transparent plat,16,0.8789335177254264,0.6666666666666666,1.0,0.9070197871276496,0.6666666666666666,1.0,-0.028086269402223252,0.0,0.0
xgb,79867,pig socks,16,0.8372381138006585,0.6428571428571429,1.0,0.8572048559638626,0.6428571428571429,1.0,-0.019966742163204154,0.0,0.0
xgb,79868,pig stamp,16,0.9412351889215398,0.6666666666666666,1.0,0.9533147403336067,0.6666666666666666,1.0,-0.012079551412066958,0.0,0.0
xgb,79949,pilates for dummies,16,0.9974614508982592,0.625,1.0,0.9923153578228378,0.625,1.0,0.005146093075421465,0.0,0.0
xgb,79980,pillow cases 20x20 velvet,16,0.8945127282052903,0.625,1.0,0.8675021601272528,0.625,1.0,0.027010568078037478,0.0,0.0
xgb,80012,pillow without stuffing,40,0.6371130896657826,0.23529411764705882,0.5,0.6834005709569674,0.2352941176470588,0.5,-0.04628748129118476,2.7755575615628914e-17,0.0
xgb,80035,pilot d,16,0.30718371578189313,0.5,0.25,0.2476427880871277,0.5,0.1428571428571428,0.05954092769476543,0.0,0.1071428571428572
xgb,80044,pilot g2 ultra fine,40,1.0,0.25,1.0,1.0,0.25,1.0,0.0,0.0,0.0
xgb,80060,pimax 8kx,16,0.9584858128298555,0.6,1.0,0.9293251134901804,0.6,1.0,0.029160699339675022,0.0,0.0
xgb,80142,pink and blue striped dress,41,0.8427620297088859,0.2564102564102564,1.0,0.8394741813173155,0.2564102564102564,1.0,0.0032878483915703693,0.0,0.0
xgb,80149,pink and white wall decor,39,0.8118186135431933,0.2702702702702703,1.0,0.8109856806110745,0.2702702702702703,1.0,0.000832932932118835,0.0,0.0
xgb,80155,pink baseball reveal,16,0.940782621025704,0.625,1.0,0.914848652315805,0.625,1.0,0.025933968709898947,0.0,0.0
xgb,80157,pink bead lot,16,0.942159054068993,0.6666666666666666,1.0,0.9484714839582832,0.6666666666666666,1.0,-0.00631242988929015,0.0,0.0
xgb,80183,pink clipboards foldable,16,0.9240322980371874,0.625,1.0,0.950511060343137,0.625,1.0,-0.026478762305949588,0.0,0.0
xgb,80233,pink heart in white picture frame,16,0.966397552702038,0.625,1.0,0.9604151259284108,0.625,1.0,0.0059824267736271475,0.0,0.0
xgb,80237,pink holographic fanny pack,40,0.9137300703367957,0.25,1.0,0.8946727408718789,0.25,1.0,0.019057329464916783,0.0,0.0
xgb,80267,pink mini butt plug,16,0.9353123485452277,1.0,1.0,0.9368450503736864,1.0,1.0,-0.0015327018284586602,0.0,0.0
xgb,80279,pink pen light,16,0.8662869028072403,0.625,1.0,0.8662869028072403,0.625,1.0,0.0,0.0,0.0
xgb,80315,pink slippers for women,16,0.8991987231687164,0.625,1.0,0.9253314794949415,0.625,1.0,-0.026132756326225137,0.0,0.0
xgb,80330,pink sweatsuit for women,16,0.9052116356304494,0.6428571428571429,1.0,0.9216017310213248,0.6428571428571429,1.0,-0.016390095390875437,0.0,0.0
xgb,80360,pink woman gifts,16,0.9071410261468453,0.625,1.0,0.9530524936644946,0.625,1.0,-0.045911467517649296,0.0,0.0
xgb,80472,pipe cigar,16,0.7169835478578068,0.5,1.0,0.5639377277449211,0.5,0.5,0.1530458201128857,0.0,0.5
xgb,80563,piston,16,0.5821032065260975,0.0,0.08333333333333333,0.5821032065260975,0.0,0.0833333333333333,0.0,0.0,2.7755575615628914e-17
xgb,80593,piure,16,0.7662332599136297,0.7,1.0,0.838826006788886,0.8,1.0,-0.0725927468752563,-0.10000000000000009,0.0
xgb,80615,pixel 3 xl stand,16,0.8276164513692633,0.5833333333333334,1.0,0.7958929767682509,0.5833333333333334,1.0,0.031723474601012436,0.0,0.0
xgb,80685,pizza tshirt women,16,0.7009397974620344,0.6923076923076923,0.5,0.6904232217960723,0.6923076923076923,0.5,0.010516575665962091,0.0,0.0
xgb,80926,plantas solares para casa,27,0.4232411235766782,0.3125,0.3333333333333333,0.4528196876298829,0.25,1.0,-0.029578564053204692,0.0625,-0.6666666666666667
xgb,80932,planter without drainage hole,40,0.7803229336716231,0.25,1.0,0.9534606181487504,0.3125,1.0,-0.1731376844771273,-0.0625,0.0
xgb,81019,plastic coffee tumblers with lids,16,0.9738672436737749,0.625,1.0,0.941233297798857,0.625,1.0,0.03263394587491786,0.0,0.0
xgb,81107,plastic swords medieval,13,0.8932834815601916,0.75,1.0,0.858295143677006,0.75,1.0,0.03498833788318556,0.0,0.0
xgb,81125,plastic water goblets disposable,16,0.8880156958269811,0.625,1.0,0.8944836122933966,0.625,1.0,-0.006467916466415424,0.0,0.0
xgb,81129,plastic wine glasses without stem,40,0.6480684406674703,0.23529411764705882,1.0,0.5140812997412616,0.1764705882352941,1.0,0.13398714092620867,0.05882352941176472,0.0
xgb,81295,playmovil boy 3 years,16,0.7952627780430491,0.7777777777777778,1.0,0.5448196345789666,0.6666666666666666,0.5,0.2504431434640825,0.11111111111111116,0.5
xgb,81324,playstation 4 gift card digital code,16,0.8006937664098819,0.6363636363636364,1.0,0.8006937664098819,0.6363636363636364,1.0,0.0,0.0,0.0
xgb,81364,pleased but not satisfied,16,0.6739577727076378,0.6,1.0,0.7731930041332794,0.8,1.0,-0.09923523142564161,-0.20000000000000007,0.0
xgb,81366,pleaser heels 6 inch,16,0.9411338959973068,0.625,1.0,0.9411338959973068,0.625,1.0,0.0,0.0,0.0
xgb,81370,pleated skirts for women,16,0.8899541168509599,0.625,1.0,0.895039956444123,0.625,1.0,-0.005085839593163111,0.0,0.0
xgb,81377,pletco filter pma40l,15,0.7283729495983073,0.7,1.0,0.7460011384791747,0.7,1.0,-0.017628188880867368,0.0,0.0
xgb,81399,plug and pure air ioni,15,0.9024767905734036,0.6428571428571429,1.0,0.8699913610541022,0.6428571428571429,1.0,0.032485429519301334,0.0,0.0
xgb,81413,plug in toothbrush,16,0.9028732211227385,0.6,1.0,0.925957390686689,0.6666666666666666,1.0,-0.02308416956395054,-0.06666666666666665,0.0
xgb,81424,plum fabric tulle,16,0.9974537474936096,0.625,1.0,0.9974537474936096,0.625,1.0,0.0,0.0,0.0
xgb,81490,plus size cotton underwear for women,16,0.8722004417784576,0.6,1.0,0.9733318510892308,0.6666666666666666,1.0,-0.10113140931077325,-0.06666666666666665,0.0
xgb,81502,plus size fishnet thigh highs with back seam,16,0.9349612290444661,0.6923076923076923,1.0,0.9391985523995626,0.6923076923076923,1.0,-0.004237323355096523,0.0,0.0
xgb,81553,plus size sequin dresses for women,16,0.933745776545611,0.75,1.0,0.9305687780632228,0.75,1.0,0.0031769984823881714,0.0,0.0
xgb,81590,plus size womens sweaters 4x,16,0.9216017310213247,0.6428571428571429,1.0,0.9216017310213248,0.6428571428571429,1.0,-1.1102230246251565e-16,0.0,0.0
xgb,81620,plywood circles,16,0.8322252390682179,0.625,1.0,0.81753387923355,0.625,1.0,0.01469135983466785,0.0,0.0
xgb,81665,pocket postal scale,16,0.8335261452200972,0.625,1.0,0.8330193698255639,0.625,1.0,0.0005067753945332543,0.0,0.0
xgb,81710,point of sale register,16,0.8497658372960827,0.6666666666666666,1.0,0.8783242169806028,0.6666666666666666,1.0,-0.02855837968452013,0.0,0.0
xgb,81722,poke,13,0.933745776545611,0.75,1.0,1.0,0.8333333333333334,1.0,-0.06625422345438903,-0.08333333333333337,0.0
xgb,81745,pokemon card sleeves for binder,16,0.9186811290124753,0.7142857142857143,1.0,0.877498822220854,0.7142857142857143,1.0,0.04118230679162138,0.0,0.0
xgb,81769,pokemon gold gx cards single,16,0.9028895103048115,0.6666666666666666,1.0,0.8167331394535463,0.6,1.0,0.08615637085126515,0.06666666666666665,0.0
xgb,81853,polaris two up seat,40,0.7446592646907856,0.3333333333333333,1.0,0.5919268187287082,0.238095238095238,1.0,0.15273244596207736,0.09523809523809532,0.0
xgb,81884,pole baffle squirrel,16,0.8632555551147044,0.5714285714285714,1.0,0.8878984756873929,0.5714285714285714,1.0,-0.024642920572688465,0.0,0.0
xgb,81893,poleras deportivas mujer,50,0.3699122495789189,0.20833333333333334,0.5,0.3708157794229237,0.125,0.5,-0.0009035298440048245,0.08333333333333334,0.0
xgb,81965,polo shirts for men us,16,0.9054291485009893,0.625,1.0,0.9054291485009892,0.625,1.0,1.1102230246251565e-16,0.0,0.0
xgb,82003,polyester casual pants women,16,0.9488839097080675,0.625,1.0,0.8990342828542924,0.625,1.0,0.04984962685377503,0.0,0.0
xgb,82014,polygel nail kit without uv lamp,40,0.4057141468338119,0.18181818181818182,0.25,0.5130600869362409,0.1515151515151515,1.0,-0.10734594010242904,0.03030303030303033,-0.75
xgb,82016,polygons measuring spoon,16,0.9411338959973068,0.625,1.0,0.9743682286692288,0.625,1.0,-0.033234332671921996,0.0,0.0
xgb,82085,pony o,36,0.7390869042840766,0.29411764705882354,1.0,0.6711863473150084,0.2647058823529412,1.0,0.06790055696906827,0.02941176470588236,0.0
xgb,82111,pool anchor cover,16,0.7935840677649109,0.7,1.0,0.7909506325094736,0.7,1.0,0.002633435255437244,0.0,0.0
xgb,82143,pool heater,15,0.6462302129493455,1.0,0.5,0.431733884398313,0.6666666666666666,0.5,0.21449632855103246,0.33333333333333337,0.0
xgb,82190,pool weights set,16,0.8875973140105706,0.625,1.0,0.8976617565525116,0.625,1.0,-0.010064442541940943,0.0,0.0
xgb,82199,poop bags,22,1.0,0.45454545454545453,1.0,0.9400228393296096,0.4545454545454545,1.0,0.059977160670390384,5.551115123125783e-17,0.0
xgb,82210,pooppouri spray,16,0.977915258848537,0.625,1.0,0.977915258848537,0.625,1.0,0.0,0.0,0.0
xgb,82241,pop socket p,14,0.9008636626471187,0.7692307692307693,1.0,0.8435500063697146,0.6923076923076923,1.0,0.057313656277404146,0.07692307692307698,0.0
xgb,82308,popsocket rose gold and black,16,0.9454862044599013,0.625,1.0,0.9471643200863396,0.625,1.0,-0.0016781156264382702,0.0,0.0
xgb,82411,portable cd player,19,0.8924244579842303,0.5263157894736842,1.0,0.7748613248147453,0.5263157894736842,1.0,0.11756313316948497,0.0,0.0
xgb,82445,portable gaming speakers,16,0.8480106591165397,0.6666666666666666,1.0,0.8892244693780794,0.6666666666666666,1.0,-0.041213810261539696,0.0,0.0
xgb,82446,portable gas and charcoal grills,16,0.8339140369344991,0.6,1.0,0.8314558631043689,0.6,1.0,0.0024581738301301392,0.0,0.0
xgb,82530,portal 2 turret toys,16,0.9288614837890768,0.6666666666666666,1.0,0.9354426934102344,0.6666666666666666,1.0,-0.006581209621157602,0.0,0.0
xgb,82573,porter magazine,16,0.7385587681307823,0.875,0.5,0.7321580723746672,0.875,0.5,0.006400695756115016,0.0,0.0
xgb,82641,post oak wood chips,16,0.8608708586466196,0.6,1.0,0.7289312153258302,0.6,0.5,0.13193964332078945,0.0,0.5
xgb,82693,postpartum for c section,16,0.8569592570522937,0.6,1.0,0.7743363486188872,0.6,0.5,0.08262290843340647,0.0,0.5
xgb,82696,postpartum shirts for women,16,0.92663607790064,0.6,1.0,0.8899541168509599,0.6,1.0,0.03668196104968002,0.0,0.0
xgb,82714,pot holder for kitchen made in usa,16,0.8775709479564047,0.6,1.0,0.80965541937562,0.6,1.0,0.06791552858078465,0.0,0.0
xgb,82778,pound fitness sticks,40,0.7804977993195601,0.36363636363636365,1.0,0.813942914179948,0.4090909090909091,1.0,-0.033445114860387926,-0.04545454545454547,0.0
xgb,82813,power bands heavy,16,0.9668224733258367,0.625,1.0,0.8974507552287511,0.625,1.0,0.06937171809708564,0.0,0.0
xgb,82817,power beats 3 earbuds replacement tips,16,0.9176564688508827,0.625,1.0,0.9295165736285318,0.625,1.0,-0.011860104777649094,0.0,0.0
xgb,82825,power cord in car,16,0.8875706675095488,0.625,1.0,0.9381629525422096,0.625,1.0,-0.05059228503266078,0.0,0.0
xgb,82860,power pruning saw,16,0.8069803335109264,0.6,1.0,0.8573105604887954,0.6666666666666666,1.0,-0.05033022697786904,-0.06666666666666665,0.0
xgb,82879,power rangers samurai spin sword,16,0.6572190196347438,0.6666666666666666,1.0,0.5796993200023342,0.5555555555555556,1.0,0.07751969963240968,0.11111111111111105,0.0
xgb,82955,powersteering belt,16,0.7566451093196033,0.625,1.0,0.7566451093196033,0.625,1.0,0.0,0.0,0.0
xgb,82999,prank puke,15,0.6334982227809456,0.7142857142857143,0.5,0.734946898706997,0.7142857142857143,1.0,-0.10144867592605145,0.0,-0.5
xgb,83042,precision screw extractor set,16,0.9768562593544076,0.625,1.0,1.0,0.625,1.0,-0.023143740645592437,0.0,0.0
xgb,83058,predire paris skin care,16,0.9782424770346264,0.6666666666666666,1.0,0.8541568354909524,0.6,1.0,0.12408564154367396,0.06666666666666665,0.0
xgb,83099,prelit christmas tree 6 feet,16,0.8748091259654983,0.625,1.0,0.8991018324720479,0.625,1.0,-0.024292706506549577,0.0,0.0
xgb,83134,prepaid iphone,16,0.9597696063936791,0.625,1.0,0.9616701261829396,0.625,1.0,-0.0019005197892604242,0.0,0.0
xgb,83172,press on nails for women,16,0.8989468226086516,0.625,1.0,0.8978878231145222,0.625,1.0,0.0010589994941293535,0.0,0.0
xgb,83194,pressure switch mount for picatinny rail,16,0.8695896301991036,0.6923076923076923,1.0,0.8303841534329398,0.6923076923076923,0.5,0.039205476766163816,0.0,0.5
xgb,83219,pretend washer and dryer for kids,16,0.9156970369723625,0.8181818181818182,1.0,0.8332134943081045,0.7272727272727273,1.0,0.08248354266425795,0.09090909090909094,0.0
xgb,83246,preworkouts without creatine,40,0.6920304229935944,0.2,1.0,0.7195855078586898,0.2,1.0,-0.02755508486509539,0.0,0.0
xgb,83254,pride and groom dog shampoo,40,0.8228792712029233,0.21052631578947367,1.0,0.7996988089784826,0.2105263157894736,1.0,0.0231804622244407,8.326672684688674e-17,0.0
xgb,83261,pride mobility scooters,40,0.4726995783270176,0.10344827586206896,0.5,0.4652120570737715,0.1034482758620689,0.3333333333333333,0.007487521253246088,6.938893903907228e-17,0.16666666666666669
xgb,83287,prime day juice,16,0.9149856081400831,0.7692307692307693,1.0,0.8621621406030003,0.6923076923076923,1.0,0.05282346753708278,0.07692307692307698,0.0
xgb,83303,prime pantry clearance items,50,0.713891037380363,0.2903225806451613,1.0,0.6510728050990119,0.2580645161290322,1.0,0.06281823228135108,0.032258064516129115,0.0
xgb,83409,printed vinyl,16,0.9537125187088152,0.7142857142857143,1.0,0.8887808304556692,0.6428571428571429,1.0,0.06493168825314599,0.0714285714285714,0.0
xgb,83416,printer for canvas,16,0.8823813534837881,0.8571428571428571,1.0,0.590560959726188,0.4285714285714285,1.0,0.29182039375760005,0.4285714285714286,0.0
xgb,83434,printers without ink,16,0.78216911988656,0.6,1.0,0.7142519513041115,0.6,1.0,0.06791716858244856,0.0,0.0
xgb,83459,prisoner costume,12,0.8718995242974217,1.0,1.0,0.7857219235480938,1.0,0.5,0.0861776007493279,0.0,0.5
xgb,83525,probio slim plus weight loss,40,0.8591416672098046,0.38461538461538464,1.0,0.9286387618767192,0.3846153846153846,1.0,-0.06949709466691467,5.551115123125783e-17,0.0
xgb,83542,procare lace up ankle brace,16,0.9877841797012169,0.625,1.0,0.9427930190104704,0.625,1.0,0.04499116069074649,0.0,0.0
xgb,83568,professiobal camera,16,0.6656469209186083,0.6666666666666666,0.5,0.7977466810788878,0.5833333333333334,1.0,-0.13209976016027947,0.08333333333333326,-0.5
xgb,83576,professional heavy duty tripod,16,0.9302425767437054,0.625,1.0,0.9024833071281564,0.625,1.0,0.027759269615548976,0.0,0.0
xgb,83643,prolab caffeine tablets,38,0.7828141238903056,0.27586206896551724,1.0,0.7902546004332308,0.2758620689655172,1.0,-0.007440476542925234,5.551115123125783e-17,0.0
xgb,83656,promenade tops,16,0.9176564688508827,0.625,1.0,0.8873386183910673,0.625,1.0,0.030317850459815388,0.0,0.0
xgb,83784,protein crisp by bsn,16,0.8223724013043613,0.5,1.0,0.8547458539152435,0.6,1.0,-0.0323734526108822,-0.09999999999999998,0.0
xgb,83857,pruning saw attachment for pole,16,0.8091480666195562,0.6666666666666666,1.0,0.8793325772020737,0.6666666666666666,1.0,-0.07018451058251751,0.0,0.0
xgb,83906,ps4 bike racing games,16,0.3618021087855498,0.3333333333333333,1.0,0.4907261561767209,0.5555555555555556,1.0,-0.12892404739117108,-0.22222222222222227,0.0
xgb,83912,ps4 console,37,0.6168056224173492,0.14285714285714285,1.0,0.7027621406415305,0.1904761904761904,1.0,-0.08595651822418138,-0.04761904761904756,0.0
xgb,83916,ps4 controller charger,18,0.901447006056365,0.6153846153846154,1.0,1.0,0.7692307692307693,1.0,-0.09855299394363504,-0.15384615384615385,0.0
xgb,83928,ps4 flying games,16,0.9432379215722527,0.6,1.0,0.9432379215722528,0.6,1.0,-1.1102230246251565e-16,0.0,0.0
xgb,83937,ps4 gun games,16,0.8532721558012799,0.6,0.5,0.8532721558012799,0.6,0.5,0.0,0.0,0.0
xgb,83970,ps4 with 2 controllers,16,0.7487354068924341,0.5714285714285714,0.5,0.6754556151129949,0.4285714285714285,0.5,0.07327979177943922,0.1428571428571429,0.0
xgb,83981,ps4+hard+drive 2 tb,16,0.8150731251135309,0.7272727272727273,1.0,0.8562048687482033,0.8181818181818182,1.0,-0.041131743634672424,-0.09090909090909094,0.0
xgb,84041,psychological profiling,16,0.9603929239951788,0.625,1.0,0.9603929239951788,0.625,1.0,0.0,0.0,0.0
xgb,84051,pthtechus watch,16,1.0,0.9090909090909091,1.0,0.84860265890399,0.7272727272727273,1.0,0.15139734109601,0.18181818181818177,0.0
xgb,84258,puma socks women no show white,40,0.6598896147391308,0.2857142857142857,0.5,0.6137586312090885,0.2857142857142857,0.5,0.0461309835300423,0.0,0.0
xgb,84324,punk belts for men,16,0.8065089389851101,0.5714285714285714,1.0,0.7667847132675354,0.5714285714285714,1.0,0.039724225717574724,0.0,0.0
xgb,84365,puppy flea treatment 6 weeks,16,0.9083665697267731,0.625,1.0,0.9121678503973486,0.625,1.0,-0.003801280670575502,0.0,0.0
xgb,84382,puppy stairs for small dogs,16,0.8062900164261493,0.6923076923076923,1.0,0.8995337614290388,0.7692307692307693,1.0,-0.09324374500288957,-0.07692307692307698,0.0
xgb,84397,pur steam steamer cleaner,40,0.7135260313781002,0.2571428571428571,1.0,0.700194331218164,0.2571428571428571,1.0,0.013331700159936233,0.0,0.0
xgb,84497,purina 1 beef cat food,16,0.9681038083104088,0.625,1.0,0.9059034300385284,0.625,1.0,0.06220037827188041,0.0,0.0
xgb,84502,purina dog chow with lamb,16,1.0,0.625,1.0,1.0,0.625,1.0,0.0,0.0,0.0
xgb,84507,purina one puppy dog food,40,0.9363792118010482,0.3103448275862069,1.0,0.9210315637601144,0.3448275862068966,1.0,0.015347648040933803,-0.03448275862068967,0.0
xgb,84522,purple airpod case,16,0.8784525325737115,0.6428571428571429,1.0,0.8161285066751541,0.6428571428571429,0.5,0.062324025898557345,0.0,0.5
xgb,84548,purple crocs women,11,0.9257463753882778,0.9,1.0,0.9257463753882778,0.9,1.0,0.0,0.0,0.0
xgb,84580,purple mad pack,16,0.7631925784528221,0.7,1.0,0.7935840677649109,0.7,1.0,-0.030391489312088793,0.0,0.0
xgb,84632,purple tshirts unisex,16,0.9170043266187762,0.6666666666666666,1.0,0.917969899323864,0.6666666666666666,1.0,-0.0009655727050877916,0.0,0.0
xgb,84673,push pop variety pack,43,0.9507235030281824,0.2564102564102564,1.0,0.9787930706003494,0.2564102564102564,1.0,-0.028069567572166942,0.0,0.0
xgb,84696,putter club for kids,16,0.9159766673438161,0.625,1.0,0.9629536750301516,0.625,1.0,-0.046977007686335504,0.0,0.0
xgb,84708,puzzle frame,16,0.9258865048722699,0.6428571428571429,1.0,0.8001682169150214,0.5714285714285714,1.0,0.1257182879572485,0.07142857142857151,0.0
xgb,84774,pyramid rubix cube,16,0.9461436905340347,0.625,1.0,0.9343428760444789,0.625,1.0,0.011800814489555833,0.0,0.0
xgb,84825,qcy t1,16,0.9504844432119236,0.625,1.0,0.9169169469584678,0.625,1.0,0.033567496253455786,0.0,0.0
xgb,84853,qsc speakers,40,0.5865899902617786,0.18518518518518517,0.5,0.6064290517447408,0.2222222222222222,0.5,-0.019839061482962217,-0.037037037037037035,0.0
xgb,84893,quasar crossfade,17,0.8173774685719544,0.7142857142857143,1.0,0.8173774685719544,0.7142857142857143,1.0,0.0,0.0,0.0
xgb,84907,quebec city,16,0.9471643200863396,0.625,1.0,0.9471643200863396,0.625,1.0,0.0,0.0,0.0
xgb,84908,quedidilla maker,13,0.38685280723454163,1.0,0.2,0.5,1.0,0.3333333333333333,-0.11314719276545837,0.0,-0.1333333333333333
xgb,84952,queen lomg bed frame,16,0.9027406654683726,0.7272727272727273,1.0,0.9231420125302032,0.7272727272727273,1.0,-0.02040134706183061,0.0,0.0
xgb,84960,queen party chairs,40,0.5036548197045766,0.2608695652173913,0.5,0.6743783146846071,0.3478260869565217,1.0,-0.17072349498003048,-0.08695652173913038,-0.5
xgb,85016,quest vr,16,0.9089563645368318,0.7142857142857143,1.0,0.9089563645368318,0.7142857142857143,1.0,0.0,0.0,0.0
xgb,85093,quilted vest,16,0.9768562593544076,0.625,1.0,1.0,0.625,1.0,-0.023143740645592437,0.0,0.0
xgb,85118,quirky readin,16,0.4767891449055638,0.75,0.3333333333333333,0.5448732449105962,0.75,0.3333333333333333,-0.0680841000050324,0.0,0.0
xgb,85173,rabbit sex toy,16,0.879818541109886,0.5714285714285714,1.0,0.8363965053629976,0.5714285714285714,1.0,0.04342203574688841,0.0,0.0
xgb,85189,racecar bed,16,0.8483850543755478,0.625,1.0,0.8840341562352578,0.625,1.0,-0.03564910185971004,0.0,0.0
xgb,85208,rachel ray dog food 40 lb bag,40,0.7727943638475887,0.25,1.0,0.7714241447182649,0.25,1.0,0.0013702191293237798,0.0,0.0
xgb,85244,radeon r9,16,1.0,0.625,1.0,1.0,0.625,1.0,0.0,0.0,0.0
xgb,85330,rahua shampoo and conditioner,16,0.8100445218331705,0.625,1.0,0.8100445218331705,0.625,1.0,0.0,0.0,0.0
xgb,85337,raiders hardhat sticker,16,0.8579809428223729,0.8,1.0,0.7975167679274938,0.8,1.0,0.0604641748948791,0.0,0.0
xgb,85342,raiders tattoo sticker,16,0.9316277775573523,0.7142857142857143,1.0,0.9325055893091646,0.7142857142857143,1.0,-0.0008778117518123407,0.0,0.0
xgb,85430,rainbow loom bands,16,0.9729014376772381,0.625,1.0,0.9308745902692404,0.625,1.0,0.04202684740799778,0.0,0.0
xgb,85500,ram,43,0.5518406486177495,0.2,0.25,0.5375576871042891,0.2,0.2,0.014282961513460424,0.0,0.04999999999999999
xgb,85524,ramekins for instant pot,16,0.96331803895032,0.625,1.0,0.9054291485009892,0.625,1.0,0.057888890449330765,0.0,0.0
xgb,85544,ramps for lawn mowers,16,0.8056800761043966,0.6666666666666666,1.0,0.799138179130417,0.6666666666666666,1.0,0.006541896973979666,0.0,0.0
xgb,85573,rangers,14,1.0,1.0,1.0,1.0,1.0,1.0,0.0,0.0,0.0
xgb,85580,rapid ketosis,15,0.937905632972335,0.6666666666666666,1.0,0.9433239291166576,0.6666666666666666,1.0,-0.005418296144322654,0.0,0.0
xgb,85588,raptor 660 handlebars,16,0.8727484458506242,0.8181818181818182,1.0,0.8088534810784267,0.7272727272727273,0.5,0.06389496477219747,0.09090909090909094,0.5
xgb,85644,rasputin,16,0.7444677995611003,0.6923076923076923,0.5,0.7585055343454764,0.6923076923076923,0.5,-0.014037734784376088,0.0,0.0
xgb,85843,rbz 430 radio for jeep,16,0.673280152746548,0.5,1.0,0.8465984442536764,0.8333333333333334,1.0,-0.1733182915071284,-0.33333333333333337,0.0
xgb,85885,rca mini compact fridge,16,0.9755453593002134,0.625,1.0,0.9768562593544076,0.625,1.0,-0.0013109000541942084,0.0,0.0
xgb,85931,reading glasses without arms,40,0.6404065267313458,0.24242424242424243,1.0,0.6629858670641487,0.2727272727272727,1.0,-0.022579340332802955,-0.030303030303030276,0.0
xgb,85939,reading support stand with pillow,16,0.524795899949177,0.5,0.5,0.3935520219717318,0.5,0.2,0.1312438779774452,0.0,0.3
xgb,85987,real skin like vibrator,39,0.33573483382813185,0.21052631578947367,1.0,0.0945708514990106,0.0526315789473684,0.1428571428571428,0.24116398232912126,0.15789473684210528,0.8571428571428572
xgb,85998,realistic metal army guns,16,0.4828676833882583,0.5555555555555556,0.5,0.4092043169421456,0.5555555555555556,0.25,0.07366336644611271,0.0,0.25
xgb,86108,receptacle box cover plate,16,0.8989726566067059,0.625,1.0,0.8899541168509599,0.625,1.0,0.009018539755745958,0.0,0.0
xgb,86164,reclining bed queen,16,0.9861521673903242,0.6666666666666666,1.0,0.9799647310882664,0.6666666666666666,1.0,0.006187436302057758,0.0,0.0
xgb,86206,recpro water heater tankless,28,0.8738920069604414,0.37037037037037035,1.0,0.8381083856497716,0.3703703703703703,1.0,0.03578362131066981,5.551115123125783e-17,0.0
xgb,86235,red 5 gallon bucket,16,0.8421310337289639,0.6923076923076923,0.5,0.7993575261267429,0.6153846153846154,0.5,0.042773507602220984,0.07692307692307687,0.0
xgb,86239,red adult backpack,16,0.8587498247961461,0.6428571428571429,1.0,0.8912319395550007,0.6428571428571429,1.0,-0.03248211475885454,0.0,0.0
xgb,86242,red and black car vinyl,16,0.8650001476989747,0.625,1.0,0.8655263789091964,0.625,1.0,-0.0005262312102216615,0.0,0.0
xgb,86249,red and blue christmas ornaments,40,0.7863180700572117,0.2702702702702703,1.0,0.770781527528224,0.2432432432432432,1.0,0.015536542528987618,0.027027027027027084,0.0
xgb,86296,red buffalo plaid hand towels,16,0.8731250776199377,0.6,1.0,0.913117824150371,0.6666666666666666,1.0,-0.039992746530433276,-0.06666666666666665,0.0
xgb,86389,red hydrogen one,16,0.9709797322349952,0.8571428571428571,1.0,0.8959896380225926,0.7142857142857143,1.0,0.07499009421240266,0.1428571428571428,0.0
xgb,86425,red mock turtleneck women,16,0.9201048561927256,0.625,1.0,0.9201048561927256,0.625,1.0,0.0,0.0,0.0
xgb,86430,red ninja mask,11,0.9194177638469057,0.9090909090909091,1.0,0.9194177638469055,0.9090909090909092,1.0,1.1102230246251565e-16,-1.1102230246251565e-16,0.0
xgb,86446,red phone cord coiled,16,0.874702403649062,0.6923076923076923,1.0,0.9031245763020324,0.6923076923076923,1.0,-0.028422172652970312,0.0,0.0
xgb,86488,red solo cup lids,16,0.8497243569243389,0.6428571428571429,1.0,0.8782948319417031,0.6428571428571429,1.0,-0.028570475017364205,0.0,0.0
xgb,86491,red star sweater,16,0.7520531904800654,0.5714285714285714,1.0,0.7705509777198559,0.5714285714285714,1.0,-0.018497787239790564,0.0,0.0
xgb,86547,red yeast powder,16,0.916082619982838,0.625,1.0,0.9095711800965612,0.625,1.0,0.006511439886276782,0.0,0.0
xgb,86657,reflections of a man amari soul,16,0.9630280087714618,0.625,1.0,0.9630280087714618,0.625,1.0,0.0,0.0,0.0
xgb,86660,reflective cat harness,16,0.8763893809667458,0.625,1.0,0.8450416274581257,0.625,1.0,0.03134775350862007,0.0,0.0
xgb,86696,refrigerator mid size,16,0.8829207774874074,0.625,1.0,0.8814499896095266,0.625,1.0,0.001470787877880797,0.0,0.0
xgb,86833,rel t5i,16,0.9042362929039349,0.625,1.0,0.8748032409025883,0.625,1.0,0.029433052001346605,0.0,0.0
xgb,86844,releev cold sore treatment,30,0.9311946892549704,0.3448275862068966,1.0,0.9091099481035072,0.3448275862068966,1.0,0.022084741151463194,0.0,0.0
xgb,87006,remote control car for girls,26,0.914856882358379,0.391304347826087,1.0,1.0,0.4347826086956521,1.0,-0.08514311764162097,-0.04347826086956513,0.0
xgb,87013,remote control gas fireplace,16,0.8492722309827732,0.625,1.0,0.8731760056343246,0.625,1.0,-0.023903774651551468,0.0,0.0
xgb,87033,remotelync,16,0.7916240582902769,0.5714285714285714,1.0,0.9109639522397344,0.7142857142857143,1.0,-0.11933989394945743,-0.1428571428571429,0.0
xgb,87102,replacement blades for rage 100 grain,16,0.8265200928748623,0.6428571428571429,1.0,0.782909671353072,0.5714285714285714,1.0,0.04361042152179029,0.07142857142857151,0.0
xgb,87122,replacement slings for patio chairs,40,0.5107164012496701,0.2222222222222222,1.0,0.6804503724350791,0.3333333333333333,1.0,-0.169733971185409,-0.1111111111111111,0.0
xgb,87124,replacement steel blade case,16,0.7663588917271302,0.8571428571428571,1.0,0.657691980525148,0.7142857142857143,1.0,0.10866691120198224,0.1428571428571428,0.0
xgb,87133,replica ray-bans,16,0.8049107101676063,0.625,1.0,0.8049107101676063,0.625,1.0,0.0,0.0,0.0
xgb,87180,res med masks cpap,16,0.6305657569830249,0.4,0.5,0.7020660762752023,0.4,1.0,-0.07150031929217748,0.0,-0.5
xgb,87189,reservoir dogs soundtrack,16,0.5090967735771897,0.3333333333333333,1.0,0.6562587440102771,0.6666666666666666,1.0,-0.14716197043308732,-0.3333333333333333,0.0
xgb,87294,retirement without borders,16,0.761765145842111,0.6,1.0,0.7742769878006599,0.8,1.0,-0.01251184195854893,-0.20000000000000007,0.0
xgb,87321,retro dresses with pockets for women,16,0.9681038083104088,0.625,1.0,0.9066994325921796,0.625,1.0,0.06140437571822921,0.0,0.0
xgb,87349,return gifts,16,0.9824740301401435,0.6666666666666666,1.0,0.9809219276072596,0.6666666666666666,1.0,0.0015521025328838478,0.0,0.0
xgb,87366,reusable food storage bags,29,0.9787930706003494,0.3448275862068966,1.0,1.0,0.3448275862068966,1.0,-0.02120692939965063,0.0,0.0
xgb,87377,reusable popsicle stick,16,0.8738330270444725,0.6666666666666666,1.0,0.8689072001178979,0.6666666666666666,1.0,0.004925826926574617,0.0,0.0
xgb,87435,revlon lipstick 845,16,0.9517952235614292,0.625,1.0,0.9415815923472802,0.625,1.0,0.010213631214148977,0.0,0.0
xgb,87506,rheem 4 ton evaporator coil uncased,10,0.9662699986524373,1.0,1.0,0.9662699986524372,1.0,1.0,1.1102230246251565e-16,0.0,0.0
xgb,87511,rhinestone buckle bracelets,16,0.9277671872280734,0.625,1.0,0.8628739860877441,0.625,1.0,0.06489320114032926,0.0,0.0
xgb,87534,rhinoshield 6s case,16,0.7854217101124256,0.6363636363636364,1.0,0.8322625602575876,0.6363636363636364,1.0,-0.04684085014516204,0.0,0.0
xgb,87542,rib anch,16,0.16812753627111748,0.25,0.25,0.4358573241228429,0.75,0.3333333333333333,-0.2677297878517254,-0.5,-0.08333333333333331
xgb,87559,ricardo vera,15,0.5275794303779938,0.7777777777777778,0.3333333333333333,0.5133882307338125,0.6666666666666666,0.3333333333333333,0.014191199644181363,0.11111111111111116,0.0
xgb,87565,rice cooker japanese,16,0.8738330270444725,0.625,1.0,0.8899541168509599,0.625,1.0,-0.01612108980648741,0.0,0.0
xgb,87596,ricky gervais,15,0.6528642754944294,0.5454545454545454,1.0,0.7917063341896683,0.7272727272727273,1.0,-0.1388420586952389,-0.18181818181818188,0.0
xgb,87622,ridgid/ryobi table saw fence,16,0.9252036369525819,0.8571428571428571,1.0,0.8707210791568277,0.7142857142857143,1.0,0.05448255779575417,0.1428571428571428,0.0
xgb,87628,riding mowers clearance,16,0.607955361053934,0.625,0.16666666666666666,0.5702205701517395,0.5,0.25,0.03773479090219445,0.125,-0.08333333333333334
xgb,87687,rim watch,40,0.9452601378978908,0.2777777777777778,1.0,0.977915258848537,0.2777777777777778,1.0,-0.032655120950646266,0.0,0.0
xgb,87727,ring doorbell without existing doorbell wiring,16,0.8318477135310892,0.6,1.0,0.878174921308699,0.6,1.0,-0.04632720777760979,0.0,0.0
xgb,87735,ring guard solution,16,0.9193206014510814,0.625,1.0,0.8956754190925701,0.625,1.0,0.02364518235851132,0.0,0.0
xgb,87783,ringmaster coat,16,0.9584858128298555,0.625,1.0,0.891997905670028,0.625,1.0,0.06648790715982744,0.0,0.0
xgb,87915,ro tel mild diced tomatoes & green chilies,40,1.0,0.2564102564102564,1.0,0.9787930706003494,0.2564102564102564,1.0,0.02120692939965063,0.0,0.0
xgb,87923,road cycling shoes men,16,0.9292578780090285,0.625,1.0,0.9292578780090284,0.625,1.0,1.1102230246251565e-16,0.0,0.0
xgb,87933,roadtripper,16,0.8936633189697702,0.8571428571428571,1.0,0.98037714746389,1.0,1.0,-0.0867138284941198,-0.1428571428571429,0.0
xgb,87975,roblox backpack,15,0.8238939628570701,0.7142857142857143,1.0,0.8628013151187776,0.7142857142857143,1.0,-0.038907352261707495,0.0,0.0
xgb,88041,rock and republic pull on jeans women,16,0.9146820509322935,0.625,1.0,0.9191347743715284,0.625,1.0,-0.0044527234392348625,0.0,0.0
xgb,88092,rockford p3 12 inch subwoofer shallow,16,0.893006951876298,0.625,1.0,0.9108579352048268,0.625,1.0,-0.017850983328528858,0.0,0.0
xgb,88158,rodger in concert dvd,16,0.44158011035778233,1.0,0.2,0.3889580943680543,1.0,0.1428571428571428,0.052622015989728044,0.0,0.05714285714285722
xgb,88209,rohs ground spot solar lights,16,0.9435593591982605,0.625,1.0,0.9295204907858208,0.625,1.0,0.014038868412439731,0.0,0.0
xgb,88250,rolex daytona watches for men,40,0.9325055893091646,0.25,1.0,0.7940786669462508,0.25,1.0,0.13842692236291376,0.0,0.0
xgb,88280,roller bearings for pipe,16,0.6825442628860198,0.625,1.0,0.8398934166890106,0.875,1.0,-0.15734915380299086,-0.25,0.0
xgb,88295,roller skates for womens size 8,16,0.8874123095371795,0.875,1.0,0.776228742538626,0.75,1.0,0.11118356699855358,0.125,0.0
xgb,88319,rolling pin without handles,40,0.8364586133797036,0.2222222222222222,1.0,0.6794189632124181,0.2222222222222222,1.0,0.1570396501672855,0.0,0.0
xgb,88407,roof tiles,16,0.8622316623610126,0.6153846153846154,1.0,0.8519060536323956,0.6153846153846154,1.0,0.010325608728616986,0.0,0.0
xgb,88427,room decor for dolls,16,0.6647108765269648,0.5454545454545454,1.0,0.701739407748443,0.6363636363636364,1.0,-0.0370285312214782,-0.09090909090909094,0.0
xgb,88550,rope ratchet tie downs 1/4,16,0.8772081219537043,0.625,1.0,0.8788862375801427,0.625,1.0,-0.0016781156264383812,0.0,0.0
xgb,88629,rose gold watch,16,0.9399337652641017,0.625,1.0,0.9468817998296742,0.625,1.0,-0.006948034565572581,0.0,0.0
xgb,88646,rose tablecloth plastic,40,0.9547715182029446,0.25,1.0,0.9091099481035072,0.25,1.0,0.04566157009943739,0.0,0.0
xgb,88661,rosette iron,16,0.9537125187088152,0.625,1.0,0.9684038785434832,0.625,1.0,-0.01469135983466796,0.0,0.0
xgb,88767,round running boards,16,0.9400228393296095,0.625,1.0,0.9400228393296096,0.625,1.0,-1.1102230246251565e-16,0.0,0.0
xgb,88831,roxy boots for women,40,0.7277475244855959,0.21052631578947367,1.0,0.9072672767940164,0.2631578947368421,1.0,-0.17951975230842054,-0.05263157894736842,0.0
xgb,88866,royal blue strapless bra,16,0.8009490404565028,0.6428571428571429,1.0,0.8025418715678592,0.6428571428571429,1.0,-0.0015928311113563298,0.0,0.0
xgb,88891,royal shade rectangle shade,16,0.7161393426792714,0.5,1.0,0.80740433719337,0.5833333333333334,1.0,-0.09126499451409864,-0.08333333333333337,0.0
xgb,88929,rubber block heel shoes,16,0.9108579352048268,0.625,1.0,0.9309396307820336,0.625,1.0,-0.020081695577206737,0.0,0.0
xgb,88935,rubber coaster,12,1.0,0.8333333333333334,1.0,0.9738050896605512,0.8333333333333334,1.0,0.026194910339448763,0.0,0.0
xgb,88942,rubber ducks without holes,40,0.6927711557865787,0.23529411764705882,1.0,0.6582401198537965,0.2352941176470588,1.0,0.03453103593278217,2.7755575615628914e-17,0.0
xgb,88962,rubber stamp cleaning pad,16,0.9095341536596475,0.8888888888888888,1.0,0.8060630413396492,0.6666666666666666,1.0,0.10347111231999828,0.2222222222222222,0.0
xgb,88995,rubble lunch box,11,1.0,1.0,1.0,0.9819301753860976,1.0,1.0,0.018069824613902385,0.0,0.0
xgb,89048,ruffle coat,16,0.4200288571308284,0.75,0.25,0.431992295847858,0.75,0.25,-0.011963438717029595,0.0,0.0
xgb,89080,rug non slip pad 9x9 square,16,0.9339091084314125,0.625,1.0,0.9634117275431492,0.625,1.0,-0.029502619111736683,0.0,0.0
xgb,89186,running shorts without liner,40,0.9240205794407473,0.2564102564102564,1.0,0.8938868170135428,0.2564102564102564,1.0,0.030133762427204558,0.0,0.0
xgb,89193,running tights with pockets women,16,0.9537125187088152,0.625,1.0,0.9537125187088152,0.625,1.0,0.0,0.0,0.0
xgb,89212,russel westbrook rockets jersey,16,0.8108729081314049,0.625,1.0,0.8873953697089734,0.625,1.0,-0.07652246157756848,0.0,0.0
xgb,89282,rutgers womens soccer hoodie,16,0.7201264564818268,0.6363636363636364,1.0,0.6839918611773858,0.6363636363636364,1.0,0.036134595304441075,0.0,0.0
xgb,89291,rv,16,0.9262629820160899,1.0,1.0,0.9242014670639592,1.0,1.0,0.002061514952130694,0.0,0.0
xgb,89339,rv sink drain,16,0.7861242257962565,0.6153846153846154,0.5,0.8215240827949252,0.6153846153846154,0.5,-0.035399856998668655,0.0,0.0
xgb,89349,rv water pump camper,16,0.9129145136328384,0.625,1.0,0.9068860597565463,0.625,1.0,0.006028453876292028,0.0,0.0
xgb,89386,ryans world toy egg blue,16,0.9251437244303552,0.6,1.0,0.9232876577893936,0.6,1.0,0.0018560666409616067,0.0,0.0
xgb,89416,ryzen 11,16,0.6484777553826228,0.7142857142857143,1.0,0.7270171407818214,0.8571428571428571,1.0,-0.07853938539919869,-0.1428571428571428,0.0
xgb,89503,s9 case otterbox,16,0.860972846208065,0.6153846153846154,1.0,0.8308523174768955,0.6153846153846154,1.0,0.03012052873116955,0.0,0.0
xgb,89511,s9 screen protector,31,0.9305687780632227,0.36,1.0,0.92663607790064,0.36,1.0,0.003932700162582736,0.0,0.0
xgb,89705,sailcloth watch strap,16,0.9356306294840558,0.625,1.0,0.9503685460796544,0.625,1.0,-0.014737916595598533,0.0,0.0
xgb,89710,sailor moon costume women plus size,16,0.7870179323468909,0.6153846153846154,1.0,0.7870179323468909,0.6153846153846154,1.0,0.0,0.0,0.0
xgb,89714,sailor moon volume 3 and 4,16,0.9188284100856257,0.625,1.0,0.9702075805162398,0.625,1.0,-0.05137917043061413,0.0,0.0
xgb,89875,salwar kameez suit women ready to wear anarkhali,16,0.9067086287777598,0.625,1.0,0.90255628224713,0.625,1.0,0.004152346530629791,0.0,0.0
xgb,89882,sam trick r treat costume,16,0.9224077143750341,0.6923076923076923,1.0,0.9307858695716476,0.6923076923076923,1.0,-0.008378155196613446,0.0,0.0
xgb,89899,samoyed tank top,16,1.0,0.625,1.0,1.0,0.625,1.0,0.0,0.0,0.0
xgb,89943,samsung 800 watch,16,0.9052522802927104,0.6428571428571429,1.0,0.9034808669564318,0.6428571428571429,1.0,0.0017714133362786155,0.0,0.0
xgb,89974,samsung a50 covers,16,0.7973138525028846,0.6,1.0,0.8569028811657023,0.6,1.0,-0.05958902866281779,0.0,0.0
xgb,90012,samsung earbuds standalone,16,0.9473635789834091,0.6,1.0,0.8995814470333734,0.6,1.0,0.04778213195003567,0.0,0.0
xgb,90086,samsung galaxy note 10 plus otter box,16,0.8188886311678925,0.625,1.0,0.8177817112618648,0.625,1.0,0.0011069199060276258,0.0,0.0
xgb,90109,samsung galaxy s10 certified refurbished unlocked,11,0.9088825612810986,0.9090909090909091,1.0,0.9057792647101884,0.9090909090909092,1.0,0.00310329657091013,-1.1102230246251565e-16,0.0
xgb,90123,samsung galaxy s20 wallet case for women,16,0.9052116356304494,0.6,1.0,0.914856882358379,0.6,1.0,-0.009645246727929657,0.0,0.0
xgb,90258,samsung s10 plus rfid case,16,0.8926477657130304,0.75,1.0,0.8271255388199021,0.75,1.0,0.06552222689312825,0.0,0.0
xgb,90285,samsung s8 case,16,0.9052116356304494,0.6,1.0,0.7799082337019199,0.6,0.5,0.1253034019285295,0.0,0.5
xgb,90286,samsung s8 charger,16,0.8926382747840401,0.7272727272727273,1.0,0.8376318198599177,0.6363636363636364,1.0,0.05500645492412237,0.09090909090909094,0.0
xgb,90322,samsung tablet case 8 inch,16,0.9524016186546209,0.625,1.0,0.942271122217258,0.625,1.0,0.010130496437362968,0.0,0.0
xgb,90331,samsung the frame tv 49 inch,16,0.8878837664275291,0.6428571428571429,1.0,0.8777659126970082,0.5714285714285714,1.0,0.010117853730520876,0.07142857142857151,0.0
xgb,90401,sand filter gauge,16,0.9490848368915717,0.6923076923076923,1.0,0.9018531075669352,0.6923076923076923,1.0,0.047231729324636595,0.0,0.0
xgb,90525,santa stamp,16,0.7843083080811649,0.5454545454545454,1.0,0.7393867909104,0.5454545454545454,1.0,0.04492151717076487,0.0,0.0
xgb,90552,sapphire and alexandrite bracelet,16,0.7853432862566707,0.6,1.0,0.8240372358589056,0.6,1.0,-0.038693949602234934,0.0,0.0
xgb,90609,sash kilt,16,0.7519118253114742,0.8333333333333334,1.0,0.7179759961928293,0.6666666666666666,0.5,0.0339358291186449,0.16666666666666674,0.5
xgb,90618,sassy lashes glue,16,0.8606076392991092,0.625,1.0,0.898342265823684,0.625,1.0,-0.03773462652457482,0.0,0.0
xgb,90619,sasuke costume adult,40,0.8205296899736211,0.34615384615384615,1.0,0.892772141206916,0.3461538461538461,1.0,-0.07224245123329487,5.551115123125783e-17,0.0
xgb,90643,satin mint green bow tie,16,0.8991987231687164,0.6666666666666666,1.0,0.8991987231687164,0.6666666666666666,1.0,0.0,0.0,0.0
xgb,90691,saucony womens running shoes,16,0.4585655583838828,0.5,0.14285714285714285,0.5318849152533146,1.0,0.3333333333333333,-0.0733193568694318,-0.5,-0.19047619047619047
xgb,90790,scalextric,16,0.92663607790064,0.625,1.0,0.92663607790064,0.625,1.0,0.0,0.0,0.0
xgb,90797,scalp dandruff,16,0.8257045171699666,0.7,1.0,0.6773615634168193,0.5,1.0,0.14834295375314732,0.19999999999999996,0.0
xgb,90928,school essentials kids,16,0.7206833372819058,0.5384615384615384,1.0,0.6752333587902098,0.5384615384615384,1.0,0.045449978491695964,0.0,0.0
xgb,90979,science bulletin board borders,16,0.8982550386867663,0.625,1.0,0.9045513367491768,0.625,1.0,-0.006296298062410499,0.0,0.0
xgb,91027,scooby-doo and shaggy mystery machine imaginext,16,0.9321376950951338,0.625,1.0,0.9361767385157804,0.625,1.0,-0.0040390434206466486,0.0,0.0
xgb,91035,scooter carburetor,16,0.9716189607861263,0.625,1.0,0.9716189607861264,0.625,1.0,-1.1102230246251565e-16,0.0,0.0
xgb,91043,scootering knee pads,16,0.9504120313864757,0.625,1.0,0.9262688623283958,0.625,1.0,0.024143169058079894,0.0,0.0
xgb,91075,scotchguard fabric and upholstery protector,16,0.7593763033091007,0.6666666666666666,1.0,0.6989596219311941,0.5555555555555556,1.0,0.06041668137790657,0.11111111111111105,0.0
xgb,91336,sealed hinge,16,0.8474212676194066,0.8333333333333334,1.0,0.9110666456082572,0.8333333333333334,1.0,-0.06364537798885062,0.0,0.0
xgb,91377,seat,16,0.9053206285482487,0.8,1.0,0.6384239897199767,0.7,0.3333333333333333,0.26689663882827197,0.10000000000000009,0.6666666666666667
xgb,91472,security + mike meyers,16,0.9877841797012169,0.625,1.0,1.0,0.625,1.0,-0.012215820298783098,0.0,0.0
xgb,91480,security camera system poe 64,16,0.9046783004527807,0.625,1.0,0.8891004122394534,0.625,1.0,0.015577888213327395,0.0,0.0
xgb,91488,security cameras without internet,16,0.867258501013,0.6,1.0,0.6926388756262281,0.6,0.5,0.1746196253867719,0.0,0.5
xgb,91643,self winding watches for women,16,0.948475220140534,0.625,1.0,0.9283272902350128,0.625,1.0,0.020147929905521167,0.0,0.0
xgb,91672,selphy cp910 ink and paper,16,0.8803485966094552,0.625,1.0,0.8899541168509599,0.625,1.0,-0.00960552024150474,0.0,0.0
xgb,91674,selsun yellow medicated shampoo,40,0.7141087768991377,0.25,1.0,0.7421012228848234,0.25,1.0,-0.027992445985685732,0.0,0.0
xgb,91722,senorita shawn mendes camila cabello,16,0.7379156154779049,0.6153846153846154,1.0,0.714715225506563,0.6153846153846154,1.0,0.023200389971341884,0.0,0.0
xgb,91924,setting soray,16,0.96331803895032,0.625,1.0,0.96331803895032,0.625,1.0,0.0,0.0,0.0
xgb,91961,sevylor trolling motor mount,16,0.6471601960014621,0.625,1.0,0.547128870240163,0.625,0.5,0.10003132576129914,0.0,0.5
xgb,91962,sew barbie clothes,16,0.8630278047798052,0.6,1.0,0.8650065797672026,0.6,1.0,-0.0019787749873974025,0.0,0.0
xgb,91966,sew patterns for beginners,16,0.8089280840588331,0.625,1.0,0.8732897589519437,0.625,1.0,-0.06436167489311062,0.0,0.0
xgb,91973,sewing basket without accessories,39,0.9471643200863396,0.2564102564102564,1.0,0.9567083294488864,0.2564102564102564,1.0,-0.009544009362546846,0.0,0.0
xgb,92238,shampoo without water,40,0.6473362615659566,0.21875,1.0,0.6971354826906576,0.25,1.0,-0.04979922112470103,-0.03125,0.0
xgb,92241,shandler,16,0.834659085591883,0.8571428571428571,1.0,0.5912212512046474,0.5714285714285714,1.0,0.24343783438723554,0.2857142857142857,0.0
xgb,92270,shaping cream tee tree,16,0.9157196576049409,0.625,1.0,0.8676026017121995,0.625,1.0,0.0481170558927414,0.0,0.0
xgb,92274,shaquanda's hot pepper sauce,40,0.8829771917772822,0.25,1.0,0.8829771917772822,0.25,1.0,0.0,0.0,0.0
xgb,92343,shaving cream barbasal under 5,10,0.7644713392735024,1.0,1.0,0.668399159573456,1.0,0.5,0.09607217970004645,0.0,0.5
xgb,92350,shayla black wicked lovers series,40,0.9716189607861263,0.2777777777777778,1.0,0.9684038785434832,0.2777777777777778,1.0,0.003215082242643108,0.0,0.0
xgb,92360,she cow story,16,0.5882850282131459,0.7142857142857143,0.5,0.6966213915501555,0.8571428571428571,0.5,-0.10833636333700958,-0.1428571428571428,0.0
xgb,92399,sheds wood,40,0.9104208481577016,0.25,1.0,0.8799813810372109,0.25,1.0,0.030439467120490726,0.0,0.0
xgb,92459,shein short set,40,0.8171563536964214,0.22857142857142856,1.0,0.7900799128882461,0.2285714285714285,1.0,0.027076440808175284,5.551115123125783e-17,0.0
xgb,92512,sherling boot over knee,16,0.9838938112173669,0.625,1.0,0.9838938112173669,0.625,1.0,0.0,0.0,0.0
xgb,92589,shine rope,16,0.7362460823418981,0.5833333333333334,0.25,0.8413717021626568,0.5833333333333334,1.0,-0.10512561982075863,0.0,-0.75
xgb,92600,shiny powder,16,0.663168994603782,0.6153846153846154,0.5,0.8322252390682178,0.6923076923076923,1.0,-0.1690562444644358,-0.07692307692307687,-0.5
xgb,92601,shiny printer s-844,16,0.9074250374176304,0.6,1.0,1.0,0.6666666666666666,1.0,-0.09257496258236964,-0.06666666666666665,0.0
xgb,92607,shipping tape subscribe and save,16,0.8484359194787113,0.625,1.0,0.8702972153195014,0.625,1.0,-0.021861295840790107,0.0,0.0
xgb,92621,shirt ladies,16,1.0,0.6666666666666666,1.0,0.955830517697074,0.6,1.0,0.044169482302926055,0.06666666666666665,0.0
xgb,92635,shirts for young adults women,16,0.8899541168509599,0.6923076923076923,1.0,0.6969179698201174,0.5384615384615384,1.0,0.1930361470308425,0.15384615384615385,0.0
xgb,92682,shoe flat container,16,0.7666080894132135,0.6,1.0,0.6698886269485457,0.6,0.5,0.09671946246466778,0.0,0.5
xgb,92817,short curtain rod,16,0.9104208481577016,0.625,1.0,0.9093618486635722,0.625,1.0,0.0010589994941294645,0.0,0.0
xgb,92843,short shorts,16,0.8744514834914252,0.625,1.0,0.8914938467895037,0.625,1.0,-0.01704236329807851,0.0,0.0
xgb,92905,shotski board with glasses,16,0.6842200203883254,0.7777777777777778,0.5,0.8461358462028862,0.7777777777777778,1.0,-0.16191582581456077,0.0,-0.5
xgb,92967,shower curtains set,16,0.9234014633084383,0.625,1.0,0.8738330270444725,0.625,1.0,0.04956843626396579,0.0,0.0
xgb,92989,shower head with handheld spray,16,0.899847008173386,0.625,1.0,0.8953930990586252,0.625,1.0,0.004453909114760846,0.0,0.0
xgb,93031,showgirls,16,0.8065735963827292,1.0,1.0,0.6131471927654584,0.5,1.0,0.19342640361727081,0.5,0.0
xgb,93124,sidelight blinds,16,0.8209746996273022,0.8571428571428571,0.5,0.8538901932071302,1.0,1.0,-0.03291549357982804,-0.1428571428571429,-0.5
xgb,93284,silicone measuring cups for epoxy resin,16,0.9605744242260119,0.6666666666666666,1.0,0.8870722007635157,0.6666666666666666,1.0,0.07350222346249624,0.0,0.0
xgb,93309,silicone sleeve for 32 oz water bottle,16,0.7015099647232445,0.6666666666666666,0.5,0.7191184989488185,0.5833333333333334,1.0,-0.01760853422557407,0.08333333333333326,-0.5
xgb,93329,silk baseball cap,16,0.6882021060869478,0.75,0.5,0.7254120495943598,0.75,0.5,-0.037209943507412024,0.0,0.0
xgb,93355,silk robe,16,0.8401297515863583,0.6666666666666666,1.0,0.879321277863217,0.6666666666666666,1.0,-0.039191526276858735,0.0,0.0
xgb,93548,silver pothos,16,0.971242718645845,0.6428571428571429,1.0,0.9224916613813872,0.5714285714285714,1.0,0.04875105726445783,0.07142857142857151,0.0
xgb,93551,silver rhinestone hair cc clips,16,0.8909934996008259,1.0,1.0,0.9351954473783396,1.0,1.0,-0.04420194777751374,0.0,0.0
xgb,93555,silver rings for men,16,0.9684038785434832,0.625,1.0,0.9716189607861264,0.625,1.0,-0.003215082242643219,0.0,0.0
xgb,93620,simms flyweight wet wading shoe,33,0.679003816441019,0.3333333333333333,1.0,0.5087197927576009,0.2857142857142857,1.0,0.1702840236834181,0.047619047619047616,0.0
xgb,93793,sipsnap,40,0.2609294386358513,0.17647058823529413,1.0,0.1273872425285799,0.1176470588235294,0.1666666666666666,0.13354219610727136,0.05882352941176473,0.8333333333333334
xgb,93845,siu carbondale,16,0.7798680609767082,0.6363636363636364,1.0,0.8630152897016882,0.7272727272727273,1.0,-0.08314722872497993,-0.09090909090909094,0.0
xgb,93851,six swing for couples ceiling,40,0.704881239055604,0.5,1.0,0.6115695793743334,0.5,0.25,0.09331165968127053,0.0,0.75
xgb,93903,size 8 boys sandals,16,0.7165296112709673,0.6666666666666666,1.0,0.7896306444579116,0.7777777777777778,1.0,-0.07310103318694439,-0.11111111111111116,0.0
xgb,93941,skateboard grind box,16,0.9492493328503673,0.625,1.0,0.9247599960299876,0.625,1.0,0.02448933682037968,0.0,0.0
xgb,93970,skechers foam memory,16,0.9111275596842205,0.625,1.0,0.911760089838862,0.625,1.0,-0.0006325301546414863,0.0,0.0
xgb,93987,skechers wide fit shoes,16,0.8670547362154355,0.625,1.0,0.8903818700168974,0.625,1.0,-0.023327133801461897,0.0,0.0
xgb,94027,sketchers leopard sneakers,12,0.937798214895896,0.8181818181818182,1.0,0.960926046354781,0.9090909090909092,1.0,-0.023127831458884973,-0.09090909090909094,0.0
xgb,94067,ski scooter,16,0.8525377246567917,0.5833333333333334,1.0,0.8606337550063158,0.5833333333333334,1.0,-0.008096030349524108,0.0,0.0
xgb,94074,skid steer,16,0.9201849398725124,0.7692307692307693,1.0,0.9355410932396842,0.7692307692307693,1.0,-0.015356153367171776,0.0,0.0
xgb,94089,skillet rebirthing,16,0.9061141373634362,0.6,1.0,0.8861473952002319,0.6,1.0,0.019966742163204265,0.0,0.0
xgb,94100,skin cleanser for mature skin,16,0.9251290001389068,0.625,1.0,0.8712305422637917,0.625,1.0,0.05389845787511505,0.0,0.0
xgb,94150,skins for a 15.6 laptop white tiger,16,0.9792993621289764,0.7142857142857143,1.0,0.9706903398068096,0.7142857142857143,1.0,0.00860902232216676,0.0,0.0
xgb,94151,skins for swimming,16,0.7630946912803436,0.5833333333333334,1.0,0.8389574121760602,0.6666666666666666,1.0,-0.07586272089571666,-0.08333333333333326,0.0
xgb,94197,skull bong,15,0.8890361769568775,1.0,1.0,0.7900871369011064,0.8333333333333334,1.0,0.0989490400557711,0.16666666666666663,0.0
xgb,94264,slap chopper,16,1.0,0.625,1.0,0.9504318313235596,0.625,1.0,0.04956816867644043,0.0,0.0
xgb,94322,sleeping bear bag,14,0.9411338959973068,0.7142857142857143,1.0,0.9877841797012168,0.7142857142857143,1.0,-0.04665028370391,0.0,0.0
xgb,94388,sliding glass door curtains gold,16,1.0,0.625,1.0,0.9504318313235596,0.625,1.0,0.04956816867644043,0.0,0.0
xgb,94414,slim fit satin shirts for men,16,0.981891994711641,0.625,1.0,0.9630280087714618,0.625,1.0,0.01886398594017924,0.0,0.0
xgb,94479,slip and slide,16,0.9332161256259357,0.6666666666666666,1.0,0.889827751703494,0.6,1.0,0.04338837392244166,0.06666666666666665,0.0
xgb,94488,slip on combat,16,0.8800498748145477,0.6428571428571429,1.0,0.8780537415276913,0.6428571428571429,1.0,0.0019961332868563275,0.0,0.0
xgb,94552,slower feeder dog bowl,40,1.0,0.2564102564102564,1.0,1.0,0.2564102564102564,1.0,0.0,0.0,0.0
xgb,94575,small 3 drawer organizer,16,0.7855130380133287,0.6,1.0,0.7669271117034439,0.6,1.0,0.01858592630988487,0.0,0.0
xgb,94589,small basket,24,0.92663607790064,0.4166666666666667,1.0,0.9716189607861264,0.4166666666666667,1.0,-0.044982882885486464,0.0,0.0
xgb,94631,small camping blanket,16,0.88994752897318,0.625,1.0,0.8764492977988333,0.625,1.0,0.013498231174346675,0.0,0.0
xgb,94657,small coffee serving dividing containers,16,0.7606395682357036,1.0,0.5,0.7606395682357036,1.0,0.5,0.0,0.0,0.0
xgb,94801,small metal wall decor for kitchen,16,1.0,0.625,1.0,0.96331803895032,0.625,1.0,0.03668196104968002,0.0,0.0
xgb,94802,small michael kors handbags,40,0.8760486808746282,0.23076923076923078,1.0,0.8454519878305988,0.2307692307692307,1.0,0.030596693044029344,8.326672684688674e-17,0.0
xgb,94808,small mini rope basket hanging plants,16,0.9357372459825651,0.625,1.0,0.9015805353606828,0.625,1.0,0.0341567106218823,0.0,0.0
xgb,94839,small picture frames,32,0.6438820632255243,0.21052631578947367,1.0,0.777299036890523,0.3684210526315789,1.0,-0.13341697366499872,-0.15789473684210525,0.0
xgb,94867,small rectangle tapestry,16,0.8083060809458584,0.6,1.0,0.7980163304087735,0.6,1.0,0.010289750537084918,0.0,0.0
xgb,94897,small shelf bracket,16,0.9452601378978908,0.625,1.0,0.8582638554579922,0.625,1.0,0.08699628243989854,0.0,0.0
xgb,94907,small sized glass jars,16,0.9838938112173669,0.625,1.0,0.9790468959828572,0.625,1.0,0.004846915234509641,0.0,0.0
xgb,94909,small son urn,16,0.5818189117457606,0.5,0.16666666666666666,0.8054450941596385,0.6666666666666666,1.0,-0.22362618241387788,-0.16666666666666663,-0.8333333333333334
xgb,94934,small thanksgiving plates,16,0.8211488061059302,0.625,1.0,0.8840293962119731,0.625,1.0,-0.06288059010604286,0.0,0.0
xgb,94947,small vaccum,16,0.8689641954751568,0.625,1.0,0.8724617722799048,0.625,1.0,-0.0034975768047480482,0.0,0.0
xgb,94959,small waterproof rustproof outdoor combination locks,16,0.9450716302193615,0.625,1.0,0.9188767198799128,0.625,1.0,0.02619491033944865,0.0,0.0
xgb,94975,smallest dot approved motorcycle helmet,16,1.0,0.625,1.0,1.0,0.625,1.0,0.0,0.0,0.0
xgb,95078,smart watch no bluetooth,16,0.8100445218331705,0.625,1.0,0.86393354779784,0.625,1.0,-0.05388902596466949,0.0,0.0
xgb,95156,smell proofgrinder,16,0.6082776070543024,0.5555555555555556,1.0,0.498649196469161,0.5555555555555556,0.5,0.10962841058514144,0.0,0.5
xgb,95159,smikless grill,16,0.9349369997364463,0.625,1.0,0.9517825025223118,0.625,1.0,-0.016845502785865496,0.0,0.0
xgb,95164,smile.a,16,0.8383162086599405,0.7777777777777778,1.0,0.6799154709082739,0.6666666666666666,1.0,0.15840073775166663,0.11111111111111116,0.0
xgb,95214,smooth flow faucet,16,0.7559835875381318,0.5,1.0,0.6029340988068658,0.5,0.2,0.153049488731266,0.0,0.8
xgb,95436,snowboard gear xxl,16,0.9275797623825901,0.625,1.0,0.92757976238259,0.625,1.0,1.1102230246251565e-16,0.0,0.0
xgb,95473,snowmobile apparel mens,16,0.14154069623795845,0.0,0.09090909090909091,0.1854422025084854,0.0,0.0909090909090909,-0.04390150627052694,0.0,1.3877787807814457e-17
xgb,95491,snug headphones kids noise cancelling,16,0.9189673689050769,0.625,1.0,0.9439492378436964,0.625,1.0,-0.024981868938619534,0.0,0.0
xgb,95496,snuggle kitty with heartbeat,16,0.8196632855431795,0.7272727272727273,0.5,0.8078435793025204,0.7272727272727273,0.5,0.01181970624065909,0.0,0.0
xgb,95534,soaking bin for sink,16,0.9248743823396992,0.625,1.0,0.9590608212690682,0.625,1.0,-0.03418643892936901,0.0,0.0
xgb,95570,soccer balls size 5,16,0.9317219174938032,0.625,1.0,0.9349369997364464,0.625,1.0,-0.003215082242643219,0.0,0.0
xgb,95609,sock,16,0.7799082337019199,0.6,0.5,0.7799082337019199,0.6,0.5,0.0,0.0,0.0
xgb,95660,soderless led strip connectors,16,0.9543384299005628,0.625,1.0,0.911793259090854,0.625,1.0,0.04254517080970888,0.0,0.0
xgb,95679,sofa for kids boys,16,0.7975167679274938,0.6153846153846154,1.0,0.7133080652109929,0.5384615384615384,1.0,0.08420870271650094,0.07692307692307698,0.0
xgb,95684,sofa pillows blue and white,39,0.6872247511668094,0.22580645161290322,0.3333333333333333,0.6899022952057355,0.2258064516129032,0.3333333333333333,-0.0026775440389261718,2.7755575615628914e-17,0.0
xgb,95697,sofa tables narrow long with storage,40,0.9439492378436964,0.2564102564102564,1.0,0.9684038785434832,0.2564102564102564,1.0,-0.024454640699786756,0.0,0.0
xgb,95730,soft cotton bandana,16,0.9440741217461478,0.625,1.0,0.8700847977586061,0.625,1.0,0.07398932398754166,0.0,0.0
xgb,95758,soft serve ice cream maker,16,0.8060431776085678,0.6153846153846154,1.0,0.8625343522263559,0.6153846153846154,1.0,-0.056491174617788076,0.0,0.0
xgb,95789,softpick,16,0.9156904501701973,0.625,1.0,0.8251820543547808,0.625,1.0,0.09050839581541659,0.0,0.0
xgb,95790,softscrub lemon without bleach,41,0.682421569011928,0.22580645161290322,1.0,0.6500138056048825,0.2258064516129032,1.0,0.03240776340704543,2.7755575615628914e-17,0.0
xgb,95855,solar lights outdoor without motion sensor,40,0.6602016210809126,0.23684210526315788,1.0,0.7418664650160791,0.2368421052631578,1.0,-0.08166484393516649,8.326672684688674e-17,0.0
xgb,95898,sold by amazon.com,16,0.9210315637601145,0.6666666666666666,1.0,0.9034923372550476,0.6666666666666666,1.0,0.017539226505066896,0.0,0.0
xgb,95905,soldadora mig,36,0.8485005745928733,0.30303030303030304,1.0,0.8242978344531515,0.303030303030303,1.0,0.02420274013972179,5.551115123125783e-17,0.0
xgb,95927,solid black 200x tanning lotion,40,0.8008327318876817,0.2702702702702703,1.0,0.8118592949463851,0.2702702702702703,1.0,-0.01102656305870342,0.0,0.0
xgb,96056,sonos move,16,0.812739240832442,0.45454545454545453,1.0,0.7065028404917907,0.4545454545454545,0.5,0.1062364003406513,5.551115123125783e-17,0.5
xgb,96084,sony a7iii camera wrap,16,0.402555834981569,0.5,0.3333333333333333,0.5280956204415419,0.5,0.5,-0.1255397854599729,0.0,-0.16666666666666669
xgb,96085,sony a7iii lens zeiss,16,0.6694278660539346,0.6363636363636364,1.0,0.591445282403674,0.6363636363636364,1.0,0.07798258365026056,0.0,0.0
xgb,96107,sony dsc-rx10m4 wireless remote,16,0.7843219862865866,0.875,1.0,0.7923008545654285,0.875,1.0,-0.007978868278841977,0.0,0.0
xgb,96179,sony xperia 1 case spigen,16,0.931268352674344,0.6428571428571429,1.0,0.937477909988972,0.6428571428571429,1.0,-0.0062095573146279115,0.0,0.0
xgb,96262,sopranos,16,0.8630152897016882,0.7272727272727273,1.0,1.0,0.9090909090909092,1.0,-0.13698471029831183,-0.18181818181818188,0.0
xgb,96342,sour honey,16,1.0,0.7142857142857143,1.0,1.0,0.7142857142857143,1.0,0.0,0.0,0.0
xgb,96408,spa candles relaxing,16,0.9712545700542154,0.625,1.0,0.966935622140074,0.625,1.0,0.004318947914141447,0.0,0.0
xgb,96486,spanx back seam skinny pants,30,0.6859035411477306,0.2962962962962963,1.0,0.7208552251639209,0.2962962962962963,1.0,-0.03495168401619031,0.0,0.0
xgb,96499,sparco r100 seat,16,0.971343171861298,0.6428571428571429,1.0,0.9701569887965192,0.6428571428571429,1.0,0.0011861830647788008,0.0,0.0
xgb,96605,speck moto z2 play case,15,1.0,1.0,1.0,1.0,1.0,1.0,0.0,0.0,0.0
xgb,96724,spices for food,16,0.695450319828521,0.8,0.5,0.5330382147297589,0.6,0.3333333333333333,0.16241210509876214,0.20000000000000007,0.16666666666666669
xgb,96729,spicy chips,16,0.9237745426848448,0.625,1.0,0.9128420340474372,0.625,1.0,0.010932508637407579,0.0,0.0
xgb,96733,spicy ramen noodles sauce,16,0.8203714359390646,0.625,1.0,0.8371510659947925,0.625,1.0,-0.016779630055727912,0.0,0.0
xgb,96736,spider capelet,16,0.7176510893081868,0.625,1.0,0.7752460072058683,0.75,1.0,-0.05759491789768156,-0.125,0.0
xgb,96748,spider mirrorless camera holster,14,0.7972265335892738,0.6923076923076923,0.5,0.8039792733908363,0.6923076923076923,0.5,-0.006752739801562546,0.0,0.0
xgb,96762,spiderman bike for 3 year old,16,0.6812275221538915,0.5,0.5,0.6723874862509323,0.5,1.0,0.008840035902959231,0.0,-0.5
xgb,96779,spiderman gloves for kids,15,0.8945283249423339,0.6428571428571429,1.0,0.8665071052548664,0.6428571428571429,1.0,0.028021219687467513,0.0,0.0
xgb,96793,spiderman shirt women,16,0.6796054844532881,0.5384615384615384,1.0,0.6242322474067892,0.5384615384615384,1.0,0.05537323704649888,0.0,0.0
xgb,96836,spill proof cups for kids,16,0.7800955628772291,0.625,1.0,0.830753023036929,0.625,1.0,-0.05065746015969985,0.0,0.0
xgb,96858,spinners game dominoes,40,0.8150663248433294,0.2777777777777778,1.0,0.8205296899736211,0.2777777777777778,1.0,-0.005463365130291664,0.0,0.0
xgb,96955,spongebob halloween costume,16,0.955830517697074,0.6,1.0,0.9510907186004268,0.6,1.0,0.004739799096647124,0.0,0.0
xgb,96956,spongebob meme keychain,16,0.8060589737546706,0.8,1.0,0.9592280540855558,1.0,1.0,-0.15316908033088517,-0.19999999999999996,0.0
xgb,96969,spooky hourglass,16,0.7309760975446318,0.5555555555555556,1.0,0.7368377324683617,0.5555555555555556,1.0,-0.00586163492372993,0.0,0.0
xgb,96981,spoozie booster pads,16,0.9485073751698588,0.625,1.0,0.921607833754872,0.625,1.0,0.02689954141498685,0.0,0.0
xgb,97081,spray foam,16,0.9249579622742015,0.6,1.0,0.9065559605225726,0.6,1.0,0.01840200175162887,0.0,0.0
xgb,97114,spring powered sig p226,16,0.7495202330298745,0.75,1.0,0.7425252126757551,0.75,1.0,0.006995020354119363,0.0,0.0
xgb,97159,spy jackman,16,0.6309297535714574,1.0,0.5,0.4306765580733931,1.0,0.25,0.2002531954980643,0.0,0.25
xgb,97222,square white clock,16,0.9633991057381247,0.625,1.0,0.9032447701391096,0.625,1.0,0.06015433559901506,0.0,0.0
xgb,97223,square white dresser,16,0.7727684438304738,0.8333333333333334,0.5,0.7514287215329766,0.8333333333333334,0.5,0.021339722297497254,0.0,0.0
xgb,97231,squeaky balls for large dogs,16,0.9210315637601145,0.625,1.0,0.843515176584657,0.625,1.0,0.0775163871754575,0.0,0.0
xgb,97404,stained glass remnants,15,0.6516798916948996,0.625,1.0,0.9098999913476324,0.875,1.0,-0.25822009965273285,-0.25,0.0
xgb,97445,stainless steel pot without handle,40,0.7391088157992955,0.2727272727272727,1.0,0.59747886645743,0.2272727272727272,1.0,0.14162994934186557,0.0454545454545455,0.0
xgb,97464,stair climbing wheelchair,40,0.7844436166359613,0.3076923076923077,1.0,0.8436666355597752,0.3461538461538461,1.0,-0.059223018923813875,-0.03846153846153838,0.0
xgb,97469,stair treads non-slip blue 8×30,16,0.9411338959973068,0.625,1.0,0.9772274824155974,0.625,1.0,-0.036093586418290635,0.0,0.0
xgb,97478,stamina x air rower,16,0.987182011756103,0.625,1.0,1.0,0.625,1.0,-0.012817988243897016,0.0,0.0
xgb,97510,stand mixers kenmore,16,0.8340611153182703,0.5714285714285714,1.0,0.8340611153182703,0.5714285714285714,1.0,0.0,0.0,0.0
xgb,97535,standard pillow sham navy coral,16,0.9693421988565845,0.625,1.0,0.9700433677407578,0.625,1.0,-0.0007011688841733754,0.0,0.0
xgb,97597,star jeans,15,0.880239299045353,0.75,1.0,0.8745377396775714,0.75,1.0,0.005701559367781606,0.0,0.0
xgb,97615,star shape glitter,16,0.8918690186039293,0.625,1.0,0.8788381247696451,0.625,1.0,0.01303089383428424,0.0,0.0
xgb,97628,star trek jersey,16,0.9692201653995299,0.7692307692307693,1.0,0.7301011205840999,0.6153846153846154,1.0,0.23911904481543,0.15384615384615385,0.0
xgb,97649,star wars dark side ornament,16,0.9629240957179086,1.0,1.0,0.9097689829907456,1.0,1.0,0.053155112727163,0.0,0.0
xgb,97672,star wars jacket big and tall,16,0.9787930706003494,0.6666666666666666,1.0,0.9787930706003494,0.6666666666666666,1.0,0.0,0.0,0.0
xgb,97835,steakout blu-ray,14,0.7039180890341347,0.5,1.0,0.3519590445170673,0.5,0.3333333333333333,0.3519590445170674,0.0,0.6666666666666667
xgb,97837,stealth cam trail camera 12v/solar auxiliary power pack,16,0.6863751890539428,0.625,1.0,0.6811416096378852,0.625,1.0,0.005233579416057621,0.0,0.0
xgb,97840,steam basket for instant pot 6qt,16,0.8286410209773463,0.625,1.0,0.8607834596032454,0.625,1.0,-0.03214243862589916,0.0,0.0
xgb,97848,steam mop disposable pads,16,0.771044781560482,0.5714285714285714,1.0,0.8065296828714039,0.5714285714285714,1.0,-0.03548490131092197,0.0,0.0
xgb,97894,steel toe work boots for men,16,1.0,0.6666666666666666,1.0,0.977915258848537,0.6666666666666666,1.0,0.022084741151462972,0.0,0.0
xgb,98019,sterios for houses,16,1.0,0.625,1.0,0.9787930706003494,0.625,1.0,0.02120692939965063,0.0,0.0
xgb,98055,stetson hats for women,15,0.9231218672762516,0.6923076923076923,1.0,0.932160110245562,0.7692307692307693,1.0,-0.00903824296931044,-0.07692307692307698,0.0
xgb,98060,steve madden handbags for women,14,0.7432262726522398,0.6923076923076923,0.5,0.7877736340270854,0.6923076923076923,1.0,-0.04454736137484561,0.0,-0.5
xgb,98069,steve o book,16,0.33667787968647434,0.5,0.3333333333333333,0.2485600808383063,0.25,1.0,0.08811779884816803,0.25,-0.6666666666666667
xgb,98209,stnad alone closet,16,0.9334929301469999,0.625,1.0,0.9299953533422518,0.625,1.0,0.0034975768047480482,0.0,0.0
xgb,98243,stomach fat burner belt for men,16,0.9089853051306158,0.625,1.0,0.903543617473186,0.625,1.0,0.005441687657429806,0.0,0.0
xgb,98255,stone earrings,16,0.945837011841976,0.625,1.0,0.945837011841976,0.625,1.0,0.0,0.0,0.0
xgb,98344,storager box,16,0.8473624716675436,0.6,1.0,0.8572048559638628,0.6,1.0,-0.009842384296319118,0.0,0.0
xgb,98413,stranger,15,0.9738050896605512,0.6666666666666666,1.0,0.9965211712836076,0.6666666666666666,1.0,-0.022716081623056383,0.0,0.0
xgb,98440,strap didlos for women couples,16,0.6661040101104594,0.6,1.0,0.7883380974134511,0.8,1.0,-0.12223408730299168,-0.20000000000000007,0.0
xgb,98523,street without a name,16,0.7495275800817669,0.75,1.0,0.6366824387328316,0.5,1.0,0.11284514134893531,0.25,0.0
xgb,98545,stretch band wall moung,16,0.9399337652641017,0.6666666666666666,1.0,0.9722340851332468,0.6666666666666666,1.0,-0.032300319869145167,0.0,0.0
xgb,98555,stretchable bottoms for women,9,0.9927464701801207,1.0,1.0,0.9927464701801209,1.0,1.0,-1.1102230246251565e-16,0.0,0.0
xgb,98581,string lights for patio solar,16,0.9494126029739882,0.625,1.0,0.9504120313864756,0.625,1.0,-0.0009994284124873465,0.0,0.0
xgb,98607,striped panties for women,16,0.8447256350539044,0.6428571428571429,1.0,0.7744233964247533,0.5714285714285714,1.0,0.07030223862915108,0.07142857142857151,0.0
xgb,98611,striped tee shirt men long sleeve,40,0.8034086783437034,0.24324324324324326,1.0,0.8083018762127852,0.2432432432432432,1.0,-0.004893197869081711,5.551115123125783e-17,0.0
xgb,98634,strong airsoft guns,16,0.8536049655079422,0.7142857142857143,1.0,0.8780969743570687,0.7142857142857143,1.0,-0.0244920088491265,0.0,0.0
xgb,98687,study table and chair,9,0.9647774816127758,1.0,1.0,0.9614074067643296,1.0,1.0,0.003370074848446203,0.0,0.0
xgb,98692,stuff for 8 cents,16,0.7868402108476684,0.625,1.0,0.8320908574852407,0.625,1.0,-0.04525064663757228,0.0,0.0
xgb,98693,stuff for christan singers,16,0.8687471874513093,0.6,1.0,0.8544687689543128,0.6,1.0,0.014278418496996514,0.0,0.0
xgb,98731,stun gun for self defense,16,0.9543384299005628,0.625,1.0,0.9317219174938032,0.625,1.0,0.02261651240675966,0.0,0.0
xgb,98824,subtle art of not giving a fuck,15,0.801356391513616,0.7,1.0,0.8048510166566096,0.7,1.0,-0.0034946251429935904,0.0,0.0
xgb,98963,sugar bear hair vitamins,16,0.8839269150077771,0.6666666666666666,1.0,0.8748032409025883,0.6666666666666666,1.0,0.009123674105188773,0.0,0.0
xgb,98966,sugar bowl without spoon,40,0.7456351029065521,0.2647058823529412,1.0,0.7675488527333385,0.2647058823529412,1.0,-0.0219137498267864,0.0,0.0
xgb,99007,suit outfit for boys size 12 big kids,16,0.5032251913410369,0.5,1.0,0.5294362295028773,0.5,1.0,-0.02621103816184034,0.0,0.0
xgb,99069,sum,16,0.8165901947515999,0.6428571428571429,1.0,0.7877736340270854,0.6428571428571429,1.0,0.02881656072451444,0.0,0.0
xgb,99077,summer blouses for women,16,0.9650210372776609,0.7692307692307693,1.0,0.9035822039264964,0.6923076923076923,1.0,0.06143883335116451,0.07692307692307698,0.0
xgb,99109,summer tops for women,16,0.8758568860962803,0.6,1.0,0.8776125095999052,0.6,1.0,-0.0017556235036249035,0.0,0.0
xgb,99115,summer+shirt+women,16,0.9143667518355552,0.625,1.0,0.9107255680398878,0.625,1.0,0.0036411837956673576,0.0,0.0
xgb,99160,sun seeds,16,0.9738672436737749,0.625,1.0,0.9517825025223118,0.625,1.0,0.022084741151463083,0.0,0.0
xgb,99204,sunflower on black and white kitchen,16,0.8196513748277231,0.6666666666666666,1.0,0.8196513748277231,0.6666666666666666,1.0,0.0,0.0,0.0
xgb,99262,sunroof decal for car,40,0.7631925784528221,0.3888888888888889,1.0,0.7479350596733328,0.3888888888888889,1.0,0.01525751877948922,0.0,0.0
xgb,99338,super nintendo european,16,0.6824030732189952,0.7142857142857143,0.5,0.6616171754406981,0.7142857142857143,0.5,0.02078589777829709,0.0,0.0
xgb,99347,super smash bros ultimate,16,0.8022630702301324,0.5,1.0,0.7191898872558283,0.5,0.5,0.0830731829743041,0.0,0.5
xgb,99407,superman tshirt slim fit men,16,0.675570916010595,0.7777777777777778,0.5,0.8194800420531693,0.7777777777777778,1.0,-0.14390912604257422,0.0,-0.5
xgb,99419,supersonic dvd player 7,16,0.8440305894713765,0.5555555555555556,1.0,0.7451523280934935,0.5555555555555556,0.5,0.09887826137788303,0.0,0.5
xgb,99462,surf shorts for men,16,0.6773891619299288,0.5454545454545454,1.0,0.6780494608112011,0.5454545454545454,1.0,-0.000660298881272281,0.0,0.0
xgb,99545,survival kit,41,0.7648908410439711,0.24,1.0,0.9432379215722528,0.36,1.0,-0.17834708052828174,-0.12,0.0
xgb,99557,sushi knife,16,0.9366257706824616,0.625,1.0,0.93151273583155,0.625,1.0,0.005113034850911524,0.0,0.0
xgb,99639,swarovski crystal cross ornament,16,0.9685287252979218,0.625,1.0,0.9463773911440349,0.625,1.0,0.022151334153886926,0.0,0.0
xgb,99663,sweat caps for men,16,0.8643145546088337,0.5714285714285714,1.0,0.9216017310213248,0.6428571428571429,1.0,-0.05728717641249115,-0.07142857142857151,0.0
xgb,99669,sweat pants outfits for women loose fit plus size,42,0.841492960259019,0.23684210526315788,1.0,0.8311874146498168,0.2368421052631578,1.0,0.01030554560920216,8.326672684688674e-17,0.0
xgb,99678,sweater caps for boys,16,0.926390478989071,0.625,1.0,0.930316877503158,0.625,1.0,-0.003926398514086937,0.0,0.0
xgb,99680,sweater crop tops for teens under 10,16,0.8789335177254264,0.6,1.0,0.82340168799192,0.6,1.0,0.055531829733506344,0.0,0.0
xgb,99736,sweet 16 glow in the dark tables,16,0.9120131844100002,0.625,1.0,0.9174487478283276,0.625,1.0,-0.005435563418327405,0.0,0.0
xgb,99784,swiffer wet jet cleaner solution,16,0.9415695295595564,0.9,1.0,0.5872452346045155,0.7,0.3333333333333333,0.3543242949550409,0.20000000000000007,0.6666666666666667
xgb,99850,swimsuits for bride,16,0.9669400280728928,0.625,1.0,0.939624747624484,0.625,1.0,0.027315280448408807,0.0,0.0
xgb,99973,syhood ribbon,16,0.9899138256111094,0.7142857142857143,1.0,0.8510094296952421,0.6428571428571429,1.0,0.13890439591586734,0.0714285714285714,0.0
xgb,99982,synethic wig spray,16,0.977915258848537,0.625,1.0,0.9537125187088152,0.625,1.0,0.02420274013972179,0.0,0.0
xgb,100060,t strap sandals for women,16,0.851634150508456,0.625,1.0,0.8562285995968465,0.625,1.0,-0.004594449088390462,0.0,0.0
xgb,100062,t tahari shoes for women,16,0.6233329185199646,1.0,0.5,0.4966392215357503,1.0,0.25,0.12669369698421434,0.0,0.25
xgb,100103,ta-nehisi coates,16,0.4504375981450124,0.6666666666666666,0.25,0.4871479708690217,0.6666666666666666,0.25,-0.03671037272400929,0.0,0.0
xgb,100158,table hiker,16,0.7061562365587306,0.7,1.0,0.6496706773354272,0.6,1.0,0.05648555922330345,0.09999999999999998,0.0
xgb,100173,table protector vinyl,16,0.9146738216410971,0.6666666666666666,1.0,0.9227209734746888,0.6666666666666666,1.0,-0.008047151833591726,0.0,0.0
xgb,100219,tablesaw motor,16,1.0,0.6666666666666666,1.0,1.0,0.6666666666666666,1.0,0.0,0.0,0.0
xgb,100268,tablets for cars,16,0.6924564282078567,0.5,0.25,0.5821032065260975,0.0,0.0833333333333333,0.1103532216817592,0.5,0.16666666666666669
xgb,100307,tacklebox for fishing,16,0.7891528400196763,0.625,1.0,0.8325987562889579,0.625,1.0,-0.043445916269281515,0.0,0.0
xgb,100312,tacks for upholstery,16,1.0,0.6666666666666666,1.0,1.0,0.6666666666666666,1.0,0.0,0.0,0.0
xgb,100319,taco twosday birthday party,16,0.9738050896605512,0.625,1.0,0.9720075540143144,0.625,1.0,0.0017975356462368586,0.0,0.0
xgb,100380,taffeta skirt,16,0.887094021625327,0.625,1.0,0.8411504031114445,0.625,1.0,0.04594361851388251,0.0,0.0
xgb,100439,taken,16,1.0,1.0,1.0,1.0,1.0,1.0,0.0,0.0,0.0
xgb,100573,tan scarf women,16,0.9184237706722591,0.625,1.0,0.8917512051297201,0.625,1.0,0.02667256554253905,0.0,0.0
xgb,100579,tan thick belt for women,16,0.9339091084314125,0.6666666666666666,1.0,0.9008636626471188,0.6666666666666666,1.0,0.03304544578429369,0.0,0.0
xgb,100616,tank top dress summer,16,0.8787128044857495,0.6923076923076923,1.0,0.851066722770146,0.6923076923076923,1.0,0.027646081715603565,0.0,0.0
xgb,100624,tankglass,16,0.7702375217369842,0.7,1.0,0.6243841008055381,0.6,0.5,0.14585342093144615,0.09999999999999998,0.5
xgb,100684,tape dispenser lid,16,0.9456910047059188,0.75,1.0,0.8977687733234713,0.6666666666666666,1.0,0.047922231382447555,0.08333333333333337,0.0
xgb,100716,tapetech drywall tools,40,0.7518775968357415,0.24242424242424243,1.0,0.6730078435487711,0.2424242424242424,1.0,0.07886975328697043,2.7755575615628914e-17,0.0
xgb,100801,tarte concealer 44h,16,0.9634117275431491,0.625,1.0,1.0,0.625,1.0,-0.03658827245685092,0.0,0.0
xgb,100810,tasers for women,16,0.8899541168509599,0.625,1.0,0.8899541168509599,0.625,1.0,0.0,0.0,0.0
xgb,100819,taste of oregon,16,0.9667147927059907,1.0,1.0,0.977015370299312,1.0,1.0,-0.010300577593321258,0.0,0.0
xgb,100828,tatcha powder exfoliator,37,0.7264263144665171,0.3333333333333333,1.0,0.6994222292022597,0.3333333333333333,1.0,0.02700408526425735,0.0,0.0
xgb,100907,tazzer for women,16,0.7104770117651427,0.6,0.5,0.7052397131968614,0.6,0.5,0.005237298568281257,0.0,0.0
xgb,100909,tb;15,16,0.8249936930992225,0.6666666666666666,1.0,0.8124648523815823,0.6666666666666666,1.0,0.012528840717640266,0.0,0.0
xgb,100922,tcl 6 series 55r617,16,1.0,0.625,1.0,0.95334971629609,0.625,1.0,0.04665028370391,0.0,0.0
xgb,100955,tea bag dish alice,16,1.0,1.0,1.0,0.4306765580733931,1.0,0.25,0.5693234419266069,0.0,0.75
xgb,101002,tea set colorful,16,0.9247956251204557,0.625,1.0,0.9160358599268372,0.625,1.0,0.00875976519361843,0.0,0.0
xgb,101081,teal satin dress,16,0.6650102819883269,0.5714285714285714,0.5,0.7485325438276902,0.5714285714285714,1.0,-0.08352226183936329,0.0,-0.5
xgb,101128,techer pens,16,0.7901482087219937,0.6923076923076923,1.0,0.7944842934699714,0.6923076923076923,1.0,-0.004336084747977753,0.0,0.0
xgb,101181,ted.taylor,16,0.7599676921884454,0.6666666666666666,1.0,0.5696160022325946,0.5555555555555556,1.0,0.19035168995585083,0.11111111111111105,0.0
xgb,101203,teen dance skirt,14,0.8900515836056395,0.8333333333333334,1.0,0.90344154733778,0.8333333333333334,1.0,-0.01338996373214052,0.0,0.0
xgb,101204,teen desk,16,1.0,0.625,1.0,1.0,0.625,1.0,0.0,0.0,0.0
xgb,101231,teenage comforter sets for girls grey,13,0.9346659795308913,0.7692307692307693,1.0,0.9346659795308913,0.7692307692307693,1.0,0.0,0.0,0.0
xgb,101232,teenage girl backpacks,16,0.723967479687179,0.5384615384615384,1.0,0.8145770933095324,0.6923076923076923,1.0,-0.09060961362235342,-0.15384615384615385,0.0
xgb,101242,teeth are not for biting board book,16,0.8806460334523056,0.6666666666666666,1.0,0.8876292423284146,0.6666666666666666,1.0,-0.006983208876108926,0.0,0.0
xgb,101332,telephone ear phones,16,1.0,0.6666666666666666,1.0,0.9738672436737748,0.6666666666666666,1.0,0.026132756326225248,0.0,0.0
xgb,101335,telephoto lens case,16,0.9504120313864757,0.625,1.0,0.9188159099299588,0.625,1.0,0.03159612145651691,0.0,0.0
xgb,101376,tell me without telling me,14,0.9178287402913374,1.0,1.0,0.9267582364714124,1.0,1.0,-0.008929496180074992,0.0,0.0
xgb,101390,temp switch,16,0.8696925604150173,0.8333333333333334,1.0,0.8543428422235081,0.8333333333333334,1.0,0.01534971819150921,0.0,0.0
xgb,101443,ten pound weight,16,0.8417832382281388,0.6153846153846154,1.0,0.7879883057714402,0.5384615384615384,1.0,0.05379493245669864,0.07692307692307698,0.0
xgb,101472,tennis elbo band,16,0.9575861412006988,0.6428571428571429,1.0,0.955830517697074,0.6428571428571429,1.0,0.0017556235036249035,0.0,0.0
xgb,101574,terms of endearment dvd movie,16,0.9099798642349426,0.625,1.0,0.9151974415289416,0.625,1.0,-0.005217577293998965,0.0,0.0
xgb,101632,test light petsafe,16,1.0,0.7692307692307693,1.0,0.7799082337019199,0.6923076923076923,0.5,0.22009176629808014,0.07692307692307698,0.5
xgb,101738,thankgiving napkins,16,0.8800966960493903,0.6666666666666666,1.0,0.9401742983047277,0.6666666666666666,1.0,-0.060077602255337315,0.0,0.0
xgb,101786,the address book deirdre mask,16,0.758720640864501,0.8571428571428571,1.0,0.7248370570722755,0.8571428571428571,1.0,0.03388358379222545,0.0,0.0
xgb,101795,the amazon nightgown dress,40,0.7332598384869866,0.2571428571428571,1.0,0.5431996163118661,0.2,1.0,0.19006022217512053,0.057142857142857106,0.0
xgb,101846,the big one® gel memory foam side sleeper pillow,43,0.7735174514392728,0.23255813953488372,1.0,0.795684008107455,0.2325581395348837,1.0,-0.022166556668182236,2.7755575615628914e-17,0.0
xgb,101870,the book of not entirely useful advise,14,0.7977228895450267,1.0,1.0,0.7903864795495061,1.0,1.0,0.007336409995520543,0.0,0.0
xgb,101895,the chalice and the blade by riane eisler,16,0.7604185249450235,0.6666666666666666,1.0,0.6334468165144639,0.6666666666666666,0.5,0.1269717084305596,0.0,0.5
xgb,101930,the dance of anger by harriet lerner,16,0.9305771987116873,0.6666666666666666,1.0,0.924109282245272,0.6666666666666666,1.0,0.006467916466415313,0.0,0.0
xgb,101956,the end of mental illness daniel amen,16,0.9178663475624435,0.6,1.0,0.9203394069457872,0.6,1.0,-0.0024730593833437453,0.0,0.0
xgb,101960,the expanse season 1,16,0.0,0.0,0.09090909090909091,0.0,0.0,0.0666666666666666,0.0,0.0,0.024242424242424315
xgb,102025,the golden rule,16,0.9251122079923695,0.625,1.0,0.9283272902350128,0.625,1.0,-0.00321508224264333,0.0,0.0
xgb,102031,the good witch,21,0.8146991092710851,0.5555555555555556,1.0,0.8513810703207652,0.5555555555555556,1.0,-0.03668196104968002,0.0,0.0
xgb,102051,the handmade soap company ireland,16,1.0,0.625,1.0,0.9031168593743256,0.625,1.0,0.09688314062567438,0.0,0.0
xgb,102055,the happy planner 18 month planner,16,0.9943899986877236,0.625,1.0,0.9943899986877236,0.625,1.0,0.0,0.0,0.0
xgb,102057,the happy planner weekly box punch,16,0.9570768474212639,0.6666666666666666,1.0,0.9630280087714618,0.6666666666666666,1.0,-0.005951161350197909,0.0,0.0
xgb,102078,the hollywood librarian,16,0.8316006156867155,1.0,1.0,0.819952406499481,1.0,1.0,0.011648209187234526,0.0,0.0
xgb,102128,the last ship,16,0.9547715182029446,0.625,1.0,0.9534606181487504,0.625,1.0,0.0013109000541942084,0.0,0.0
xgb,102188,the medium xbox series x,15,0.714265388089356,0.8,1.0,0.6557753337538089,0.6,1.0,0.058490054335547104,0.20000000000000007,0.0
xgb,102228,the new girl daniel silva,16,0.9634117275431491,0.625,1.0,0.9634117275431492,0.625,1.0,-1.1102230246251565e-16,0.0,0.0
xgb,102244,the normal heart,16,0.9167936286597902,0.875,1.0,0.9140358634810698,0.875,1.0,0.002757765178720395,0.0,0.0
xgb,102291,the outlander season 4,16,0.9411338959973068,0.625,1.0,0.9411338959973068,0.625,1.0,0.0,0.0,0.0
xgb,102406,the sound and the fury audiobook,16,1.0,0.625,1.0,1.0,0.625,1.0,0.0,0.0,0.0
xgb,102429,the summer without men,16,0.5331015408918655,0.5,1.0,0.4135568126659914,0.25,1.0,0.11954472822587403,0.25,0.0
xgb,102450,the times they are a changing sonia,14,0.9392148330510314,0.7142857142857143,1.0,0.9504318313235596,0.7142857142857143,1.0,-0.0112169982725282,0.0,0.0
xgb,102544,theordinary squalane,14,0.8978878231145222,0.7142857142857143,1.0,0.8924244579842303,0.7142857142857143,1.0,0.005463365130291886,0.0,0.0
xgb,102549,thepriceof everything,13,0.7328286204777912,1.0,0.5,0.9060254355346824,1.0,1.0,-0.17319681505689122,0.0,-0.5
xgb,102553,therabands resistance bands set,16,0.8017784263570532,0.625,1.0,0.7918366499427797,0.625,1.0,0.009941776414273518,0.0,0.0
xgb,102585,thermal long sleeve thumb hole,16,0.8772351761123095,0.6428571428571429,1.0,0.8505159278909382,0.6428571428571429,1.0,0.026719248221371283,0.0,0.0
xgb,102658,thick maternity yoga pants,16,0.4457341703503472,1.0,0.14285714285714285,1.0,1.0,1.0,-0.5542658296496528,0.0,-0.8571428571428572
xgb,102664,thick twin xl folding mattress,16,0.9379415241839105,0.625,1.0,0.9506303485137646,0.625,1.0,-0.012688824329854076,0.0,0.0
xgb,102707,thin lizzy t shirts for men,16,0.9534606181487504,0.625,1.0,0.948475220140534,0.625,1.0,0.004985398008216402,0.0,0.0
xgb,102727,thing 1 thing 2 thing 3 shirts,40,0.7940863949839678,0.3181818181818182,1.0,0.8107910176417701,0.3181818181818182,1.0,-0.01670462265780226,0.0,0.0
xgb,102734,things that help pregnancy,40,1.0,0.43478260869565216,1.0,0.7312625444731048,0.3043478260869565,1.0,0.2687374555268952,0.13043478260869568,0.0
xgb,102743,think engineer books,16,0.6392044804056158,0.6666666666666666,1.0,0.7796401290776654,0.8333333333333334,1.0,-0.1404356486720496,-0.16666666666666674,0.0
xgb,102805,thomas and friends trackmaster,16,0.9485504589357542,0.8,1.0,0.8512629436897233,0.7,1.0,0.09728751524603085,0.10000000000000009,0.0
xgb,102838,thor hammer tool set,16,0.7463219056140729,0.5454545454545454,1.0,0.7661537806103399,0.6363636363636364,1.0,-0.01983187499626704,-0.09090909090909094,0.0
xgb,102903,throne chairs for party cheap,40,0.9684038785434832,0.3225806451612903,1.0,0.9567083294488864,0.3225806451612903,1.0,0.011695549094596802,0.0,0.0
xgb,102922,throw pillows not covers,16,0.9634117275431491,0.625,1.0,1.0,0.625,1.0,-0.03658827245685092,0.0,0.0
xgb,102923,throw pillows without covers,40,0.3705851493985651,0.2,1.0,0.4408646530183702,0.2,1.0,-0.07027950361980512,0.0,0.0
xgb,102985,ti packer,16,0.6651873457183152,0.8888888888888888,0.3333333333333333,0.5988364695095514,0.7777777777777778,0.3333333333333333,0.06635087620876379,0.11111111111111105,0.0
xgb,103032,tie,16,0.92663607790064,0.6666666666666666,1.0,0.92663607790064,0.6666666666666666,1.0,0.0,0.0,0.0
xgb,103082,tiffany jewelry,16,0.7039180890341347,0.5,1.0,0.7039180890341347,0.5,1.0,0.0,0.0,0.0
xgb,103134,tik tok things you need,16,0.3916830858804163,0.5,0.3333333333333333,0.5711601909662336,0.6,1.0,-0.17947710508581732,-0.09999999999999998,-0.6666666666666667
xgb,103143,tikka t3x scope rings,16,0.7914575356801041,0.7142857142857143,1.0,0.6129587278969217,0.4285714285714285,0.5,0.1784988077831824,0.2857142857142858,0.5
xgb,103202,time locking container,40,0.8620289579971351,0.3076923076923077,1.0,0.8579809428223729,0.3076923076923077,1.0,0.004048015174762165,0.0,0.0
xgb,103211,time trap,16,0.9833032486989473,1.0,1.0,0.8922108454754892,0.8333333333333334,1.0,0.09109240322345802,0.16666666666666663,0.0
xgb,103238,timing chain tension set,16,0.7449114651706856,0.6153846153846154,1.0,0.7272887713178523,0.6153846153846154,0.5,0.017622693852833327,0.0,0.5
xgb,103258,tinkle dermaplane razor for women face,33,0.9253314794949417,0.30303030303030304,1.0,0.8262346456990933,0.303030303030303,1.0,0.09909683379584833,5.551115123125783e-17,0.0
xgb,103266,tint squeegee,40,0.9543384299005628,0.2777777777777778,1.0,0.9095430364058892,0.25,1.0,0.04479539349467365,0.02777777777777779,0.0
xgb,103289,tinted dry shampoo travel size,16,0.7025909879413567,0.6923076923076923,0.5,0.6452773316639524,0.6153846153846154,0.5,0.05731365627740426,0.07692307692307687,0.0
xgb,103304,tiny bunny rabbit for girls,16,0.7799082337019199,0.6923076923076923,0.5,0.7104770117651426,0.6153846153846154,0.5,0.06943122193677731,0.07692307692307687,0.0
xgb,103327,tiny oil diffuser,16,1.0,0.7142857142857143,1.0,1.0,0.7142857142857143,1.0,0.0,0.0,0.0
xgb,103399,tissot automatic sport,16,0.9292578780090285,0.625,1.0,0.9034923372550476,0.625,1.0,0.025765540753980853,0.0,0.0
xgb,103453,tj wrangler speedo gear,16,0.5378718043996032,0.5833333333333334,0.3333333333333333,0.5143792741811529,0.5833333333333334,0.25,0.023492530218450325,0.0,0.08333333333333331
xgb,103572,toddler 115mm polarized,16,0.96331803895032,0.625,1.0,0.9251122079923696,0.625,1.0,0.03820583095795038,0.0,0.0
xgb,103633,toddler combat boots,16,0.9526603142741242,0.625,1.0,0.9251122079923696,0.625,1.0,0.027548106281754636,0.0,0.0
xgb,103655,toddler fur vest 4t,16,0.6846182625339282,0.625,1.0,0.6636021165955633,0.625,1.0,0.021016145938364872,0.0,0.0
xgb,103672,toddler girl swim bottoms,16,0.7402964086212096,0.6428571428571429,1.0,0.7741783734433021,0.6428571428571429,1.0,-0.03388196482209249,0.0,0.0
xgb,103682,toddler girls size 4t sweaters,16,0.9081384137386337,1.0,1.0,0.7835973579071088,0.8,1.0,0.12454105583152486,0.19999999999999996,0.0
xgb,103687,toddler green coat,16,0.8982550386867663,0.625,1.0,0.8803485966094552,0.625,1.0,0.01790644207731107,0.0,0.0
xgb,103726,toddler pillowcase 13x18,16,0.9567083294488864,0.625,1.0,0.9787930706003494,0.625,1.0,-0.022084741151462972,0.0,0.0
xgb,103742,toddler ride on battery powered for girl,16,1.0,0.625,1.0,0.977915258848537,0.625,1.0,0.022084741151462972,0.0,0.0
xgb,103767,toddler snowboard,16,0.8393826224212941,0.6666666666666666,1.0,0.8619458605712303,0.6666666666666666,1.0,-0.022563238149936216,0.0,0.0
xgb,103785,toddler tent bed,16,0.9132541329346265,0.7142857142857143,1.0,0.7688796844836635,0.5714285714285714,1.0,0.14437444845096303,0.1428571428571429,0.0
xgb,103790,toddler toys age 2,16,0.8532721558012799,0.6,1.0,0.8532721558012799,0.6,1.0,0.0,0.0,0.0
xgb,103792,toddler toys for girls age 2,15,0.8452689936443923,0.7142857142857143,1.0,0.8649584112772231,0.7142857142857143,1.0,-0.01968941763283072,0.0,0.0
xgb,103827,toe toe,16,0.8771481330469951,0.6428571428571429,1.0,0.9302251161162354,0.7142857142857143,1.0,-0.05307698306924025,-0.0714285714285714,0.0
xgb,103840,toffee nut syrup,41,0.787380958130292,0.23684210526315788,1.0,0.6299574064309862,0.2368421052631578,0.5,0.15742355169930577,8.326672684688674e-17,0.5
xgb,103862,toilet cake toppee,16,0.9477344873475498,0.75,1.0,0.9279469779548344,0.75,1.0,0.019787509392715452,0.0,0.0
xgb,103896,toilet seat without tank,40,0.37101873111188965,0.15,0.25,0.2868880914185345,0.1,0.1428571428571428,0.08413063969335516,0.04999999999999999,0.1071428571428572
xgb,103947,tom hardy,16,0.9526603142741242,0.625,1.0,0.9738672436737748,0.625,1.0,-0.02120692939965052,0.0,0.0
xgb,103994,tommy hilfiger bags for women,16,0.9216017310213247,0.6428571428571429,1.0,0.9216017310213248,0.6428571428571429,1.0,-1.1102230246251565e-16,0.0,0.0
xgb,104021,tommy tippy bottle warmer,16,0.8726505703289015,0.7142857142857143,1.0,0.866592978810331,0.7142857142857143,1.0,0.006057591518570438,0.0,0.0
xgb,104093,tool box foam organizer kit,40,0.7983228387505403,0.2727272727272727,1.0,0.7584837914317291,0.2424242424242424,1.0,0.03983904731881127,0.030303030303030304,0.0
xgb,104134,tooth replacement,16,0.8200685179888282,0.6153846153846154,1.0,0.7759944384848245,0.6153846153846154,1.0,0.04407407950400366,0.0,0.0
xgb,104211,top tear checks,16,0.6833037498567983,0.75,0.2,0.7014792927592524,0.75,0.3333333333333333,-0.018175542902454045,0.0,-0.1333333333333333
xgb,104219,tophe oil,39,0.6201543156208374,0.3333333333333333,1.0,0.3415964488564075,0.25,1.0,0.27855786676442995,0.08333333333333331,0.0
xgb,104220,topical arnica gel,16,0.9361767385157805,0.625,1.0,0.9504318313235596,0.625,1.0,-0.014255092807779035,0.0,0.0
xgb,104227,toppik colored hair thickener dark brown,23,0.7757289439450935,0.4375,1.0,0.753867062099901,0.5,1.0,0.021861881845192555,-0.0625,0.0
xgb,104266,torium 16,16,0.7548644128814928,0.4444444444444444,1.0,0.7607414228168501,0.4444444444444444,1.0,-0.005877009935357336,0.0,0.0
xgb,104269,tornamesa denon,15,0.7514368332379708,0.5454545454545454,1.0,0.8032680489224707,0.6363636363636364,1.0,-0.05183121568449989,-0.09090909090909094,0.0
xgb,104288,toronto blue jays cap,40,1.0,0.2631578947368421,1.0,1.0,0.2631578947368421,1.0,0.0,0.0,0.0
xgb,104290,torpedo candelabra filament led bulb,40,0.9325055893091646,0.25,1.0,0.9537125187088152,0.25,1.0,-0.02120692939965063,0.0,0.0
xgb,104330,tory burch flats size 7,16,0.7605591431973848,0.5833333333333334,1.0,0.7605591431973848,0.5833333333333334,1.0,0.0,0.0,0.0
xgb,104387,totoro chair,16,0.8269492097495402,0.8333333333333334,1.0,0.8641625346001144,0.8333333333333334,1.0,-0.03721332485057416,0.0,0.0
xgb,104408,touchnew,16,0.9916434438239524,0.625,1.0,0.9487202912452164,0.625,1.0,0.042923152578736024,0.0,0.0
xgb,104435,tow hitch,16,0.6765795717922148,0.5454545454545454,0.3333333333333333,0.6700535263423921,0.5454545454545454,0.25,0.006526045449822715,0.0,0.08333333333333331
xgb,104498,toy brock,16,0.7921685358371666,0.6363636363636364,1.0,0.8676364820934848,0.7272727272727273,1.0,-0.07546794625631814,-0.09090909090909094,0.0
xgb,104555,toy story gabby costume,16,0.9411338959973068,0.6666666666666666,1.0,0.9411338959973068,0.6666666666666666,1.0,0.0,0.0,0.0
xgb,104578,toyota camry key fob,16,0.9421111095506693,0.625,1.0,0.92663607790064,0.625,1.0,0.015475031650029392,0.0,0.0
xgb,104606,toys 8 month old,40,0.7381919257729245,0.21875,1.0,0.7411902110103872,0.21875,1.0,-0.0029982852374627056,0.0,0.0
xgb,104660,toysmith build a birdhouse,16,0.8582731002950262,0.6,1.0,0.8286410209773463,0.6,1.0,0.02963207931767997,0.0,0.0
xgb,104737,traditional navajo songs,16,0.8899066142877682,0.625,1.0,0.8405382077219525,0.625,1.0,0.04936840656581565,0.0,0.0
xgb,104743,traeger ironwood,16,0.7393796785204064,0.5555555555555556,0.5,0.6969588442428515,0.6666666666666666,0.2,0.04242083427755494,-0.11111111111111105,0.3
xgb,104752,trail camera sends picture to cell phone without wifi,38,0.8604651292718579,0.24324324324324326,1.0,0.8677540606873176,0.2432432432432432,1.0,-0.007288931415459721,5.551115123125783e-17,0.0
xgb,104756,trail mix without almonds,40,0.5700372737137949,0.23333333333333334,1.0,0.5761655942890671,0.2333333333333333,1.0,-0.006128320575272239,2.7755575615628914e-17,0.0
xgb,104775,trailer lights for shore lander,16,0.1696989245257299,0.3333333333333333,0.14285714285714285,0.1606021509485402,0.3333333333333333,0.125,0.009096773577189715,0.0,0.01785714285714285
xgb,105146,tree of life purse,16,0.9504185550241154,0.6923076923076923,1.0,0.9504185550241154,0.6923076923076923,1.0,0.0,0.0,0.0
xgb,105196,trendy shower curtain,16,0.9260210220071132,0.625,1.0,0.9260210220071132,0.625,1.0,0.0,0.0,0.0
xgb,105259,trigger point poster,16,0.9206140528173893,0.75,1.0,0.8815236721511922,0.6666666666666666,1.0,0.03909038066619708,0.08333333333333337,0.0
xgb,105266,trike motorcycle for adults street legal,16,0.48603984209582823,0.6666666666666666,0.3333333333333333,0.5368726458421278,0.6666666666666666,0.3333333333333333,-0.05083280374629956,0.0,0.0
xgb,105301,tripod for tablet,16,0.8335573141981406,0.6153846153846154,1.0,0.9221163972522984,0.6923076923076923,1.0,-0.08855908305415783,-0.07692307692307687,0.0
xgb,105346,trojan condoms,16,0.9716189607861263,0.625,1.0,0.977915258848537,0.625,1.0,-0.006296298062410721,0.0,0.0
xgb,105405,trout jigging spoons,16,0.977915258848537,0.625,1.0,0.9295165736285318,0.625,1.0,0.04839868522000523,0.0,0.0
xgb,105409,trowel machine 36 inch,40,0.8120144169507358,0.5,1.0,0.7979216816798929,0.5,1.0,0.014092735270842982,0.0,0.0
xgb,105419,troybilt mustang 50 blades,16,0.92663607790064,0.6,1.0,0.9052116356304494,0.6,1.0,0.02142444227019058,0.0,0.0
xgb,105441,truck roof tent,40,0.9368077570869662,0.28125,1.0,1.0,0.3125,1.0,-0.06319224291303382,-0.03125,0.0
xgb,105496,trump shirt,20,0.893220691807451,0.5,1.0,0.838910090856619,0.5,1.0,0.054310600950831955,0.0,0.0
xgb,105635,tudar watches for men,40,0.7800955628772291,0.25,1.0,0.7800955628772291,0.25,1.0,0.0,0.0,0.0
xgb,105695,tummy time mirror for babies,16,0.889502624589094,0.625,1.0,0.9320739411743278,0.625,1.0,-0.04257131658523383,0.0,0.0
xgb,105980,tv wall mount 40 inch,16,0.8052499468086523,0.625,1.0,0.8242605530400958,0.625,1.0,-0.019010606231443572,0.0,0.0
xgb,106021,twenty one pilots,16,0.8743705652481898,0.7272727272727273,1.0,0.9368077570869662,0.8181818181818182,1.0,-0.062437191838776385,-0.09090909090909094,0.0
xgb,106082,twin sheet set girls,16,0.96331803895032,0.625,1.0,0.9543384299005628,0.625,1.0,0.008979609049757142,0.0,0.0
xgb,106085,twin size camouflage sheet set,16,0.9878431560618389,0.625,1.0,0.945837011841976,0.625,1.0,0.04200614421986293,0.0,0.0
xgb,106140,two pack linen curtains,16,0.901968467346777,0.625,1.0,0.9002577226628459,0.625,1.0,0.0017107446839311757,0.0,0.0
xgb,106145,two piece bathing suits for girls size 8 9,16,0.8415908474314976,0.6666666666666666,1.0,0.8389574121760602,0.6666666666666666,1.0,0.0026334352554373552,0.0,0.0
xgb,106163,two seat toddler tricycle,16,0.9504318313235595,0.625,1.0,0.9307066738505996,0.625,1.0,0.019725157472959887,0.0,0.0
xgb,106170,two tier hamster cage,16,0.8154765741606319,0.625,1.0,0.8804728772360763,0.625,1.0,-0.06499630307544435,0.0,0.0
xgb,106174,two tone dress,15,0.9828920819566878,1.0,1.0,1.0,1.0,1.0,-0.017107918043312242,0.0,0.0
xgb,106198,tye die bandanas,16,0.9464620324915696,0.6666666666666666,1.0,0.9418379884185342,0.6666666666666666,1.0,0.004624044073035405,0.0,0.0
xgb,106222,type b headphones adapter to aux,16,0.8996327780722861,0.625,1.0,0.8972794230628861,0.625,1.0,0.0023533550094000377,0.0,0.0
xgb,106322,ubuntu linux laptop,16,0.7757675328550585,0.6428571428571429,1.0,0.7324339991448374,0.6428571428571429,0.5,0.043333533710221084,0.0,0.5
xgb,106333,ue boom 3,16,0.8658614443650419,0.5714285714285714,1.0,0.8500041410916883,0.5714285714285714,1.0,0.01585730327335355,0.0,0.0
xgb,106401,ugly stik custom,16,0.6751638861903543,0.875,0.3333333333333333,0.839113896694181,0.75,1.0,-0.16395001050382674,0.125,-0.6666666666666667
xgb,106405,ugly sweater jesus 1x women’s xl,16,0.4738068300471766,0.8,0.3333333333333333,0.4955353880230322,0.8,0.3333333333333333,-0.0217285579758556,0.0,0.0
xgb,106428,ukulele oscar schmidt,16,0.9738672436737749,0.625,1.0,0.9738672436737748,0.625,1.0,1.1102230246251565e-16,0.0,0.0
xgb,106606,under armour compression pants men,16,0.7952054789678342,0.6,1.0,0.8069846745100951,0.6,1.0,-0.011779195542260923,0.0,0.0
xgb,106704,under$15 paisley purses and handbags,16,0.9008636626471187,0.625,1.0,0.9008636626471188,0.625,1.0,-1.1102230246251565e-16,0.0,0.0
xgb,106727,undersink paper towel holder,16,0.8381657123202053,0.625,1.0,0.8715115875852514,0.625,1.0,-0.033345875265046065,0.0,0.0
xgb,106822,unicorn onesie adult xxl,16,0.8709024413430004,0.6666666666666666,1.0,0.8678486644309925,0.6666666666666666,1.0,0.0030537769120079217,0.0,0.0
xgb,106834,unicorn shirt men funny,16,0.9787930706003494,0.625,1.0,0.9556493299547568,0.625,1.0,0.023143740645592548,0.0,0.0
xgb,106913,united states of jihad,16,0.6131471927654584,0.5,1.0,0.6131471927654584,0.5,1.0,0.0,0.0,0.0
xgb,106930,universal diaper caddy with clips,16,0.8372618594218132,0.6153846153846154,1.0,0.8519710444856092,0.6923076923076923,1.0,-0.014709185063796038,-0.07692307692307687,0.0
xgb,106939,universal garage door opener,16,0.9471234905468496,0.625,1.0,0.940542280925692,0.625,1.0,0.006581209621157602,0.0,0.0
xgb,107083,upsde,16,0.8757557806560736,0.625,1.0,0.8737313274488381,0.625,1.0,0.0020244532072355437,0.0,0.0
xgb,107191,usb 3.0 type a to micro a,16,0.5564736152311264,0.5,1.0,0.5671931047977895,0.5,1.0,-0.010719489566663132,0.0,0.0
xgb,107206,usb a to c,16,0.4585453228483803,0.5,0.5,0.5373670273823775,0.6,0.5,-0.07882170453399723,-0.09999999999999998,0.0
xgb,107281,usb charging cable ipad,16,0.8357804136936721,0.6153846153846154,1.0,0.7778721720600672,0.5384615384615384,1.0,0.05790824163360486,0.07692307692307698,0.0
xgb,107341,usb nfc reader writer,16,0.8640760478278494,0.6,1.0,0.8750027780884331,0.6,1.0,-0.010926730260583661,0.0,0.0
xgb,107498,usf bull patch,16,0.7500059677816915,1.0,0.5,0.580334993363223,0.6666666666666666,0.5,0.16967097441846846,0.33333333333333337,0.0
xgb,107532,uti over the counter,41,0.8384293369914939,0.3333333333333333,1.0,0.8115495875129213,0.3333333333333333,1.0,0.026879749478572634,0.0,0.0
xgb,107542,utility pants women,16,0.925957390686689,0.625,1.0,0.9251122079923696,0.625,1.0,0.0008451826943194352,0.0,0.0
xgb,107563,utz chips no salt added,40,1.0,0.3225806451612903,1.0,1.0,0.3225806451612903,1.0,0.0,0.0,0.0
xgb,107578,uv protection arm and finger sleeves,16,0.8640881151248351,0.625,1.0,0.8677813644754491,0.625,1.0,-0.003693249350613992,0.0,0.0
xgb,107587,uva visor,16,0.8722577078427374,0.6923076923076923,1.0,0.8451762137637253,0.6923076923076923,1.0,0.02708149407901206,0.0,0.0
xgb,107700,vaginial tightening serum,16,0.8248911165874062,0.6,0.5,0.8271393994750548,0.6,0.5,-0.002248282887648556,0.0,0.0
xgb,107779,valvoline premium blue extreme 5w40,16,0.7917084417943139,0.6153846153846154,1.0,0.8661538836654453,0.6923076923076923,1.0,-0.07444544187113145,-0.07692307692307687,0.0
xgb,107819,vanicream 3 pack,16,1.0,0.625,1.0,1.0,0.625,1.0,0.0,0.0,0.0
xgb,107856,vanity table without mirror with drawers,40,0.6526975046136735,0.25,1.0,0.6746124152983642,0.25,1.0,-0.021914910684690758,0.0,0.0
xgb,107895,vans shoes men,34,0.9543384299005628,0.29411764705882354,1.0,0.9292578780090284,0.2941176470588235,1.0,0.025080551891534464,5.551115123125783e-17,0.0
xgb,107897,vans strap shoes,16,0.8959325127938405,0.6923076923076923,1.0,0.8703400371606123,0.6923076923076923,1.0,0.025592475633228196,0.0,0.0
xgb,107899,vans toddler clothes,16,0.26293661179112565,0.3333333333333333,0.3333333333333333,0.434628559394859,0.6666666666666666,0.3333333333333333,-0.17169194760373335,-0.3333333333333333,0.0
xgb,107914,vape without nicotine,41,0.7904414922357792,0.4,1.0,0.2707371840944456,0.2,0.1666666666666666,0.5197043081413336,0.2,0.8333333333333334
xgb,107980,vases open on both ends,15,0.8838189835510782,0.8333333333333334,1.0,0.6429984744016285,0.5,1.0,0.24082050914944975,0.33333333333333337,0.0
xgb,108065,vegan pancakes,16,0.9251290001389068,0.625,1.0,0.9409706586386308,0.625,1.0,-0.015841658499724076,0.0,0.0
xgb,108201,vented bar door,16,0.3868528072345416,0.5,0.5,0.8175295903539446,1.0,1.0,-0.430676783119403,-0.5,-0.5
xgb,108221,venu sq garmin watch,16,0.7130793059270442,0.5,0.5,0.6742527426725154,0.5,0.5,0.03882656325452871,0.0,0.0
xgb,108236,vera bradley duffel microfiber,16,0.841492960259019,0.5714285714285714,1.0,0.914856882358379,0.6428571428571429,1.0,-0.07336392209936005,-0.07142857142857151,0.0
xgb,108302,verticutter,16,0.9063533987246435,0.75,1.0,0.8974560019860454,0.6666666666666666,1.0,0.008897396738598129,0.08333333333333337,0.0
xgb,108339,vestido con short para mujer,23,0.8233672466791357,0.47619047619047616,1.0,0.8253568339472809,0.4761904761904761,1.0,-0.001989587268145132,5.551115123125783e-17,0.0
xgb,108377,vestidos colombianos sexy de mujer,23,0.7363927281858863,0.4,1.0,0.8422414486044195,0.5333333333333333,1.0,-0.10584872041853322,-0.1333333333333333,0.0
xgb,108403,veterans discount on purchases,16,0.39032290287815236,0.42857142857142855,0.5,0.2528847364210068,0.2857142857142857,0.5,0.13743816645714557,0.14285714285714285,0.0
xgb,108461,vibe plug,16,0.9787930706003494,0.7692307692307693,1.0,1.0,0.7692307692307693,1.0,-0.02120692939965063,0.0,0.0
xgb,108478,vibranting bullet massager,16,1.0,0.625,1.0,0.9392148330510314,0.625,1.0,0.06078516694896863,0.0,0.0
xgb,108516,victor #00 welding tip,16,0.9290741459142807,0.8571428571428571,1.0,0.9276461784365448,0.8571428571428571,1.0,0.0014279674777358808,0.0,0.0
xgb,108618,vihuela,40,0.8726924496217513,0.34782608695652173,1.0,0.8824665955977139,0.3478260869565217,1.0,-0.0097741459759626,5.551115123125783e-17,0.0
xgb,108637,vikings season 6,16,0.868946723160725,0.6428571428571429,1.0,0.8849613571928605,0.6428571428571429,1.0,-0.016014634032135544,0.0,0.0
xgb,108738,vintage dresses flowy,16,0.8862369978951139,0.625,1.0,0.8743327388098134,0.625,1.0,0.011904259085300462,0.0,0.0
xgb,108874,virtual school kit,16,0.6866261235257975,0.6666666666666666,1.0,0.5287324048297515,0.5555555555555556,0.5,0.15789371869604607,0.11111111111111105,0.5
xgb,108910,visual store,16,0.5802792108518124,1.0,0.5,0.8315546295836226,1.0,1.0,-0.25127541873181014,0.0,-0.5
xgb,109052,vizio tv stand,22,0.7515796211048451,0.42857142857142855,1.0,0.8096907201807838,0.4761904761904761,1.0,-0.0581110990759387,-0.04761904761904756,0.0
xgb,109057,vlogging camera,21,0.9051835495894204,0.47619047619047616,1.0,0.8934834574783598,0.4761904761904761,1.0,0.0117000921110606,5.551115123125783e-17,0.0
xgb,109093,voinpurse,16,0.9537125187088152,0.625,1.0,0.92663607790064,0.625,1.0,0.027076440808175284,0.0,0.0
xgb,109095,voip headsets,16,0.9356306294840558,0.625,1.0,0.8885084746155872,0.625,1.0,0.0471221548684686,0.0,0.0
xgb,109194,vowel workbooks for 2nd grade,16,0.8454343914348066,0.6428571428571429,1.0,0.8484648850751632,0.6428571428571429,1.0,-0.0030304936403565685,0.0,0.0
xgb,109375,waist trainer for women xs,16,0.8346870265100178,0.625,1.0,0.8442925467515227,0.625,1.0,-0.00960552024150485,0.0,0.0
xgb,109428,walking dead compendium 4,16,0.987182011756103,0.6666666666666666,1.0,0.987182011756103,0.6666666666666666,1.0,0.0,0.0,0.0
xgb,109537,wall mounted charging station,16,0.96331803895032,0.6666666666666666,1.0,0.9556493299547568,0.6666666666666666,1.0,0.007668708995563156,0.0,0.0
xgb,109592,wall washing tools,40,0.626353167131226,0.25925925925925924,1.0,0.6398157990095593,0.2592592592592592,1.0,-0.013462631878333298,5.551115123125783e-17,0.0
xgb,109596,wall-e robot,16,0.7379023568483708,0.6153846153846154,0.3333333333333333,0.7543654301215704,0.6153846153846154,1.0,-0.016463073273199624,0.0,-0.6666666666666667
xgb,109617,wallet purse,14,0.890135807967621,0.7142857142857143,1.0,0.8785605132007275,0.7142857142857143,1.0,0.011575294766893562,0.0,0.0
xgb,109640,wallpaper scorer,16,0.7711692381567389,0.6666666666666666,1.0,0.7278191293122033,0.5,1.0,0.043350108844535606,0.16666666666666663,0.0
xgb,109679,war cartoons,14,0.9916434438239524,0.7142857142857143,1.0,0.9630280087714618,0.7142857142857143,1.0,0.028615435052490645,0.0,0.0
xgb,109699,warhammer paint,16,0.6363269406388868,0.625,0.3333333333333333,0.8032062664656077,0.75,1.0,-0.16687932582672083,-0.125,-0.6666666666666667
xgb,109775,washable stickers,16,0.9008636626471187,0.6666666666666666,1.0,0.9008636626471188,0.6666666666666666,1.0,-1.1102230246251565e-16,0.0,0.0
xgb,109831,watch for working out,16,0.5031911071899207,0.6,0.5,0.5364212516264356,0.8,0.5,-0.03323014443651495,-0.20000000000000007,0.0
xgb,109848,watch walkie talkies for girls,16,0.9346659795308913,0.625,1.0,0.9772274824155974,0.625,1.0,-0.04256150288470617,0.0,0.0
xgb,109861,watches for men on sale clearance,29,0.9495342196346633,0.3448275862068966,1.0,0.8956721692843664,0.3448275862068966,1.0,0.0538620503502969,0.0,0.0
xgb,109881,water bong for smoking,16,0.6597826293752204,0.5,1.0,0.5329264493407436,0.5,0.5,0.12685618003447674,0.0,0.5
xgb,109885,water bottle 1/2 gallon,16,0.9373088340257888,0.625,1.0,0.9403059847055673,0.625,1.0,-0.0029971506797784597,0.0,0.0
xgb,109927,water drain pipe sealant,16,0.9223424638143088,0.625,1.0,0.9454862044599012,0.625,1.0,-0.023143740645592326,0.0,0.0
xgb,109962,water jel hand sanitizer,16,0.8241391040996432,0.6,1.0,0.9323592266408276,0.6666666666666666,1.0,-0.1082201225411844,-0.06666666666666665,0.0
xgb,109965,water jug cooler,16,1.0,0.625,1.0,0.9787930706003494,0.625,1.0,0.02120692939965063,0.0,0.0
xgb,109975,water pack,16,0.8908330306223634,0.625,1.0,0.874499340193325,0.625,1.0,0.016333690429038428,0.0,0.0
xgb,109993,water proof waist bag,16,0.9768562593544076,0.625,1.0,0.9738672436737748,0.625,1.0,0.0029890156806328116,0.0,0.0
xgb,110003,water sandals for women,16,0.9537125187088152,0.625,1.0,0.92663607790064,0.625,1.0,0.027076440808175284,0.0,0.0
xgb,110008,water shoes kids,16,0.96331803895032,0.6666666666666666,1.0,1.0,0.6666666666666666,1.0,-0.03668196104968002,0.0,0.0
xgb,110044,water turtle,16,0.8940127587040926,0.7142857142857143,1.0,0.9214773842884209,0.8571428571428571,1.0,-0.027464625584328273,-0.1428571428571428,0.0
xgb,110076,watercooled pc case,16,0.7048059717462049,0.6363636363636364,1.0,0.5922181889186668,0.6363636363636364,0.5,0.11258778282753801,0.0,0.5
xgb,110241,wax strung,16,0.33794386966163265,0.6,0.2,0.1653588543148139,0.4,0.1428571428571428,0.17258501534681875,0.19999999999999996,0.05714285714285722
xgb,110321,we're not really strangers,56,0.7554832681877474,0.1891891891891892,1.0,0.7279024463916257,0.1891891891891892,1.0,0.027580821796121646,0.0,0.0
xgb,110343,weather theme cutout,16,0.9223424638143088,0.6666666666666666,1.0,0.9031251216828032,0.6666666666666666,1.0,0.01921734213150561,0.0,0.0
xgb,110359,web absorber cut to fit odor control air filter with carbon,16,1.0,0.6666666666666666,1.0,0.9877841797012168,0.6666666666666666,1.0,0.012215820298783209,0.0,0.0
xgb,110400,weber jumbo joe charcoal grill 18 inch black,16,0.891922879295034,0.6,1.0,0.891922879295034,0.6,1.0,0.0,0.0,0.0
xgb,110406,weber summit grill light,26,0.5793627397361659,0.5,1.0,0.6452487072102561,0.5,1.0,-0.06588596747409015,0.0,0.0
xgb,110464,wedding shoes,16,0.8629166067487734,0.6666666666666666,1.0,0.9317219174938032,0.6666666666666666,1.0,-0.06880531074502982,0.0,0.0
xgb,110466,wedding shoes for broad maids,15,0.7798415329491293,0.6153846153846154,1.0,0.7956988362224828,0.6153846153846154,1.0,-0.01585730327335355,0.0,0.0
xgb,110470,wedding table number stickers,16,0.8783815335790232,0.6,1.0,0.8648282111101095,0.6,1.0,0.013553322468913609,0.0,0.0
xgb,110498,weed killer not grass,15,0.6830292130202474,0.8888888888888888,0.5,0.6830292130202474,0.8888888888888888,0.5,0.0,0.0,0.0
xgb,110500,weed money box,40,0.7332617265420897,0.4,1.0,0.7857321384086526,0.4,1.0,-0.05247041186656298,0.0,0.0
xgb,110632,welding hood with fan,40,0.4394921506666065,0.1935483870967742,0.25,0.2634049965634844,0.1290322580645161,0.1666666666666666,0.17608715410312215,0.06451612903225809,0.0833333333333334
xgb,110640,well pressure tank,16,0.9368077570869662,0.6428571428571429,1.0,0.8803485966094551,0.5714285714285714,1.0,0.056459160477511094,0.07142857142857151,0.0
xgb,110642,well waterbottle,16,0.9212500284989031,0.625,1.0,0.9346659795308913,0.625,1.0,-0.013415951031988116,0.0,0.0
xgb,110648,wella hair gel,16,0.6292944776972698,0.4,1.0,0.5725558654889704,0.4,1.0,0.056738612208299344,0.0,0.0
xgb,110654,weller spg40 tips,16,0.9215866686560925,0.625,1.0,0.915169765700504,0.625,1.0,0.006416902955588499,0.0,0.0
xgb,110655,weller w100pg soldering iron,16,0.9533497162960899,0.6,1.0,0.8600491488882696,0.6,0.5,0.09330056740782033,0.0,0.5
xgb,110674,wen bandsaw,40,0.9355014000492359,0.24324324324324326,1.0,0.9282056735743376,0.2702702702702703,1.0,0.00729572647489829,-0.02702702702702703,0.0
xgb,110718,westie luggage tags,14,0.9325055893091646,0.7692307692307693,1.0,0.9325055893091646,0.7692307692307693,1.0,0.0,0.0,0.0
xgb,110788,what was books,16,0.9005033215744148,0.625,1.0,0.8982550386867663,0.625,1.0,0.002248282887648556,0.0,0.0
xgb,110869,whey protein without sugar,40,1.0,0.2702702702702703,1.0,0.8249426093012541,0.2432432432432432,1.0,0.17505739069874593,0.027027027027027084,0.0
xgb,110889,whirlpool steam shower generator,40,0.8067267547115275,0.3225806451612903,1.0,0.8076235854903498,0.3225806451612903,1.0,-0.0008968307788222996,0.0,0.0
xgb,110916,whistles without lanyard,40,0.7709944973823003,0.29411764705882354,1.0,0.6803035700236691,0.2352941176470588,1.0,0.09069092735863116,0.05882352941176475,0.0
xgb,110920,white 2 black extreme tanning lotion,39,0.9716189607861263,0.2702702702702703,1.0,0.9119245711012616,0.2432432432432432,1.0,0.059694389684864735,0.027027027027027084,0.0
xgb,110951,white balusters,16,0.8320652264016293,0.6,0.5,0.8248911165874062,0.6,0.5,0.007174109814223062,0.0,0.0
xgb,110989,white bridesmaid dress,16,0.8398711706687485,0.625,1.0,0.8477875946111861,0.625,1.0,-0.007916423942437634,0.0,0.0
xgb,110997,white cami tank tops for women,16,0.8633496950511552,0.625,1.0,0.8959836409260731,0.625,1.0,-0.03263394587491786,0.0,0.0
xgb,110998,white camo pants,16,0.7800955628772291,0.625,1.0,0.7800955628772291,0.625,1.0,0.0,0.0,0.0
xgb,111051,white coveralls for women cotton,16,0.8913403640578766,0.75,1.0,0.8913403640578766,0.75,1.0,0.0,0.0,0.0
xgb,111062,white curtains 118 inches long,16,0.881751275468161,0.6923076923076923,1.0,0.8361602742147458,0.6153846153846154,1.0,0.0455910012534152,0.07692307692307687,0.0
xgb,111095,white entry storage bench,16,0.8529008843665362,0.625,1.0,0.855188636797068,0.625,1.0,-0.0022877524305318087,0.0,0.0
xgb,111133,white grand piano,16,0.9821490166714711,0.625,1.0,0.9821490166714713,0.625,1.0,-1.1102230246251565e-16,0.0,0.0
xgb,111153,white jeans for women high waisted,16,0.9402026423625891,0.625,1.0,0.955932207248992,0.625,1.0,-0.01572956488640287,0.0,0.0
xgb,111174,white leather vans men slippers,10,0.9722340851332467,1.0,1.0,0.9705669479986532,1.0,1.0,0.0016671371345935437,0.0,0.0
xgb,111177,white linen and lace dress,16,0.8900887482683919,0.6,1.0,0.9695254545035652,0.6666666666666666,1.0,-0.0794367062351733,-0.06666666666666665,0.0
xgb,111179,white linen shorts for women,16,0.8000546687728995,0.6666666666666666,1.0,0.8378082677413283,0.75,1.0,-0.03775359896842878,-0.08333333333333337,0.0
xgb,111219,white oak bark oil,16,0.7191015005800119,0.7777777777777778,1.0,0.4610580125454849,0.4444444444444444,1.0,0.258043488034527,0.33333333333333337,0.0
xgb,111258,white popsocket,16,0.9776834435143988,0.625,1.0,0.9663902740846612,0.625,1.0,0.011293169429737682,0.0,0.0
xgb,111277,white sapphire engagement ring,16,0.9452601378978908,0.625,1.0,0.9401742983047277,0.625,1.0,0.005085839593163111,0.0,0.0
xgb,111308,white slip on vans size 6 womens,16,0.8317148064085377,0.6666666666666666,1.0,0.8346972563290579,0.6666666666666666,1.0,-0.0029824499205202137,0.0,0.0
xgb,111329,white star tights,16,0.8668257833666463,0.5714285714285714,1.0,0.7250249844864126,0.5714285714285714,1.0,0.14180079888023367,0.0,0.0
xgb,111336,white strobe lights,16,0.8354253865481059,0.625,1.0,0.8398781099873409,0.625,1.0,-0.0044527234392349735,0.0,0.0
xgb,111375,white tulle costume dress,16,0.870432700992353,0.625,1.0,0.8663286304065468,0.625,1.0,0.0041040705858061965,0.0,0.0
xgb,111479,why were not emergent,17,0.8020378746650066,0.7142857142857143,1.0,0.8020378746650066,0.7142857142857143,1.0,0.0,0.0,0.0
xgb,111501,wicker wall shelf,40,0.8534245485589175,0.2727272727272727,1.0,0.7728752935642615,0.2424242424242424,1.0,0.08054925499465593,0.030303030303030304,0.0
xgb,111540,wide women’s shoes,16,0.618890676363047,1.0,0.5,0.5881601264058985,1.0,0.5,0.030730549957148412,0.0,0.0
xgb,111575,wifi printer,26,0.8094550156433654,0.38461538461538464,1.0,0.7846268577228388,0.3846153846153846,1.0,0.024828157920526617,5.551115123125783e-17,0.0
xgb,111592,wifi vibrating egg,16,0.5483047853942514,0.5,1.0,0.3229658613385929,0.375,0.25,0.22533892405565853,0.125,0.75
xgb,111714,william boardman,16,0.8946727408718789,0.625,1.0,0.9547715182029446,0.625,1.0,-0.06009877733106572,0.0,0.0
xgb,111737,wilson cell amplifier,16,0.8228789105038483,0.625,1.0,0.8229122465157929,0.625,1.0,-3.333601194455138e-05,0.0,0.0
xgb,111768,wind maps i-vii,12,0.9203346894967079,1.0,1.0,0.920334689496708,1.0,1.0,-1.1102230246251565e-16,0.0,0.0
xgb,111807,window cranks,16,0.8829703967178437,0.6428571428571429,1.0,0.8091026734983539,0.5714285714285714,0.5,0.07386772321948987,0.07142857142857151,0.5
xgb,111852,window track guide,16,0.8513954426881779,0.8333333333333334,1.0,0.8580465988579277,0.8333333333333334,1.0,-0.006651156169749761,0.0,0.0
xgb,111955,wing bolts 3/8,16,0.5665975753587733,0.5555555555555556,0.25,0.5835070978092305,0.5555555555555556,0.2,-0.01690952245045718,0.0,0.04999999999999999
xgb,111973,wink white lotion,41,0.795516754764233,0.2857142857142857,1.0,0.6004469704355556,0.2571428571428571,0.5,0.1950697843286774,0.02857142857142858,0.5
xgb,111983,winnie the pooh little people,16,0.9537125187088152,0.625,1.0,0.9537125187088152,0.625,1.0,0.0,0.0,0.0
xgb,111986,winning is not everything,15,0.8583037972242924,0.8,1.0,0.8241294179185933,0.8,1.0,0.03417437930569911,0.0,0.0
xgb,111992,winsor and newton cotman watercolor,16,0.9136640164413737,0.6,1.0,0.9065559605225726,0.6,1.0,0.007108055918801148,0.0,0.0
xgb,112009,winter cozy toddler girl clothes,16,0.6297197083489875,0.5714285714285714,0.5,0.7187716319524532,0.6428571428571429,0.5,-0.0890519236034657,-0.07142857142857151,0.0
xgb,112041,winter ski half mask,16,0.9452601378978908,0.625,1.0,0.9349369997364464,0.625,1.0,0.010323138161444367,0.0,0.0
xgb,112076,wipex natural gym & fitness equipment wipes,16,0.8847838959703267,0.8571428571428571,1.0,0.8735847991144785,0.8571428571428571,1.0,0.01119909685584819,0.0,0.0
xgb,112090,wire rectangular basket large,16,0.9286322901092242,0.625,1.0,0.9030710611044828,0.625,1.0,0.025561229004741448,0.0,0.0
xgb,112117,wired router without wifi,16,0.8401052391428399,0.6,1.0,0.8367597030710496,0.6,1.0,0.0033455360717902227,0.0,0.0
xgb,112137,wireless charger case xr heavy duty,16,0.8850568467474753,0.8888888888888888,1.0,0.7846323220670551,0.7777777777777778,1.0,0.10042452468042018,0.11111111111111105,0.0
xgb,112162,wireless earbuds with microphone,16,0.9363792118010482,0.9,1.0,0.9052116356304494,0.9,1.0,0.031167576170598843,0.0,0.0
xgb,112221,wireless mouse without usb receiver,16,0.8937353580384246,0.625,1.0,0.905589161167578,0.625,1.0,-0.011853803129153406,0.0,0.0
xgb,112269,wisdom of your cells,11,0.9368993152931379,0.9090909090909091,1.0,0.9507308602955804,0.9090909090909092,1.0,-0.013831545002442547,-1.1102230246251565e-16,0.0
xgb,112294,witch hazel wipes,16,0.9256052001489634,0.6666666666666666,1.0,0.9058629123265632,0.6666666666666666,1.0,0.019742287822400173,0.0,0.0
xgb,112327,wizgear magnetic mount,16,0.9005033215744148,0.625,1.0,0.9221163972522984,0.625,1.0,-0.02161307567788362,0.0,0.0
xgb,112344,wockoder vinyl record player,16,1.0,0.625,1.0,1.0,0.625,1.0,0.0,0.0,0.0
xgb,112349,wok burners for cooking,16,0.8316700313958024,0.5714285714285714,1.0,0.7205983459836128,0.5714285714285714,0.3333333333333333,0.11107168541218959,0.0,0.6666666666666667
xgb,112352,wok stove,40,0.534207757499908,0.18181818181818182,1.0,0.5090028698226889,0.1818181818181818,1.0,0.025204887677219068,2.7755575615628914e-17,0.0
xgb,112355,woke up sexy as hell again coffee mug,40,0.9272682907408835,0.2564102564102564,1.0,0.9200263683992064,0.2564102564102564,1.0,0.007241922341677087,0.0,0.0
xgb,112384,woman auburn shirt,16,0.7289115290270202,0.6153846153846154,1.0,0.6880977228310117,0.5384615384615384,1.0,0.040813806196008495,0.07692307692307698,0.0
xgb,112402,woman shoes open toe pump,16,0.8899541168509599,0.6923076923076923,1.0,0.8415908474314976,0.6153846153846154,1.0,0.04836326941946234,0.07692307692307687,0.0
xgb,112414,woman within polo shirts with elbow sleeves,16,0.9305771987116873,0.625,1.0,0.9305771987116872,0.625,1.0,1.1102230246251565e-16,0.0,0.0
xgb,112624,women seamless 1/2 zip pullover,16,0.80511538178439,0.6666666666666666,1.0,0.8587842525419287,0.75,1.0,-0.05366887075753868,-0.08333333333333337,0.0
xgb,112750,women's neck tshirt,16,0.8895869012787158,0.625,1.0,0.9085781768482109,0.625,1.0,-0.018991275569495092,0.0,0.0
xgb,112791,women's ultra boost 20,16,0.9502477611198408,0.625,1.0,0.972414317788023,0.625,1.0,-0.022166556668182236,0.0,0.0
xgb,112828,womens baggy oants,16,0.9537915794915526,0.625,1.0,0.92880709458425,0.625,1.0,0.02498448490730254,0.0,0.0
xgb,112910,womens cintage,16,0.7975167679274938,0.8,1.0,0.5309999066793253,0.7,0.25,0.26651686124816854,0.10000000000000009,0.75
xgb,112922,womens columbian jeans,16,0.7537544317017733,0.6428571428571429,1.0,0.8266165677701107,0.6428571428571429,1.0,-0.07286213606833747,0.0,0.0
xgb,112927,womens converse sneakers,16,0.813695672542209,0.6666666666666666,1.0,0.9034923372550476,0.75,1.0,-0.08979666471283865,-0.08333333333333337,0.0
xgb,113018,womens hats winter,15,0.8515622580630822,0.6923076923076923,1.0,0.8610140672864943,0.6923076923076923,1.0,-0.009451809223412155,0.0,0.0
xgb,113039,womens ivory leggings,16,0.9216957602114386,0.6,1.0,0.8944497757883578,0.6,1.0,0.027245984423080793,0.0,0.0
xgb,113045,womens jeans size 16 bootcut stretch,16,0.9179380981781464,0.625,1.0,0.9008768387951548,0.625,1.0,0.017061259382991634,0.0,0.0
xgb,113059,womens learher skirt brown,16,0.9234835663289974,0.6666666666666666,1.0,0.9430123174207714,0.6666666666666666,1.0,-0.019528751091773988,0.0,0.0
xgb,113109,womens neck tops plus size,16,0.7642588372934912,0.6,1.0,0.7885515438000408,0.6,1.0,-0.024292706506549577,0.0,0.0
xgb,113127,womens one piece tummy control swimsuits,16,0.9754579868626665,0.625,1.0,0.9730367401053004,0.625,1.0,0.0024212467573661023,0.0,0.0
xgb,113146,womens petite dresses,16,0.8880156958269811,0.625,1.0,0.8880156958269811,0.625,1.0,0.0,0.0,0.0
xgb,113201,womens running shoes 10.5,16,0.7717359337986595,1.0,1.0,0.5374202510774029,1.0,0.3333333333333333,0.23431568272125658,0.0,0.6666666666666667
xgb,113234,womens shirt dress,16,0.8581485404458128,0.6923076923076923,1.0,0.8398715490560957,0.6923076923076923,1.0,0.018276991389717057,0.0,0.0
xgb,113263,womens sketchers walking sneakers,16,0.8765611617951722,0.625,1.0,0.8672815504216002,0.625,1.0,0.009279611373572028,0.0,0.0
xgb,113336,womens tankini swimsuit shorts,16,0.8842641587947232,0.6,1.0,0.8357924920087321,0.6,1.0,0.04847166678599113,0.0,0.0
xgb,113354,womens tops clearance,16,0.9606536523804245,0.6666666666666666,1.0,0.9072178250871612,0.6666666666666666,1.0,0.05343582729326335,0.0,0.0
xgb,113369,womens underwear cotton no visable lines,16,0.7865763921416886,0.6153846153846154,1.0,0.8985934818143871,0.7692307692307693,1.0,-0.11201708967269852,-0.15384615384615385,0.0
xgb,113389,womens white hobo purses,15,0.9114459114389492,0.6666666666666666,1.0,0.9324148783423528,0.6666666666666666,1.0,-0.020968966903403663,0.0,0.0
xgb,113395,womens wide sandals,16,0.9334929301469999,0.625,1.0,0.9018096131475518,0.625,1.0,0.03168331699944804,0.0,0.0
xgb,113421,womens yellow car accesories,16,0.9507988467774063,0.6666666666666666,1.0,0.9398880468477802,0.6666666666666666,1.0,0.01091079992962618,0.0,0.0
xgb,113503,wood desk chairs without wheels,40,0.5463980869411289,0.2413793103448276,0.5,0.6745018711425984,0.2758620689655172,1.0,-0.1281037842014695,-0.034482758620689585,-0.5
xgb,113507,wood dresser 6 drawer 35 tall,16,0.9426109793585165,0.625,1.0,0.9108579352048268,0.625,1.0,0.031753044153689625,0.0,0.0
xgb,113541,wood pecker tools,16,0.948475220140534,0.625,1.0,0.9738672436737748,0.625,1.0,-0.02539202353324077,0.0,0.0
xgb,113566,wood spaghetti spoon,16,0.9616701261829397,0.625,1.0,0.9878811550307042,0.625,1.0,-0.026211028847764495,0.0,0.0
xgb,113568,wood stain for crafts,16,0.6621137423456802,0.5454545454545454,1.0,0.7720617383222418,0.6363636363636364,1.0,-0.10994799597656157,-0.09090909090909094,0.0
xgb,113572,wood steamer,16,0.7977926420980818,0.8333333333333334,1.0,0.6877496064682146,0.8333333333333334,1.0,0.11004303562986717,0.0,0.0
xgb,113597,woodard patio,40,0.8284038251555417,0.28,1.0,0.814165085972814,0.32,1.0,0.014238739182727667,-0.03999999999999998,0.0
xgb,113643,wooden gazebo,16,0.9054291485009893,0.6428571428571429,1.0,0.8248911165874062,0.6428571428571429,0.5,0.08053803191358311,0.0,0.5
xgb,113743,wool bucket hat,16,0.8706956297234143,0.8888888888888888,1.0,0.8914031818199116,0.8888888888888888,1.0,-0.020707552096497328,0.0,0.0
xgb,113746,wool columbia socks women,16,0.9377523456603784,1.0,1.0,0.955404751256923,1.0,1.0,-0.017652405596544685,0.0,0.0
xgb,113825,work sneakers,16,0.9626765698115026,0.625,1.0,0.9478800059223746,0.625,1.0,0.014796563889127978,0.0,0.0
xgb,113840,work without jobs,16,0.5605845919317374,0.6666666666666666,1.0,0.5605845919317374,0.6666666666666666,1.0,0.0,0.0,0.0
xgb,113874,workout leitords,16,0.6708806426217223,0.5833333333333334,0.5,0.7799082337019199,0.75,0.5,-0.10902759108019755,-0.16666666666666663,0.0
xgb,113946,would you dare book,16,0.8224648050235988,1.0,1.0,0.7483800359486765,0.8,1.0,0.07408476907492223,0.19999999999999996,0.0
xgb,113952,woven beach blanket,16,0.9661204474833889,0.6666666666666666,1.0,0.9594110359653844,0.6666666666666666,1.0,0.006709411518004527,0.0,0.0
xgb,113985,wrangler jeans 47mwz regular fit,16,0.9435593591982605,0.625,1.0,0.9435593591982604,0.625,1.0,1.1102230246251565e-16,0.0,0.0
xgb,114059,wrist lanyard black,16,0.9218644966922334,0.625,1.0,0.9221163972522984,0.625,1.0,-0.000251900560065077,0.0,0.0
xgb,114077,wristlet wallet with cell phone holder leather,16,0.9716189607861263,0.625,1.0,0.9019358382892844,0.625,1.0,0.06968312249684194,0.0,0.0
xgb,114145,wwe throw blanket,16,0.6698623505528798,0.6153846153846154,0.5,0.571614567891588,0.5384615384615384,0.3333333333333333,0.09824778266129175,0.07692307692307698,0.16666666666666669
xgb,114147,wwe toys of seth rollins with championships,16,0.8898398299497986,0.6428571428571429,1.0,0.92405320849824,0.7142857142857143,1.0,-0.03421337854844142,-0.0714285714285714,0.0
xgb,114178,x light,39,0.31150274814184786,0.26666666666666666,0.5,0.3639365359485204,0.3333333333333333,0.5,-0.052433787806672516,-0.06666666666666665,0.0
xgb,114193,x-plane 7,16,0.6120756997338686,0.625,1.0,0.6113292819664577,0.625,1.0,0.0007464177674108008,0.0,0.0
xgb,114197,x-ray shield,16,0.8965769230603279,0.6923076923076923,1.0,0.8907675174335202,0.6923076923076923,1.0,0.005809405626807651,0.0,0.0
xgb,114206,x370 gaming m7,16,0.9166271233724493,0.6923076923076923,1.0,0.9166271233724492,0.6923076923076923,1.0,1.1102230246251565e-16,0.0,0.0
xgb,114213,x570 strix wifi,16,0.8977616707831991,0.6,1.0,0.8561031385679708,0.6,1.0,0.041658532215228306,0.0,0.0
xgb,114217,x900h sony tv,16,0.8659313141310768,0.625,1.0,0.867065675381311,0.625,1.0,-0.0011343612502341394,0.0,0.0
xgb,114307,xbox one sport red controller,16,0.9490653000807519,0.6428571428571429,1.0,0.8942937069845632,0.5714285714285714,1.0,0.05477159309618862,0.07142857142857151,0.0
xgb,114343,xenoblade chronicles,16,0.8898205450727548,0.6923076923076923,1.0,0.9200969049991492,0.6923076923076923,1.0,-0.030276359926394436,0.0,0.0
xgb,114457,xl bass strings,16,0.9554289676024135,0.625,1.0,0.9554289676024136,0.625,1.0,-1.1102230246251565e-16,0.0,0.0
xgb,114479,xl twin sheets for kids,16,0.9270926202210333,0.625,1.0,0.9149755495818076,0.625,1.0,0.012117070639225735,0.0,0.0
xgb,114567,xs black fitted hat,40,0.8854344362026183,0.2564102564102564,1.0,0.8925759169593485,0.2564102564102564,1.0,-0.007141480756730156,0.0,0.0
xgb,114584,xs womens shirts,16,0.9021496550890941,0.6428571428571429,1.0,0.9102464554748232,0.6428571428571429,1.0,-0.00809680038572913,0.0,0.0
xgb,114587,xsmall ean overalls women,14,0.8395700624665826,1.0,1.0,0.8126530453831332,1.0,1.0,0.0269170170834494,0.0,0.0
xgb,114622,xxl club dress,40,0.941233297798857,0.2564102564102564,1.0,0.9537125187088152,0.2564102564102564,1.0,-0.012479220909958233,0.0,0.0
xgb,114666,y strap neck chiropractor,11,0.873985613178944,1.0,0.5,0.8493963955149819,1.0,0.5,0.02458921766396205,0.0,0.0
xgb,114673,y740 legion 15 inch gaming laptop,16,0.8230187154559654,0.625,1.0,0.8342585510352535,0.625,1.0,-0.011239835579288093,0.0,0.0
xgb,114690,yakima mako,16,0.7817964736990565,0.5714285714285714,1.0,0.8500399130168412,0.6428571428571429,1.0,-0.06824343931778476,-0.07142857142857151,0.0
xgb,114694,yakima wind fairing,16,0.6541219638069231,0.5833333333333334,0.5,0.766004917764379,0.5833333333333334,1.0,-0.11188295395745584,0.0,-0.5
xgb,114703,yamaha drums,16,0.9854778313888839,1.0,1.0,0.8667753125326364,0.7142857142857143,1.0,0.1187025188562475,0.2857142857142857,0.0
xgb,114708,yamaha inverter generator,16,0.9339091084314125,0.625,1.0,0.9008636626471188,0.625,1.0,0.03304544578429369,0.0,0.0
xgb,114713,yamaha ls9 mixer,16,0.6266227237045702,0.5,0.3333333333333333,0.6266227237045702,0.5,0.3333333333333333,0.0,0.0,0.0
xgb,114725,yamaha vstar 650 rear fender,16,0.8335195103040127,0.8571428571428571,0.5,0.6723288930210408,0.8571428571428571,0.3333333333333333,0.1611906172829719,0.0,0.16666666666666669
xgb,114736,yananas,15,0.8972054005134406,0.75,1.0,0.7017910512666671,0.6666666666666666,1.0,0.19541434924677348,0.08333333333333337,0.0
xgb,114769,yard mosquito killer,11,0.9913646294746147,1.0,1.0,0.9859056632751824,1.0,1.0,0.0054589661994323135,0.0,0.0
xgb,114770,yard movie screen,16,0.9899138256111094,0.625,1.0,0.987182011756103,0.625,1.0,0.0027318138550064264,0.0,0.0
xgb,114798,year without santa clause,40,1.0,0.47619047619047616,1.0,1.0,0.4761904761904761,1.0,0.0,5.551115123125783e-17,0.0
xgb,114831,yellow butterfly car charm,16,0.7857602644973344,0.6153846153846154,1.0,0.8246103024561442,0.6923076923076923,1.0,-0.03885003795880981,-0.07692307692307687,0.0
xgb,114841,yellow desert rose adenium obesum live plant,16,0.9692201653995299,0.625,1.0,0.9722340851332468,0.625,1.0,-0.0030139197337168966,0.0,0.0
xgb,114867,yellow kurtis for women,16,0.8978600706126488,0.6666666666666666,1.0,0.8989669905186765,0.6666666666666666,1.0,-0.0011069199060276258,0.0,0.0
xgb,114880,yellow pads 8.5 x 11,40,0.7998562904612991,0.25,1.0,0.8355945670290291,0.25,1.0,-0.03573827656772999,0.0,0.0
xgb,114943,yeti 400 power supply,16,0.828140452285552,0.6923076923076923,0.5,0.8927513776388208,0.6923076923076923,1.0,-0.06461092535326884,0.0,-0.5
xgb,114959,yeti for kids,40,0.9685287252979218,0.2857142857142857,1.0,0.8663246619258071,0.2857142857142857,1.0,0.10220406337211463,0.0,0.0
xgb,114962,yeti lowball rambler,40,0.9787930706003494,0.2702702702702703,1.0,0.9575861412006988,0.2432432432432432,1.0,0.02120692939965052,0.027027027027027084,0.0
xgb,114964,yeti mug,16,0.92663607790064,0.6923076923076923,1.0,0.8534843770470758,0.6153846153846154,1.0,0.07315170085356415,0.07692307692307687,0.0
xgb,114967,yeti rambler 10 oz wine tumbler,16,0.9403062338700192,0.6428571428571429,1.0,0.908839076530512,0.6428571428571429,1.0,0.031467157339507223,0.0,0.0
xgb,115009,yocheerful,39,0.9092911358458243,0.32142857142857145,1.0,0.8167278084105035,0.2857142857142857,1.0,0.09256332743532081,0.035714285714285754,0.0
xgb,115020,yoga ball chair for kids,16,0.9537125187088152,0.625,1.0,0.948475220140534,0.625,1.0,0.005237298568281257,0.0,0.0
xgb,115151,your closet detox tea,40,0.7852590705630821,0.2702702702702703,1.0,0.8295156006718744,0.2702702702702703,1.0,-0.04425653010879227,0.0,0.0
xgb,115237,ysl handbags for women,16,0.5013955078335874,0.7,0.3333333333333333,0.639152434522507,0.7,1.0,-0.1377569266889196,0.0,-0.6666666666666667
xgb,115341,zac brown band cd welcome home,8,0.9901541049121547,1.0,1.0,0.9901541049121548,1.0,1.0,-1.1102230246251565e-16,0.0,0.0
xgb,115552,zebco bite alert,16,0.8445293798418667,0.625,1.0,0.869918756473895,0.625,1.0,-0.025389376632028338,0.0,0.0
xgb,115564,zebra sarasa clip .7,16,0.8967504210171807,0.625,1.0,0.8925149292251146,0.625,1.0,0.0042354917920661705,0.0,0.0
xgb,115566,zebra zd410 printer,16,0.9892280566320075,0.6666666666666666,1.0,0.9597696063936793,0.6666666666666666,1.0,0.02945845023832827,0.0,0.0
xgb,115607,zen dry brush,42,0.7404724119251633,0.2222222222222222,1.0,0.7863180700572117,0.2777777777777778,1.0,-0.04584565813204833,-0.05555555555555558,0.0
xgb,115652,zero turn mowers clearance,16,0.8108582970019788,0.6666666666666666,0.5,0.8108582970019788,0.6666666666666666,0.5,0.0,0.0,0.0
xgb,115676,zesty paws 8 in 1 multivitamin bites,34,0.7965551230477547,0.34615384615384615,1.0,0.800137501208124,0.3461538461538461,1.0,-0.003582378160369326,5.551115123125783e-17,0.0
xgb,115735,zip up nightgowns for women,14,0.9366419569529215,0.7142857142857143,1.0,0.9129967745944104,0.7142857142857143,1.0,0.023645182358511097,0.0,0.0
xgb,115797,zippy paws leash,16,0.8133988651843592,0.6,0.5,0.866517065354685,0.6,1.0,-0.05311820017032576,0.0,-0.5
xgb,115803,zkittles bags,39,0.6724417857876515,0.38461538461538464,1.0,0.4060806997510147,0.3076923076923077,0.5,0.2663610860366368,0.07692307692307693,0.5
xgb,115808,zodiac,27,0.7353797772725618,0.5,1.0,0.721801830382049,0.5,1.0,0.013577946890512727,0.0,0.0
xgb,115861,zoomies pants for men,16,0.747650212474563,0.7272727272727273,1.0,0.6455404005125891,0.5454545454545454,1.0,0.10210981196197388,0.18181818181818188,0.0
xgb,115921,zxi 900,40,0.6169352309446219,0.5,0.5,0.5255664792793981,0.125,1.0,0.09136875166522374,0.375,-0.5
xgb,115956,“cloth and stone”,16,0.9008636626471187,0.625,1.0,0.9008636626471188,0.625,1.0,-1.1102230246251565e-16,0.0,0.0
