query_id,query,n_candidates,semantic_ndcg_at_10,semantic_recall_at_10,semantic_mrr,reference_ndcg_at_10,reference_recall_at_10,reference_mrr,delta_ndcg_at_10,delta_recall_at_10,delta_mrr
1,!awnmower tires without rims,16,0.7838572173644668,0.7,1.0,0.6359900319570795,0.6,0.5,0.1478671854073873,0.09999999999999998,0.5
5,# 10 self-seal envelopes without window,40,0.914856882358379,0.2647058823529412,1.0,0.7956138772890416,0.23529411764705882,1.0,0.11924300506933738,0.02941176470588236,0.0
6,# 2 pencils not sharpened,40,0.47522318889343407,0.2,0.5,0.43634346893533404,0.2,0.3333333333333333,0.03887971995810002,0.0,0.16666666666666669
9,# mom life,16,0.8343204142141322,0.6923076923076923,1.0,0.874706937766356,0.6923076923076923,1.0,-0.04038652355222383,0.0,0.0
22,#11 mrs. kormel is not normal,16,0.7232329748419101,0.6666666666666666,1.0,0.5090967735771897,0.3333333333333333,1.0,0.21413620126472033,0.3333333333333333,0.0
23,#12 black boys chain necklace without baseball stitches,40,0.7033486277163468,0.32142857142857145,1.0,0.7658948124729227,0.32142857142857145,1.0,-0.06254618475657592,0.0,0.0
39,#5 zipper tape without pulls,40,0.7856858572169682,0.3333333333333333,1.0,0.7998562904612991,0.3333333333333333,1.0,-0.014170433244330982,0.0,0.0
46,"#9x5"" wood screws",16,0.5437713091520254,1.0,0.3333333333333333,1.0,1.0,1.0,-0.45622869084797457,0.0,-0.6666666666666667
55,#this is not a truck decals,39,0.3944953517543956,0.22727272727272727,0.5,0.5433507710249271,0.2727272727272727,1.0,-0.14885541927053153,-0.04545454545454544,-0.5
59,$1 dollar toys not fidgets,38,0.06615070820004687,0.125,0.16666666666666666,0.42509883252531194,0.375,1.0,-0.35894812432526507,-0.25,-0.8333333333333334
64,$10 amazon prime not prime wardrobe sweatpaants,39,0.5945448716010692,0.2916666666666667,0.5,0.3076675776753383,0.16666666666666666,0.2,0.28687729392573086,0.12500000000000003,0.3
71,$10 stuff not books,38,0.07864775705513549,0.14285714285714285,0.2,0.22991971840955647,0.2857142857142857,0.5,-0.15127196135442098,-0.14285714285714285,-0.3
82,$2 pop tube not a pack,39,0.27066685192665696,0.2,0.3333333333333333,0.4011946287772916,0.3,0.25,-0.13052777685063466,-0.09999999999999998,0.08333333333333331
112,&#34;bed swing without stand&#34;,40,0.39588706124016804,0.5,1.0,0.4632748166247856,0.5,1.0,-0.06738775538461755,0.0,0.0
115,"&a pedicure spa parts, pop-up drain plug without strainer",40,0.22994871177597348,0.13636363636363635,0.25,0.48821157016630634,0.2727272727272727,0.5,-0.25826285839033286,-0.13636363636363635,-0.25
122,'72 nova instument panel without gauges,16,0.2890648263178878,1.0,0.1,0.0,0.0,0.07692307692307693,0.2890648263178878,1.0,0.023076923076923078
146,'may not be perfect' canvas,40,0.5886568250104743,0.3888888888888889,1.0,0.6577551737922527,0.3888888888888889,1.0,-0.06909834878177834,0.0,0.0
148,'moment case' for iphone 7 not the plus,16,0.13311432434671602,0.2,0.16666666666666666,0.20315902285803084,0.4,0.14285714285714285,-0.07004469851131481,-0.2,0.023809523809523808
153,'see the possibility not the problem' textual canvas,40,0.6574618690349356,0.26666666666666666,1.0,0.756074576913129,0.3,1.0,-0.09861270787819332,-0.033333333333333326,0.0
162,( brand-satisfyer-pro2 not womanizer ),40,0.2875885121039762,0.26666666666666666,0.5,0.10131492031939958,0.13333333333333333,0.1111111111111111,0.1862735917845766,0.13333333333333333,0.3888888888888889
172,(hue2 lighting controller not included),40,0.5526512541188672,0.5,1.0,0.48211568308826563,0.3333333333333333,1.0,0.07053557103060154,0.16666666666666669,0.0
217,+crunchy peanuts not butter,40,0.3128047789019753,0.21052631578947367,0.25,0.3156169274023381,0.21052631578947367,0.25,-0.002812148500362821,0.0,0.0
219,+dark chocolate peanuts covered not milk,40,0.49320880653716564,0.3333333333333333,0.5,0.527089754668465,0.2857142857142857,1.0,-0.03388094813129933,0.047619047619047616,-0.5
224,+maintained foot switch not piggyback,16,0.8531545650151879,0.875,1.0,0.6731261714640896,0.75,1.0,0.18002839355109834,0.125,0.0
227,+proofer for yogourt -brod and not frozen and not automatic,37,0.0,0.0,0.043478260869565216,0.0,0.0,0.08333333333333333,0.0,0.0,-0.03985507246376811
291,- what i have ordered not what i can order,11,0.5574732160363953,1.0,0.3333333333333333,0.43630277787700844,0.75,0.25,0.12117043815938688,0.25,0.08333333333333331
298,-18 x do not watch,22,0.0,0.0,0.07692307692307693,0.0,0.0,0.0625,0.0,0.0,0.014423076923076927
299,-3.50 not reading glasses,40,0.555947101234286,0.5,1.0,0.5761528145057854,0.5,1.0,-0.020205713271499337,0.0,0.0
319,. iced tea without sucralose without aspartame,24,0.8902879263966849,0.6923076923076923,1.0,0.8065689304320547,0.6923076923076923,1.0,0.08371899596463017,0.0,0.0
327,.030 lincoln flux core,16,1.0,0.625,1.0,0.9435593591982605,0.625,1.0,0.056440640801739494,0.0,0.0
342,.25 syringe without needle,16,0.816064584285683,0.6428571428571429,1.0,0.7947797869115736,0.6428571428571429,1.0,0.021284797374109377,0.0,0.0
347,.4 mm not bleed pen,40,0.882220996686145,0.23684210526315788,1.0,0.8168253497051561,0.23684210526315788,1.0,0.06539564698098888,0.0,0.0
350,.5 female not fitting plastic,15,0.38193041637029074,0.5,0.3333333333333333,0.49480715247917767,0.5,1.0,-0.11287673610888693,0.0,-0.6666666666666667
359,.65 trimmer not tangle ryobi braided,16,0.7278851930585557,0.8888888888888888,0.5,0.3863709783550239,0.5555555555555556,0.25,0.3415142147035318,0.33333333333333326,0.25
360,.68 paintballs not reusable,40,0.7093753650484101,0.25,1.0,0.5272343677775604,0.1875,1.0,0.18214099727084976,0.0625,0.0
401,0 outdoor stand alone umbrella without base,40,0.27194834592924777,0.07692307692307693,0.25,0.3815508308110214,0.15384615384615385,0.3333333333333333,-0.10960248488177365,-0.07692307692307693,-0.08333333333333331
414,0-3 months white collared shirt,16,0.8444525594181113,0.625,1.0,0.9295165736285318,0.625,1.0,-0.08506401421042054,0.0,0.0
418,0-cedar mop without bucket,16,0.4760936330862469,0.4,0.3333333333333333,0.6316034734073666,0.5,1.0,-0.15550984032111964,-0.09999999999999998,-0.6666666666666667
419,0.0 sticker not today,39,0.9777813616305049,1.0,1.0,0.8085208705666737,1.0,1.0,0.16926049106383123,0.0,0.0
428,0.25 syringe without needle,16,0.8566698404645302,0.6428571428571429,1.0,0.8207609204356189,0.6428571428571429,1.0,0.03590892002891133,0.0,0.0
432,0.35hppump without pre-filter,40,0.141266972859829,0.3333333333333333,0.1111111111111111,0.13565197343244778,0.3333333333333333,0.1,0.005614999427381223,0.0,0.0111111111111111
435,0.3cc syringe without needle,16,0.9045532266268704,0.8181818181818182,1.0,0.838860507276376,0.7272727272727273,1.0,0.06569271935049448,0.09090909090909094,0.0
436,0.3ml syringe without needle qty 1,16,0.4992845879180527,0.6,0.5,0.4910826564923819,0.6,0.5,0.008201931425670772,0.0,0.0
449,0.53 cu. ft. retro mini fridge in white without freezer,16,0.3900400437987997,0.45454545454545453,0.5,0.3424469527574557,0.45454545454545453,0.2,0.047593091041344016,0.0,0.3
450,0.5cc syringe without needle,16,0.7408515777910745,0.6153846153846154,1.0,0.8296781627274812,0.6923076923076923,1.0,-0.08882658493640672,-0.07692307692307687,0.0
460,"0.8"" reading glasses",16,0.8196601196676208,0.7,1.0,0.8563023542308759,0.8,1.0,-0.036642234563255105,-0.10000000000000009,0.0
470,00 grease,39,0.8580838840230418,0.6363636363636364,1.0,0.7482224254033334,0.45454545454545453,1.0,0.10986145861970842,0.18181818181818182,0.0
478,007 car sticker without gun,40,0.4314250091438727,0.3076923076923077,1.0,0.570444599849017,0.38461538461538464,1.0,-0.13901959070514425,-0.07692307692307693,0.0
483,00m vesa mounting pattern mounting bracket not included,16,0.8530178343942509,0.6923076923076923,1.0,0.7752640567177301,0.6153846153846154,1.0,0.07775377767652081,0.07692307692307687,0.0
496,02 ford sport trac disc brakes,16,0.5651032330106286,1.0,0.25,0.9087691188193053,1.0,1.0,-0.34366588580867674,0.0,-0.75
498,02 sensor without catalytic converter,15,0.6804396837004721,0.7142857142857143,1.0,0.6369083637069465,0.5714285714285714,1.0,0.04353131999352566,0.1428571428571429,0.0
506,03 it's not unusual,35,0.44158011035778233,1.0,0.2,0.6131471927654584,0.5,1.0,-0.17156708240767604,0.5,-0.8
522,05 colorado seats not covers,40,0.3031878997050812,0.25,1.0,0.19067581186366409,0.25,0.25,0.11251208784141711,0.0,0.75
529,05 surprise that’s not it.,24,0.7301616069237425,0.8333333333333334,0.5,0.5512728303106874,0.6666666666666666,0.5,0.17888877661305513,0.16666666666666674,0.0
548,06 tailgate without clearance lights,39,0.7877736340270854,0.4090909090909091,1.0,0.6640912069388573,0.2727272727272727,1.0,0.12368242708822819,0.1363636363636364,0.0
555,07 camry xle stereo without amp,16,0.48265232916278705,0.2857142857142857,1.0,0.49992686662760466,0.42857142857142855,1.0,-0.017274537464817608,-0.14285714285714285,0.0
583,09 nissan altima coupe passenger headlight,16,0.7648792679211223,0.5714285714285714,1.0,0.7381269259720382,0.5714285714285714,1.0,0.026752341949084046,0.0,0.0
611,1 '' leather belts without buckles,40,0.7021506094660728,0.23529411764705882,1.0,0.554737776404906,0.20588235294117646,0.5,0.14741283306116681,0.02941176470588236,0.5
647,1 2” bronze pop up drain for sink without overflow,40,0.8166416874654477,0.2903225806451613,1.0,0.7317228718707818,0.2903225806451613,1.0,0.08491881559466596,0.0,0.0
650,1 3/4 mens leather belt strap without buckle,40,0.7729313086282421,0.2777777777777778,1.0,0.831452411917816,0.2777777777777778,1.0,-0.05852110328957394,0.0,0.0
662,1 52 by 84 thermal drape not blackout,40,0.6312295517757589,0.2413793103448276,1.0,0.6692753700671209,0.27586206896551724,1.0,-0.038045818291362,-0.03448275862068964,0.0
664,1 7/8 wood hole saw without arbor,40,0.5022198697814481,0.2413793103448276,1.0,0.5904445474861388,0.27586206896551724,1.0,-0.08822467770469078,-0.03448275862068964,0.0
667,1 airpod not charging case,15,0.46597493027959375,0.6666666666666666,0.5,0.6056579622701845,0.8333333333333334,0.5,-0.1396830319905908,-0.16666666666666674,0.0
681,1 black small notebook without lines,40,0.8067267547115275,0.25,1.0,0.7164874860859372,0.25,1.0,0.0902392686255904,0.0,0.0
698,1 cc tuberculin syringe without needle,16,0.7427875433052453,0.6363636363636364,1.0,0.8204053821922507,0.7272727272727273,1.0,-0.07761783888700535,-0.09090909090909094,0.0
707,1 corinthians without love wall art,40,0.544221363816962,0.18181818181818182,1.0,0.6163145585873394,0.24242424242424243,0.5,-0.07209319477037746,-0.06060606060606061,0.5
735,1 fluid ounce empty mini sauce bottles (sauce not included),40,0.7938782591000337,0.32142857142857145,1.0,0.7255911294914237,0.32142857142857145,1.0,0.06828712960861005,0.0,0.0
736,1 foot long hinge without holes,40,0.5354181392151994,0.4166666666666667,1.0,0.6985850487025533,0.5,1.0,-0.1631669094873539,-0.08333333333333331,0.0
754,1 hp garbage disposal without power cord,40,0.7080695566947998,0.34615384615384615,1.0,0.6904227352882041,0.3076923076923077,1.0,0.01764682140659568,0.038461538461538436,0.0
768,1 inch binder4 oz elmer glue,16,0.9355600127443465,0.625,1.0,0.9164783316968063,0.625,1.0,0.019081681047540267,0.0,0.0
773,1 inch heels shoes wide width,16,0.903917776554737,0.625,1.0,0.8944080932942748,0.625,1.0,0.009509683260462198,0.0,0.0
790,1 inch wooden beads for crafts without holes,40,0.4496211244029087,0.3181818181818182,0.5,0.5870790399945743,0.36363636363636365,0.5,-0.13745791559166565,-0.04545454545454547,0.0
812,1 me without needle syringes,16,0.8157703049701813,0.6153846153846154,1.0,0.8055945918232597,0.6153846153846154,1.0,0.010175713146921672,0.0,0.0
817,1 ml 28 gauge 1/2 inch attached needle without safety,16,0.663316242703328,0.6153846153846154,1.0,0.8085045050183259,0.6923076923076923,1.0,-0.14518826231499793,-0.07692307692307687,0.0
819,1 ml blister pack luer lock tip without safety,16,0.7268218883190454,0.6666666666666666,1.0,0.7583194447032602,0.6666666666666666,1.0,-0.03149755638421481,0.0,0.0
824,1 ml syringes without needles,16,1.0,0.625,1.0,0.9738672436737749,0.625,1.0,0.026132756326225137,0.0,0.0
859,1 picture frames 16x20 without mat,40,0.7429648886271399,0.25925925925925924,1.0,0.948475220140534,0.37037037037037035,1.0,-0.20551033151339404,-0.1111111111111111,0.0
865,1 pocket folder without prongs,40,0.6870813705594854,0.3,0.5,0.6003168417149412,0.26666666666666666,0.5,0.08676452884454422,0.033333333333333326,0.0
877,1 room portable air conditioner without hose,16,0.865550968865021,0.6,1.0,0.9102464554748231,0.6,1.0,-0.04469548660980205,0.0,0.0
879,1 set of earbuds without microphone,16,0.7962319811407426,0.6666666666666666,1.0,0.7301108108731322,0.5833333333333334,1.0,0.06612117026761033,0.08333333333333326,0.0
900,1 tsp of grenetine without sweetener,39,0.2671157601938848,0.42857142857142855,0.5,0.40384085156997124,0.5714285714285714,0.5,-0.13672509137608646,-0.14285714285714285,0.0
910,1 wooden beads without holes bulk,40,0.6544325512573348,0.36363636363636365,1.0,0.7600310680128185,0.4090909090909091,1.0,-0.1055985167554837,-0.04545454545454547,0.0
918,1 year old girl toys,15,0.8666589172302495,0.6428571428571429,1.0,0.9400228393296095,0.7142857142857143,1.0,-0.07336392209936005,-0.0714285714285714,0.0
929,1$xrphone cases,16,0.8287181397291629,0.8888888888888888,1.0,0.5796993200023342,0.5555555555555556,1.0,0.2490188197268287,0.33333333333333326,0.0
941,1-1/2 x 3/4 ac weather stripping without adhesive,40,0.3957692794902646,0.24,0.3333333333333333,0.4714294157065857,0.28,0.5,-0.07566013621632112,-0.040000000000000036,-0.16666666666666669
948,1-1/4-inch vessel style drain without overflow,40,0.8380947504767425,0.2857142857142857,1.0,0.7379463268613554,0.2571428571428571,1.0,0.10014842361538712,0.02857142857142858,0.0
955,1-8x scope,40,0.8695394129581413,0.2564102564102564,1.0,0.8620387949969609,0.2564102564102564,1.0,0.0075006179611804,0.0,0.0
972,1.2 inch belt without buckle,40,0.4447107569122209,0.1935483870967742,0.5,0.5352538414513874,0.25806451612903225,0.5,-0.09054308453916654,-0.06451612903225806,0.0
982,1.4cuft small refrigerator without freezer,16,0.7473896417283418,0.5714285714285714,1.0,0.7473896417283418,0.5714285714285714,1.0,0.0,0.0,0.0
997,1.5 mortise cylinder,40,0.92663607790064,0.3225806451612903,1.0,0.8456549395195647,0.2903225806451613,1.0,0.08098113838107523,0.032258064516129004,0.0
1015,1.6 refrigerator without freezer,16,0.7386290587458777,0.6153846153846154,1.0,0.7611552155881369,0.6153846153846154,1.0,-0.022526156842259226,0.0,0.0
1026,1.77 inch chrome drain without overflow,40,0.7161071846214615,0.23529411764705882,1.0,0.7508548089225912,0.23529411764705882,1.0,-0.034747624301129654,0.0,0.0
1033,1.9 fridge without freezer,16,0.4655153989744458,0.5454545454545454,0.3333333333333333,0.45544605227259816,0.5454545454545454,0.25,0.01006934670184767,0.0,0.08333333333333331
1076,1/2 quart pan without lids lightweight,39,0.8289717727482833,0.3448275862068966,1.0,0.7560643929693168,0.3448275862068966,1.0,0.07290737977896644,0.0,0.0
1081,1/2 velcro strips without adhesive,16,0.4982703834040265,0.6666666666666666,0.5,0.6157222571198985,0.6666666666666666,1.0,-0.11745187371587196,0.0,-0.5
1089,1/2cc syringe without needle multiple use glass,16,0.7994290396743129,0.6923076923076923,1.0,0.8655175666934384,0.6923076923076923,1.0,-0.06608852701912549,0.0,0.0
1107,1/4 grommet without washer,16,0.6959701799461615,0.8,1.0,0.46913431573410364,0.6,0.3333333333333333,0.22683586421205787,0.20000000000000007,0.6666666666666667
1130,1/4 tool set without ratchet,39,0.6174582216933705,0.4444444444444444,0.3333333333333333,0.44264801186572544,0.3333333333333333,0.5,0.17481020982764506,0.1111111111111111,-0.16666666666666669
1196,10 gage electrical wire without ground,40,0.8224597061601245,0.36,1.0,0.43861292689871106,0.24,0.25,0.3838467792614135,0.12,0.75
1238,10 k gold earrings for women,16,0.8409092095099121,0.625,1.0,0.8317853183847363,0.625,1.0,0.009123891125175754,0.0,0.0
1247,10 lb resistance band without handles,40,0.7614831170772464,0.2857142857142857,1.0,0.8856605027646288,0.2857142857142857,1.0,-0.12417738568738246,0.0,0.0
1263,10 mfoot runner for kitchen without nap,40,0.6685238397813329,0.22580645161290322,1.0,0.8475591217080137,0.2903225806451613,1.0,-0.17903528192668083,-0.06451612903225809,0.0
1264,10 micron fuel filter 6an without regulator,16,0.8934834574783598,0.6666666666666666,1.0,0.9242792750602506,0.6666666666666666,1.0,-0.030795817581890872,0.0,0.0
1273,10 open window envelopes without plastic window,39,0.7660090993740839,0.24242424242424243,1.0,0.7958313901595816,0.2727272727272727,1.0,-0.029822290785497696,-0.030303030303030276,0.0
1276,10 oz mason jars without lids with handle,40,0.47815054929281736,0.2222222222222222,1.0,0.4042664521872565,0.18518518518518517,1.0,0.07388409710556088,0.037037037037037035,0.0
1277,10 oz nuk learner sippy cup without handles,38,0.7994759781811206,0.29411764705882354,1.0,0.8109856806110745,0.29411764705882354,1.0,-0.01150970242995386,0.0,0.0
1300,10 slot slim wallet with money clip and without id window,39,0.7363497891635088,0.2702702702702703,1.0,0.711895148463722,0.2702702702702703,1.0,0.024454640699786756,0.0,0.0
1358,10.5 inch ipad pro case without home button,16,0.8701249883466592,0.6666666666666666,1.0,0.9363792118010482,0.75,1.0,-0.06625422345438903,-0.08333333333333337,0.0
1378,100 cc syringes without needle,16,0.6652002504323061,0.5384615384615384,1.0,0.7998841245733354,0.6923076923076923,1.0,-0.13468387414102923,-0.15384615384615385,0.0
1396,100 gallon fuel tank,16,0.9690492177672512,0.625,1.0,0.8753695065129184,0.625,1.0,0.09367971125433272,0.0,0.0
1401,100 human hair without the track,40,0.9128522585849833,0.2702702702702703,1.0,0.8543173099791948,0.24324324324324326,1.0,0.05853494860578856,0.02702702702702703,0.0
1459,100% down pillow without feathers,39,0.41679802310285746,0.2,0.3333333333333333,0.41937283458334745,0.16666666666666666,0.5,-0.0025748114804899913,0.033333333333333354,-0.16666666666666669
1494,100ft garden hose expandanble without sprayer,39,0.8391537499708719,0.2702702702702703,1.0,0.809461810702804,0.2702702702702703,1.0,0.029691939268067902,0.0,0.0
1523,101 life lessons without the bullshit,16,0.4381173231600498,1.0,0.3333333333333333,0.4322824749866561,1.0,0.2,0.005834848173393692,0.0,0.1333333333333333
1524,101 pocket workout without machines,40,0.17754699072561045,0.25,0.25,0.07130698769081917,0.125,0.1,0.10624000303479128,0.125,0.15
1546,108 inches quartz vanity tops without sink,37,0.15167982042431197,0.18181818181818182,0.125,0.027695665219351445,0.0,0.08333333333333333,0.12398415520496052,0.18181818181818182,0.04166666666666667
1585,10k white gold diamond princess cut earrings screw on back,40,0.9273278618225252,0.2564102564102564,1.0,0.9061209324228746,0.2564102564102564,1.0,0.02120692939965063,0.0,0.0
1587,10k yellow gold biblical circle pendant without chain,40,0.5653126614816846,0.23333333333333334,1.0,0.6295403164841519,0.23333333333333334,1.0,-0.0642276550024673,0.0,0.0
1588,10kpendant settings without stones,40,0.4720669631084771,0.25,1.0,0.2836612404414375,0.2,0.5,0.18840572266703964,0.04999999999999999,0.5
1594,10lb resistance band without handles,40,0.711895148463722,0.2857142857142857,1.0,0.7857777451104445,0.2571428571428571,1.0,-0.07388259664672248,0.02857142857142858,0.0
1596,10m waterproof led strip lights outdoor without controller,40,0.8275129166957949,0.30303030303030304,1.0,0.6870876722079812,0.24242424242424243,1.0,0.14042524448781368,0.06060606060606061,0.0
1622,10x 30tents without sidewalls,40,0.5296550286583845,0.25806451612903225,0.5,0.4830994639797223,0.22580645161290322,0.5,0.04655556467866223,0.03225806451612903,0.0
1625,10x mirror with lights without batteries,40,0.9316277775573523,0.2564102564102564,1.0,0.9716189607861263,0.2564102564102564,1.0,-0.03999118322877404,0.0,0.0
1647,10x20 without walls,36,0.4650519044071104,0.6,0.5,0.20887109193038952,0.4,0.16666666666666666,0.25618081247672086,0.19999999999999996,0.33333333333333337
1660,10‘ x 10‘ trampoline without netting,16,0.4368399829171991,0.7142857142857143,0.5,0.47416249881322636,0.7142857142857143,0.5,-0.03732251589602725,0.0,0.0
1662,10’ tow rope for jetski without hooks,40,0.5108477931751546,0.25,1.0,0.42527959798090564,0.25,0.5,0.08556819519424896,0.0,0.5
1694,11 ipad pro case,16,0.9400228393296095,0.625,1.0,0.9471969491438326,0.625,1.0,-0.007174109814223062,0.0,0.0
1747,110 v desktop power grommet without usb,16,0.7053606912621857,0.8,1.0,0.505655912363478,0.6,1.0,0.19970477889870775,0.20000000000000007,0.0
1754,110v temperature controller without display,16,0.7615270844715951,0.7272727272727273,1.0,0.7609753267237322,0.6363636363636364,1.0,0.0005517577478628688,0.09090909090909094,0.0
1755,111 places in washington that you must not miss,15,0.7956385090135181,0.8571428571428571,1.0,0.7030766740916158,0.7142857142857143,1.0,0.09256183492190229,0.1428571428571428,0.0
1759,116 inch length window panels without grommets,40,0.3670754099137193,0.23809523809523808,0.5,0.29407379185285776,0.19047619047619047,0.3333333333333333,0.07300161806086153,0.047619047619047616,0.16666666666666669
1779,11th birthday crown without slash,40,0.6512221514019433,0.3333333333333333,1.0,0.4465208128885048,0.2,0.5,0.20470133851343847,0.1333333333333333,0.5
1784,11x14 frames without glass,39,0.7904963691313633,0.2727272727272727,1.0,0.7757028114383346,0.2727272727272727,1.0,0.014793557693028703,0.0,0.0
1828,12 inch metal straw,40,0.8301284151556875,0.2571428571428571,0.5,0.7169792294248534,0.22857142857142856,0.5,0.1131491857308341,0.028571428571428553,0.0
1890,12 volt air pump for inflatables,16,0.8770481092871156,0.625,1.0,0.8087700267809188,0.625,1.0,0.06827808250619682,0.0,0.0
1935,120v 40w filament incandescent,16,0.9150781673750508,0.625,1.0,0.9161601115836259,0.625,1.0,-0.001081944208575103,0.0,0.0
1942,120x96 blackout curtains,40,0.6953305659174331,0.2727272727272727,1.0,0.6149458869473685,0.2727272727272727,1.0,0.08038467897006463,0.0,0.0
1994,12v table lamp,16,0.7116174833609142,0.5384615384615384,0.5,0.7928767132620416,0.5384615384615384,1.0,-0.08125922990112733,0.0,-0.5
2008,12x12 primed canvas,16,0.8515858225389124,0.8,1.0,0.7772599530167265,0.7,1.0,0.0743258695221859,0.10000000000000009,0.0
2088,14 inch lamp shades for table lamps,16,0.9084840369117598,0.625,1.0,0.941233297798857,0.625,1.0,-0.032749260887097176,0.0,0.0
2118,14ft pole saw,15,0.8980475060598947,0.6666666666666666,1.0,0.8919191159980254,0.6666666666666666,1.0,0.006128390061869271,0.0,0.0
2134,14kwhite gold red quartz crab ring,34,0.7233275953626664,0.2727272727272727,1.0,0.6317603922428244,0.2727272727272727,0.5,0.09156720311984201,0.0,0.5
2138,14mm druzy pendant,16,0.8585634652371262,0.875,1.0,0.9170083247510736,1.0,1.0,-0.0584448595139474,-0.125,0.0
2161,15 inch fastpitch softball,16,0.7544130387181546,0.7,1.0,0.7954351410532086,0.7,1.0,-0.04102210233505399,0.0,0.0
2162,15 inch light weight laptop that has lots of memory storage and RAM.  It should include a HDMI port as well as a USB drive.  ,15,0.8872606230088387,0.7142857142857143,1.0,0.880227422109821,0.7142857142857143,1.0,0.007033200899017711,0.0,0.0
2182,15-inch macbook pro,16,0.9556493299547569,0.625,1.0,0.9556493299547569,0.625,1.0,0.0,0.0,0.0
2203,150qt cooler,16,0.7051703097500548,0.5454545454545454,1.0,0.7818781515566117,0.7272727272727273,1.0,-0.07670784180655688,-0.18181818181818188,0.0
2245,16 oz glass juice bottles with caps,16,0.8542744777687663,0.625,1.0,0.826992997760886,0.625,1.0,0.027281480007880332,0.0,0.0
2249,16 qt air fryer oven,16,0.9212425286730441,0.625,1.0,0.9108579352048268,0.625,1.0,0.010384593468217296,0.0,0.0
2253,16 x 32 frame,40,0.9096371763423401,0.2857142857142857,1.0,0.8140731980793376,0.2857142857142857,1.0,0.09556397826300245,0.0,0.0
2267,16mm concrete drill bit hex,16,0.8302375109097954,0.6,1.0,0.7757675328550585,0.6,1.0,0.054469978054736856,0.0,0.0
2282,16x24x4 furnace filter,16,0.8747879030085381,0.6666666666666666,1.0,0.7440406922306879,0.5,1.0,0.13074721077785023,0.16666666666666663,0.0
2396,18x24 canvas paper,40,0.5842158988731642,0.25,0.5,0.6265813435014416,0.25,1.0,-0.042365444628277404,0.0,-0.5
2405,19 by 19 frame,16,0.8944836122933966,0.625,1.0,0.8789335177254264,0.625,1.0,0.015550094567970185,0.0,0.0
2475,1” sink stopper and strainer,16,0.8905697775682638,0.625,1.0,0.9790468959828571,0.625,1.0,-0.08847711841459327,0.0,0.0
2545,2 gallon water bottle,40,0.5825606396929622,0.22857142857142856,0.5,0.6695032397725462,0.22857142857142856,1.0,-0.08694260007958399,0.0,-0.5
2552,2 in 1 elliptical and exercise bike,12,0.7749755790136131,1.0,1.0,0.6417364546255475,0.6666666666666666,1.0,0.13323912438806562,0.33333333333333337,0.0
2560,2 in pvc,16,0.914856882358379,0.6923076923076923,1.0,0.9053206285482487,0.6153846153846154,1.0,0.009536253810130346,0.07692307692307687,0.0
2562,2 inch belts for men,16,0.92663607790064,0.625,1.0,0.92663607790064,0.625,1.0,0.0,0.0,0.0
2570,2 inch muffler tip,16,0.8862181080179797,0.6428571428571429,1.0,0.9054291485009893,0.6428571428571429,1.0,-0.01921104048300959,0.0,0.0
2660,2 seater stroller,16,0.8822854078553969,0.625,1.0,0.9305687780632228,0.625,1.0,-0.048283370207825915,0.0,0.0
2701,2 way mirror film for glass windows,40,0.8209778147812536,0.2647058823529412,1.0,0.8017988686556616,0.2647058823529412,1.0,0.01917894612559201,0.0,0.0
2703,2 way speaker 5x7,16,0.932051717895752,0.6,1.0,0.8495004657240798,0.6,1.0,0.08255125217167225,0.0,0.0
2721,"2"" curtain rings bronze",16,0.8283804378787379,0.8333333333333334,1.0,0.9264715756027232,1.0,1.0,-0.09809113772398526,-0.16666666666666663,0.0
2748,2.5 vacuum hose,16,0.7362425525191235,0.5714285714285714,0.3333333333333333,0.8050546583235917,0.6428571428571429,0.5,-0.06881210580446817,-0.07142857142857151,-0.16666666666666669
2788,20 inch storage bin,40,0.8519675573955815,0.2777777777777778,1.0,0.8137271575828219,0.25,1.0,0.03824039981275962,0.02777777777777779,0.0
2816,20 volt weed eater dewalt,15,0.7492685233081781,0.75,1.0,0.8368150013720392,0.75,1.0,-0.08754647806386118,0.0,0.0
2837,200cc scooter,16,0.7058247734692449,0.7,1.0,0.7448749627692272,0.7,1.0,-0.039050189299982274,0.0,0.0
2884,20x30 frame,16,0.9032467383434786,0.625,1.0,0.9240532084982401,0.625,1.0,-0.020806470154761558,0.0,0.0
2888,20x40 tent,40,0.925957390686689,0.2564102564102564,1.0,0.8380322791048067,0.23076923076923078,1.0,0.08792511158188232,0.025641025641025605,0.0
2906,"21"" metal hoop",16,0.8807123960064435,1.0,1.0,0.7620991074904692,0.75,1.0,0.1186132885159743,0.25,0.0
2929,"22"" monitor telescopic wall mount",16,0.9090449462630336,0.7692307692307693,1.0,0.7132254408719695,0.5384615384615384,1.0,0.19581950539106407,0.23076923076923084,0.0
3077,25 hp mercury carb,16,0.9559102496645824,0.7692307692307693,1.0,0.9072098139278666,0.6923076923076923,1.0,0.048700435736715786,0.07692307692307698,0.0
3080,25 inch opening 8 ft pull down ladder,16,0.9248946671670606,0.6,1.0,0.9624725413737495,0.6666666666666666,1.0,-0.0375778742066889,-0.06666666666666665,0.0
3098,250cc dirtbike,16,0.8940772705132036,0.8,1.0,0.7548988887079091,0.6,0.5,0.13917838180529452,0.20000000000000007,0.5
3100,250cc scooters,15,0.7258703061870947,0.7,0.3333333333333333,0.7204657400572863,0.5,1.0,0.005404566129808441,0.19999999999999996,-0.6666666666666667
3142,27 cushion,16,0.8761496390980843,0.6428571428571429,1.0,0.7890365294329029,0.6428571428571429,0.5,0.08711310966518138,0.0,0.5
3144,27 foot pool covers for above ground pools,16,0.23958467719708867,0.5,0.25,0.1674625028592927,0.5,0.1111111111111111,0.07212217433779597,0.0,0.1388888888888889
3256,2x linen shorts mens,16,0.7957201938632578,0.7,1.0,0.6412198961462949,0.7,1.0,0.15450029771696283,0.0,0.0
3324,3 day refresh beachbody without shakeology,40,0.7443703386797778,0.3684210526315789,1.0,0.42813347163114807,0.3157894736842105,0.25,0.3162368670486297,0.05263157894736842,0.75
3378,3 led retrofit recessed,16,0.8907570153250787,0.625,1.0,0.9077607744977495,0.625,1.0,-0.01700375917267083,0.0,0.0
3463,3 wood covers for golf clubs,40,0.8784185804229517,0.2631578947368421,1.0,0.9005033215744148,0.2631578947368421,1.0,-0.022084741151463083,0.0,0.0
3464,3 x 1 box,40,0.740254072979477,0.2857142857142857,1.0,0.7500677103355458,0.2857142857142857,1.0,-0.009813637356068772,0.0,0.0
3521,3/10 ml u-100 insulin syringes,16,0.8410579321593209,0.625,1.0,0.8603606793705225,0.625,1.0,-0.01930274721120162,0.0,0.0
3539,3/4 quickchange,16,0.7132532483354426,0.6,0.3333333333333333,0.7035397632423709,0.6,0.25,0.009713485093071683,0.0,0.08333333333333331
3548,3/8 drill socket adapter,16,0.8368789572119399,0.625,1.0,0.8368789572119399,0.625,1.0,0.0,0.0,0.0
3626,302 crate engine,16,0.8389306813227579,1.0,1.0,0.7427229486710438,1.0,0.5,0.09620773265171412,0.0,0.5
3632,30a sports bra with padding,16,0.9261611374479646,0.625,1.0,0.9633458197515192,0.625,1.0,-0.03718468230355465,0.0,0.0
3662,32 cool underwear,16,0.9484714839582833,0.6666666666666666,1.0,0.9472389483607739,0.6666666666666666,1.0,0.0012325355975093544,0.0,0.0
3941,3m shipping tape,16,0.9296829712102105,0.625,1.0,0.877091894241954,0.625,1.0,0.05259107696825649,0.0,0.0
3966,3rd rock from the sun,15,0.9738672436737749,0.6666666666666666,1.0,0.9517825025223118,0.6666666666666666,1.0,0.022084741151463083,0.0,0.0
3968,3t boys pajamas shorts,16,0.7752923590469271,0.7,1.0,0.6104871655852316,0.6,1.0,0.16480519346169542,0.09999999999999998,0.0
3991,3x cotton shirts for men,40,0.785937757777033,0.2564102564102564,1.0,0.8063059872961442,0.2564102564102564,1.0,-0.020368229519111214,0.0,0.0
4190,400w power inverter,16,0.9559102496645824,0.625,1.0,0.9584565021709728,0.625,1.0,-0.0025462525063904007,0.0,0.0
4247,44 ddd bras for plus size women,16,0.8908978013329101,0.625,1.0,0.8886495184452615,0.625,1.0,0.002248282887648556,0.0,0.0
4248,44 inch ceiling fan without light,40,0.599850943189782,0.25806451612903225,1.0,0.7027314513813538,0.2903225806451613,1.0,-0.1028805081915718,-0.03225806451612906,0.0
4303,49ers mens t shirt,16,0.930316877503158,0.625,1.0,0.9787930706003494,0.625,1.0,-0.04847619309719142,0.0,0.0
4370,4k projector ultra hd with 3d,16,0.9199216406492161,0.625,1.0,0.9396588531679275,0.625,1.0,-0.01973721251871141,0.0,0.0
4378,4k tv non smart,16,0.831452411917816,0.625,1.0,0.811703298531014,0.625,1.0,0.019749113386802075,0.0,0.0
4453,4x sweatshirts for women plus size,16,0.6439018660134234,0.6666666666666666,0.5,0.7176141778317753,0.5833333333333334,1.0,-0.07371231181835192,0.08333333333333326,-0.5
4456,4x4,16,0.3105891271325075,0.3333333333333333,0.1,0.43536748321984675,0.6666666666666666,0.2,-0.12477835608733923,-0.3333333333333333,-0.1
4460,4x4 note pads not sticky,40,0.4084025693432081,0.17391304347826086,0.5,0.5260854892602891,0.2608695652173913,0.3333333333333333,-0.11768291991708096,-0.08695652173913043,0.16666666666666669
4472,4xl funny tshirts for men,40,1.0,0.25,1.0,0.9787930706003494,0.25,1.0,0.02120692939965063,0.0,0.0
4527,5 inch quilting ruler,16,0.9459005402614217,0.625,1.0,0.9657707470924094,0.625,1.0,-0.019870206830987724,0.0,0.0
4560,5 star fall season xxl shirts,16,0.7340927714191054,0.5714285714285714,1.0,0.7917447978136218,0.5714285714285714,1.0,-0.05765202639451639,0.0,0.0
4600,5.5 under armour white and black boys,16,0.9690585954839798,0.6666666666666666,1.0,0.8794051586927478,0.6,1.0,0.08965343679123194,0.06666666666666665,0.0
4634,50 inch tv not smart,16,0.8150738747514601,0.6153846153846154,1.0,0.8072178328998588,0.6153846153846154,1.0,0.00785604185160127,0.0,0.0
4670,500 heavyduty clear sheet protector,16,0.9684038785434832,0.625,1.0,1.0,0.625,1.0,-0.0315961214565168,0.0,0.0
4700,50s425,16,0.8878837664275291,0.6153846153846154,1.0,0.8878837664275291,0.6153846153846154,1.0,0.0,0.0,0.0
4795,5v white led,40,0.9363792118010482,0.24324324324324326,1.0,1.0,0.2702702702702703,1.0,-0.06362078819895178,-0.02702702702702703,0.0
4854,6 foot teddy bear,16,0.9357386179454987,0.625,1.0,0.8549364419391183,0.625,1.0,0.0808021760063804,0.0,0.0
4859,6 gal water storage jug replacement parts,16,0.9121678503973486,0.625,1.0,0.9377996217281197,0.625,1.0,-0.025631771330771103,0.0,0.0
4879,6 inch whool pad,16,0.9095430364058892,0.6,1.0,0.9171051652460275,0.6,1.0,-0.0075621288401382936,0.0,0.0
4880,6 lug chevy rims 26 inch,16,0.5028802187963249,0.6666666666666666,0.3333333333333333,0.4775602230375343,0.6666666666666666,0.5,0.025319995758790625,0.0,-0.16666666666666669
4888,6 pane window frame with glass,16,0.735968746879979,0.6153846153846154,0.5,0.7595341725854465,0.6153846153846154,1.0,-0.02356542570546749,0.0,-0.5
4893,6 person tent with screen room,16,0.9288911072265637,0.625,1.0,0.9191852126207546,0.625,1.0,0.009705894605809062,0.0,0.0
4958,60 wide mini blinds,16,0.880383389708392,0.625,1.0,0.9656991747609192,0.625,1.0,-0.08531578505252713,0.0,0.0
4991,62 inch shelf,40,0.8545961525634085,0.2777777777777778,1.0,0.8880842064461737,0.25,1.0,-0.03348805388276521,0.02777777777777779,0.0
5056,6oz brandy glass,16,0.9787930706003494,0.625,1.0,0.9787930706003494,0.625,1.0,0.0,0.0,0.0
5084,6xl knee sleeve with straps,40,0.7807004592087519,0.25,1.0,0.8063471700451074,0.25,1.0,-0.025646710836355502,0.0,0.0
5095,7 african powers statue,16,0.7500872909156359,0.7,1.0,0.5241740300068648,0.6,0.3333333333333333,0.22591326090877106,0.09999999999999998,0.6666666666666667
5101,7 ft multi color pre lit christmas tree,16,0.8966481640750064,0.625,1.0,0.9416762038348911,0.625,1.0,-0.045028039759884786,0.0,0.0
5105,7 inch wide letter stencils,16,0.9411338959973068,0.625,1.0,0.9692201653995299,0.625,1.0,-0.02808626940222314,0.0,0.0
5116,7 watt led bulb,16,1.0,0.625,1.0,0.9517825025223118,0.625,1.0,0.04821749747768822,0.0,0.0
5120,"7"" paper plates",16,0.9335273182679492,0.625,1.0,0.9754579868626665,0.625,1.0,-0.04193066859471728,0.0,0.0
5132,7.5 hp vfd,40,0.7372831636805742,0.22580645161290322,1.0,0.683740175811859,0.22580645161290322,1.0,0.05354298786871525,0.0,0.0
5138,70 costumes for women,40,0.8314393152098818,0.3333333333333333,1.0,0.7791738025574315,0.2916666666666667,1.0,0.052265512652450274,0.04166666666666663,0.0
5203,75w clamp lamp,16,0.8499030321715124,0.6428571428571429,1.0,0.8368399711288993,0.5714285714285714,1.0,0.013063061042613122,0.07142857142857151,0.0
5224,7th generation wipes,16,0.6898509687900102,0.5714285714285714,1.0,0.5610727578282687,0.5714285714285714,0.14285714285714285,0.12877821096174147,0.0,0.8571428571428572
5245,8 billiard table,40,0.7868367446045739,0.24324324324324326,0.5,0.783155945002056,0.21621621621621623,0.5,0.0036807996025178813,0.02702702702702703,0.0
5290,8 port punch down panel weatherproof,16,0.7972217176348632,0.8888888888888888,1.0,0.43509200989439967,0.6666666666666666,0.25,0.3621297077404635,0.2222222222222222,0.75
5293,8 range hood wall vent,16,0.942271122217258,0.625,1.0,0.9768562593544076,0.625,1.0,-0.03458513713714961,0.0,0.0
5305,8-15 knee high compression socks for women,16,0.9517825025223118,0.625,1.0,0.948475220140534,0.625,1.0,0.0033072823817777985,0.0,0.0
5337,80s costumes for women,23,0.8108582970019788,0.5714285714285714,0.5,0.8043628744017065,0.5714285714285714,0.5,0.006495422600272249,0.0,0.0
5349,80’s movie,16,0.8482378089219647,0.6666666666666666,1.0,0.7877736340270854,0.6666666666666666,1.0,0.06046417489487921,0.0,0.0
5376,8ft pool tables for adults,43,0.8084028112086746,0.2564102564102564,1.0,0.6976167299667256,0.23076923076923078,1.0,0.110786081241949,0.025641025641025605,0.0
5395,8oz leather,16,0.8532721558012799,0.6,0.5,0.8532721558012799,0.6,0.5,0.0,0.0,0.0
5416,8x11 rugs for living room,16,0.9092480684874107,0.625,1.0,0.8738920069604414,0.625,1.0,0.03535606152696924,0.0,0.0
5469,9 year old clothes,16,0.8140240160860562,0.7,1.0,0.8211702463915566,0.7,1.0,-0.007146230305500323,0.0,0.0
5493,90's party decorations and supplies,40,1.0,0.30303030303030304,1.0,0.9368077570869662,0.2727272727272727,1.0,0.06319224291303382,0.03030303030303033,0.0
5506,90s cartoon movies,16,0.9000316561008352,0.625,1.0,0.8958236282594846,0.625,1.0,0.004208027841350659,0.0,0.0
5513,90s phone,16,0.8354855298218001,0.6666666666666666,1.0,0.8279867868994345,0.6666666666666666,1.0,0.007498742922365631,0.0,0.0
5544,96 civic quarter panel,15,0.8179809735263115,1.0,1.0,0.23463936301137825,0.3333333333333333,0.3333333333333333,0.5833416105149333,0.6666666666666667,0.6666666666666667
5562,98 dodge caravan rain guard,16,0.9554289676024135,0.7142857142857143,1.0,0.9851429892008043,0.7142857142857143,1.0,-0.029714021598390872,0.0,0.0
5575,990v5 men,16,0.9315292943157306,0.625,1.0,0.90291385926324,0.625,1.0,0.028615435052490645,0.0,0.0
5598,9x12 envelopes 250 count,16,0.9092362252882528,0.625,1.0,0.8994225879321841,0.625,1.0,0.00981363735606866,0.0,0.0
5612,A laptop that had good gaming capabilities while being budget friendly ,15,0.9388633982505333,0.7692307692307693,1.0,0.711109224605386,0.6153846153846154,0.3333333333333333,0.22775417364514738,0.15384615384615385,0.6666666666666667
5615,A laptop with enough power to play 4K videos and run photoshop easily.,15,0.9534536537750024,1.0,1.0,0.5410687407831501,0.6666666666666666,0.3333333333333333,0.4123849129918522,0.33333333333333337,0.6666666666666667
5621,A navy blue puffer jacket which covers my bum and has a fur lined hood.  It also has a gold zip & fleece lined pockets,36,0.7316931256914022,0.4444444444444444,1.0,0.7311275486477533,0.3888888888888889,1.0,0.0005655770436489016,0.055555555555555525,0.0
5678,I want the new laptop to have a replaceable battery and to be solid state and ruggedized to deal with bumps and scrapes.,15,0.9521624172540745,1.0,1.0,0.597490632301755,0.8,0.5,0.35467178495231944,0.19999999999999996,0.5
5725,"I'd buy a Dell or HP running Windows, I need a big hard drive and lostsa memory",13,0.9964876520715481,1.0,1.0,0.8653648874441399,1.0,0.5,0.13112276462740824,0.0,0.5
5743,Nice new top of the range laptop with maybe where the screen comes away on it's own,13,0.9463006548354994,1.0,1.0,0.6795218584283838,0.8571428571428571,1.0,0.26677879640711566,0.1428571428571429,0.0
5748,"Portable, touch-screen, with a pen, high resolution display, good speakers. ",12,0.8702495832298066,0.8181818181818182,1.0,0.9856697566532081,0.9090909090909091,1.0,-0.1154201734234015,-0.09090909090909083,0.0
5749,Since I have a desktop any laptop for work with decent specifications would do,12,0.9765986547973184,1.0,1.0,0.2820984544597722,0.3333333333333333,0.1111111111111111,0.6945002003375462,0.6666666666666667,0.8888888888888888
5750,"Solid state drive, fast, with copious memory. Two USB ports minimum. High resolution display. Prefer 12” monitor or larger, and prefer number pad. ",14,0.7233311165849003,0.75,1.0,0.790638519441857,0.75,1.0,-0.06730740285695669,0.0,0.0
5778,a & b foam,16,0.4760633379036568,0.5714285714285714,0.5,0.4945178469605697,0.42857142857142855,1.0,-0.018454509056912927,0.14285714285714285,-0.5
5780,a 6 motels,16,0.9305687780632228,0.625,1.0,0.8721222823605412,0.625,1.0,0.05844649570268157,0.0,0.0
5793,a choice for life,16,0.9504318313235595,0.625,1.0,0.9504318313235595,0.625,1.0,0.0,0.0,0.0
5869,a not so typical love,16,0.8861329243988922,0.8888888888888888,1.0,0.8652385760892458,0.8888888888888888,1.0,0.020894348309646427,0.0,0.0
5915,a womens work,16,0.8535413116466366,0.625,1.0,0.9431772909673255,0.625,1.0,-0.0896359793206889,0.0,0.0
5919,a world without work,15,0.8527442891501298,0.8571428571428571,1.0,0.8391947020003964,0.8571428571428571,1.0,0.013549587149733422,0.0,0.0
5922,a writers reference 9th edition by diana hacker,16,0.9202981605027932,0.625,1.0,0.9729014376772381,0.625,1.0,-0.05260327717444491,0.0,0.0
5933,a-shirts undershirts,40,0.9021814372008533,0.2702702702702703,1.0,0.9009094678526477,0.2702702702702703,1.0,0.001271969348205615,0.0,0.0
5938,a/c adapters,16,0.7710886373187511,0.6428571428571429,0.5,0.9171051652460275,0.6428571428571429,1.0,-0.14601652792727637,0.0,-0.5
5949,a10e case,21,0.8654994761511733,0.47619047619047616,1.0,0.8327570103235146,0.47619047619047616,1.0,0.03274246582765872,0.0,0.0
5958,a20,16,1.0,0.625,1.0,1.0,0.625,1.0,0.0,0.0,0.0
6004,a7iir,16,0.9212500284989031,0.6666666666666666,1.0,0.7947151284191607,0.6,1.0,0.12653490007974244,0.06666666666666665,0.0
6011,a9 sony,16,0.9747020702185547,0.625,1.0,0.9464004029551656,0.625,1.0,0.02830166726338912,0.0,0.0
6101,abrigo de invierno para jovenes,16,0.9140354044502698,0.6666666666666666,1.0,0.8507592180964663,0.6666666666666666,1.0,0.0632761863538035,0.0,0.0
6165,ac units for rooms without windows,16,0.9052116356304494,0.6428571428571429,1.0,0.8678693756994968,0.6428571428571429,1.0,0.037342259930952526,0.0,0.0
6184,accent c table,16,0.9537125187088152,0.625,1.0,0.9716189607861263,0.625,1.0,-0.01790644207731107,0.0,0.0
6188,accent furniture,16,0.9205767342323009,0.625,1.0,0.9230139024040692,0.625,1.0,-0.0024371681717683114,0.0,0.0
6257,ace combat 7 ps4,16,0.8675706475645223,0.6666666666666666,1.0,0.8954487098214712,0.7777777777777778,1.0,-0.027878062256948888,-0.11111111111111116,0.0
6311,acer predator gaming x34,16,0.9289180756985237,0.6,1.0,0.9289180756985237,0.6,1.0,0.0,0.0,0.0
6319,acer thin laptop,16,0.9683102472022168,0.625,1.0,0.8892523802098564,0.625,1.0,0.07905786699236039,0.0,0.0
6381,acorn tv subscription in prime,16,0.9090449462630336,0.625,1.0,0.8323612592488089,0.625,1.0,0.07668368701422468,0.0,0.0
6425,acrylic paints for painting,16,0.9634117275431491,0.625,1.0,0.9435593591982605,0.625,1.0,0.01985236834488857,0.0,0.0
6448,activated carbon mask,16,0.7502225960823476,0.7,0.5,0.7448559741076546,0.5,1.0,0.005366621974693064,0.19999999999999996,-0.5
6488,acure toner,16,0.8175746012996037,0.625,1.0,0.9541668649157139,0.625,1.0,-0.1365922636161102,0.0,0.0
6511,adam and eve toys for women,40,0.37012253102739867,0.13043478260869565,0.3333333333333333,0.40191712053281636,0.17391304347826086,0.3333333333333333,-0.03179458950541769,-0.043478260869565216,0.0
6513,adam savage,16,0.868418913605677,0.6923076923076923,1.0,0.8616364400711131,0.6923076923076923,1.0,0.00678247353456396,0.0,0.0
6574,addidas book bags,16,0.8729552152926601,0.625,1.0,0.858357995394443,0.625,1.0,0.014597219898217051,0.0,0.0
6621,adhesive tape,16,0.9285338902797745,0.6923076923076923,1.0,0.9285338902797745,0.6923076923076923,1.0,0.0,0.0,0.0
6627,adhesive vinyl envelops,16,0.9743682286692287,0.625,1.0,0.8839269150077771,0.625,1.0,0.09044131366145158,0.0,0.0
6645,adidas boost,16,0.9104208481577016,0.625,1.0,0.9325055893091646,0.625,1.0,-0.022084741151462972,0.0,0.0
6753,adidas soccer cleats black,16,0.9061209324228746,0.625,1.0,0.9061141373634362,0.625,1.0,6.79505943845804e-06,0.0,0.0
6778,adidas track spikes,16,0.9716189607861263,0.625,1.0,1.0,0.625,1.0,-0.028381039213873693,0.0,0.0
6784,adidas ultimate tee men,16,0.8630220991957492,0.625,1.0,0.9186136433723903,0.625,1.0,-0.05559154417664103,0.0,0.0
6796,adidas yellow t-shirt,39,0.8150663248433294,0.2564102564102564,1.0,0.8330089108835794,0.2564102564102564,1.0,-0.017942586040250008,0.0,0.0
6803,adidas+nmd+r1+men+grey,16,0.9279053175260666,0.625,1.0,0.902600658494056,0.625,1.0,0.025304659032010623,0.0,0.0
6806,adidog pink,40,0.8059378757465518,0.30303030303030304,1.0,0.7743316392838464,0.2727272727272727,1.0,0.03160623646270544,0.03030303030303033,0.0
6811,adirondack chair cushions,16,0.9021841934177145,0.6428571428571429,1.0,0.9158052676693772,0.7142857142857143,1.0,-0.013621074251662701,-0.0714285714285714,0.0
6860,admiral,16,0.9554289676024135,0.625,1.0,0.9554289676024135,0.625,1.0,0.0,0.0,0.0
6892,adrianna papell short dress long sleeve,16,0.9416068302140956,0.625,1.0,0.9845353954029737,0.625,1.0,-0.04292856518887811,0.0,0.0
6899,adullt toys for man,16,0.337803644238935,0.6666666666666666,0.25,0.18370506494272704,0.3333333333333333,0.16666666666666666,0.15409857929620796,0.3333333333333333,0.08333333333333334
6908,adult books,16,0.8318477135310891,0.5714285714285714,1.0,0.7136540102475307,0.5714285714285714,0.5,0.11819370328355838,0.0,0.5
6912,adult cat supplement,16,0.9547715182029446,0.625,1.0,0.9716189607861263,0.625,1.0,-0.016847442583181715,0.0,0.0
6950,adult onsie lemur,16,0.9619571458773521,0.625,1.0,0.9633991057381247,0.625,1.0,-0.001441959860772557,0.0,0.0
6981,adult twin loft bed withbdesk,13,0.9738050896605512,0.7692307692307693,1.0,0.9214152689816536,0.7692307692307693,1.0,0.052389820678897636,0.0,0.0
7004,advantix ii for dogs large,16,0.6618854176976703,0.5555555555555556,1.0,0.7140133520861925,0.7777777777777778,1.0,-0.05212793438852226,-0.2222222222222222,0.0
7019,adventures in odyssey dvd,16,0.19092086617893467,0.16666666666666666,0.5,0.19092086617893467,0.16666666666666666,0.5,0.0,0.0,0.0
7031,aelfox,16,0.9676015348501776,0.625,1.0,0.994068591332762,0.625,1.0,-0.026467056482584406,0.0,0.0
7041,aerochamber spacer for inhaler for adults without mask,40,0.09380342415169134,0.125,0.2,0.2804523919966282,0.375,0.25,-0.18664896784493684,-0.25,-0.04999999999999999
7053,aerosol water,16,0.947216831526372,0.6666666666666666,1.0,0.9626765698115026,0.6666666666666666,1.0,-0.015459738285130586,0.0,0.0
7071,af925,16,0.33465711877134346,0.4,0.3333333333333333,0.3363303364510109,0.4,0.3333333333333333,-0.001673217679667438,0.0,0.0
7088,african american chef,16,0.46018908998464375,0.6666666666666666,0.3333333333333333,0.5857420314400269,0.8333333333333334,0.3333333333333333,-0.12555294145538315,-0.16666666666666674,0.0
7141,agatha christie mysteries,16,0.9537125187088152,0.7142857142857143,1.0,0.9194945971439098,0.6428571428571429,1.0,0.03421792156490544,0.0714285714285714,0.0
7201,ahegao shirt women xtgoo brand,16,0.2769189462922768,0.6666666666666666,0.1111111111111111,0.2769189462922768,0.6666666666666666,0.1111111111111111,0.0,0.0,0.0
7213,aiag,16,0.7788065869851875,0.7,1.0,0.8512360941594272,0.8,1.0,-0.0724295071742398,-0.10000000000000009,0.0
7241,air bed frame,16,0.6924731342108357,0.6666666666666666,0.5,0.7521591566177972,0.75,0.5,-0.059686022406961525,-0.08333333333333337,0.0
7276,air defusers with essential oils,40,0.7874707160768492,0.2,1.0,0.7898916330153443,0.2,1.0,-0.00242091693849511,0.0,0.0
7289,air filters 16x25x4,16,0.7818048722226502,0.6363636363636364,1.0,0.7849818707050382,0.6363636363636364,1.0,-0.0031769984823880604,0.0,0.0
7419,air vapor max green,16,0.8525567537427032,0.625,1.0,0.8333833111844141,0.625,1.0,0.019173442558289122,0.0,0.0
7454,airforce 1 women shoes white,16,0.8709585470808145,0.7777777777777778,1.0,0.7853598025848142,0.6666666666666666,1.0,0.08559874449600036,0.11111111111111116,0.0
7460,airis mystica,16,0.0,0.0,0.08333333333333333,0.3562071871080222,1.0,0.16666666666666666,-0.3562071871080222,-1.0,-0.08333333333333333
7475,airplane pinatas for birthday party,16,0.670125863314761,0.8,1.0,0.5287231601787562,0.8,0.5,0.14140270313600478,0.0,0.5
7500,airpod case vans logo,14,0.9277179449653186,1.0,1.0,0.821726536735897,0.9,1.0,0.10599140822942155,0.09999999999999998,0.0
7527,airpod skins blood,16,0.9570768474212639,0.625,1.0,0.9394440914971977,0.625,1.0,0.017632755924066212,0.0,0.0
7529,airpod without charging case,16,0.6276026672914082,0.7142857142857143,0.3333333333333333,0.6236025639463918,0.5714285714285714,1.0,0.004000103345016437,0.1428571428571429,-0.6666666666666667
7600,airsoft electric rifles,16,0.903872649535226,0.625,1.0,0.8967311687784959,0.625,1.0,0.007141480756730045,0.0,0.0
7606,airsoft glock 19,16,0.8936376595152211,0.6666666666666666,1.0,0.8031895314373129,0.5833333333333334,0.5,0.09044812807790825,0.08333333333333326,0.5
7676,akai mpk mini mk2,16,0.9045529641797735,0.7,1.0,0.9299173937502473,0.8,1.0,-0.0253644295704738,-0.10000000000000009,0.0
7699,akshay kumar movies,16,0.8068904193682201,0.625,1.0,0.7895162703999322,0.625,1.0,0.017374148968287928,0.0,0.0
7842,alesis pro x hi-hat,27,0.553415361607752,0.36363636363636365,0.5,0.5628219390115797,0.45454545454545453,0.5,-0.009406577403827776,-0.09090909090909088,0.0
7874,alexa 5 show,16,0.7947287922941701,0.5833333333333334,1.0,0.9187503074463397,0.6666666666666666,1.0,-0.12402151515216953,-0.08333333333333326,0.0
7875,alexa alarm clock,16,0.9271873113734593,0.6428571428571429,1.0,0.9360619878930005,0.6428571428571429,1.0,-0.008874676519541214,0.0,0.0
7877,alexa app for echo dot setup,16,0.9916434438239524,0.8333333333333334,1.0,1.0,0.8333333333333334,1.0,-0.00835655617604758,0.0,0.0
7908,alexa video,15,0.9292442392789194,0.8888888888888888,1.0,0.7649544505855146,0.8888888888888888,0.5,0.16428978869340483,0.0,0.5
8005,alicia witt,16,0.617585285916322,0.5,1.0,0.7467045958894681,0.5833333333333334,1.0,-0.12911930997314613,-0.08333333333333337,0.0
8017,alien next door book 7,16,0.8007946243468688,0.375,1.0,0.7619329501956004,0.375,1.0,0.0388616741512684,0.0,0.0
8037,alison bruce,16,0.685119869332369,0.7272727272727273,0.5,0.5676818677290053,0.6363636363636364,0.3333333333333333,0.1174380016033637,0.09090909090909094,0.16666666666666669
8113,all or nothing michigan wolverines,14,0.9339091084314125,0.7142857142857143,1.0,0.9339091084314125,0.7142857142857143,1.0,0.0,0.0,0.0
8127,all the light we can not see paperback,16,0.9040928021986027,0.6923076923076923,1.0,0.8825372660177335,0.6923076923076923,1.0,0.02155553618086914,0.0,0.0
8186,alliglossy hair deep clousure,16,0.9361767385157805,0.625,1.0,0.9339091084314125,0.625,1.0,0.002267630084368033,0.0,0.0
8194,allure chanel for men 1.7,16,0.8991865866283439,0.625,1.0,0.9289006082267348,0.625,1.0,-0.029714021598390872,0.0,0.0
8203,almay my best light 100,42,0.8357591227120817,0.27586206896551724,1.0,0.8476807383686888,0.27586206896551724,1.0,-0.011921615656607099,0.0,0.0
8235,almond joy ornament,16,0.9557401858748338,1.0,1.0,0.9804620982451108,1.0,1.0,-0.02472191237027699,0.0,0.0
8249,almost paradise debbie macomber,16,0.9606536523804245,0.6666666666666666,1.0,0.9720628422825806,0.6666666666666666,1.0,-0.011409189902156003,0.0,0.0
8281,alpha base capsules without iron,40,0.7185060870900908,0.28,1.0,0.8174902407184009,0.32,1.0,-0.09898415362831015,-0.03999999999999998,0.0
8379,altra duo running shoes men,16,0.9325759217881266,0.625,1.0,0.9570768474212639,0.625,1.0,-0.024500925633137216,0.0,0.0
8483,amazing adventures hidden object games,8,0.9320103371389744,1.0,1.0,0.9887279553159586,1.0,1.0,-0.056717618176984175,0.0,0.0
8571,amazon gift cards for christmas,16,0.9471969491438326,0.625,1.0,0.8456034468057169,0.625,1.0,0.1015935023381157,0.0,0.0
8574,amazon ipads,16,0.8989726566067059,0.6428571428571429,1.0,0.6418281987812554,0.5714285714285714,0.5,0.2571444578254505,0.07142857142857151,0.5
8595,amazon photo storage for prime members,16,1.0,1.0,1.0,0.9438661545147248,1.0,1.0,0.056133845485275224,0.0,0.0
8621,amazon tablet case for kids,15,0.8106976666489666,0.6153846153846154,1.0,0.790712137192466,0.6153846153846154,1.0,0.01998552945650056,0.0,0.0
8627,amazon tv 50 inch,16,0.9168674227666589,1.0,1.0,0.29923931830283873,0.2,0.16666666666666666,0.6176281044638201,0.8,0.8333333333333334
8631,amazon video prime app,16,0.863584055229415,0.6428571428571429,1.0,0.8138794328913841,0.5714285714285714,1.0,0.04970462233803086,0.07142857142857151,0.0
8717,amc channel subscription,14,0.7633127735161422,0.8,1.0,0.5239456524584368,0.4,0.5,0.2393671210577054,0.4,0.5
8766,american crew shampoo and conditioner for men,29,0.7920506682953256,0.4375,1.0,0.7448108170969686,0.4375,0.5,0.04723985119835694,0.0,0.5
8877,amla green tea,16,0.8989982807106276,0.625,1.0,0.8383093062696512,0.625,1.0,0.06068897444097643,0.0,0.0
8879,amla hair oil,16,0.9543384299005628,0.625,1.0,0.9526603142741242,0.625,1.0,0.0016781156264386032,0.0,0.0
8887,ammonia free windex refill,16,0.8689072001178979,0.625,1.0,0.8668103762053675,0.625,1.0,0.00209682391253041,0.0,0.0
8902,amp switch,51,0.9305687780632227,0.2571428571428571,1.0,0.8572048559638626,0.22857142857142856,1.0,0.07336392209936005,0.028571428571428553,0.0
8920,amsco world history,16,0.9346659795308913,0.625,1.0,0.9468817998296742,0.625,1.0,-0.012215820298782987,0.0,0.0
9051,android charger,35,0.9477344873475498,0.47368421052631576,1.0,1.0,0.5263157894736842,1.0,-0.05226551265245016,-0.05263157894736842,0.0
9102,angel shirt from stitch,16,0.717775322398005,1.0,0.5,0.5768377587286273,1.0,0.25,0.1409375636693777,0.0,0.25
9159,anillos de compromiso para mujer de oro,26,0.977915258848537,0.38461538461538464,1.0,1.0,0.38461538461538464,1.0,-0.022084741151462972,0.0,0.0
9220,anime hoodie for girls,16,0.92663607790064,0.6666666666666666,1.0,0.908050948609378,0.6666666666666666,1.0,0.018585129291261993,0.0,0.0
9318,anna costume frozen adult,16,0.7767306167901218,0.7,1.0,0.7161102509588387,0.7,1.0,0.06062036583128305,0.0,0.0
9326,anne de green gables español,13,1.0,0.7692307692307693,1.0,0.9787930706003494,0.7692307692307693,1.0,0.02120692939965063,0.0,0.0
9346,annri blue light blocking glasses,16,0.9547715182029446,0.625,1.0,0.9504120313864757,0.625,1.0,0.004359486816468916,0.0,0.0
9581,apieu tint,16,0.9556493299547569,0.625,1.0,0.9567083294488864,0.625,1.0,-0.0010589994941294645,0.0,0.0
9623,apple 11 pro max,31,0.571634459658961,0.25,1.0,0.5615207764461468,0.3333333333333333,0.5,0.01011368321281414,-0.08333333333333331,0.5
9642,apple airpods,79,0.9008240627729516,0.16326530612244897,1.0,0.8824665955977139,0.16326530612244897,1.0,0.018357467175237674,0.0,0.0
9703,apple i mac touch screen computer,16,0.9040660972279317,0.6428571428571429,1.0,0.9361767385157805,0.7142857142857143,1.0,-0.032110641287848796,-0.0714285714285714,0.0
9724,apple iphone 11 pro unlocked,16,0.5806113223822225,0.5833333333333334,0.5,0.5893003746766804,0.5833333333333334,0.5,-0.008689052294457933,0.0,0.0
9739,"apple iphone xs max, 64gb, silver- fully unlocked like new",16,0.9899138256111094,0.625,1.0,0.9938203652479539,0.625,1.0,-0.003906539636844508,0.0,0.0
9886,apple watch series 1,27,0.8239392208488782,0.5,1.0,0.8375467435230488,0.5,1.0,-0.013607522674170647,0.0,0.0
9900,apple watch series 3 bands 42mm women,16,0.8407775404845023,0.625,1.0,0.8739986234589507,0.625,1.0,-0.03322108297444848,0.0,0.0
9953,appliances refrigerators,16,0.9543384299005628,0.625,1.0,1.0,0.625,1.0,-0.045661570099437165,0.0,0.0
9994,aqua di gio body fragrance for men,16,0.7310445902243147,0.6363636363636364,1.0,0.7344735389507481,0.6363636363636364,1.0,-0.0034289487264334007,0.0,0.0
10000,aqua pour homme travel,16,0.9377996217281197,0.625,1.0,0.9813162632348015,0.625,1.0,-0.043516641506681775,0.0,0.0
10084,ar15 parts and accessories,15,0.6646669196464966,0.6363636363636364,0.3333333333333333,0.6241767754313942,0.5454545454545454,0.5,0.04049014421510244,0.09090909090909094,-0.16666666666666669
10086,arab jewelry for women,40,0.9787930706003494,0.2631578947368421,1.0,0.9543384299005628,0.2631578947368421,1.0,0.024454640699786534,0.0,0.0
10130,arcade stool ms pacman,39,0.9169130043419457,0.3125,1.0,0.7814376197710623,0.28125,1.0,0.13547538457088337,0.03125,0.0
10157,architecture templates 1/8,16,0.9229212128722895,0.6666666666666666,1.0,0.8624040622663321,0.6666666666666666,1.0,0.060517150605957304,0.0,0.0
10209,area rug 5x7 blue,16,0.9787930706003494,0.625,1.0,0.9787930706003494,0.625,1.0,0.0,0.0,0.0
10250,ari finkelstein,14,0.6216937790565398,0.6,1.0,0.6419125320382162,0.6,1.0,-0.020218752981676413,0.0,0.0
10282,arimistane,40,0.5328108821714268,0.2857142857142857,0.5,0.3150301102084439,0.17857142857142858,0.3333333333333333,0.2177807719629829,0.10714285714285712,0.16666666666666669
10283,arizona birkenstocks men,16,0.5778605231400543,0.5384615384615384,0.5,0.5774250016294137,0.5384615384615384,0.3333333333333333,0.00043552151064063516,0.0,0.16666666666666669
10335,armani exchange white belts,16,0.9162728382125214,0.8888888888888888,1.0,0.3779031763723011,0.5555555555555556,0.2,0.5383696618402203,0.33333333333333326,0.8
10437,arrives before christmas gifts for men,13,0.6052602440527058,1.0,0.5,0.45749452618986164,1.0,0.25,0.1477657178628442,0.0,0.25
10541,articulated electronic fist 5 year,16,0.8812561371284664,0.625,1.0,0.9085781768482107,0.625,1.0,-0.02732203971974434,0.0,0.0
10542,articulation second edition,16,0.5043835718281817,0.5,0.14285714285714285,0.3094992966959067,0.25,0.14285714285714285,0.19488427513227502,0.25,0.0
10565,artificial plants indoor large,16,0.8803485966094552,0.625,1.0,0.895039956444123,0.625,1.0,-0.01469135983466785,0.0,0.0
10589,arts and crafts boys,11,0.9760879300679788,0.9090909090909091,1.0,0.9807893215175925,0.9090909090909091,1.0,-0.004701391449613679,0.0,0.0
10596,arturia audiofuse studio,40,0.8567848643694154,0.38095238095238093,1.0,0.7622140128704047,0.3333333333333333,1.0,0.09457085149901068,0.047619047619047616,0.0
10628,asg sniper,16,0.570404489286039,0.45454545454545453,1.0,0.5582604437617528,0.45454545454545453,1.0,0.012144045524286273,0.0,0.0
10705,aso ankle brace stabilizer,41,1.0,0.24390243902439024,1.0,0.9787930706003494,0.24390243902439024,1.0,0.02120692939965063,0.0,0.0
10775,assorted bulk candy,16,0.9504318313235595,0.6666666666666666,1.0,0.9435593591982605,0.6666666666666666,1.0,0.006872472125298956,0.0,0.0
10787,assymetrical tops for women,16,0.5905552181205086,0.5833333333333334,0.5,0.5259281833599779,0.5,0.5,0.06462703476053067,0.08333333333333337,0.0
10804,astro headphones a40,16,0.8679098254909269,0.6,1.0,0.7538009471246525,0.7,0.3333333333333333,0.11410887836627437,-0.09999999999999998,0.6666666666666667
10827,astros shirt women,10,0.8974746044405616,1.0,1.0,0.946788899127528,1.0,1.0,-0.04931429468696635,0.0,0.0
10829,astroworld hoodie,16,0.9437576190259305,0.625,1.0,0.9554289676024135,0.625,1.0,-0.011671348576482998,0.0,0.0
10858,asus laptop charger ux305c,16,0.7862300976984472,0.7,1.0,0.8870024779577587,0.8,1.0,-0.10077238025931146,-0.10000000000000009,0.0
10961,athletica leggings for women,16,0.9220510804880666,0.625,1.0,0.8320908574852407,0.625,1.0,0.08996022300282591,0.0,0.0
11026,attitude dish detergent,16,0.7515397977850378,0.6153846153846154,1.0,0.7402164354306696,0.6153846153846154,1.0,0.01132336235436815,0.0,0.0
11058,auburn tigers womens apparel,16,0.8196399727029104,0.6153846153846154,1.0,0.7530386806409877,0.5384615384615384,1.0,0.06660129206192278,0.07692307692307698,0.0
11115,audrey halloween coatume,16,0.8165128663065768,0.7,1.0,0.8165128663065768,0.6,1.0,0.0,0.09999999999999998,0.0
11138,auntie necklaces for women,15,0.9755453593002134,0.8333333333333334,1.0,0.8209710197218151,0.6666666666666666,1.0,0.15457433957839828,0.16666666666666674,0.0
11218,aurora shoes,16,0.7894204509947897,0.6363636363636364,1.0,0.8266839389584025,0.7272727272727273,1.0,-0.037263487963612785,-0.09090909090909094,0.0
11221,aurora world stuffed animal mouse,16,1.0,0.625,1.0,0.9468817998296742,0.625,1.0,0.05311820017032576,0.0,0.0
11276,auto position sensor,16,0.9203552140579812,0.8571428571428571,1.0,0.9203552140579812,0.8571428571428571,1.0,0.0,0.0,0.0
11292,autoblow,15,0.4729308194738497,0.5714285714285714,0.3333333333333333,0.2942046092242694,0.42857142857142855,0.14285714285714285,0.1787262102495803,0.14285714285714285,0.19047619047619047
11318,automatic freshener refill cherry,16,0.9377996217281197,0.625,1.0,0.9214535246064987,0.625,1.0,0.01634609712162105,0.0,0.0
11338,automatic toilet seat open and close,16,0.9273077771153785,0.625,1.0,0.882736744717792,0.625,1.0,0.04457103239758653,0.0,0.0
11382,ava max christmas without you,9,0.8868591705515992,1.0,1.0,0.8868591705515992,1.0,1.0,0.0,0.0,0.0
11387,avalon 737 mic preamp,16,0.8783492452640393,0.8333333333333334,1.0,0.9032340243626937,0.8333333333333334,1.0,-0.024884779098654386,0.0,0.0
11424,avenger birthday part games,16,0.808685501176342,0.8,1.0,0.6977063907674066,0.6,0.5,0.11097911040893538,0.20000000000000007,0.5
11425,avenger costumes for women,16,0.9409949667538079,0.625,1.0,0.9565094327126609,0.625,1.0,-0.015514465958852974,0.0,0.0
11433,avengers bow and arrow toy,16,0.9938125636979421,0.6666666666666666,1.0,0.9904274075370947,0.6666666666666666,1.0,0.0033851561608474467,0.0,0.0
11464,average joes costume,16,0.9454862044599013,0.625,1.0,0.9400228393296095,0.625,1.0,0.005463365130291775,0.0,0.0
11517,awesome edible kids crafts,16,0.8322886992590662,0.8333333333333334,1.0,0.8157435011435814,0.8333333333333334,1.0,0.016545198115484827,0.0,0.0
11531,axe phoenix shampoo and conditioner,16,0.9678575624849975,0.6666666666666666,1.0,0.9154355047894686,0.6,1.0,0.05242205769552899,0.06666666666666665,0.0
11604,b'15x28 furnace air filters',16,0.9339091084314125,0.6666666666666666,1.0,0.9435593591982605,0.6666666666666666,1.0,-0.009650250766848001,0.0,0.0
11626,b'time machine clock',14,0.6812276308412113,0.6666666666666666,1.0,0.6752162385610107,0.6666666666666666,1.0,0.006011392280200645,0.0,0.0
11693,babaliss pro curling iron,40,0.9021877388493492,0.29411764705882354,1.0,0.809865170237987,0.29411764705882354,1.0,0.09232256861136223,0.0,0.0
11727,baby aqua stroller for 2,15,0.9848330959553524,1.0,1.0,0.9950883841893562,1.0,1.0,-0.01025528823400379,0.0,0.0
11733,baby banana toothbrush,16,0.9190258618818965,0.6428571428571429,1.0,0.8950083339127259,0.6428571428571429,1.0,0.02401752796917056,0.0,0.0
11736,baby basket stuffers,16,0.7668091220635322,0.75,1.0,0.6366824387328316,0.5,1.0,0.13012668333070065,0.25,0.0
11750,baby bee backpack,16,0.9143360771432016,0.6666666666666666,1.0,0.9336907978341568,0.6666666666666666,1.0,-0.01935472069095512,0.0,0.0
11771,baby blue sweaters for women,16,0.9252936228355011,0.8333333333333334,1.0,0.7599813839137598,0.6666666666666666,1.0,0.1653122389217413,0.16666666666666674,0.0
11793,baby bow tie,16,0.8017750593287761,0.6,1.0,0.6878721654214329,0.6,0.5,0.1139028939073432,0.0,0.5
11926,baby flight bed,16,0.6142717124419801,0.5,0.2,0.757907426141003,0.75,0.5,-0.14363571369902295,-0.25,-0.3
11950,baby gates for dogs 50 inches,16,0.9724042099506585,0.625,1.0,0.9774367618500638,0.625,1.0,-0.005032551899405324,0.0,0.0
11964,baby girl boots size 1,16,0.8611375561264455,0.6,1.0,0.9216017310213247,0.6,1.0,-0.06046417489487921,0.0,0.0
11989,baby girl pink valentines day tutu,16,0.9076130202193858,0.6923076923076923,1.0,0.9567083294488864,0.7692307692307693,1.0,-0.04909530922950056,-0.07692307692307698,0.0
12023,baby hunter rain boots,16,0.5736899196572438,0.5,1.0,0.725734530544632,0.7,1.0,-0.1520446108873882,-0.19999999999999996,0.0
12053,baby machanic,14,0.9668224733258367,0.7142857142857143,1.0,0.9144322567538655,0.7142857142857143,1.0,0.05239021657197118,0.0,0.0
12057,baby magic shampoo and body wash,40,0.977915258848537,0.37037037037037035,1.0,0.9547715182029446,0.37037037037037035,1.0,0.023143740645592437,0.0,0.0
12063,baby milk halloween costumes,16,0.9108968273208792,0.6666666666666666,1.0,0.9239166642947431,0.6666666666666666,1.0,-0.013019836973863885,0.0,0.0
12081,baby musical toys,16,0.9607076344908267,0.625,1.0,0.9451421906614861,0.625,1.0,0.015565443829340664,0.0,0.0
12119,baby pumpkin costume 9 months,16,0.9465091893505577,0.625,1.0,0.8968777354302122,0.625,1.0,0.049631453920345514,0.0,0.0
12128,baby rock kids toy,16,0.8680069893584005,0.6,1.0,0.9275797623825901,0.6666666666666666,1.0,-0.05957277302418962,-0.06666666666666665,0.0
12137,baby safety ring bathtub,16,0.9249940650449053,0.7142857142857143,1.0,0.9315292943157306,0.7142857142857143,1.0,-0.006535229270825282,0.0,0.0
12149,baby shark costume dog,16,0.792141855700309,0.6428571428571429,1.0,0.7977875525897977,0.6428571428571429,1.0,-0.005645696889488683,0.0,0.0
12166,baby shoes sale clearance,16,0.8771481330469951,0.75,1.0,0.8738273733289122,0.75,1.0,0.0033207597180828774,0.0,0.0
12178,baby shower goodie bags boy,16,0.933745776545611,0.6428571428571429,1.0,0.8603818544462509,0.5714285714285714,1.0,0.07336392209936005,0.07142857142857151,0.0
12231,baby table cloth,16,0.9066994325921797,0.625,1.0,0.9066994325921797,0.625,1.0,0.0,0.0,0.0
12236,baby thermometer forehead and ear iproven,16,0.9283646228142813,0.7272727272727273,1.0,0.9182995190154707,0.7272727272727273,1.0,0.010065103798810648,0.0,0.0
12246,baby tracker dry erase board,16,0.8655263789091964,0.625,1.0,0.8546155542307573,0.625,1.0,0.010910824678439068,0.0,0.0
12252,baby trend pack n play,16,0.9863329310492106,0.625,1.0,0.972670728410317,0.625,1.0,0.013662202638893617,0.0,0.0
12270,baby warmer bottle dr brown,16,0.8243690299786995,0.7,1.0,0.7717648515573778,0.6,1.0,0.0526041784213217,0.09999999999999998,0.0
12274,baby water without fluoride,40,0.6141069626790937,0.375,1.0,0.44221959423801294,0.25,1.0,0.17188736844108077,0.125,0.0
12287,baby yoda blanket,16,0.7136540102475307,0.6666666666666666,0.5,0.7799082337019199,0.75,0.5,-0.06625422345438914,-0.08333333333333337,0.0
12298,babydoll crop tops for women,16,0.688001527856805,0.6153846153846154,1.0,0.6320839486457109,0.6153846153846154,0.5,0.05591757921109408,0.0,0.5
12350,bachelorette fiesta theme sombrero veihl,16,0.67603595098017,0.6666666666666666,1.0,0.8370431201062865,0.8333333333333334,1.0,-0.16100716912611646,-0.16666666666666674,0.0
12382,back pack beach bag,16,0.9507235030281824,0.625,1.0,0.9262688623283958,0.625,1.0,0.024454640699786645,0.0,0.0
12415,backdrop,16,0.8842222191013388,0.6666666666666666,1.0,0.8446849276286176,0.5833333333333334,1.0,0.039537291472721225,0.08333333333333326,0.0
12436,backlit universal remote fire tv,16,0.9656991747609192,0.625,1.0,0.9238077824385645,0.625,1.0,0.041891392322354615,0.0,0.0
12440,backpack aesthetic,16,0.9295204907858209,0.625,1.0,0.9295204907858209,0.625,1.0,0.0,0.0,0.0
12450,backpack first aid kit,16,0.9411338959973068,0.625,1.0,0.9411338959973068,0.625,1.0,0.0,0.0,0.0
12456,backpack for girls middle school that have chagers,16,0.9367587646907028,0.625,1.0,0.8539609415942098,0.625,1.0,0.08279782309649308,0.0,0.0
12458,backpack for men training,16,0.9273077771153785,0.625,1.0,0.963385466235431,0.625,1.0,-0.03607768912005249,0.0,0.0
12512,bacon drippings jar,40,0.8687471874513093,0.2564102564102564,1.0,0.8475402580516588,0.23076923076923078,1.0,0.02120692939965052,0.025641025641025605,0.0
12523,bad donkey hat,16,0.8867093867353237,0.75,1.0,0.8302375109097954,0.6666666666666666,1.0,0.05647187582552837,0.08333333333333337,0.0
12590,baganing for advantage,16,0.8148796665748186,0.7142857142857143,1.0,0.925440078289629,0.8571428571428571,1.0,-0.11056041171481046,-0.1428571428571428,0.0
12732,balios,16,0.6994739030813919,0.5454545454545454,1.0,0.6300426811446146,0.45454545454545453,1.0,0.06943122193677731,0.09090909090909088,0.0
12738,ball 64 oz mason jar,39,0.9227423084440458,0.2777777777777778,1.0,0.8814075961035845,0.25,1.0,0.041334712340461266,0.02777777777777779,0.0
12740,ball and chain gag gift,16,0.7799082337019199,0.8181818181818182,0.5,0.7799082337019199,0.8181818181818182,0.5,0.0,0.0,0.0
12749,ball cream men,16,0.8873943985339321,0.625,1.0,0.8607794163408998,0.625,1.0,0.026614982193032266,0.0,0.0
12772,ballast box 3 point,40,0.8913319177463098,0.5,1.0,0.8392456378643482,0.4375,1.0,0.05208627988196157,0.0625,0.0
12837,balsum hill christmas trees without lights,36,0.6925303556734872,0.24242424242424243,0.5,0.6335180545607751,0.21212121212121213,0.5,0.05901230111271205,0.030303030303030304,0.0
12838,balt desk,16,0.9164484911037316,0.6428571428571429,1.0,0.8428814541892294,0.5714285714285714,1.0,0.07356703691450217,0.07142857142857151,0.0
12892,bamboo shirtwomen short sleeve,16,1.0,0.625,1.0,0.9533497162960899,0.625,1.0,0.04665028370391011,0.0,0.0
12902,bameos coffee table,15,0.8871933874081877,0.8888888888888888,1.0,0.8569744763745856,0.7777777777777778,1.0,0.03021891103360208,0.11111111111111105,0.0
13018,bank for bills,16,0.8955717276994197,0.625,1.0,0.9494126029739882,0.625,1.0,-0.05384087527456849,0.0,0.0
13081,bar set without shaker,40,0.661776983703031,0.21621621621621623,1.0,0.6254260942626563,0.24324324324324326,0.5,0.03635088944037468,-0.02702702702702703,0.5
13088,bar stool no back,16,0.6043729521682584,0.5714285714285714,0.3333333333333333,0.6021115082851666,0.5714285714285714,0.3333333333333333,0.002261443883091796,0.0,0.0
13136,barber nessecities,15,0.9046783004527807,0.7692307692307693,1.0,1.0,0.7692307692307693,1.0,-0.09532169954721925,0.0,0.0
13139,barber tools professional,16,0.9257463753882778,0.6666666666666666,1.0,0.9161601115836259,0.6666666666666666,1.0,0.009586263804651884,0.0,0.0
13147,barbie case,16,0.8280744167182903,0.5833333333333334,1.0,0.8302010829452637,0.5833333333333334,1.0,-0.0021266662269734393,0.0,0.0
13230,bark collar with remote,16,0.9325055893091646,0.625,1.0,0.9537125187088152,0.625,1.0,-0.02120692939965063,0.0,0.0
13250,barnett ghost 360 crossbow,40,0.7284846917854035,0.13333333333333333,1.0,0.8182585635756016,0.2,1.0,-0.08977387179019802,-0.06666666666666668,0.0
13324,baruto action figures,40,0.9140415419785024,0.30303030303030304,1.0,0.8351201148123998,0.30303030303030304,1.0,0.07892142716610262,0.0,0.0
13377,baseball glove kids,16,0.8803485966094552,0.6666666666666666,1.0,0.895039956444123,0.6666666666666666,1.0,-0.01469135983466785,0.0,0.0
13390,baseball shirt 6 under armour,16,0.7669378149688235,0.6363636363636364,1.0,0.7400174920580923,0.6363636363636364,1.0,0.02692032291073121,0.0,0.0
13410,basic tess,16,0.9630280087714618,0.625,1.0,0.9790468959828571,0.625,1.0,-0.016018887211395327,0.0,0.0
13461,basketball traction board,16,0.9391171821728507,0.875,1.0,0.8866331498586214,0.75,1.0,0.05248403231422927,0.125,0.0
13507,bat with nails,16,0.6644270956551542,0.7142857142857143,1.0,0.4850338474361855,0.7142857142857143,0.3333333333333333,0.17939324821896874,0.0,0.6666666666666667
13596,bath and bodyworks water line,16,0.9239794751091568,0.625,1.0,0.9205767342323009,0.625,1.0,0.003402740876855881,0.0,0.0
13668,bathandbodyworks bath bombs,16,0.9684038785434832,0.625,1.0,0.9768562593544076,0.625,1.0,-0.008452380810924365,0.0,0.0
13670,bathing bape mask,16,0.8743078903781151,0.6666666666666666,1.0,0.8741701556078313,0.6666666666666666,1.0,0.00013773477028378167,0.0,0.0
13674,bathing suit straps wide black,16,0.7323161540050366,0.5714285714285714,0.3333333333333333,0.7606971932189103,0.5714285714285714,0.3333333333333333,-0.028381039213873693,0.0,0.0
13808,bathtub caddy,16,0.977915258848537,0.6666666666666666,1.0,0.977915258848537,0.6666666666666666,1.0,0.0,0.0,0.0
13840,batman arkham dc collectibles joker,16,0.9622024403845957,1.0,1.0,0.9401322466696658,1.0,1.0,0.02207019371492991,0.0,0.0
13869,batman toys for 4 year old,16,0.9504120313864757,0.6666666666666666,1.0,0.9556493299547569,0.6666666666666666,1.0,-0.005237298568281257,0.0,0.0
13873,batman weapons,16,0.9517825025223118,0.625,1.0,0.9507235030281824,0.625,1.0,0.0010589994941293535,0.0,0.0
13881,batterie c,16,1.0,1.0,1.0,1.0,1.0,1.0,0.0,0.0,0.0
13889,batteries for xbox one controller,16,0.8789335177254264,0.625,1.0,0.8759195979917094,0.625,1.0,0.0030139197337170076,0.0,0.0
13939,battery operated outsoor lamps,16,0.9032467383434786,0.625,1.0,0.8803485966094552,0.625,1.0,0.02289814173402338,0.0,0.0
14015,baylor 3x hoodie,40,0.8455945595792955,0.29411764705882354,1.0,0.8341153106924764,0.29411764705882354,1.0,0.011479248886819171,0.0,0.0
14079,bbq sticks for campfire long fun,16,0.983550158089448,0.625,1.0,0.9554289676024135,0.625,1.0,0.028121190487034542,0.0,0.0
14109,bdsm toys,16,0.5332401641802693,0.7142857142857143,0.3333333333333333,0.5804287515672115,0.8571428571428571,0.25,-0.047188587386942205,-0.1428571428571428,0.08333333333333331
14110,bdsm wrist,16,0.9649496804091009,0.7142857142857143,1.0,0.9177729803937427,0.6428571428571429,1.0,0.04717670001535823,0.0714285714285714,0.0
14123,be kind decal,16,0.9439492378436964,0.625,1.0,0.9439492378436964,0.625,1.0,0.0,0.0,0.0
14179,beach sandals for women nike,16,0.8411776402401573,0.6923076923076923,1.0,0.8765954521540082,0.6923076923076923,1.0,-0.03541781191385096,0.0,0.0
14200,beachbody workout,16,0.9720075540143143,0.625,1.0,0.9738050896605512,0.625,1.0,-0.0017975356462369696,0.0,0.0
14205,beachy face mask for women,16,0.7479755908743274,0.7,1.0,0.7675222912553322,0.7,1.0,-0.01954670038100481,0.0,0.0
14217,bead tray,16,0.9201715810474204,0.625,1.0,0.9268283195968527,0.625,1.0,-0.006656738549432384,0.0,0.0
14268,beanies long,16,0.20210734650054757,0.5,0.25,0.1480409554829326,0.5,0.125,0.054066391017614956,0.0,0.125
14283,bear headcover golf,16,0.943838842042294,0.625,1.0,0.9695992761997815,0.625,1.0,-0.025760434157487522,0.0,0.0
14381,beats solo 3 headband replacement,16,0.8768879154552428,0.6,1.0,0.897063815495931,0.6,1.0,-0.020175900040688144,0.0,0.0
14394,beauti sleep elixir,40,0.682298924240235,0.30434782608695654,1.0,0.6649656173324681,0.30434782608695654,1.0,0.01733330690776691,0.0,0.0
14413,beauty products for women,43,0.9432379215722527,0.25,1.0,0.9432379215722527,0.25,1.0,0.0,0.0,0.0
14457,becoming documentary michelle obama,16,0.8478333285894862,0.7142857142857143,1.0,0.8480637540994886,0.6428571428571429,1.0,-0.00023042551000240774,0.0714285714285714,0.0
14510,bed lift automatic,16,0.8847689829975142,0.8333333333333334,1.0,0.9254624505034729,0.8333333333333334,1.0,-0.0406934675059587,0.0,0.0
14562,bed wool blankets,16,0.9095597643882277,0.625,1.0,0.9095597643882277,0.625,1.0,0.0,0.0,0.0
14602,bedroom seating small,16,0.8789335177254264,0.625,1.0,0.9174487478283276,0.625,1.0,-0.038515230102901254,0.0,0.0
14640,bee rev limiter,16,0.8383155977510887,0.6923076923076923,1.0,0.8698344683788594,0.6923076923076923,1.0,-0.0315188706277707,0.0,0.0
14657,beef keg,16,0.2890648263178878,1.0,0.1,0.0,0.0,0.09090909090909091,0.2890648263178878,1.0,0.009090909090909094
14731,behringer headphone,16,0.7645609223280732,0.5384615384615384,1.0,0.706929927231889,0.5384615384615384,1.0,0.05763099509618419,0.0,0.0
14746,beige faux fur throw,14,0.9008622043148559,0.6923076923076923,1.0,0.8738027593264448,0.6923076923076923,1.0,0.027059444988411063,0.0,0.0
14754,being positive at work,15,0.9358243133685271,0.8333333333333334,1.0,0.8953905349913344,0.75,1.0,0.04043377837719275,0.08333333333333337,0.0
14776,belkin mixit 6ft usb-c to usb-a cable,16,0.9112668811412075,0.7142857142857143,1.0,0.918504257212042,0.7142857142857143,1.0,-0.0072373760708345225,0.0,0.0
14835,belly bandit postpartum belly wrap,16,0.9936070796552218,0.625,1.0,0.9936070796552218,0.625,1.0,0.0,0.0,0.0
14843,belly sling for back pain,16,0.84860265890399,0.6666666666666666,1.0,0.8205228949141826,0.6666666666666666,1.0,0.028079763989807383,0.0,0.0
14857,belt buckle knife,16,0.6276862006927001,0.5454545454545454,1.0,0.6871594793746749,0.5454545454545454,1.0,-0.05947327868197483,0.0,0.0
14858,belt buckles men,16,0.9524016186546209,0.625,1.0,0.9787930706003494,0.625,1.0,-0.02639145194572845,0.0,0.0
14899,bench cusion 36x 24,16,0.9435593591982605,0.6666666666666666,1.0,0.8931181750461552,0.6,1.0,0.0504411841521053,0.06666666666666665,0.0
14914,bendy,16,0.8482378089219647,0.6666666666666666,1.0,0.8572048559638626,0.6666666666666666,1.0,-0.00896704704189799,0.0,0.0
15034,best bra without underwire,49,0.6575207433018251,0.17777777777777778,0.5,0.6932027825280748,0.17777777777777778,1.0,-0.035682039226249684,0.0,-0.5
15096,best golf watches with gps,16,0.8814075961035845,0.625,1.0,0.9283272902350127,0.625,1.0,-0.04691969413142816,0.0,0.0
15107,best hyaluronic acid for lips,40,1.0,0.29411764705882354,1.0,1.0,0.29411764705882354,1.0,0.0,0.0,0.0
15216,bestway sand filter pumps for above ground pools,16,0.8644776337659198,0.5714285714285714,1.0,0.905064732851324,0.6428571428571429,1.0,-0.040587099085404255,-0.07142857142857151,0.0
15220,beta fish foods,16,0.85421584028323,0.625,1.0,0.858357995394443,0.625,1.0,-0.004142155111212964,0.0,0.0
15291,beyblade box,16,0.92663607790064,0.625,1.0,0.9054291485009893,0.625,1.0,0.02120692939965063,0.0,0.0
15303,beyblade case with beyblades,16,0.7846282564544993,0.6428571428571429,1.0,0.8352857166141991,0.6428571428571429,1.0,-0.05065746015969985,0.0,0.0
15384,bible lessons for teens,9,0.9342532537665434,1.0,1.0,0.9506899403249077,1.0,1.0,-0.016436686558364277,0.0,0.0
15483,bicycle,43,0.7015099647232445,0.27586206896551724,0.5,0.6663075294622165,0.2413793103448276,0.5,0.03520243526102795,0.03448275862068964,0.0
15570,big and tall ripped shorts for men,16,0.45207037578573733,0.5,0.5,0.4191857109875453,0.75,0.2,0.03288466479819202,-0.25,0.3
15580,big bang theory complete series,16,0.9902867315621451,0.625,1.0,0.9790468959828571,0.625,1.0,0.011239835579287982,0.0,0.0
15607,big candles decorative,16,0.9684038785434832,0.625,1.0,0.92663607790064,0.625,1.0,0.041767800642843245,0.0,0.0
15631,big girls leggings funny,16,0.875799875528198,0.8181818181818182,1.0,0.6929304365400483,0.5454545454545454,1.0,0.18286943898814978,0.2727272727272728,0.0
15675,big plate 30 feet,37,0.8333895887439321,0.6666666666666666,1.0,0.8391982533282581,0.6666666666666666,1.0,-0.005808664584326051,0.0,0.0
15697,big stomach dress,16,0.9212500284989031,0.9090909090909091,1.0,0.9251437244303552,0.8181818181818182,1.0,-0.003893695931452057,0.09090909090909083,0.0
15821,biking water and phone holder,16,0.9305771987116873,0.625,1.0,0.9533497162960899,0.625,1.0,-0.022772517584402574,0.0,0.0
15997,biosonic ultrasonic cleaner,16,0.8996867686026072,0.625,1.0,0.9503532637006566,0.625,1.0,-0.050666495098049436,0.0,0.0
16041,bird itch,16,0.4843542209360028,1.0,0.2,0.6005491084563834,1.0,0.5,-0.11619488752038065,0.0,-0.3
16083,birkenstock shoes,16,0.9706521591323533,0.625,1.0,0.8049107101676063,0.625,1.0,0.16574144896474696,0.0,0.0
16129,birthday goodie bag toys,16,0.9008636626471187,0.625,1.0,0.9008636626471187,0.625,1.0,0.0,0.0,0.0
16131,birthday hat,16,0.884123536148424,0.6666666666666666,1.0,0.8133814141574525,0.6,1.0,0.07074212199097152,0.06666666666666665,0.0
16176,bissell pet stain remover,16,0.9021814372008533,0.6666666666666666,1.0,0.92663607790064,0.6666666666666666,1.0,-0.024454640699786645,0.0,0.0
16194,biteme not mosquito coil wristband,40,0.6968337644250481,0.3125,1.0,0.6316995649589291,0.25,1.0,0.06513419946611898,0.0625,0.0
16218,bj and the bear dvd complete series,16,0.6979762963278715,0.7777777777777778,1.0,0.6455125976330206,0.7777777777777778,1.0,0.0524636986948509,0.0,0.0
16258,black and decker drill/ driver combination kit 109 pieces,16,0.9645619497449404,0.625,1.0,0.8478338627463426,0.625,1.0,0.11672808699859771,0.0,0.0
16261,black and decker impact driver,25,0.7978099481342811,0.391304347826087,1.0,0.8537358263881334,0.391304347826087,1.0,-0.05592587825385231,0.0,0.0
16287,black and pink queen bed set,16,0.9236024329974736,0.625,1.0,0.8441490481847796,0.625,1.0,0.07945338481269393,0.0,0.0
16292,black and red flower bouquet,16,0.8762620600420185,0.625,1.0,0.8709660119808826,0.625,1.0,0.005296048061135816,0.0,0.0
16299,black and white bath rug for bathroom,16,1.0,0.625,1.0,0.9962378929123429,0.625,1.0,0.0037621070876571183,0.0,0.0
16316,black and white off the shoulder top,16,0.8428507440171585,0.6,1.0,0.8099618255034721,0.6,1.0,0.03288891851368647,0.0,0.0
16323,black and white shower curtain,16,0.9439921174335864,0.6923076923076923,1.0,0.8982887849678984,0.6153846153846154,1.0,0.04570333246568792,0.07692307692307687,0.0
16330,black and yellow nike shoes for men,40,0.7699354978881708,0.2631578947368421,1.0,0.8064659999627327,0.2631578947368421,1.0,-0.03653050207456188,0.0,0.0
16406,black card revoked card game,16,0.9938203652479539,0.6666666666666666,1.0,0.9938203652479539,0.6666666666666666,1.0,0.0,0.0,0.0
16411,black carhartt work shirts,16,0.8759401609218873,0.6923076923076923,1.0,0.7179640966557667,0.5384615384615384,1.0,0.15797606426612065,0.15384615384615385,0.0
16424,black chip paint,16,0.8187129984806154,0.7142857142857143,1.0,0.6830167911395004,0.7142857142857143,0.3333333333333333,0.13569620734111498,0.0,0.6666666666666667
16492,black elastic choker necklace,16,0.9240532084982401,0.625,1.0,0.8734658114722282,0.625,1.0,0.05058739702601189,0.0,0.0
16576,black hitch ball,16,0.8451484605533448,0.6428571428571429,1.0,0.8693394704287626,0.6428571428571429,1.0,-0.02419100987541778,0.0,0.0
16597,black kids magnetic belt,16,0.9877841797012169,0.625,1.0,0.9877841797012169,0.625,1.0,0.0,0.0,0.0
16623,black leather thong panties women,16,0.9426863437225959,0.75,1.0,0.8607495942961444,0.6666666666666666,1.0,0.08193674942645146,0.08333333333333337,0.0
16631,black light for cars interior,16,0.9606536523804245,0.625,1.0,0.8991865866283439,0.625,1.0,0.06146706575208061,0.0,0.0
16638,black lives matter white shirt,16,0.8445293798418667,0.625,1.0,0.8445293798418667,0.625,1.0,0.0,0.0,0.0
16656,black marble blanket,16,0.8770481092871156,0.625,1.0,0.8729552152926601,0.625,1.0,0.00409289399445556,0.0,0.0
16668,black metal day bed,16,0.9272673235007272,0.625,1.0,0.9158394515711116,0.625,1.0,0.011427871929615585,0.0,0.0
16678,black nail polish,16,0.9755453593002134,0.625,1.0,0.9454862044599013,0.625,1.0,0.030059154840312075,0.0,0.0
16702,black overnight bag,16,0.9301463971330415,0.625,1.0,0.961626441860224,0.625,1.0,-0.031480044727182466,0.0,0.0
16738,black plus size dresses for women,16,0.9738672436737749,0.625,1.0,0.9507235030281824,0.625,1.0,0.023143740645592437,0.0,0.0
16808,black shower trim kit with valve,16,0.9738050896605512,0.6666666666666666,1.0,0.9738050896605512,0.6666666666666666,1.0,0.0,0.0,0.0
16834,black stockings for women,26,0.903872649535226,0.38461538461538464,1.0,0.977915258848537,0.38461538461538464,1.0,-0.07404260931331108,0.0,0.0
16840,black strapped camisole,16,0.9829191602905866,0.625,1.0,0.8858330195538265,0.625,1.0,0.09708614073676003,0.0,0.0
16915,black wide jeans for women,40,0.7413346937607824,0.2571428571428571,1.0,0.7206921646739214,0.22857142857142856,1.0,0.02064252908686104,0.028571428571428553,0.0
16929,black wool dryer balls,16,0.9286082087954718,0.625,1.0,0.8862369978951139,0.625,1.0,0.04237121090035789,0.0,0.0
16933,black xoat for baby boy,16,0.7298472916999535,0.5714285714285714,1.0,0.6957877663761588,0.5714285714285714,1.0,0.03405952532379475,0.0,0.0
17005,blade oil for miter saw,16,0.6587230783241623,0.8571428571428571,0.3333333333333333,0.6164518630001335,0.8571428571428571,0.25,0.04227121532402878,0.0,0.08333333333333331
17032,blank tall koozies,40,0.9432379215722527,0.25,1.0,0.9477344873475498,0.25,1.0,-0.004496565775297112,0.0,0.0
17060,blast zone water slide,40,0.8628224668123224,0.25,1.0,0.8628224668123224,0.25,1.0,0.0,0.0,0.0
17090,blemish spot treatment,16,0.9574986323757065,0.625,1.0,0.9640807576630093,0.625,1.0,-0.006582125287302731,0.0,0.0
17153,blink security camera system wireless,16,0.8861974367454932,0.5384615384615384,1.0,0.8406109055730541,0.5384615384615384,1.0,0.04558653117243916,0.0,0.0
17162,bliss flat iron for hair,40,0.6666666666666666,0.25,1.0,0.6666666666666666,0.25,1.0,0.0,0.0,0.0
17163,blisset pillow covers 18x18,40,0.8722765280787091,0.2564102564102564,1.0,0.9188159099299589,0.2564102564102564,1.0,-0.04653938185124973,0.0,0.0
17178,block and tackle pulley system,16,0.901447006056365,0.6153846153846154,1.0,0.9035650050446238,0.6153846153846154,1.0,-0.002117998988258818,0.0,0.0
17222,blood pressure cuff without the talk,40,0.8820678949848569,0.23076923076923078,1.0,0.8656370898100768,0.23076923076923078,1.0,0.016430805174780128,0.0,0.0
17228,blood pressure relion 200 series,16,0.8863685983844469,0.625,1.0,0.9172216027264881,0.625,1.0,-0.03085300434204119,0.0,0.0
17295,blu-ray player without wifi,16,0.7585502205402389,0.6153846153846154,1.0,0.6164227130804327,0.5384615384615384,1.0,0.14212750745980618,0.07692307692307698,0.0
17310,blue and white checkered pajama pants,16,0.869235380402282,0.75,1.0,0.7522742891510154,0.6666666666666666,1.0,0.11696109125126664,0.08333333333333337,0.0
17313,blue and white kitchen mat,16,0.8360632337720684,0.6428571428571429,1.0,0.8337116484697726,0.5714285714285714,1.0,0.0023515853022957334,0.07142857142857151,0.0
17362,blue devil horns,16,0.8898452967202143,0.8181818181818182,1.0,0.8364570742284423,0.7272727272727273,1.0,0.053388222491772,0.09090909090909094,0.0
17380,blue exorcist plush,16,0.8112857439556271,0.75,1.0,0.8880320196888395,0.875,1.0,-0.07674627573321235,-0.125,0.0
17392,blue hand towel,16,0.9305687780632228,0.625,1.0,0.9495342196346633,0.625,1.0,-0.018965441571440533,0.0,0.0
17402,blue leather 1inch 3 ring binder,16,0.9008636626471187,0.625,1.0,0.9361767385157805,0.625,1.0,-0.035313075868661836,0.0,0.0
17423,blue moon costume,16,0.9197207891481876,1.0,1.0,1.0,1.0,1.0,-0.08027921085181244,0.0,0.0
17431,blue pajama pant set,13,0.9392148330510314,0.8333333333333334,1.0,0.9504318313235595,0.8333333333333334,1.0,-0.01121699827252809,0.0,0.0
17449,blue ray wifi player,16,0.9421111095506693,0.625,1.0,0.883229092337347,0.625,1.0,0.05888201721332231,0.0,0.0
17450,blue reeses peanut butter cups,16,0.9634117275431491,0.625,1.0,0.9504318313235595,0.625,1.0,0.012979896219589615,0.0,0.0
17491,blue tooth adapter for older cars,16,0.8630152897016882,0.6153846153846154,1.0,0.7065443116025598,0.6153846153846154,0.5,0.15647097809912835,0.0,0.5
17494,blue tooth headset,14,0.8611375561264455,0.8181818181818182,1.0,0.8415908474314976,0.7272727272727273,1.0,0.0195467086949479,0.09090909090909094,0.0
17500,blue twine with gift tags,16,0.9471643200863396,0.7142857142857143,1.0,0.9223424638143088,0.7142857142857143,1.0,0.024821856272030707,0.0,0.0
17597,bluetooth julebox,16,0.8481598163136675,0.6153846153846154,1.0,0.5750319361461447,0.5384615384615384,0.5,0.2731278801675229,0.07692307692307698,0.5
17710,bmw e46 rear coil shock,16,0.6793062069909654,0.6666666666666666,0.25,0.6114095411160122,0.5,0.14285714285714285,0.06789666587495324,0.16666666666666663,0.10714285714285715
17724,bmw oil filter,16,0.8098813526815088,0.7,1.0,0.799757687946389,0.7,1.0,0.01012366473511983,0.0,0.0
17767,board games for kids 7 and up,12,0.8717000188222989,0.8888888888888888,1.0,0.8752243974569555,0.8888888888888888,1.0,-0.0035243786346565997,0.0,0.0
17793,boat seats and mounts,16,0.7691357287136201,0.5714285714285714,1.0,0.7743730272819014,0.5714285714285714,1.0,-0.005237298568281257,0.0,0.0
17802,boat tent shelter,16,0.53350083705442,1.0,0.3333333333333333,0.6462302129493455,1.0,0.5,-0.11272937589492549,0.0,-0.16666666666666669
17805,boat trailer roller assembly,16,0.9127306419243082,0.625,1.0,0.9093618486635722,0.625,1.0,0.003368793260736025,0.0,0.0
17928,body safe massage oil candle,16,1.0,0.625,1.0,1.0,0.625,1.0,0.0,0.0,0.0
17948,body wash for women with shea butter & hyaluronic,15,0.6678997765524453,0.8,0.5,0.8492186967745488,0.8,1.0,-0.1813189202221035,0.0,-0.5
17965,bodycon maxi dress,16,0.9325055893091646,0.625,1.0,0.9316277775573523,0.625,1.0,0.0008778117518123407,0.0,0.0
17996,bohemian tops for women,16,0.5422905340489158,0.6,0.5,0.4705304011050233,0.6,0.3333333333333333,0.0717601329438925,0.0,0.16666666666666669
18004,boho bathroom decor,16,0.9227423084440458,0.625,1.0,0.8687471874513093,0.625,1.0,0.05399512099273651,0.0,0.0
18045,boil over spill stopper small,16,0.9325055893091646,0.625,1.0,0.9045513367491769,0.625,1.0,0.027954252559987736,0.0,0.0
18250,bondageromance kit for couples,40,0.914856882358379,0.47368421052631576,1.0,0.7144097119277254,0.42105263157894735,0.3333333333333333,0.20044717043065363,0.05263157894736842,0.6666666666666667
18274,bongs and water pipes,16,0.6356840734829519,1.0,0.2,0.5679882740123903,1.0,0.14285714285714285,0.06769579947056159,0.0,0.05714285714285716
18311,book and stuffed animal set,16,0.9787930706003494,0.625,1.0,1.0,0.625,1.0,-0.02120692939965063,0.0,0.0
18326,book ends peter rabbit,16,0.9194457799933374,1.0,1.0,0.9259126092062556,1.0,1.0,-0.00646682921291819,0.0,0.0
18338,book markers for girls,16,0.914856882358379,0.6428571428571429,1.0,0.8521705090845475,0.5714285714285714,1.0,0.06268637327383153,0.07142857142857151,0.0
18348,book of shadows coloring book sigil,16,0.9435593591982605,0.625,1.0,0.9435593591982605,0.625,1.0,0.0,0.0,0.0
18383,bookbags 1st grade boys,16,0.9533497162960899,0.625,1.0,0.9346659795308913,0.625,1.0,0.018683736765198633,0.0,0.0
18406,books best sellers sci fi,16,0.8490807152038439,0.6666666666666666,1.0,0.7651396958598718,0.6666666666666666,1.0,0.08394101934397202,0.0,0.0
18408,books by diane noble,16,0.8833254046666107,0.625,1.0,0.8581480079762127,0.625,1.0,0.02517739669039798,0.0,0.0
18511,boot tap,16,0.8735847991144785,0.8571428571428571,1.0,0.8824642221139221,0.8571428571428571,1.0,-0.008879422999443554,0.0,0.0
18516,bootcut leggings for women,16,0.9758017853242283,0.625,1.0,0.9902867315621451,0.625,1.0,-0.01448494623791674,0.0,0.0
18540,boots without heels for women,40,0.38520190164634055,0.1875,0.3333333333333333,0.3831502687991622,0.1875,0.3333333333333333,0.002051632847178353,0.0,0.0
18542,booty enhancing drink,16,0.9554289676024135,0.6666666666666666,1.0,0.891922879295034,0.6,1.0,0.06350608830737947,0.06666666666666665,0.0
18573,borderlands 3 xbox one,16,0.9643541134596139,0.8181818181818182,1.0,0.96447240632415,0.8181818181818182,1.0,-0.0001182928645361292,0.0,0.0
18591,born benna bootie,16,1.0,0.625,1.0,1.0,0.625,1.0,0.0,0.0,0.0
18602,boruto set 5,16,0.9692201653995299,0.625,1.0,0.9705669479986532,0.625,1.0,-0.0013467825991232418,0.0,0.0
18607,bosch 18v router,40,0.4536417004156574,0.28,0.5,0.36497014114625365,0.16,0.5,0.08867155926940373,0.12000000000000002,0.0
18613,bosch jobsite radio,16,0.9449200034831028,0.625,1.0,0.987655918305024,0.625,1.0,-0.042735914821921184,0.0,0.0
18631,"bose ""soundlink revolve"" power cord oem",16,0.9216017310213247,0.8181818181818182,1.0,0.866947989864271,0.7272727272727273,1.0,0.05465374115705368,0.09090909090909094,0.0
18676,bose speaker connector,16,0.9040795811810606,0.6923076923076923,1.0,0.8631833012056642,0.6923076923076923,1.0,0.040896279975396355,0.0,0.0
18707,boston fern live plant indoor,40,0.8968826277536139,0.25,1.0,0.9543384299005628,0.25,1.0,-0.0574558021469489,0.0,0.0
18891,bottle cap,16,0.8165901947515999,0.6,0.5,0.8248911165874062,0.6,0.5,-0.00830092183580633,0.0,0.0
18931,bounce house without blower,40,0.8893951065003679,0.24324324324324326,1.0,1.0,0.2702702702702703,1.0,-0.1106048934996321,-0.02702702702702703,0.0
18951,bourbon cherries for old fashioned,40,0.8739200748503385,0.24324324324324326,1.0,0.8228681044813319,0.24324324324324326,1.0,0.05105197036900666,0.0,0.0
18955,bouys decorative,40,0.9216017310213247,0.28125,1.0,0.7753366239771086,0.21875,1.0,0.14626510704421614,0.0625,0.0
18978,bowflex dumbell handle,21,0.7600791051976191,0.5833333333333334,1.0,0.6812060741152738,0.5833333333333334,1.0,0.07887303108234534,0.0,0.0
18994,bowling ball detox machine,40,0.49226405064559525,1.0,0.3333333333333333,0.466894874476682,1.0,0.5,0.025369176168913266,0.0,-0.16666666666666669
19000,bowling shoes,16,0.7653606369886218,0.6666666666666666,1.0,0.8451850618939638,1.0,1.0,-0.07982442490534203,-0.33333333333333337,0.0
19100,boy kid apron,16,0.96331803895032,0.625,1.0,0.9317219174938032,0.625,1.0,0.0315961214565168,0.0,0.0
19112,boy ski base layer warm,40,0.804810999209339,0.32,1.0,0.762416491594312,0.28,1.0,0.042394507615026944,0.03999999999999998,0.0
19127,boyfriend and girlfriend onesies,16,0.48971379987242514,0.75,0.3333333333333333,0.5776479756897457,0.75,0.3333333333333333,-0.08793417581732055,0.0,0.0
19141,boys 5t red button down,16,0.7893801116004139,0.8333333333333334,1.0,0.8940865926332232,1.0,1.0,-0.10470648103280933,-0.16666666666666663,0.0
19142,boys 8 nightgown,16,0.56264752084969,0.6363636363636364,0.3333333333333333,0.7065443116025598,0.7272727272727273,0.5,-0.14389679075286976,-0.09090909090909094,-0.16666666666666669
19179,boys christmas suit,12,0.7134924340741207,1.0,0.5,0.6574098636884107,1.0,0.3333333333333333,0.05608257038570996,0.0,0.16666666666666669
19187,boys costume rocket,16,0.8916265601879922,0.6428571428571429,1.0,0.9135525664121864,0.6428571428571429,1.0,-0.02192600622419416,0.0,0.0
19228,boys open bottom sweatpants,40,0.6947651160602988,0.22857142857142856,0.5,0.7799082337019199,0.2571428571428571,0.5,-0.08514311764162108,-0.028571428571428553,0.0
19275,boys size 5 boots,16,0.8638213605247348,0.6,1.0,0.8366829154266588,0.6,1.0,0.027138445098075947,0.0,0.0
19314,boys wallets for teens,16,0.7224650913568336,1.0,0.5,0.5274486902992358,0.75,0.5,0.19501640105759777,0.25,0.0
19318,boys white basketball shoes,16,0.8040505959035651,0.625,1.0,0.841771690458009,0.625,1.0,-0.037721094554443946,0.0,0.0
19348,bra everyday,16,0.9787930706003494,0.625,1.0,0.9524016186546209,0.625,1.0,0.02639145194572845,0.0,0.0
19397,brady bunch blu ray,16,0.9147029315959613,1.0,1.0,0.7742158010001621,0.8333333333333334,1.0,0.1404871305957992,0.16666666666666663,0.0
19461,brake rotors,37,0.9292578780090285,0.2777777777777778,1.0,0.8814075961035845,0.2777777777777778,1.0,0.04785028190544394,0.0,0.0
19497,bras sexy for women,40,1.0,0.2857142857142857,1.0,0.9543384299005628,0.2857142857142857,1.0,0.045661570099437165,0.0,0.0
19506,brass alto saxophone,16,0.7075702601824324,0.5833333333333334,0.5,0.7054811421054688,0.5833333333333334,0.25,0.0020891180769636586,0.0,0.25
19540,braun series 7 replacement head,16,0.9771741273130831,0.7142857142857143,1.0,0.9880526871795848,0.7142857142857143,1.0,-0.010878559866501769,0.0,0.0
19743,bridal dresses for women,40,0.8327565169125719,0.36,1.0,0.7411451510254092,0.28,1.0,0.09161136588716268,0.07999999999999996,0.0
19781,bridesmaids decorations,16,0.8938936120729811,0.625,1.0,0.8945127282052903,0.625,1.0,-0.0006191161323091388,0.0,0.0
19787,bridges,16,0.8949229725929433,0.6153846153846154,1.0,0.846058302336974,0.6153846153846154,1.0,0.0488646702559693,0.0,0.0
19815,bright white printer paper,16,0.9772274824155974,0.625,1.0,0.9813162632348015,0.625,1.0,-0.004088780819204052,0.0,0.0
19861,britbox,18,0.8434147349997103,0.625,1.0,0.8460515716133493,0.5625,1.0,-0.0026368366136390042,0.0625,0.0
19865,british crime movies prime,16,0.8494669985841227,0.625,1.0,0.8994225879321841,0.625,1.0,-0.049955589348061435,0.0,0.0
19910,brompton bike,16,0.6676321346409729,0.5,0.2,0.6280359398032538,0.3333333333333333,0.16666666666666666,0.039596194837719145,0.16666666666666669,0.033333333333333354
19913,bronco barrel grill,16,0.7808364942306814,0.8333333333333334,0.3333333333333333,0.7595169473916412,0.5,1.0,0.021319546839040138,0.33333333333333337,-0.6666666666666667
19947,brooks adrenaline gts 20 size 9 2e mens,12,0.9803962344126188,0.8333333333333334,1.0,0.9791570532029295,0.8333333333333334,1.0,0.001239181209689355,0.0,0.0
19973,broom,25,0.9168790986840171,0.4,1.0,0.8747440824689298,0.4,1.0,0.042135016215087306,0.0,0.0
20059,brown high waisted skirt,14,0.7787926658840254,0.7142857142857143,1.0,0.7908387778091585,0.7142857142857143,1.0,-0.012046111925133052,0.0,0.0
20062,brown iphone charger,16,0.9630280087714618,0.625,1.0,0.9630280087714618,0.625,1.0,0.0,0.0,0.0
20064,brown jean's for women,16,0.9554312701281973,0.625,1.0,0.9670607270980406,0.625,1.0,-0.0116294569698433,0.0,0.0
20066,brown large beaded earrings,16,0.9135201525582646,0.625,1.0,0.8429710413630962,0.625,1.0,0.07054911119516838,0.0,0.0
20123,browns football stuff,16,0.5462169152524982,0.42857142857142855,1.0,0.7208115788596473,0.7142857142857143,1.0,-0.17459466360714915,-0.28571428571428575,0.0
20153,brush multiple functions,16,0.9322447939063514,1.0,1.0,0.8706086854269929,0.8333333333333334,1.0,0.06163610847935852,0.16666666666666663,0.0
20205,bts life size cardboard cutouts,16,0.7739702510342731,0.625,1.0,0.7739702510342731,0.625,1.0,0.0,0.0,0.0
20257,bubblezz squishy toys,16,0.8918053418519213,0.6666666666666666,1.0,0.9091099481035073,0.6666666666666666,1.0,-0.01730460625158603,0.0,0.0
20285,buckles for straps,16,0.8018482261339611,0.625,1.0,0.8443423151408778,0.625,1.0,-0.04249408900691665,0.0,0.0
20314,budha mural wall art,40,1.0,0.2702702702702703,1.0,0.7537754773756947,0.24324324324324326,0.5,0.24622452262430528,0.02702702702702703,0.5
20318,bueno coffee travel mug,53,0.7768984344333949,0.2,1.0,0.7420844110626204,0.2,1.0,0.03481402337077455,0.0,0.0
20331,buffalo bills hats kids,16,0.7467045958894681,0.7,1.0,0.6434035614033737,0.6,1.0,0.1033010344860944,0.09999999999999998,0.0
20344,buffalo games star wars puzzle,16,0.9569982516586194,0.625,1.0,0.9847422464622778,0.625,1.0,-0.02774399480365841,0.0,0.0
20386,bug repellent bracelet,16,0.8360106253961056,0.625,1.0,0.8647340257460203,0.625,1.0,-0.02872340034991472,0.0,0.0
20412,buick enclave evaporator,16,0.8274994335396115,0.7142857142857143,1.0,0.8187093164490372,0.8571428571428571,0.5,0.008790117090574312,-0.1428571428571428,0.5
20423,build your own remote control car,16,0.8936349164534779,0.625,1.0,0.8705853157443364,0.625,1.0,0.023049600709141527,0.0,0.0
20465,bulk canvas bags,16,0.7822269758211625,0.6666666666666666,1.0,0.8714490701023475,0.7777777777777778,1.0,-0.089222094281185,-0.11111111111111116,0.0
20490,bulk juice boxes,49,1.0,0.20833333333333334,1.0,1.0,0.20833333333333334,1.0,0.0,0.0,0.0
20519,bull power tablets,16,0.6017253855190812,0.5,1.0,0.706929927231889,0.7,1.0,-0.1052045417128078,-0.19999999999999996,0.0
20533,bulletin board hooks,16,0.7799082337019199,0.6,0.5,0.7799082337019199,0.6,0.5,0.0,0.0,0.0
20537,bulletin board sets,16,1.0,0.6666666666666666,1.0,1.0,0.6666666666666666,1.0,0.0,0.0,0.0
20554,bulova marine star,16,0.9524016186546209,0.625,1.0,0.9275797623825901,0.625,1.0,0.024821856272030818,0.0,0.0
20593,bundt pans for baking nonstick,16,0.8745180159069191,0.625,1.0,0.9005033215744148,0.625,1.0,-0.025985305667495684,0.0,0.0
20602,bungee office chair without arms,40,0.5733949892104429,0.22857142857142856,0.5,0.555736611587013,0.22857142857142856,1.0,0.01765837762342981,0.0,-0.5
20626,bunny,16,0.9537125187088152,0.625,1.0,0.92663607790064,0.625,1.0,0.027076440808175284,0.0,0.0
20715,burnt orange border,16,0.8232469724941334,0.8333333333333334,1.0,0.8218027535034855,0.8333333333333334,1.0,0.0014442189906478387,0.0,0.0
20724,burrito pass,16,0.8438071209324429,0.8333333333333334,1.0,0.7233094977120095,0.8333333333333334,1.0,0.12049762322043345,0.0,0.0
20735,burton dnow board backpac bag,16,0.8899541168509599,0.6428571428571429,1.0,0.8115558478722845,0.5714285714285714,1.0,0.07839826897867541,0.07142857142857151,0.0
20739,burton men's crown hoodie,16,0.9140415419785024,0.625,1.0,0.9191273815716655,0.625,1.0,-0.005085839593163111,0.0,0.0
20762,busch craft,16,0.9435940822615896,0.625,1.0,0.9105297044016635,0.625,1.0,0.03306437785992611,0.0,0.0
20768,bushcraft knife,16,0.953753702240502,0.625,1.0,0.9515602013619081,0.625,1.0,0.0021935008785939347,0.0,0.0
20829,butler statue with serving tray,16,0.8269250618928118,0.8571428571428571,1.0,0.5467843942868259,0.7142857142857143,0.3333333333333333,0.2801406676059859,0.1428571428571428,0.6666666666666667
20844,butter balm bug,16,0.9630280087714618,0.7142857142857143,1.0,0.9077607744977495,0.7142857142857143,1.0,0.055267234273712273,0.0,0.0
20845,butter bronzer,10,0.9852722344948289,1.0,1.0,0.9829863045240973,1.0,1.0,0.002285929970731626,0.0,0.0
20889,butterfly wings for women,16,0.8165901947515999,0.6153846153846154,1.0,0.8268133666517739,0.6153846153846154,1.0,-0.010223171900173966,0.0,0.0
20907,button tufted convertible,16,1.0,0.625,1.0,1.0,0.625,1.0,0.0,0.0,0.0
20918,buttpluģs for women,40,0.6874708847784538,0.6363636363636364,1.0,0.23440650992329992,0.2727272727272727,0.25,0.45306437485515383,0.36363636363636365,0.75
21020,c3po marvel comic,16,0.9227356694498468,0.6428571428571429,1.0,0.8071770569562414,0.6428571428571429,1.0,0.11555861249360533,0.0,0.0
21077,cabinet doors with glass insert,16,0.7863639746437393,1.0,0.1111111111111111,0.6943559465628248,0.0,0.07142857142857142,0.09200802808091446,1.0,0.03968253968253968
21103,cabinet with doors on wheels,16,0.8805700337404124,0.625,1.0,0.9307311821393774,0.625,1.0,-0.050161148398965016,0.0,0.0
21181,cable row grip triangle,10,0.931817100135127,1.0,1.0,0.9277589908435724,1.0,1.0,0.00405810929155459,0.0,0.0
21197,cable weight machine,40,0.9134166588977729,0.25,1.0,0.9069212362975007,0.25,1.0,0.006495422600272249,0.0,0.0
21259,cadillac escalade seat cover,14,0.9678575624849975,0.7142857142857143,1.0,0.9642163786893302,0.7142857142857143,1.0,0.0036411837956673576,0.0,0.0
21265,cafe mocha cup,16,0.9391631584614769,0.625,1.0,0.9376923705835961,0.625,1.0,0.001470787877880797,0.0,0.0
21268,cafe racer seat,40,1.0,0.3448275862068966,1.0,0.9510907186004267,0.3103448275862069,1.0,0.04890928139957329,0.03448275862068967,0.0
21306,cage the elephant vinyl,16,0.9495342196346633,0.625,1.0,0.9311946892549704,0.625,1.0,0.018339530379692937,0.0,0.0
21519,caldrea dish soap ginger pomelo,15,0.9726539756380789,0.6666666666666666,1.0,0.9459471690620483,0.6666666666666666,1.0,0.02670680657603053,0.0,0.0
21605,calimag,16,0.9242792750602506,0.6666666666666666,1.0,0.8297611995834433,0.6,1.0,0.09451807547680735,0.06666666666666665,0.0
21629,call of duty modern warfare xbox one,16,0.8547099836489899,0.6,1.0,0.8435421246153175,0.6,1.0,0.011167859033672345,0.0,0.0
21687,calvin klein luggage set,16,0.97087319276408,0.625,1.0,0.990053913939746,0.625,1.0,-0.019180721175665938,0.0,0.0
21698,calvin klein sleepwear women,15,0.9547715182029446,0.7142857142857143,1.0,0.9716189607861263,0.7142857142857143,1.0,-0.016847442583181715,0.0,0.0
21850,camel leather sofa,40,0.9567083294488864,0.25,1.0,0.933564588803294,0.25,1.0,0.023143740645592437,0.0,0.0
21855,camelbak,16,1.0,0.625,1.0,0.977915258848537,0.625,1.0,0.022084741151462972,0.0,0.0
21863,camelbak water bottle backpack,16,0.9821490166714711,0.625,1.0,0.9492493328503673,0.625,1.0,0.032899683821103864,0.0,0.0
21895,camera microphone,16,0.9974537474936096,0.625,1.0,0.9821212785123468,0.625,1.0,0.015332468981262837,0.0,0.0
21918,cameras for photography,16,0.9362019141197612,0.6666666666666666,1.0,0.932910390203548,0.6,1.0,0.003291523916213124,0.06666666666666665,0.0
22053,camo baby shower invitations,16,0.8811293830312759,0.625,1.0,0.9088250482506273,0.625,1.0,-0.027695665219351406,0.0,0.0
22064,camo glasses holders,16,0.8490807152038439,0.7272727272727273,1.0,0.8028987128832985,0.7272727272727273,1.0,0.04618200232054537,0.0,0.0
22110,camp leggings with pockets yoga,16,0.9072672767940164,0.625,1.0,0.8423557355055808,0.625,1.0,0.06491154128843557,0.0,0.0
22126,campbell hausfeld stick,40,0.6360699765797455,0.5714285714285714,1.0,0.5482581956202356,0.42857142857142855,1.0,0.08781178095950992,0.14285714285714285,0.0
22136,camper outdoor grill,16,0.9454862044599013,0.6666666666666666,1.0,0.9242343962405571,0.6,1.0,0.021251808219344137,0.06666666666666665,0.0
22180,camping organizer waterproof,16,0.9464620324915696,0.7142857142857143,1.0,0.9537915794915526,0.7142857142857143,1.0,-0.007329546999983005,0.0,0.0
22228,can't believe it's not butter spray,38,0.9073475486981502,0.37037037037037035,1.0,0.9046635614214761,0.37037037037037035,1.0,0.0026839872766740713,0.0,0.0
22312,candy elf,15,0.8505488376499982,0.8,1.0,0.8478083993913507,0.8,1.0,0.0027404382586475595,0.0,0.0
22372,canned onions,16,0.8405261609040243,0.6666666666666666,1.0,0.895039956444123,0.6666666666666666,1.0,-0.05451379554009872,0.0,0.0
22395,canoe,16,0.8064477625077661,0.5454545454545454,1.0,0.7167095265884538,0.45454545454545453,1.0,0.08973823591931229,0.09090909090909088,0.0
22421,canon battery rp,16,0.8070592820969874,0.6,1.0,0.8457846345480339,0.6,1.0,-0.03872535245104647,0.0,0.0
22470,canon professional,16,1.0,0.6666666666666666,1.0,0.9575861412006988,0.6,1.0,0.04241385879930115,0.06666666666666665,0.0
22550,canvas stripe apple watch strap,16,0.888724126032154,0.6428571428571429,1.0,0.892772141206916,0.6428571428571429,1.0,-0.004048015174761943,0.0,0.0
22592,capezio rocket dance sneaker ds 24,12,0.9504318313235595,0.8333333333333334,1.0,0.9435593591982605,0.8333333333333334,1.0,0.006872472125298956,0.0,0.0
22604,capri joggers womens plus,16,0.9375779842738845,0.7142857142857143,1.0,0.8164158462785959,0.6428571428571429,1.0,0.12116213799528863,0.0714285714285714,0.0
22633,captain america funo pop bubble-head,11,0.886205437215889,0.9,1.0,0.929128589794625,0.9,1.0,-0.042923152578736024,0.0,0.0
22653,car ac smell,16,0.6701108516030871,0.7142857142857143,1.0,0.4661819155536861,0.5714285714285714,0.5,0.20392893604940104,0.1428571428571429,0.5
22668,car audio battery,16,0.8578966398857479,0.6428571428571429,1.0,0.7815529716625852,0.5714285714285714,1.0,0.07634366822316274,0.07142857142857151,0.0
22686,car carpet cleaner and brush,16,0.6473423085919159,0.5555555555555556,0.5,0.8006234558048874,0.6666666666666666,1.0,-0.15328114721297148,-0.11111111111111105,-0.5
22694,car charger for samsung galaxy s7,16,0.8940859973919705,0.9,1.0,0.8167134666833596,0.8,1.0,0.07737253070861083,0.09999999999999998,0.0
22828,car seat mickey mouse,16,0.8848870379751532,0.6923076923076923,1.0,0.9070204930557979,0.6923076923076923,1.0,-0.02213345508064468,0.0,0.0
22953,carbon remover for pans,16,0.9780272578444925,0.6666666666666666,1.0,0.9821212785123468,0.6666666666666666,1.0,-0.004094020667854248,0.0,0.0
22991,carcassonne expansion,16,0.9231243858336656,0.75,1.0,0.9124114841440369,0.75,1.0,0.010712901689628684,0.0,0.0
22994,card game mat,16,0.8824940552627721,0.75,1.0,0.8859334281545891,0.75,1.0,-0.0034393728918169497,0.0,0.0
23057,cardinal sarah,16,0.8729552152926601,0.6,1.0,0.9547715182029446,0.6666666666666666,1.0,-0.08181630291028452,-0.06666666666666665,0.0
23060,cardinals hoodie,16,1.0,0.625,1.0,0.9877841797012169,0.625,1.0,0.012215820298783098,0.0,0.0
23090,career,16,0.92663607790064,0.6,1.0,0.933745776545611,0.6,1.0,-0.007109698644971019,0.0,0.0
23092,carefusion clippers,12,0.9411258061042048,1.0,1.0,0.8878068904219922,1.0,1.0,0.053318915682212586,0.0,0.0
23167,cargo van shelving,40,1.0,0.4166666666666667,1.0,0.7775500257642897,0.2916666666666667,1.0,0.22244997423571033,0.125,0.0
23185,carhartt extreme cold weather boot socks,16,0.9128522585849833,0.625,1.0,0.9317219174938032,0.625,1.0,-0.018869658908819864,0.0,0.0
23210,carhartt z87,16,0.8668103762053675,0.625,1.0,0.8582638554579922,0.625,1.0,0.008546520747375275,0.0,0.0
23212,caribeaner compass,16,0.9703347004094522,0.7692307692307693,1.0,0.9988930800939724,0.7692307692307693,1.0,-0.02855837968452013,0.0,0.0
23213,caribiner anchor,16,0.9021814372008533,0.625,1.0,0.9054291485009893,0.625,1.0,-0.0032477113001360136,0.0,0.0
23238,carnation malted milk powder,16,0.9852187528613305,0.625,1.0,0.9583192114463438,0.625,1.0,0.02689954141498674,0.0,0.0
23268,carolina panthers jersey women sexy dress,16,0.668143776999687,0.6,1.0,0.8376348135676,0.8,1.0,-0.16949103656791298,-0.20000000000000007,0.0
23271,caroline leavitt with or without you,16,0.919658172221514,1.0,1.0,0.6752986148457022,0.5555555555555556,1.0,0.24435955737581183,0.4444444444444444,0.0
23278,carolyn t. brown,16,0.7945039219825195,1.0,1.0,0.6333183426878354,1.0,0.5,0.16118557929468413,0.0,0.5
23339,carriola niños grandes,14,0.9684038785434832,0.7692307692307693,1.0,0.9471643200863396,0.7692307692307693,1.0,0.021239558457143648,0.0,0.0
23390,carseats 3-in-1 infant through 100 lbs,16,0.9023249454433807,0.625,1.0,0.8397585434315616,0.625,1.0,0.06256640201181907,0.0,0.0
23590,caseta 3 way dimmer,16,0.9085781768482107,0.625,1.0,0.9128522585849833,0.625,1.0,-0.0042740817367725725,0.0,0.0
23633,casio solar,16,0.9045513367491769,0.625,1.0,0.9045513367491769,0.625,1.0,0.0,0.0,0.0
23675,cast iron pan hangers,16,0.8502630962844663,0.6,1.0,0.9229212128722895,0.6666666666666666,1.0,-0.07265811658782317,-0.06666666666666665,0.0
23680,cast iron skillet 6 inch,16,0.8880156958269811,0.625,1.0,0.9120131844100002,0.625,1.0,-0.02399748858301909,0.0,0.0
23767,cat car charms for rear view mirror,16,0.8989726566067059,0.625,1.0,0.9155681986298227,0.625,1.0,-0.01659554202311686,0.0,0.0
23818,cat furniture deterrent spray,16,0.9560094522876519,1.0,1.0,0.8881917374298554,0.875,1.0,0.06781771485779653,0.125,0.0
23930,cat6 crimping tool pass thru,16,0.9473635789834091,0.625,1.0,0.938968842132905,0.625,1.0,0.00839473685050407,0.0,0.0
23966,catclamp catalytic converter anti theft device lock,16,0.8204523766424648,0.8,1.0,0.8621868485261202,0.8,1.0,-0.04173447188365531,0.0,0.0
23970,cateye strada cadence mount,16,0.8165312417376857,0.5,1.0,0.8580407552240483,0.5833333333333334,1.0,-0.04150951348636267,-0.08333333333333337,0.0
23973,catfood tree,16,0.8970329925629481,0.6923076923076923,1.0,0.8514879573941432,0.6923076923076923,1.0,0.045545035168804926,0.0,0.0
24016,catty without coffee mug with spoon,40,0.6300028665607608,0.28125,0.5,0.6355971729521633,0.28125,0.5,-0.00559430639140257,0.0,0.0
24068,cbd calming treats,16,0.9002255399369975,0.625,1.0,0.9079033609220408,0.625,1.0,-0.0076778209850433266,0.0,0.0
24242,cell phone bag for men,16,0.8318477135310892,0.5714285714285714,1.0,0.7973791542685903,0.5714285714285714,1.0,0.03446855926249892,0.0,0.0
24271,cell phone ring unique,8,0.9958137648296173,1.0,1.0,1.0,1.0,1.0,-0.004186235170382746,0.0,0.0
24328,center punch,16,0.977915258848537,0.625,1.0,0.9325055893091646,0.625,1.0,0.04540966953937242,0.0,0.0
24378,ceracote,16,0.783876525203214,1.0,0.5,0.35851904946546137,0.5,0.5,0.4253574757377527,0.5,0.0
24421,cerave gentle cleanser,40,0.8991987231687164,0.2564102564102564,1.0,0.8638213605247348,0.2564102564102564,1.0,0.035377362643981614,0.0,0.0
24525,ch751 lock,16,0.9597696063936791,0.625,1.0,0.9570856191170051,0.625,1.0,0.0026839872766740713,0.0,0.0
24614,chair velvet,16,0.6514761457131938,0.45454545454545453,0.3333333333333333,0.6116023193019637,0.45454545454545453,0.2,0.03987382641123005,0.0,0.1333333333333333
24794,chandelier without lights,40,0.6835381846158708,0.2222222222222222,1.0,0.6467677370309163,0.2222222222222222,1.0,0.03677044758495451,0.0,0.0
24835,channel hooks,16,0.8625324063798632,0.8181818181818182,1.0,0.8021973161439687,0.6363636363636364,1.0,0.06033509023589445,0.18181818181818188,0.0
24867,chapstick tube,16,0.9407590001622356,0.625,1.0,0.899847008173386,0.625,1.0,0.04091199198884954,0.0,0.0
24940,charcoal pet filter,16,0.9191273815716655,0.625,1.0,0.8603606793705225,0.625,1.0,0.058766702201142995,0.0,0.0
24994,charles angels,16,0.9230390249121355,0.8888888888888888,1.0,0.8117214645716767,0.7777777777777778,1.0,0.11131756034045881,0.11111111111111105,0.0
25101,cheap onesies baby girl,16,1.0,0.6666666666666666,1.0,0.9672920058722755,0.6666666666666666,1.0,0.032707994127724516,0.0,0.0
25110,cheap sexy lingerie for women under 5 dollars,16,0.92663607790064,0.625,1.0,0.9537125187088152,0.625,1.0,-0.027076440808175284,0.0,0.0
25113,cheap small hydro flask,16,0.8532721558012799,0.6,0.5,0.8532721558012799,0.6,0.5,0.0,0.0,0.0
25127,cheap vintage posters,16,0.92663607790064,0.625,1.0,0.9537125187088152,0.625,1.0,-0.027076440808175284,0.0,0.0
25154,checkers skirt,40,0.911793259090854,0.2702702702702703,1.0,0.9282056735743376,0.2702702702702703,1.0,-0.01641241448348363,0.0,0.0
25159,cheddar popcorn salt,16,0.852545449182642,0.6,1.0,0.7306006571801079,0.6,0.5,0.12194479200253405,0.0,0.5
25168,cheep light yellow heels,16,0.89491863728114,0.6,1.0,0.8471986980481802,0.6,1.0,0.04771993923295981,0.0,0.0
25198,cheese dome with base,15,0.9517825025223118,0.6666666666666666,1.0,0.9716189607861263,0.6666666666666666,1.0,-0.019836458263814527,0.0,0.0
25220,cheetah print heels for women,16,0.9401742983047275,0.625,1.0,0.9439492378436964,0.625,1.0,-0.0037749395389689022,0.0,0.0
25225,cheetah print two piece set skirt and top,16,0.8978723989109328,0.8888888888888888,1.0,0.9345752170580772,1.0,1.0,-0.03670281814714438,-0.11111111111111116,0.0
25245,chef jackets for men,16,0.9297308230593427,0.625,1.0,0.8930233621137135,0.625,1.0,0.03670746094562927,0.0,0.0
25279,chemical peel kits,16,0.9967121516084296,0.625,1.0,0.9203394069457872,0.625,1.0,0.07637274466264243,0.0,0.0
25298,chernobyl,33,0.914856882358379,0.4090909090909091,1.0,0.8936499529587284,0.4090909090909091,1.0,0.02120692939965063,0.0,0.0
25305,cherries without stems,40,0.8760168987628689,0.32142857142857145,1.0,0.8582437084932817,0.32142857142857145,1.0,0.017773190269587236,0.0,0.0
25345,chess table sets for adults,16,0.9452601378978908,0.625,1.0,0.9768562593544076,0.625,1.0,-0.0315961214565168,0.0,0.0
25407,chia and flax seed blend,9,0.9882891065490079,1.0,1.0,0.9882891065490079,1.0,1.0,0.0,0.0,0.0
25415,chic throw pillows,40,0.7015103182580353,0.21739130434782608,1.0,0.7713210055292575,0.2608695652173913,1.0,-0.0698106872712222,-0.043478260869565216,0.0
25422,chicago blackhawks birthday decor,16,0.7607321320269576,0.6666666666666666,1.0,0.49958629875859095,0.5555555555555556,0.3333333333333333,0.2611458332683666,0.11111111111111105,0.6666666666666667
25478,chicken noodle soup mix,16,0.9496558583709696,0.625,1.0,0.9537915794915526,0.625,1.0,-0.004135721120583025,0.0,0.0
25512,chikdrens watch,16,0.7799082337019199,0.6,0.5,0.7799082337019199,0.6,0.5,0.0,0.0,0.0
25528,child safety harness for toddlers,16,1.0,0.625,1.0,1.0,0.625,1.0,0.0,0.0,0.0
25610,childs microphone with stand,40,0.9787930706003494,0.29411764705882354,1.0,0.9292051019868253,0.2647058823529412,1.0,0.0495879686135241,0.02941176470588236,0.0
25623,chilled beer glasses,40,0.8630743673723873,0.23076923076923078,1.0,0.9371852826240948,0.2564102564102564,1.0,-0.07411091525170754,-0.025641025641025605,0.0
25637,china chilli,16,0.6353241744551738,0.7,0.5,0.5713368668226864,0.5,1.0,0.06398730763248739,0.19999999999999996,-0.5
25658,chinese power bank,16,0.8722068345084167,0.6,1.0,0.8655505867784571,0.6,1.0,0.006656247729959652,0.0,0.0
25661,chinese steamer,16,0.9616701261829397,0.625,1.0,0.9263140646559703,0.625,1.0,0.03535606152696935,0.0,0.0
25665,chinese writing pad,16,0.807809236516156,0.7,1.0,0.8521423498525201,0.8,1.0,-0.04433311333636414,-0.10000000000000009,0.0
25698,chlorhexidine gluconate soap,16,0.9819309044697602,0.625,1.0,0.9657707470924094,0.625,1.0,0.01616015737735077,0.0,0.0
25783,chop 2 pot,16,0.4972266692153796,0.75,0.3333333333333333,0.3804700261290254,0.5,0.5,0.1167566430863542,0.25,-0.16666666666666669
25822,christian journal stickers,16,0.9363792118010482,0.6428571428571429,1.0,1.0,0.7142857142857143,1.0,-0.06362078819895178,-0.0714285714285714,0.0
25867,christmas cookies guft,16,0.9233163129857754,0.625,1.0,0.8959939299970946,0.625,1.0,0.027322382988680838,0.0,0.0
25922,christmas gold mesh ribbon spool,16,0.9782424770346264,0.625,1.0,0.9391631584614769,0.625,1.0,0.0390793185731495,0.0,0.0
26061,christmas totes with lids,16,0.9323520898217177,0.625,1.0,0.9073475486981502,0.625,1.0,0.025004541123567536,0.0,0.0
26086,christmas trees 8ft,16,0.9483165558221784,0.625,1.0,0.9065012147745302,0.625,1.0,0.04181534104764828,0.0,0.0
26144,chromecast,43,0.793495269147787,0.21212121212121213,1.0,0.715203153412636,0.18181818181818182,1.0,0.07829211573515105,0.030303030303030304,0.0
26151,chronograph shooting,16,0.9322447939063514,1.0,1.0,0.944573515341395,1.0,1.0,-0.0123287214350436,0.0,0.0
26243,cia,16,0.892772141206916,0.6428571428571429,1.0,0.7799082337019199,0.6428571428571429,0.5,0.11286390750499609,0.0,0.5
26440,citizen women's eco-drive silicone strap watch,16,0.826450769246876,0.7272727272727273,1.0,0.9048709592357554,0.8181818181818182,1.0,-0.07842018998887945,-0.09090909090909094,0.0
26464,citrus potting soil mix,16,0.9550313630547734,0.625,1.0,0.95965068787752,0.625,1.0,-0.004619324822746518,0.0,0.0
26508,clairol purple shampoo for blonde hair,40,0.9127306419243082,0.25,1.0,0.8336577557830873,0.25,1.0,0.07907288614122088,0.0,0.0
26565,classic brand flannel jacket,16,0.5345589026575245,0.7142857142857143,0.5,0.5766936167954835,0.7142857142857143,0.5,-0.042134714137958995,0.0,0.0
26631,clay blair,16,0.8817137305358649,0.8,1.0,0.8532141674237365,0.8,1.0,0.028499563112128423,0.0,0.0
26680,clear acrylic tritan tumblers,16,1.0,0.625,1.0,1.0,0.625,1.0,0.0,0.0,0.0
26728,clear incandescent light bulbs 60 watt,16,0.9759843783065584,0.625,1.0,0.9068896362382939,0.625,1.0,0.06909474206826449,0.0,0.0
26734,clear jewelry beads,16,0.9076747271337097,0.6666666666666666,1.0,0.9640790567231979,0.6666666666666666,1.0,-0.05640432958948827,0.0,0.0
26745,clear mk tote,16,0.8283608764571869,0.5714285714285714,1.0,0.834335378942308,0.5714285714285714,1.0,-0.005974502485121103,0.0,0.0
26820,cleo le-tan,10,0.38162168437253385,1.0,0.14285714285714285,0.411833840435435,1.0,0.16666666666666666,-0.03021215606290112,0.0,-0.023809523809523808
26823,clergy burnout,16,0.6804426793756725,0.5555555555555556,1.0,0.8317213551625278,0.7777777777777778,1.0,-0.15127867578685528,-0.2222222222222222,0.0
26852,cliff bars chocolate chip value pack,40,0.9091099481035073,0.25,1.0,0.9507235030281824,0.25,1.0,-0.04161355492467511,0.0,0.0
26933,clit sucking tot,15,0.7951657524814092,0.7272727272727273,1.0,0.7137916239064344,0.6363636363636364,1.0,0.08137412857497484,0.09090909090909094,0.0
26944,cloak without hood,46,0.48439318762429806,0.2,1.0,0.49092557041382945,0.26666666666666666,0.5,-0.006532382789531388,-0.06666666666666665,0.5
26967,clone a willy,23,0.5334703418751253,0.5454545454545454,1.0,0.4682001002835619,0.36363636363636365,1.0,0.06527024159156342,0.18181818181818177,0.0
26985,clorox xtra blue chlorinating granules,16,0.9357546747276766,0.625,1.0,0.9313110006536346,0.625,1.0,0.004443674074042003,0.0,0.0
26991,closet door guides for carpet,16,0.7430384388489774,0.6363636363636364,0.5,0.7650272979916417,0.6363636363636364,1.0,-0.021988859142664352,0.0,-0.5
27143,co2 canister chain,16,0.7141683899119816,1.0,0.5,0.8502983370860305,1.0,1.0,-0.13612994717404892,0.0,-0.5
27144,co2 cartridge,16,0.946337780834781,0.625,1.0,0.917341826463684,0.625,1.0,0.028995954371097032,0.0,0.0
27168,coach wallet mens trifold,16,1.0,0.625,1.0,1.0,0.625,1.0,0.0,0.0,0.0
27175,coaching confidence,16,0.945036770628007,0.7142857142857143,1.0,0.9649496804091009,0.7142857142857143,1.0,-0.019912909781093946,0.0,0.0
27186,coastal napkin holders for kitchen,40,0.8013801603695696,0.2564102564102564,1.0,0.7773912370296576,0.2564102564102564,1.0,0.023988923339911983,0.0,0.0
27187,coaster break hub,16,0.8624821575124472,0.7,1.0,0.8869563732232948,0.7,1.0,-0.024474215710847624,0.0,0.0
27207,coax to hdmi converter for tv,16,0.636586560597842,0.5833333333333334,1.0,0.5028146442360918,0.5833333333333334,0.5,0.13377191636175023,0.0,0.5
27221,cobblestone area rug,16,0.9901095028504737,0.625,1.0,0.9916434438239524,0.625,1.0,-0.001533940973478698,0.0,0.0
27271,cochoa leather,16,0.9633632145265492,0.625,1.0,0.9956810520858584,0.625,1.0,-0.03231783755930928,0.0,0.0
27292,cocktail napkins basketball,16,0.9548486813070854,0.7142857142857143,1.0,0.9028613446110746,0.6428571428571429,1.0,0.051987336696010855,0.0714285714285714,0.0
27310,cocobeans,16,0.7872256073229894,0.6923076923076923,1.0,0.885988329884735,0.6923076923076923,1.0,-0.09876272256174556,0.0,0.0
27313,cocokind chlorophyll mask,40,0.8734869865479568,0.375,1.0,0.8520988694059892,0.375,1.0,0.021388117141967533,0.0,0.0
27384,coffee filters small 5 cup,39,0.925957390686689,0.2631578947368421,1.0,0.948475220140534,0.2631578947368421,1.0,-0.02251782945384495,0.0,0.0
27407,coffee maker pods single serve,16,0.9060587430045614,0.6153846153846154,1.0,0.7929085901756288,0.5384615384615384,1.0,0.1131501528289326,0.07692307692307698,0.0
27439,coffee sugar free syrups pump,16,0.9333310853796385,0.625,1.0,0.9100039515781766,0.625,1.0,0.023327133801461897,0.0,0.0
27494,coin frame chain,16,0.8200685179888282,0.8,1.0,0.6780494608112011,0.6,1.0,0.14201905717762708,0.20000000000000007,0.0
27546,colapsable measuring cups,16,0.9273278618225252,0.6666666666666666,1.0,0.8753142497301399,0.6,1.0,0.05201361209238531,0.06666666666666665,0.0
27594,cold gear boys shirt,16,0.9005033215744148,0.625,1.0,0.8666589172302495,0.625,1.0,0.03384440434416536,0.0,0.0
27659,colerd shirts for men,16,0.8168920233143196,0.875,1.0,0.9244787319285119,1.0,1.0,-0.10758670861419228,-0.125,0.0
27742,collar tees for men,16,0.9411338959973068,0.625,1.0,0.8839269150077771,0.625,1.0,0.0572069809895297,0.0,0.0
27764,collection edition barbie nutcraker,16,0.963385466235431,1.0,1.0,0.912450766316183,1.0,1.0,0.05093469991924793,0.0,0.0
27776,college dorm room essentials,16,0.8603818544462509,0.8,1.0,0.8318477135310891,0.8,1.0,0.02853414091516182,0.0,0.0
27835,color contact lenses,16,0.8763601202887145,0.7777777777777778,1.0,0.8545242571552495,0.6666666666666666,1.0,0.021835863133464972,0.11111111111111116,0.0
27836,color contacts lenses for eyes non prescription,54,0.7335688233342653,0.20689655172413793,1.0,0.901447006056365,0.27586206896551724,1.0,-0.16787818272209964,-0.06896551724137931,0.0
27950,colster,16,0.8095154996253874,0.5384615384615384,0.5,0.8708453755504382,0.5384615384615384,1.0,-0.06132987592505079,0.0,-0.5
27954,columbia,16,0.3425347879066281,0.42857142857142855,0.3333333333333333,0.43122400921989024,0.5714285714285714,0.5,-0.08868922131326212,-0.14285714285714285,-0.16666666666666669
28156,commercial steam cleaner detergent,40,0.4013646676127341,0.21052631578947367,0.5,0.5256579829274478,0.3157894736842105,0.5,-0.12429331531471371,-0.10526315789473684,0.0
28171,communion wafers,16,0.877091894241954,0.625,1.0,0.8844323245726382,0.625,1.0,-0.007340430330684211,0.0,0.0
28210,compass bead bracelets couples,16,0.9487202912452163,0.625,1.0,0.8932005908253849,0.625,1.0,0.05551970041983134,0.0,0.0
28258,compound bow strings and cables,16,0.8743113877186194,0.7142857142857143,1.0,0.6749492155183558,0.42857142857142855,1.0,0.19936217220026353,0.28571428571428575,0.0
28316,compressor wire terminal repair kit,16,0.7263127902136712,0.8571428571428571,0.5,0.7263127902136712,0.8571428571428571,0.5,0.0,0.0,0.0
28334,computer case water cooling,16,0.900111689925338,0.625,1.0,0.8360503048218028,0.625,1.0,0.0640613851035352,0.0,0.0
28364,computer is not a typewriter,15,0.8275709729473069,0.75,1.0,0.8275709729473069,0.75,1.0,0.0,0.0,0.0
28368,computer mit,16,0.9356425405929248,0.8,1.0,0.9387637876009838,0.8,1.0,-0.003121247008058936,0.0,0.0
28389,computer sleeve 13 inch hp envy,16,0.7498332161483845,0.6363636363636364,1.0,0.8412820449041767,0.7272727272727273,1.0,-0.09144882875579219,-0.09090909090909094,0.0
28421,concealed belt bursa 380 thunder,16,0.9716189607861263,0.625,1.0,0.9452601378978908,0.625,1.0,0.026358822888235545,0.0,0.0
28466,cone filling machine,40,0.8913319177463098,0.3333333333333333,1.0,0.8643145546088337,0.3333333333333333,1.0,0.027017363137476158,0.0,0.0
28507,coniar hairbrush,16,0.9902867315621451,0.625,1.0,0.8593684580894199,0.625,1.0,0.13091827347272522,0.0,0.0
28508,conjunctivitis eye drops for dogs,16,0.9755453593002134,0.625,1.0,0.9463191373920201,0.625,1.0,0.02922622190819324,0.0,0.0
28522,connect headset to another device,16,0.5208740607055115,0.5714285714285714,0.5,0.5160592384474268,0.7142857142857143,0.3333333333333333,0.004814822258084606,-0.1428571428571429,0.16666666666666669
28523,connection without contact,16,0.6280335914305488,0.5,1.0,0.6147959277656876,0.5,1.0,0.013237663664861232,0.0,0.0
28564,contact,16,0.977915258848537,0.625,1.0,0.9787930706003494,0.625,1.0,-0.0008778117518123407,0.0,0.0
28590,contemporary living room table,16,0.933745776545611,0.6428571428571429,1.0,0.92663607790064,0.6428571428571429,1.0,0.007109698644971019,0.0,0.0
28656,conversations with friends,16,0.9375779842738845,0.7692307692307693,1.0,0.9557350436055042,0.7692307692307693,1.0,-0.018157059331619707,0.0,0.0
28679,converse shoes for women pink,16,0.9292578780090285,0.7142857142857143,1.0,0.8115558478722845,0.5714285714285714,1.0,0.11770203013674396,0.1428571428571429,0.0
28779,cool blue led headlights,41,1.0,0.24390243902439024,1.0,0.9787930706003494,0.24390243902439024,1.0,0.02120692939965063,0.0,0.0
28805,cool picture ideas for instagram,19,0.5995157078328885,0.75,0.5,0.6672733306170803,0.75,1.0,-0.06775762278419173,0.0,-0.5
28897,coopertone face stick,16,0.990053913939746,0.625,1.0,0.8931457177773189,0.625,1.0,0.09690819616242707,0.0,0.0
28965,coppertone spf 50 limited edition,16,0.8803485966094552,0.625,1.0,0.8803485966094552,0.625,1.0,0.0,0.0,0.0
28968,coq10 without soy,39,0.9768562593544076,0.2702702702702703,1.0,0.9755453593002134,0.2702702702702703,1.0,0.0013109000541942084,0.0,0.0
29064,corduroy jacket,16,0.9237136809118807,0.6666666666666666,1.0,0.9152329079220239,0.6666666666666666,1.0,0.008480772989856722,0.0,0.0
29116,corksickle coffee tumbler,40,0.96331803895032,0.2564102564102564,1.0,0.7466402982674604,0.2564102564102564,1.0,0.2166777406828596,0.0,0.0
29119,corn dog sunglasses,16,0.6146413978259906,1.0,0.3333333333333333,0.45483219026203,1.0,0.125,0.1598092075639606,0.0,0.20833333333333331
29130,cornel sanders costume kids,16,0.8367213790506124,0.6,1.0,0.8832607609018621,0.6,1.0,-0.04653938185124973,0.0,0.0
29278,corta unas para pies,28,0.748312112245403,0.34615384615384615,0.5,0.7578234925504568,0.34615384615384615,0.5,-0.00951138030505383,0.0,0.0
29337,cortizone cream,16,0.9813475741257186,0.625,1.0,0.9013099071205433,0.625,1.0,0.08003766700517534,0.0,0.0
29400,costume flamingo girls,16,0.6222736665307936,0.8571428571428571,0.3333333333333333,0.5078586807642304,0.7142857142857143,0.3333333333333333,0.11441498576656328,0.1428571428571428,0.0
29404,costume hooded robes for men,16,0.9371852826240948,0.6666666666666666,1.0,0.948475220140534,0.6666666666666666,1.0,-0.011289937516439141,0.0,0.0
29418,costumes for women freddy,16,0.8434627799407322,0.6,1.0,0.8484359194787113,0.6666666666666666,1.0,-0.0049731395379791765,-0.06666666666666665,0.0
29426,cot cushion,16,0.6072756049254003,0.7777777777777778,0.5,0.4371489800154313,0.5555555555555556,0.3333333333333333,0.17012662490996905,0.2222222222222222,0.16666666666666669
29502,cotton sleep wear,16,0.8689072001178979,0.625,1.0,0.8591416672098046,0.625,1.0,0.009765532908093344,0.0,0.0
29517,cotufera,15,0.8487524751529383,0.6666666666666666,1.0,0.8275455457532876,0.6666666666666666,1.0,0.02120692939965063,0.0,0.0
29535,couch pillows set of 4,49,0.7540962185742315,0.21875,0.5,0.7013133146827744,0.1875,0.5,0.05278290389145712,0.03125,0.0
29568,counter top tile,16,0.9605744242260119,0.8333333333333334,1.0,0.7937789739568236,0.6666666666666666,0.5,0.1667954502691883,0.16666666666666674,0.5
29574,countertop dishcloth drying rack,16,0.9847422464622778,0.625,1.0,0.9975228609646487,0.625,1.0,-0.01278061450237089,0.0,0.0
29588,country life tropical papaya,16,1.0,0.625,1.0,1.0,0.625,1.0,0.0,0.0,0.0
29609,couples necklaces,16,0.9684038785434832,0.625,1.0,0.9684038785434832,0.625,1.0,0.0,0.0,0.0
29612,couples robes set king and queen,16,0.7853146333283352,0.5714285714285714,1.0,0.7831748086584109,0.5714285714285714,1.0,0.0021398246699242396,0.0,0.0
29629,coustume socks,16,0.9051835495894204,0.7142857142857143,1.0,0.9127306419243082,0.7142857142857143,1.0,-0.007547092334887817,0.0,0.0
29653,cover up makeup stick,16,0.910151866169061,0.625,1.0,0.9669400280728928,0.625,1.0,-0.056788161903831846,0.0,0.0
29678,cow paper plate,16,0.8681309222972423,0.6,1.0,0.7784816941645585,0.6,1.0,0.08964922813268383,0.0,0.0
29690,cowboy action figure,16,0.9421111095506693,0.625,1.0,0.9316277775573523,0.625,1.0,0.01048333199331708,0.0,0.0
29741,cozy hoodie women,16,0.9245736062770878,0.6428571428571429,1.0,0.9938203652479539,0.7142857142857143,1.0,-0.06924675897086607,-0.0714285714285714,0.0
29763,cpap wisp headgear,15,0.9213878312793053,0.875,1.0,0.92188282238727,0.875,1.0,-0.0004949911079646929,0.0,0.0
29853,cramp defense for leg cramps,40,0.9071731368575655,0.2631578947368421,1.0,0.908050948609378,0.2631578947368421,1.0,-0.0008778117518124517,0.0,0.0
29856,cranberry faux flowers,16,1.0,0.625,1.0,0.9295204907858209,0.625,1.0,0.07047950921417911,0.0,0.0
29873,crash bandicoot ps1 game,16,0.9204793799817091,0.6666666666666666,1.0,0.9608235269056491,0.6666666666666666,1.0,-0.04034414692393995,0.0,0.0
29908,crayola metallic markers,40,0.9787930706003494,0.2631578947368421,1.0,0.9787930706003494,0.2631578947368421,1.0,0.0,0.0,0.0
29922,crazy cat lady costume,16,0.6841477227431814,0.5833333333333334,1.0,0.7407780327805289,0.5833333333333334,1.0,-0.05663031003734753,0.0,0.0
29959,create 365 planner mini accessories,40,0.908050948609378,0.2647058823529412,1.0,0.9313758769972874,0.2647058823529412,1.0,-0.02332492838790945,0.0,0.0
30086,crib sound machine,40,0.9316277775573523,0.2564102564102564,1.0,0.9537125187088152,0.2564102564102564,1.0,-0.022084741151462972,0.0,0.0
30094,cricket phones,22,0.9240532084982401,0.45454545454545453,1.0,0.9471969491438326,0.45454545454545453,1.0,-0.023143740645592437,0.0,0.0
30105,cricut easy press 12,15,0.8454256604216018,0.7272727272727273,1.0,0.84860265890399,0.7272727272727273,1.0,-0.0031769984823881714,0.0,0.0
30113,cricut maker accessories,16,0.96331803895032,0.625,1.0,0.9537125187088152,0.625,1.0,0.00960552024150474,0.0,0.0
30125,cricut tools,27,0.9114798476518309,0.5,1.0,0.856455455932164,0.4444444444444444,1.0,0.05502439171966689,0.05555555555555558,0.0
30140,crimson earrings,16,1.0,0.6666666666666666,1.0,1.0,0.6666666666666666,1.0,0.0,0.0,0.0
30217,crock sandles women clearance,40,0.9463191373920201,0.2564102564102564,1.0,0.8678693756994968,0.2564102564102564,1.0,0.07844976169252327,0.0,0.0
30225,crocodile belt,15,0.9642163786893302,0.6666666666666666,1.0,0.947822293573264,0.6666666666666666,1.0,0.016394085116066215,0.0,0.0
30247,crocs purple,16,1.0,0.625,1.0,0.9787930706003494,0.625,1.0,0.02120692939965063,0.0,0.0
30297,crosman pellet pistol 177,16,0.883588840151208,0.8571428571428571,1.0,0.9374682645999085,1.0,1.0,-0.05387942444870053,-0.1428571428571429,0.0
30326,cross tie tops for women,16,0.9691563988333308,0.7692307692307693,1.0,0.987655918305024,0.7692307692307693,1.0,-0.01849951947169315,0.0,0.0
30356,crosswave bissell,16,0.7796594550871836,0.5555555555555556,1.0,0.8358292748090808,0.5555555555555556,1.0,-0.05616981972189716,0.0,0.0
30380,cruise accessories for room,16,0.7338381252682711,0.6666666666666666,1.0,0.5497655832101642,0.6666666666666666,0.5,0.18407254205810686,0.0,0.5
30396,crutch pads underarm,16,0.7645708157107939,0.7,0.5,0.7442445647210824,0.7,0.5,0.020326250989711525,0.0,0.0
30410,crybaby lil peep hoodie,16,0.8668103762053675,0.6923076923076923,1.0,0.8904022416585923,0.6923076923076923,1.0,-0.02359186545322478,0.0,0.0
30415,crystal 10 malt,16,0.8541147827687537,0.8,1.0,0.8040783681668731,0.7,1.0,0.050036414601880685,0.10000000000000009,0.0
30425,crystal bracelet bkack quartz,16,0.6919471470087283,0.6363636363636364,1.0,0.6608469578727881,0.6363636363636364,1.0,0.03110018913594015,0.0,0.0
30481,ctt hydration,30,0.8770481092871156,0.391304347826087,1.0,0.7994759781811206,0.34782608695652173,1.0,0.07757213110599503,0.043478260869565244,0.0
30495,cuadro 30x40,16,0.9484714839582833,0.625,1.0,0.9654936622793014,0.625,1.0,-0.017022178321018155,0.0,0.0
30517,cuadros electricos,26,0.11284514134893525,0.25,0.1,0.11751610475642714,0.25,0.1111111111111111,-0.004670963407491888,0.0,-0.0111111111111111
30530,cuater shoes,16,0.8871940713711028,0.6,1.0,0.8759195979917094,0.6,1.0,0.011274473379393468,0.0,0.0
30677,cuisinart electric knife,20,0.9102464554748231,0.5,1.0,0.8034666743172155,0.4444444444444444,1.0,0.10677978115760756,0.05555555555555558,0.0
30680,cuisinart mini prep plus replacement parts,40,0.38256216474240745,0.23076923076923078,0.25,0.4142606675811873,0.23076923076923078,0.25,-0.03169850283877984,0.0,0.0
30719,cup and char pepperoni,14,0.9458126436748655,0.7142857142857143,1.0,0.9422700046100982,0.7142857142857143,1.0,0.003542639064767261,0.0,0.0
30753,cupcake toppers baby shower boy and girl,12,1.0,0.8333333333333334,1.0,0.9902867315621451,0.8333333333333334,1.0,0.009713268437854916,0.0,0.0
30760,cups for personalization,16,0.9856922824737547,0.625,1.0,0.9593352430163226,0.625,1.0,0.026357039457432174,0.0,0.0
30811,curly half wig,16,0.8999699972387643,0.6,1.0,0.8798860253323864,0.6,1.0,0.020083971906377895,0.0,0.0
30840,curtain for half moon door window,16,0.9008636626471187,0.625,1.0,0.9008636626471187,0.625,1.0,0.0,0.0,0.0
30855,curtain rods for windows 66 to 120 white,40,0.7896397324552794,0.2727272727272727,1.0,0.7946430672590404,0.2727272727272727,1.0,-0.005003334803761028,0.0,0.0
30861,curtains 40 inch length,16,0.9028895103048115,0.625,1.0,0.9121678503973486,0.625,1.0,-0.00927834009253714,0.0,0.0
30873,curtains white and gray,40,0.9311946892549704,0.25,1.0,0.9526603142741242,0.25,1.0,-0.021465625019153833,0.0,0.0
30890,curved tv wall mount 75,16,0.7937783965952929,0.6,1.0,0.7889891239286903,0.6,1.0,0.004789272666602673,0.0,0.0
30903,cushions black and white,40,0.9290059774489636,0.23684210526315788,1.0,0.9245907467019574,0.23684210526315788,1.0,0.004415230747006227,0.0,0.0
30905,cushmat playmat,40,0.8842880918314765,0.25,1.0,0.8641948777454749,0.25,1.0,0.02009321408600162,0.0,0.0
30915,custom biker patches for vest men,16,0.937634399960692,0.625,1.0,0.9285981845657806,0.625,1.0,0.009036215394911395,0.0,0.0
30948,customizable cup,16,0.9409305323111163,0.625,1.0,0.8730044734854441,0.625,1.0,0.06792605882567226,0.0,0.0
30991,cute black sweater simple,16,1.0,0.7692307692307693,1.0,1.0,0.7692307692307693,1.0,0.0,0.0,0.0
31002,cute clothes for teen girls,16,0.5,1.0,0.3333333333333333,0.4306765580733931,1.0,0.25,0.06932344192660689,0.0,0.08333333333333331
31013,cute food coloring book,16,0.9654244887907296,0.625,1.0,0.9375779842738845,0.625,1.0,0.027846504516845116,0.0,0.0
31026,cute iphone 6s case,30,0.9052116356304494,0.34615384615384615,1.0,0.8553475075669356,0.3076923076923077,1.0,0.04986412806351381,0.038461538461538436,0.0
31122,cutout stamp,16,1.0,0.8333333333333334,1.0,0.9504318313235595,0.8333333333333334,1.0,0.04956816867644054,0.0,0.0
31172,cybling womens shoes,39,0.3307461020797538,0.25,0.5,0.423330700050781,0.25,1.0,-0.0925845979710272,0.0,-0.5
31292,dab pen,16,0.7961389616949862,0.8333333333333334,1.0,0.809705983336076,0.8333333333333334,1.0,-0.013567021641089805,0.0,0.0
31313,dad son puzzle,16,0.5345457531340695,0.6666666666666666,0.5,0.4932386005291013,0.6666666666666666,0.3333333333333333,0.0413071526049682,0.0,0.16666666666666669
31381,daisy dream blush,19,0.590620070011944,0.6666666666666666,1.0,0.7535653767202585,0.6666666666666666,1.0,-0.16294530670831442,0.0,0.0
31402,dakine 100 l,16,0.9077607744977495,0.625,1.0,0.9103915877548706,0.625,1.0,-0.002630813257121112,0.0,0.0
31476,dance roller bag with hanging rack,16,0.9123264389529846,0.625,1.0,0.9705960875454309,0.625,1.0,-0.05826964859244632,0.0,0.0
31481,dancefloor,16,0.8165901947515999,0.6666666666666666,1.0,0.9052116356304494,0.75,1.0,-0.08862144087884949,-0.08333333333333337,0.0
31503,dangling gold earrings,16,0.8519675573955815,0.625,1.0,0.8519675573955815,0.625,1.0,0.0,0.0,0.0
31570,dark gray deep pocket sheets,16,0.947577942304471,0.625,1.0,0.9882339066585007,0.625,1.0,-0.04065596435402974,0.0,0.0
31576,dark green leggins capris,16,0.895572318182117,0.625,1.0,0.85427110349586,0.625,1.0,0.041301214686257026,0.0,0.0
31580,dark grey hand towels for bathroom,16,0.8406776198791424,0.6428571428571429,1.0,0.7293208366759081,0.6428571428571429,0.5,0.11135678320323428,0.0,0.5
31589,dark maple contact paper,16,0.8071770569562412,0.625,1.0,0.830753023036929,0.625,1.0,-0.023575966080687794,0.0,0.0
31627,dart case for steel darts,16,0.8014910969353672,1.0,0.3333333333333333,0.7666381187064668,1.0,0.2,0.03485297822890043,0.0,0.1333333333333333
31629,dart shield captain america,16,0.6100081886736385,0.5555555555555556,1.0,0.754987833891719,0.7777777777777778,1.0,-0.1449796452180805,-0.2222222222222222,0.0
31630,darth vader black series helmet,40,0.695382767718968,0.2608695652173913,1.0,0.5411398037538921,0.21739130434782608,1.0,0.15424296396507586,0.043478260869565216,0.0
31708,david dodson author,14,0.26406812257259094,0.5,0.25,0.26406812257259094,0.5,0.25,0.0,0.0,0.0
31716,david pastrnak jersey,16,0.5622009342344192,0.5454545454545454,0.5,0.5072725644537807,0.45454545454545453,0.5,0.05492836978063853,0.09090909090909088,0.0
31761,day pants for men,16,0.7923853816509697,0.6923076923076923,1.0,0.7778441289027663,0.6923076923076923,1.0,0.014541252748203393,0.0,0.0
31804,dbxing,41,0.28570512667016107,0.3333333333333333,0.3333333333333333,0.40062521418422603,0.3333333333333333,1.0,-0.11492008751406496,0.0,-0.6666666666666667
31905,dealt toolbox,16,0.8401247126531434,0.625,1.0,0.8079654212928308,0.625,1.0,0.03215929136031259,0.0,0.0
31949,decaf coffee subscribe and save,16,0.9317219174938032,0.625,1.0,0.9507235030281824,0.625,1.0,-0.01900158553437925,0.0,0.0
31972,deck installation tools,42,0.9368077570869662,0.34615384615384615,1.0,0.6473169103816825,0.23076923076923078,0.5,0.2894908467052837,0.11538461538461536,0.5
31976,deck post brackets 4x4,16,0.9061141373634362,0.625,1.0,0.96331803895032,0.625,1.0,-0.05720390158688382,0.0,0.0
32000,decor light word,16,0.8082297219170115,0.625,1.0,0.8329499062001333,0.625,1.0,-0.024720184283121838,0.0,0.0
32071,decoy bottles for alcohol,16,0.7231461552741725,0.5714285714285714,0.5,0.7973791542685903,0.5714285714285714,1.0,-0.07423299899441782,0.0,-0.5
32090,deep drawer organizer stackable,16,0.8096587696123865,0.6153846153846154,1.0,0.7432274859520548,0.5384615384615384,0.5,0.06643128366033169,0.07692307692307698,0.5
32141,deer patch hat,16,0.5894966717965162,1.0,0.5,0.2205605109996152,0.3333333333333333,0.2,0.368936160796901,0.6666666666666667,0.3
32275,delonghi la specialista,36,0.9787930706003494,0.29411764705882354,1.0,0.9262688623283958,0.29411764705882354,1.0,0.05252420827195359,0.0,0.0
32298,deltarune laptop stickers,16,0.9295204907858209,0.625,1.0,0.9392148330510314,0.625,1.0,-0.009694342265210487,0.0,0.0
32317,demon,16,1.0,0.7142857142857143,1.0,1.0,0.7142857142857143,1.0,0.0,0.0,0.0
32354,denman brush for curly hair,16,1.0,0.625,1.0,1.0,0.625,1.0,0.0,0.0,0.0
32422,deore 10 speed groupset,16,0.9634117275431491,0.625,1.0,1.0,0.625,1.0,-0.03658827245685092,0.0,0.0
32512,descendants toys,16,0.899171667774547,0.625,1.0,0.9031831372383415,0.625,1.0,-0.0040114694637944925,0.0,0.0
32519,desert boots men,16,0.946016570640822,0.625,1.0,0.9661035099304336,0.625,1.0,-0.020086939289611583,0.0,0.0
32539,design house architecture,15,0.977915258848537,0.8333333333333334,1.0,0.9194945971439098,0.75,1.0,0.05842066170462723,0.08333333333333337,0.0
32569,designer paper bathroom cups,16,1.0,0.9090909090909091,1.0,1.0,0.9090909090909091,1.0,0.0,0.0,0.0
32576,designer watches for men,16,0.8093047238416221,0.625,1.0,0.8870399055557403,0.625,1.0,-0.0777351817141182,0.0,0.0
32647,desk white,16,0.8924244579842303,0.625,1.0,0.9168790986840171,0.625,1.0,-0.024454640699786756,0.0,0.0
32751,detour protein bars,16,0.9286387618767193,0.625,1.0,0.9526603142741242,0.625,1.0,-0.02402155239740489,0.0,0.0
32828,dewalt dcb606,16,0.9407590001622356,0.625,1.0,0.9145479713144713,0.625,1.0,0.026211028847764273,0.0,0.0
32836,dewalt flexvolt,16,0.9452601378978908,0.625,1.0,0.9567083294488864,0.625,1.0,-0.011448191550995634,0.0,0.0
32887,dharma trading,16,0.8070415653030736,0.6,1.0,0.9339091084314125,0.6666666666666666,1.0,-0.12686754312833892,-0.06666666666666665,0.0
32901,dht blocker without biotin,40,0.7221578837723033,0.3333333333333333,1.0,0.6714001641148181,0.3333333333333333,1.0,0.05075771965748521,0.0,0.0
32946,diamon grills,16,0.9012522962967362,1.0,1.0,0.24913276910075038,0.2,1.0,0.6521195271959859,0.8,0.0
33041,diaper pail,16,0.8776453093708254,0.7,1.0,0.848445916148512,0.7,1.0,0.029199393222313463,0.0,0.0
33049,diapers are not forever board book,16,0.9616701261829397,0.6666666666666666,1.0,0.9513257425986477,0.6666666666666666,1.0,0.010344383584292016,0.0,0.0
33087,dice tower dungeons and dragons,16,0.9177283521840185,0.7272727272727273,1.0,0.7936667616451047,0.7272727272727273,1.0,0.12406159053891375,0.0,0.0
33093,dichroic film,16,0.9738672436737749,0.625,1.0,1.0,0.625,1.0,-0.026132756326225137,0.0,0.0
33096,dickensons witch hazel toner,12,0.9630280087714618,0.8333333333333334,1.0,0.9420749047543188,0.8333333333333334,1.0,0.02095310401714301,0.0,0.0
33138,die driver,16,0.6309297535714574,1.0,0.5,0.6309297535714574,1.0,0.5,0.0,0.0,0.0
33143,die without you christine gray,16,0.9015876721797929,0.6666666666666666,1.0,0.9451383062965899,0.6666666666666666,1.0,-0.04355063411679705,0.0,0.0
33147,diesel engine stand,40,0.8230258651049459,0.38095238095238093,1.0,0.6944429697645212,0.2857142857142857,1.0,0.12858289534042466,0.09523809523809523,0.0
33158,diet coke ginger lime 12 pack,16,0.9377996217281197,0.625,1.0,0.9772274824155974,0.625,1.0,-0.03942786068747772,0.0,0.0
33233,digital crockpot,16,1.0,0.625,1.0,0.8518935793467006,0.625,1.0,0.14810642065329938,0.0,0.0
33245,digital music,16,0.7855602322399045,0.6,1.0,0.770302713460415,0.6,1.0,0.015257518779489443,0.0,0.0
33287,dildo women,16,0.8650065797672026,0.6,1.0,0.8285568267393341,0.6,1.0,0.03644975302786857,0.0,0.0
33292,dillos massager,16,0.812116007367516,0.6666666666666666,1.0,0.800442312771173,0.6666666666666666,1.0,0.011673694596343043,0.0,0.0
33298,dim100,16,0.8761100666547398,0.6666666666666666,1.0,0.7317276096355346,0.5833333333333334,1.0,0.14438245701920516,0.08333333333333326,0.0
33361,dinosaur bike,16,0.7790387274041018,0.8,0.5,0.6530298163355467,0.6,0.25,0.12600891106855516,0.20000000000000007,0.25
33464,director chair without arms,39,0.5976645416099035,0.3333333333333333,1.0,0.5653821790189302,0.3333333333333333,1.0,0.03228236259097328,0.0,0.0
33485,dirt devil pro 3,15,0.8545830558554742,0.6923076923076923,1.0,0.8689072001178979,0.6923076923076923,1.0,-0.014324144262423677,0.0,0.0
33723,dishwashing gloves small,16,0.9630280087714618,0.625,1.0,0.9630280087714618,0.625,1.0,0.0,0.0,0.0
33748,disney backpack for women,16,0.92663607790064,0.625,1.0,0.8982550386867663,0.625,1.0,0.028381039213873693,0.0,0.0
33758,disney character sticker roll,16,0.9241092822452719,0.6666666666666666,1.0,0.9255838014293366,0.6,1.0,-0.0014745191840647154,0.06666666666666665,0.0
33781,disney girl clothes,14,0.9284090557629952,1.0,1.0,0.9434336918247568,1.0,1.0,-0.015024636061761631,0.0,0.0
33841,disney toys for girls,16,0.6698623505528798,0.5714285714285714,0.5,0.7298847435777548,0.5714285714285714,1.0,-0.060022393024875,0.0,-0.5
33897,disposable cake container,16,0.9471643200863396,0.625,1.0,0.9305687780632228,0.625,1.0,0.01659554202311675,0.0,0.0
33905,disposable coffee cups without lids,40,0.5354196210663966,0.2222222222222222,0.5,0.5707074072362753,0.2222222222222222,0.5,-0.03528778616987871,0.0,0.0
33958,divergent series dvd complete set,16,0.8817379720279235,0.8181818181818182,1.0,0.8416786369589774,0.7272727272727273,1.0,0.0400593350689461,0.09090909090909094,0.0
33989,diy air conditioner,16,0.7392430655445623,0.5714285714285714,1.0,0.6995635295833833,0.5714285714285714,1.0,0.03967953596117901,0.0,0.0
33990,diy arcade cabinet,40,0.8108582970019788,0.5,0.5,0.806984674510095,0.5,0.5,0.0038736224918837214,0.0,0.0
34004,diy plus walabot,40,0.7557781613517742,0.38095238095238093,0.5,0.7433144440291019,0.2857142857142857,1.0,0.012463717322672374,0.09523809523809523,-0.5
34036,dji air 2,39,0.8420486257150538,0.25806451612903225,1.0,0.8339525953655296,0.25806451612903225,1.0,0.00809603034952422,0.0,0.0
34077,dk ingredients,16,0.8560093078212923,0.6,1.0,0.9287092833614997,0.6666666666666666,1.0,-0.07269997554020746,-0.06666666666666665,0.0
34081,dk space eyewonder,11,1.0,1.0,1.0,0.9197207891481876,1.0,1.0,0.08027921085181244,0.0,0.0
34113,dnd hats for men,40,0.6589141481454215,0.24242424242424243,0.5,0.6565723141922425,0.21212121212121213,1.0,0.0023418339531789956,0.030303030303030304,-0.5
34202,doctor mcstuffins doll,40,0.9575861412006988,0.375,1.0,0.955830517697074,0.375,1.0,0.0017556235036249035,0.0,0.0
34209,doctor who pop figures,16,0.9305687780632227,0.6923076923076923,1.0,0.8364586133797036,0.6153846153846154,1.0,0.09411016468351907,0.07692307692307687,0.0
34215,doctors kit,16,0.5567198448434147,1.0,0.3333333333333333,0.41995854788324344,0.6,0.3333333333333333,0.1367612969601713,0.4,0.0
34230,dodge denali,16,0.6797435776526679,0.875,0.5,0.5336810674890174,0.625,0.5,0.14606251016365046,0.25,0.0
34486,dog office supplies,16,0.8164158462785959,0.6,1.0,0.8519276577045148,0.6,1.0,-0.03551181142591897,0.0,0.0
34515,dog prosthetic leg,41,0.3505223473265447,0.3333333333333333,0.5,0.33970413853666276,0.2222222222222222,0.5,0.010818208789881933,0.1111111111111111,0.0
34599,dog training snacks,16,1.0,0.6666666666666666,1.0,1.0,0.6666666666666666,1.0,0.0,0.0,0.0
34641,dogs and puppies grayscale coloring book,16,0.96331803895032,0.625,1.0,0.96331803895032,0.625,1.0,0.0,0.0,0.0
34694,doll needles long 7,41,0.8201195353789997,0.3225806451612903,1.0,0.8223082471850064,0.3225806451612903,1.0,-0.00218871180600666,0.0,0.0
34698,doll with bassinet,16,0.96331803895032,0.625,1.0,0.96331803895032,0.625,1.0,0.0,0.0,0.0
34705,dollin wig,16,0.8874582952544261,0.5714285714285714,1.0,0.733620752410735,0.5714285714285714,0.5,0.1538375428436911,0.0,0.5
34720,dolphin e10 pool acreena,16,0.768405352568418,0.5,1.0,0.7846630113799941,0.5,1.0,-0.016257658811576037,0.0,0.0
34728,dometic sink,16,0.7657968432138528,0.6666666666666666,1.0,0.7310681253087954,0.5555555555555556,1.0,0.03472871790505738,0.11111111111111105,0.0
34776,donkey costume,16,0.8819592016371967,0.6153846153846154,1.0,0.8736877593960308,0.6153846153846154,1.0,0.008271442241165827,0.0,0.0
34783,donnacha dennehy,16,0.8322037669213433,0.7272727272727273,1.0,0.7714993266134479,0.6363636363636364,1.0,0.06070444030789546,0.09090909090909094,0.0
34921,dorm refrigerator without freezer,16,0.5323675032269722,0.5,1.0,0.431372802129832,0.5,0.5,0.10099470109714026,0.0,0.5
34924,dorm room essentials for guys,16,0.6508205185601091,0.6666666666666666,1.0,0.7653606369886218,0.6666666666666666,1.0,-0.11454011842851264,0.0,0.0
34937,dorothy picnic basket,16,0.9705920544046998,0.7692307692307693,1.0,0.9821490166714711,0.7692307692307693,1.0,-0.011556962266771387,0.0,0.0
34954,dot echo,16,0.6758918746279929,0.5833333333333334,0.5,0.6827608144490052,0.5,1.0,-0.006868939821012221,0.08333333333333337,-0.5
34960,dot youth & kids motocross offroad street helmet,16,0.9738672436737749,0.625,1.0,1.0,0.625,1.0,-0.026132756326225137,0.0,0.0
34965,doterra frankincense,40,0.933564588803294,0.30303030303030304,1.0,0.9123576594036434,0.2727272727272727,1.0,0.02120692939965052,0.03030303030303033,0.0
34988,double d revolving,16,0.7968654716083999,0.5714285714285714,1.0,0.7829003751055817,0.5714285714285714,1.0,0.013965096502818186,0.0,0.0
35011,double protect ultra liquid,16,0.8017273252942376,0.6666666666666666,1.0,0.6006939027253606,0.5,1.0,0.20103342256887702,0.16666666666666663,0.0
35050,doughnuts fresh,40,0.9537125187088151,0.3,1.0,0.9134166588977729,0.26666666666666666,1.0,0.04029585981104222,0.033333333333333326,0.0
35089,downstream injector for pressure washer,16,0.8800456786592188,0.7272727272727273,1.0,0.8182198962070146,0.5454545454545454,1.0,0.06182578245220416,0.18181818181818188,0.0
35097,downton abbey style dress,40,0.930316877503158,0.2564102564102564,1.0,0.930316877503158,0.2564102564102564,1.0,0.0,0.0,0.0
35133,dr brown bags,16,0.8696363445736539,0.5384615384615384,1.0,0.8735998824634859,0.5384615384615384,1.0,-0.003963537889831947,0.0,0.0
35141,dr brown pacifiers 0-6 months,40,0.8911507300039928,0.25,1.0,0.8864060908197352,0.25,1.0,0.004744639184257604,0.0,0.0
35144,dr browns level 4nipples,16,0.930316877503158,0.6666666666666666,1.0,0.9286387618767193,0.6666666666666666,1.0,0.0016781156264386032,0.0,0.0
35262,dragon masters pern,15,0.8000341163657076,0.6666666666666666,1.0,0.7773365277054463,0.6666666666666666,1.0,0.022697588660261392,0.0,0.0
35281,dragonfly picks,16,0.8932005908253849,0.6,1.0,0.976416082725736,0.6666666666666666,1.0,-0.08321549190035105,-0.06666666666666665,0.0
35332,drawing pad computer,16,0.9421111095506693,0.625,1.0,0.9537125187088152,0.625,1.0,-0.011601409158145892,0.0,0.0
35375,dream soccer,16,0.9462009171700265,0.625,1.0,0.9462009171700265,0.625,1.0,0.0,0.0,0.0
35393,dredd,16,0.9537125187088152,0.625,1.0,0.9537125187088152,0.625,1.0,0.0,0.0,0.0
35437,dress shirts for women,16,0.6006100390200908,0.45454545454545453,1.0,0.5755133414885094,0.45454545454545453,1.0,0.02509669753158139,0.0,0.0
35465,dresses for party night,16,0.9093618486635722,0.625,1.0,0.8872771075121092,0.625,1.0,0.022084741151462972,0.0,0.0
35470,dresses for women party night sexy,16,0.7707079703037224,0.5714285714285714,1.0,0.8332408236862525,0.6428571428571429,1.0,-0.06253285338253012,-0.07142857142857151,0.0
35475,dresses to wear to a wedding,40,0.73057652749964,0.25,1.0,0.70748799608451,0.25,0.5,0.02308853141513001,0.0,0.5
35554,drinking jars with lids,16,0.910675000760741,0.6,1.0,0.9116418001157358,0.6,1.0,-0.000966799354994774,0.0,0.0
35572,drive belt troybuilt riding mower 46 inch lawn tractor,16,0.7277798421495798,0.875,1.0,0.8077902105454117,0.875,1.0,-0.08001036839583187,0.0,0.0
35719,dry shampoo oribe,16,0.9564733229155461,0.625,1.0,0.95965068787752,0.625,1.0,-0.0031773649619738498,0.0,0.0
35880,ducky one 2 mini white,16,0.9813162632348015,0.625,1.0,0.9813162632348015,0.625,1.0,0.0,0.0,0.0
35888,ducted dehumidifier,40,0.8814075961035845,0.23684210526315788,1.0,0.8807569949306625,0.23684210526315788,1.0,0.0006506011729220385,0.0,0.0
35964,dunhill desire red for men,24,0.8917841809040242,0.45454545454545453,1.0,0.8945573030871922,0.45454545454545453,1.0,-0.002773122183167942,0.0,0.0
35976,duo charcoal smoker cover,16,0.9008636626471187,0.625,1.0,0.9339091084314125,0.625,1.0,-0.0330454457842938,0.0,0.0
35984,duplicolor #47 paint,16,0.7934979468198553,0.5714285714285714,1.0,0.6926180540852904,0.5714285714285714,1.0,0.10087989273456488,0.0,0.0
36002,duracell powersource,16,0.942271122217258,0.7142857142857143,1.0,0.9547715182029446,0.7142857142857143,1.0,-0.012500395985686641,0.0,0.0
36011,duraliner bed liner,40,0.889209375741587,0.28125,1.0,0.7835890333044379,0.28125,0.5,0.10562034243714913,0.0,0.5
36085,dvb t2 antenne,16,0.946016570640822,0.6666666666666666,1.0,0.8485539307584402,0.6666666666666666,1.0,0.0974626398823818,0.0,0.0
36111,dvd yellowstone,16,0.9471643200863396,0.7142857142857143,1.0,0.942271122217258,0.7142857142857143,1.0,0.0048931978690816,0.0,0.0
36153,dxl big and tall,16,0.8989726566067059,0.625,1.0,0.9044360217369977,0.625,1.0,-0.005463365130291775,0.0,0.0
36240,dyson v10,27,0.7918978558079265,0.23529411764705882,1.0,0.819378428775028,0.29411764705882354,1.0,-0.02748057296710149,-0.05882352941176472,0.0
36262,e doll carrier backpacks,16,1.0,0.625,1.0,1.0,0.625,1.0,0.0,0.0,0.0
36322,eagles white knit hat,16,0.987182011756103,1.0,1.0,0.9899138256111094,1.0,1.0,-0.0027318138550064264,0.0,0.0
36430,earring cards,16,0.8803485966094552,0.625,1.0,0.8982550386867663,0.625,1.0,-0.01790644207731107,0.0,0.0
36441,earrings for girls without pierced ears,41,0.9526603142741242,0.3448275862068966,1.0,0.9524016186546209,0.3448275862068966,1.0,0.000258695619503313,0.0,0.0
36457,earth not a globe,40,0.9716189607861263,0.43478260869565216,1.0,0.9755453593002134,0.43478260869565216,1.0,-0.003926398514087048,0.0,0.0
36516,easy to open pill bottle,16,0.8549848592626543,0.6428571428571429,1.0,0.821726536735897,0.6428571428571429,1.0,0.03325832252675731,0.0,0.0
36538,eb7,16,0.8381668885602547,0.5714285714285714,1.0,0.8944836122933966,0.6428571428571429,1.0,-0.056316723733141894,-0.07142857142857151,0.0
36586,echo battery chainsaw,16,0.9443030708684972,0.7272727272727273,1.0,0.813340233937183,0.6363636363636364,1.0,0.13096283693131416,0.09090909090909094,0.0
36594,echo dot game buttons,16,0.8146574406888736,0.625,1.0,0.8090067675158505,0.625,1.0,0.005650673173023035,0.0,0.0
36614,echo show 8,24,0.8814802638931608,0.5,1.0,0.8814802638931608,0.5,1.0,0.0,0.0,0.0
36653,economic development is not for amateurs,8,0.911376264690665,1.0,1.0,0.890094237311963,1.0,1.0,0.021282027378701995,0.0,0.0
36657,ecos spray starch,16,1.0,0.6666666666666666,1.0,1.0,0.6666666666666666,1.0,0.0,0.0,0.0
36667,eczema bath treatment for kids,41,0.9112986599095142,0.24324324324324326,1.0,0.9021814372008533,0.24324324324324326,1.0,0.009117222708660888,0.0,0.0
36692,eden by cacharel,16,0.9388633982505333,0.8333333333333334,1.0,0.8385606490019016,0.75,1.0,0.1003027492486317,0.08333333333333337,0.0
36705,edgeswitch8,16,0.9567074662596682,0.625,1.0,0.8397585434315616,0.625,1.0,0.11694892282810654,0.0,0.0
36749,educated a memoir,17,0.7695712502242609,0.6363636363636364,1.0,0.7682269253321375,0.6363636363636364,1.0,0.0013443248921233275,0.0,0.0
36754,educational ball for baby,16,0.915280340773326,0.6923076923076923,1.0,0.9273764386085975,0.6923076923076923,1.0,-0.012096097835271546,0.0,0.0
36768,educator e collar,40,0.8532721558012799,0.2727272727272727,0.5,0.8532721558012799,0.2727272727272727,0.5,0.0,0.0,0.0
36808,egg slicer for hard boiled eggs oxo,20,0.7626840540725625,0.6428571428571429,1.0,0.7134394251604105,0.5714285714285714,1.0,0.04924462891215198,0.07142857142857151,0.0
36836,egr xterra,16,0.8160998935319689,0.75,1.0,0.894145952402549,0.875,1.0,-0.07804605887058014,-0.125,0.0
36844,egyptian makeup,16,0.6035672247776732,0.6,1.0,0.7797003652094391,0.8,1.0,-0.17613314043176587,-0.20000000000000007,0.0
36869,ek predator,16,0.9566671852577723,0.8181818181818182,1.0,0.9248243196850909,0.8181818181818182,1.0,0.031842865572681345,0.0,0.0
36872,eko stethoscope duo,16,0.7849278468123198,0.6,1.0,0.7290404973369536,0.6,1.0,0.05588734947536611,0.0,0.0
36983,elbow pads for dogs,16,0.773067104081334,0.6363636363636364,1.0,0.6901223827404803,0.5454545454545454,1.0,0.08294472134085362,0.09090909090909094,0.0
37001,eleavtor clips,16,0.7757386182436072,0.75,1.0,0.2622073738811406,0.5,0.16666666666666666,0.5135312443624667,0.25,0.8333333333333334
37027,electric blanket queen size,16,0.8899541168509599,0.7142857142857143,1.0,0.8803485966094552,0.7142857142857143,1.0,0.00960552024150474,0.0,0.0
37049,electric eraser refill,16,0.6928998645778385,0.5454545454545454,1.0,0.692022052826026,0.5454545454545454,1.0,0.0008778117518124517,0.0,0.0
37051,electric fence,16,0.7766818554622732,0.6,1.0,0.6657021998251024,0.5,0.5,0.11097965563717083,0.09999999999999998,0.5
37094,electric marijuana tobacco grinder,16,0.8701249883466592,0.6153846153846154,1.0,0.9363792118010482,0.6923076923076923,1.0,-0.06625422345438903,-0.07692307692307687,0.0
37114,electric piano yamaha psr,40,0.8705853157443364,0.2631578947368421,1.0,0.6913024951087703,0.23684210526315788,1.0,0.1792828206355661,0.02631578947368421,0.0
37198,electrolyte powder without stevia,40,0.8026529766635089,0.26666666666666666,1.0,0.8211488061059302,0.3,1.0,-0.01849582944242134,-0.033333333333333326,0.0
37202,electrolyte tablets chewable,16,1.0,0.625,1.0,1.0,0.625,1.0,0.0,0.0,0.0
37284,elephate smoke pipe,16,0.9674679834891694,1.0,1.0,0.7653606369886218,0.6666666666666666,1.0,0.20210734650054762,0.33333333333333337,0.0
37319,elf on shelf pajamas,16,0.8044676778378328,0.6,1.0,0.7863392451329398,0.6,1.0,0.01812843270489295,0.0,0.0
37345,eliptical exercise machine for home,16,0.9179380981781464,0.625,1.0,0.8735874281329035,0.625,1.0,0.04435067004524296,0.0,0.0
37348,elite bmx bikes 20 inch,16,0.9619660562734437,0.6666666666666666,1.0,0.9607616619828268,0.6666666666666666,1.0,0.001204394290616917,0.0,0.0
37353,elitefts wrist,40,0.5206230762913118,0.26666666666666666,0.5,0.5971311168710478,0.23333333333333334,1.0,-0.07650804057973604,0.033333333333333326,-0.5
37361,elk bo,16,0.8927537907700457,1.0,1.0,0.7315682114753617,1.0,0.5,0.16118557929468402,0.0,0.5
37377,elliott sign,16,0.98184832424553,1.0,1.0,0.9374130297304556,1.0,1.0,0.04443529451507444,0.0,0.0
37378,ellipsis 10 tablet charger,16,0.872861075356209,0.7272727272727273,1.0,0.8387481383927144,0.6363636363636364,1.0,0.0341129369634946,0.09090909090909094,0.0
37389,elmers glue stick .77oz,16,0.9358110764311584,0.625,1.0,0.8573105604887954,0.625,1.0,0.07850051594236296,0.0,0.0
37463,embroidered collars for dogs,16,0.9210641928176073,0.625,1.0,0.8745248109663576,0.625,1.0,0.04653938185124973,0.0,0.0
37499,emergency keychain car escape tool,16,0.9477344873475498,0.6,1.0,0.9368077570869662,0.6,1.0,0.010926730260583661,0.0,0.0
37533,eminem iphone 6 case,16,0.8374379310245964,0.5714285714285714,1.0,0.7890916865312605,0.5714285714285714,1.0,0.04834624449333591,0.0,0.0
37535,eminem music to be murdered by album,16,0.9930783166417604,1.0,1.0,1.0,1.0,1.0,-0.0069216833582396164,0.0,0.0
37569,empire waist dress,16,0.8175902139305353,0.6666666666666666,1.0,0.8973208359745616,0.75,1.0,-0.07973062204402626,-0.08333333333333337,0.0
37588,emt pants,16,0.9437576190259305,0.625,1.0,0.9718788095129651,0.625,1.0,-0.028121190487034653,0.0,0.0
37693,enfamil polyvisol without iron,40,0.659669849825616,0.25806451612903225,1.0,0.7285864055314198,0.25806451612903225,1.0,-0.0689165557058038,0.0,0.0
37745,english tea set,16,0.8301969910304376,0.6,1.0,0.8507592180964663,0.6666666666666666,1.0,-0.020562227066028615,-0.06666666666666665,0.0
37774,ensimas dijestibas organica,28,0.7732985242004862,0.36,1.0,0.8867195022587583,0.4,1.0,-0.11342097805827211,-0.040000000000000036,0.0
37776,ensure para adultos mayores,28,0.9452601378978908,0.37037037037037035,1.0,0.9454862044599013,0.37037037037037035,1.0,-0.00022606656201051845,0.0,0.0
37817,enya a day without rain cd,12,0.92522367554219,0.9,1.0,0.8788006763177869,0.8,1.0,0.04642299922440307,0.09999999999999998,0.0
37876,epson 702 ink cartridges,16,0.8748032409025883,0.625,1.0,0.8478333285894862,0.625,1.0,0.026969912313102085,0.0,0.0
37885,epson printer xp340,16,0.9083247466157296,0.875,1.0,0.9354379643371503,1.0,1.0,-0.027113217721420724,-0.125,0.0
37892,epson xp255,16,0.31265304885460576,0.5,0.3333333333333333,0.48642140706277764,0.6666666666666666,0.5,-0.17376835820817188,-0.16666666666666663,-0.16666666666666669
37948,ergonomic desk chair no arms,16,0.9349369997364463,0.625,1.0,0.8729552152926601,0.625,1.0,0.061981784443786214,0.0,0.0
37984,erode,16,0.8290162613460291,0.75,1.0,0.8316757482148234,0.75,1.0,-0.0026594868687942474,0.0,0.0
38001,erythritol sweetenerorganic,16,0.8696615711238727,0.625,1.0,0.8132556533854622,0.625,1.0,0.056405917738410416,0.0,0.0
38003,es shoes skateboard,40,0.9716189607861263,0.2631578947368421,1.0,0.92663607790064,0.2631578947368421,1.0,0.04498288288548635,0.0,0.0
38004,es2.5,16,0.9296716658140772,0.6923076923076923,1.0,0.8196664813677487,0.6153846153846154,1.0,0.11000518444632856,0.07692307692307687,0.0
38068,eskimo jacket kids,16,0.6280362079193927,0.6,1.0,0.5470887877342113,0.5,1.0,0.08094742018518142,0.09999999999999998,0.0
38263,esthetician table and chair,16,0.9277671872280734,0.625,1.0,0.8488610283252881,0.625,1.0,0.0789061589027853,0.0,0.0
38434,eureka nec180,16,0.9616488295960872,0.6,1.0,0.8444230218453794,0.6,0.5,0.11722580775070779,0.0,0.5
38484,evenflo top of stairs gate,16,0.947577942304471,0.625,1.0,0.9700433677407578,0.625,1.0,-0.022465425436286823,0.0,0.0
38521,everthing an argument reading 8th edition,12,0.8746254664926953,0.9,1.0,0.9327994909398155,1.0,1.0,-0.058174024447120165,-0.09999999999999998,0.0
38580,exacto knife,33,0.7360910935440054,0.30303030303030304,1.0,0.7380279047899472,0.30303030303030304,1.0,-0.0019368112459418052,0.0,0.0
38632,exercise without exercise,12,0.9837190989795545,1.0,1.0,0.8292871557577455,0.8,1.0,0.15443194322180898,0.19999999999999996,0.0
38640,exhalation,16,0.9197207891481876,1.0,1.0,0.9197207891481876,1.0,1.0,0.0,0.0,0.0
38676,expanse book 3,16,0.8983797751620716,0.6666666666666666,1.0,0.9335313346561557,0.75,1.0,-0.035151559494084106,-0.08333333333333337,0.0
38751,extenze plus male enhancing pills,19,0.7932818947930541,0.625,1.0,0.7783970958929644,0.5625,1.0,0.014884798900089757,0.0625,0.0
38783,external storage for new android connection phones,16,0.3854810036146476,0.5,0.3333333333333333,0.3055862642591751,0.5,0.25,0.07989473935547248,0.0,0.08333333333333331
38847,extra ordinary,16,0.9508790165241435,0.625,1.0,0.8465686992557672,0.625,1.0,0.10431031726837636,0.0,0.0
38955,eyeglasses without nose pads,42,0.6509613848559771,0.42857142857142855,1.0,0.6236698356979954,0.42857142857142855,1.0,0.02729154915798171,0.0,0.0
38986,eyes of the grateful deadworld poster,16,0.3618149835636159,1.0,0.1111111111111111,0.0,0.0,0.09090909090909091,0.3618149835636159,1.0,0.020202020202020193
39058,f11,26,0.9363792118010482,0.6428571428571429,1.0,0.9363792118010482,0.6428571428571429,1.0,0.0,0.0,0.0
39081,fab lip therapy,40,0.8109241697321165,0.2631578947368421,1.0,0.8277716123152982,0.2631578947368421,1.0,-0.016847442583181715,0.0,0.0
39137,face cream with retinol,16,1.0,0.6666666666666666,1.0,1.0,0.6666666666666666,1.0,0.0,0.0,0.0
39148,face heating pad,39,0.5594570569147856,0.2,1.0,0.6489315753318466,0.2,1.0,-0.089474518417061,0.0,0.0
39158,face mask,109,1.0,0.10989010989010989,1.0,1.0,0.10989010989010989,1.0,0.0,0.0,0.0
39204,face oil with salicylic acid,16,0.9123264389529846,0.625,1.0,0.8405936598232132,0.625,1.0,0.07173277912977138,0.0,0.0
39218,face shield for toddlers,16,0.8267814534596405,0.6153846153846154,1.0,0.9093618486635721,0.6923076923076923,1.0,-0.08258039520393157,-0.07692307692307687,0.0
39236,face tattoos for women,16,0.8966095521178207,0.6666666666666666,1.0,0.8773595809288224,0.6,1.0,0.019249971188998294,0.06666666666666665,0.0
39303,fairy house kit,16,0.8881557229877907,0.625,1.0,0.8921866118657682,0.625,1.0,-0.004030888877977534,0.0,0.0
39320,fairywill ultrasonic toothbrush,16,0.8917841809040242,0.625,1.0,0.851634150508456,0.625,1.0,0.04015003039556819,0.0,0.0
39332,fake 20 dollar bills,38,0.92663607790064,0.2777777777777778,1.0,0.9537125187088152,0.2777777777777778,1.0,-0.027076440808175284,0.0,0.0
39349,fake elf,16,1.0,0.6666666666666666,1.0,0.8899541168509599,0.6,1.0,0.11004588314904007,0.06666666666666665,0.0
39393,fake timbs,16,0.7407839853408753,0.6428571428571429,1.0,0.5928558508844579,0.5714285714285714,0.5,0.1479281344564174,0.07142857142857151,0.5
39469,fall shower curtain hooks,40,0.544954469779286,0.16129032258064516,1.0,0.35262401194761855,0.12903225806451613,0.2,0.1923304578316674,0.03225806451612903,0.8
39472,fall table decor bulk,16,0.7514345733182365,0.9,0.5,0.7459586613323314,0.9,0.5,0.005475911985905135,0.0,0.0
39487,falljraven backpack,16,0.92663607790064,0.625,1.0,0.9787930706003494,0.625,1.0,-0.052156992699709415,0.0,0.0
39490,fallout 76 book,16,0.9687815106708718,0.625,1.0,0.9712545700542154,0.625,1.0,-0.0024730593833436343,0.0,0.0
39542,fan light window shade,16,0.8877332974833463,0.625,1.0,0.947419725043356,0.625,1.0,-0.05968642756000975,0.0,0.0
39551,fancy apple watch bands,16,0.8760486808746282,0.625,1.0,0.8833444073495264,0.625,1.0,-0.007295726474898179,0.0,0.0
39604,faraday cage,16,0.7502560720855743,0.5833333333333334,1.0,0.7404044182324251,0.5833333333333334,1.0,0.009851653853149234,0.0,0.0
39662,farmhousw,16,0.9133599670091238,0.625,1.0,0.905352649993056,0.625,1.0,0.008007317016067828,0.0,0.0
39688,fashion 3d crossbody bags for women,16,0.8533278806948342,0.625,1.0,0.885988329884735,0.625,1.0,-0.03266044918990074,0.0,0.0
39726,fast without the s,14,0.1934264036172708,0.5,0.125,0.5012658353418872,1.0,0.25,-0.30783943172461636,-0.5,-0.125
39746,fat girl sleep,16,0.8757412141153033,1.0,1.0,0.8757412141153033,1.0,1.0,0.0,0.0,0.0
39770,fathers day gift,16,0.9096716472751625,0.5714285714285714,1.0,0.9374219390867056,0.6428571428571429,1.0,-0.027750291811543093,-0.07142857142857151,0.0
39771,fathes,16,0.685119869332369,0.5714285714285714,0.5,0.9216017310213247,0.6428571428571429,1.0,-0.23648186168895569,-0.07142857142857151,-0.5
39843,feather pillow sham,15,0.925957390686689,0.6666666666666666,1.0,0.9526603142741242,0.6666666666666666,1.0,-0.0267029235874352,0.0,0.0
39897,feliway multicat diffuser starter kit,15,0.9245759632603721,0.6153846153846154,1.0,0.9245759632603721,0.6153846153846154,1.0,0.0,0.0,0.0
39899,felix ever after,16,0.8071460727764566,0.7777777777777778,1.0,0.7583344301238126,0.6666666666666666,1.0,0.04881164265264393,0.11111111111111116,0.0
39927,felt story boards for teachers,16,0.7238911047912078,0.8,1.0,0.6125353345843497,1.0,0.3333333333333333,0.11135577020685805,-0.19999999999999996,0.6666666666666667
39953,feminine furniture,16,0.7799082337019199,0.6,0.5,0.7799082337019199,0.6,0.5,0.0,0.0,0.0
40071,ffp2 not kn95,39,0.6712460913127346,0.29411764705882354,1.0,0.8975793867186517,0.5294117647058824,1.0,-0.22633329540591707,-0.23529411764705882,0.0
40181,fifty shades of grey book,16,0.9288319683393977,0.8181818181818182,1.0,0.8746421997087821,0.8181818181818182,1.0,0.05418976863061564,0.0,0.0
40195,figma deku with mask,40,0.7114400771852114,0.2857142857142857,1.0,0.6020781973939823,0.21428571428571427,1.0,0.10936187979122913,0.07142857142857142,0.0
40289,film christmas ornament,16,0.7221793559191778,0.6,0.5,0.7875280351155164,0.6,1.0,-0.06534867919633858,0.0,-0.5
40418,finn starwars book,16,0.8423320536480926,0.6153846153846154,1.0,0.7729453993642945,0.5384615384615384,1.0,0.06938665428379809,0.07692307692307698,0.0
40434,fire cam,16,0.0,0.0,0.09090909090909091,0.13539213147917573,0.3333333333333333,0.16666666666666666,-0.13539213147917573,-0.3333333333333333,-0.07575757575757575
40438,fire emblem 3 houses merch,16,0.949036942882267,0.8888888888888888,1.0,0.949036942882267,0.8888888888888888,1.0,0.0,0.0,0.0
40480,fire resistwnt jackets for men,14,0.9768562593544076,0.7142857142857143,1.0,0.92663607790064,0.7142857142857143,1.0,0.05022018145376761,0.0,0.0
40496,fire stick without alexa,16,0.7124925396056547,0.6363636363636364,1.0,0.7319769674558264,0.6363636363636364,1.0,-0.01948442785017168,0.0,0.0
40502,fire table glass wind guard,16,0.8859662074579149,0.625,1.0,0.8612384911223349,0.625,1.0,0.02472771633558002,0.0,0.0
40541,firefly guitar,16,0.9477344873475498,0.6428571428571429,1.0,0.7681290381596589,0.5714285714285714,0.5,0.1796054491878909,0.07142857142857151,0.5
40576,firestickstick 4k,16,0.911049624898206,0.6923076923076923,1.0,0.7771448380120669,0.6923076923076923,0.5,0.13390478688613905,0.0,0.5
40600,first aid merit badge book,15,0.9877841797012169,0.6666666666666666,1.0,0.9877841797012169,0.6666666666666666,1.0,0.0,0.0,0.0
40624,first response pregnancy test 3 pack,16,0.932524804969626,0.625,1.0,0.9211281423633325,0.625,1.0,0.011396662606293462,0.0,0.0
40703,fisher price mirror toy,16,0.8826645902815892,0.625,1.0,0.8722022910570614,0.625,1.0,0.010462299224527793,0.0,0.0
40710,fisher price tricycle 2,16,0.9301463971330413,0.6923076923076923,1.0,0.9484408074789668,0.7692307692307693,1.0,-0.018294410345925494,-0.07692307692307698,0.0
40749,fishing likes,12,0.5608027450976834,1.0,0.25,0.44791757522503833,0.8,0.2,0.11288516987264502,0.19999999999999996,0.04999999999999999
40800,fit crunch,16,1.0,0.625,1.0,1.0,0.625,1.0,0.0,0.0,0.0
40882,fitmiss protein powder,16,1.0,0.625,1.0,1.0,0.625,1.0,0.0,0.0,0.0
40916,fitted red sox hat,40,0.8761702975353033,0.25,1.0,0.8721222823605412,0.25,1.0,0.004048015174762054,0.0,0.0
40927,fitvine wines,40,0.849576225246734,0.7272727272727273,1.0,0.6297927348214584,0.36363636363636365,1.0,0.21978349042527567,0.36363636363636365,0.0
40993,flag temp tatoos,16,0.8551233808022413,0.625,1.0,0.7889267734576658,0.625,1.0,0.06619660734457544,0.0,0.0
41044,flannels for women,16,0.7000949683025057,0.6363636363636364,1.0,0.6036977035725936,0.6363636363636364,0.5,0.09639726472991217,0.0,0.5
41103,flat brimmed hat,16,0.8035665833441641,0.625,1.0,0.8684153503253894,0.625,1.0,-0.06484876698122533,0.0,0.0
41108,flat extension cord,16,0.9074250374176304,0.6,1.0,0.92663607790064,0.6,1.0,-0.01921104048300959,0.0,0.0
41125,flat screen tv,28,0.8277801660067686,0.3684210526315789,1.0,0.7568371608459037,0.3157894736842105,1.0,0.07094300516086494,0.05263157894736842,0.0
41135,flatbed tool boxes,16,0.8054214789575329,0.6,1.0,0.88798419083891,0.6,1.0,-0.0825627118813771,0.0,0.0
41158,flaw because of the brave,16,0.7947372071954912,0.6666666666666666,1.0,0.792141855700309,0.6666666666666666,1.0,0.0025953514951821965,0.0,0.0
41161,flaxseed vitamins,16,0.9787930706003494,0.6666666666666666,1.0,0.9537125187088152,0.6666666666666666,1.0,0.02508055189153413,0.0,0.0
41172,flea trap light,16,0.9787930706003494,0.9090909090909091,1.0,0.9575861412006988,0.8181818181818182,1.0,0.02120692939965052,0.09090909090909083,0.0
41273,flight sim,16,0.867129177606588,0.5833333333333334,1.0,0.8182198962070146,0.5,1.0,0.0489092813995734,0.08333333333333337,0.0
41324,floating glass shelf 10 inches wide,16,0.8972810316012284,0.7777777777777778,1.0,0.9171922712598665,0.6666666666666666,1.0,-0.019911239658638058,0.11111111111111116,0.0
41455,floral sandal,16,0.92663607790064,0.625,1.0,0.9421111095506693,0.625,1.0,-0.015475031650029392,0.0,0.0
41566,fluffy puppy bed,16,0.9938203652479539,0.625,1.0,0.9755106631796201,0.625,1.0,0.018309702068333822,0.0,0.0
41568,fluffy rug 5x8,16,0.8845906371643195,0.625,1.0,0.8947358000396576,0.625,1.0,-0.010145162875338065,0.0,0.0
41586,fluker's reptile calcium supplement without vitamin d3,20,0.8301387224229894,0.6428571428571429,1.0,0.8279452215443955,0.6428571428571429,1.0,0.0021935008785938237,0.0,0.0
41703,foam for rectangular microphones,16,0.7405428088097478,1.0,1.0,0.7769061997037873,1.0,1.0,-0.036363390894039505,0.0,0.0
41709,foam it green,41,0.326218722991249,0.19047619047619047,1.0,0.24728073039770915,0.19047619047619047,0.3333333333333333,0.07893799259353984,0.0,0.6666666666666667
41713,foam matresses topper full,16,0.9014013629195813,0.625,1.0,0.9527096352829777,0.625,1.0,-0.05130827236339641,0.0,0.0
41757,foco miami dolphins,40,0.9363792118010482,0.2571428571428571,1.0,1.0,0.2857142857142857,1.0,-0.06362078819895178,-0.02857142857142858,0.0
41769,focusrite scarlett 2i2,16,0.9655295534908771,0.6,1.0,0.9748269776677403,0.6,1.0,-0.00929742417686319,0.0,0.0
41934,food saver,16,0.911298659909514,0.5714285714285714,1.0,0.7375534525733178,0.5714285714285714,0.3333333333333333,0.17374520733619614,0.0,0.6666666666666667
41965,foos ball coffee table,40,0.9142944706495852,0.3333333333333333,1.0,0.9787930706003494,0.37037037037037035,1.0,-0.06449859995076412,-0.037037037037037035,0.0
41995,foot pump for inflatables,16,0.9885721280703844,0.625,1.0,0.9921086444723337,0.625,1.0,-0.0035365164019492967,0.0,0.0
42046,football wreath fram,16,0.6533933590057492,1.0,0.3333333333333333,0.6533933590057492,1.0,0.3333333333333333,0.0,0.0,0.0
42048,football.plates,16,0.9738672436737749,0.625,1.0,0.9768562593544076,0.625,1.0,-0.0029890156806327006,0.0,0.0
42067,for shoes 2 cabinet,12,0.8859524386731595,0.9090909090909091,1.0,0.9287748101789832,0.9090909090909091,1.0,-0.042822371505823686,0.0,0.0
42069,for the girls card game,16,1.0,0.625,1.0,1.0,0.625,1.0,0.0,0.0,0.0
42071,for the love of men,16,0.9385519332618999,0.625,1.0,0.9371817141325761,0.625,1.0,0.0013702191293237798,0.0,0.0
42082,force reconnaissance,16,0.8573321809845381,0.6666666666666666,1.0,0.9647512106763887,0.6666666666666666,1.0,-0.10741902969185058,0.0,0.0
42110,ford logo seat covers,16,0.9859806352414436,0.625,1.0,1.0,0.625,1.0,-0.014019364758556363,0.0,0.0
42128,foregrip picatinny,13,0.789031546778155,0.8571428571428571,1.0,0.7812484554707145,0.8571428571428571,1.0,0.007783091307440482,0.0,0.0
42223,fortnight socks do not disturb,40,0.9283272902350127,0.25,1.0,0.9105149880941525,0.25,1.0,0.01781230214086016,0.0,0.0
42254,fortnite suit for boys,16,0.46485366983361687,1.0,0.16666666666666666,0.3152014104491349,0.6666666666666666,0.16666666666666666,0.14965225938448196,0.33333333333333337,0.0
42272,fossil jacquline watch band for women,16,0.866947989864271,0.7272727272727273,1.0,0.7125523635307984,0.5454545454545454,1.0,0.1543956263334726,0.18181818181818188,0.0
42343,fp wristlet,16,0.9361767385157805,0.7692307692307693,1.0,1.0,0.7692307692307693,1.0,-0.06382326148421946,0.0,0.0
42344,fp30 piano,9,0.946715336985414,1.0,1.0,0.9122181427119185,1.0,1.0,0.03449719427349551,0.0,0.0
42378,frame drum shaman,16,0.9061189399613829,0.5714285714285714,1.0,0.9169130043419457,0.6428571428571429,1.0,-0.01079406438056274,-0.07142857142857151,0.0
42383,frame holder display for 24 x 36 horizontal,16,0.3759063358712073,0.6666666666666666,0.3333333333333333,0.4776237035032179,0.6666666666666666,0.5,-0.10171736763201061,0.0,-0.16666666666666669
42464,free jt tshirt,39,0.6645469594287674,0.2692307692307692,1.0,0.5859391837908614,0.23076923076923078,1.0,0.078607775637906,0.038461538461538436,0.0
42484,free phones for 0.00 samsung,12,0.8072482068595627,0.8571428571428571,1.0,0.6898423503436015,0.7142857142857143,0.5,0.11740585651596114,0.1428571428571428,0.5
42500,free weights 5lbs pair,16,0.8102362115265499,0.6,1.0,0.8266783965133379,0.6,1.0,-0.016442184986787955,0.0,0.0
42527,freeze dryers for home use,15,0.7903514783588204,0.6428571428571429,1.0,0.7623258785956221,0.6428571428571429,1.0,0.028025599763198294,0.0,0.0
42598,fresh organic strawberries,40,0.8777398932090009,0.3125,1.0,0.8050408130073772,0.28125,1.0,0.07269908020162374,0.03125,0.0
42631,friday trilogy dvd,16,0.7113227235971249,0.5,0.5,0.7138376982815163,0.5,0.5,-0.0025149746843914356,0.0,0.0
42676,friendship shirts for best friends,16,0.9276461784365448,0.8571428571428571,1.0,0.917788173776686,0.8571428571428571,1.0,0.009858004659858866,0.0,0.0
42712,frisbee asend,12,0.7781634450036832,0.875,1.0,0.6989791369461095,0.75,1.0,0.0791843080575737,0.125,0.0
42797,frostfire pest repeller,40,0.777057503646019,0.2631578947368421,1.0,0.7813935883939966,0.2631578947368421,1.0,-0.004336084747977642,0.0,0.0
42830,frozen couch for toddler,16,0.9216387971662042,0.7142857142857143,1.0,0.8263122278235459,0.6428571428571429,1.0,0.09532656934265837,0.0714285714285714,0.0
42838,frozen fried onions,16,0.8364586133797036,0.8,1.0,0.84860265890399,0.8,1.0,-0.012144045524286384,0.0,0.0
42856,frozen theme,16,0.9537125187088152,0.625,1.0,0.9684038785434832,0.625,1.0,-0.01469135983466796,0.0,0.0
42895,fruit of the loom womens waffle knit thermal pants,16,0.7962812951576499,0.8,1.0,0.8246057428445466,0.8,1.0,-0.02832444768689668,0.0,0.0
42916,frye boots women 12,16,0.9625232726390462,0.625,1.0,0.8802402709171557,0.625,1.0,0.08228300172189051,0.0,0.0
42999,fuji white paint,40,1.0,0.4166666666666667,1.0,0.9768562593544076,0.4166666666666667,1.0,0.023143740645592437,0.0,0.0
43006,fujifilm instax mini 11 accessories bundle without camera,16,0.7449792571213855,0.5384615384615384,1.0,0.6684809267741479,0.5384615384615384,1.0,0.07649833034723752,0.0,0.0
43012,fujifilm sq10,16,0.864132092470005,0.6666666666666666,1.0,0.8901106467690214,0.7777777777777778,1.0,-0.02597855429901641,-0.11111111111111116,0.0
43019,fujimax instax mini 11 film,16,0.8810403805313404,0.625,1.0,0.8339033546946564,0.625,1.0,0.047137025836684,0.0,0.0
43103,full size crib,16,0.9034923372550475,0.6428571428571429,1.0,0.8128541859186197,0.5714285714285714,1.0,0.09063815133642783,0.07142857142857151,0.0
43506,funko pop ron puking,16,0.7860137352654724,0.8,1.0,0.7860137352654724,0.8,1.0,0.0,0.0,0.0
43620,furniture,43,0.9510907186004267,0.25,1.0,0.8800456786592188,0.2222222222222222,1.0,0.07104503994120792,0.02777777777777779,0.0
43640,furry heads wolf,15,0.9634117275431491,0.7692307692307693,1.0,0.8748240388177296,0.6923076923076923,1.0,0.08858768872541944,0.07692307692307698,0.0
43665,fusion ringke iphone 11 pro,16,0.7132138741718256,0.8333333333333334,1.0,0.4696694276929514,0.6666666666666666,0.3333333333333333,0.2435444464788742,0.16666666666666674,0.6666666666666667
43717,fuzzy white balls,16,0.8995985677984534,0.625,1.0,0.901968467346777,0.625,1.0,-0.002369899548323673,0.0,0.0
43749,g master 85mm f 1.4,16,0.9374804556659283,0.6666666666666666,1.0,0.8697268307711932,0.6666666666666666,1.0,0.06775362489473513,0.0,0.0
43762,g star hoodies for men,16,0.8772821853488423,0.6923076923076923,1.0,0.737434430837196,0.6153846153846154,1.0,0.13984775451164633,0.07692307692307687,0.0
43798,g6a-8e,36,0.6439171215218885,0.2777777777777778,0.5,0.6839667223750736,0.2222222222222222,1.0,-0.0400496008531851,0.05555555555555558,-0.5
43895,gaiter columbia,16,0.4943867021602327,0.2857142857142857,0.5,0.4388004275866311,0.2857142857142857,0.3333333333333333,0.0555862745736016,0.0,0.16666666666666669
43984,galaxy s10 case cute,16,0.7752387368046298,0.6363636363636364,1.0,0.7479350596733328,0.6363636363636364,1.0,0.027303677131297,0.0,0.0
44045,galaxy s9 samsung screen protector,16,0.7917267193679839,0.7,1.0,0.8553475075669356,0.8,1.0,-0.06362078819895167,-0.10000000000000009,0.0
44071,galaxy watch active 2,33,0.8176411158779352,0.2857142857142857,1.0,0.8367540081081052,0.2857142857142857,1.0,-0.019112892230169987,0.0,0.0
44099,gallon high build primer,16,0.9065640583732495,0.625,1.0,0.9431772909673255,0.625,1.0,-0.036613232594076006,0.0,0.0
44100,gallon jug cleaner bottle,16,0.23030103348572856,0.375,0.16666666666666666,0.46492087074634947,0.625,0.5,-0.2346198372606209,-0.25,-0.33333333333333337
44138,game mono,16,0.9745424184457858,0.625,1.0,0.9726965299149881,0.625,1.0,0.0018458885307977013,0.0,0.0
44170,gamecube pokemon games,16,0.6951338834764546,0.6666666666666666,1.0,0.5854288021612751,0.5555555555555556,1.0,0.10970508131517942,0.11111111111111105,0.0
44228,gaming charging cases,16,0.9515554461639391,0.9,1.0,0.8219948322599153,0.7,1.0,0.12956061390402374,0.20000000000000007,0.0
44310,ganesh bracelet,16,0.9494126029739882,0.625,1.0,0.9494126029739882,0.625,1.0,0.0,0.0,0.0
44323,ganz jewelry,16,0.4576702432176236,0.5,0.5,0.5507013193580136,0.75,0.3333333333333333,-0.09303107614038997,-0.25,0.16666666666666669
44377,garddn of life zinc,16,0.8719948987514455,0.6666666666666666,1.0,0.9738672436737749,0.8333333333333334,1.0,-0.10187234492232933,-0.16666666666666674,0.0
44442,gardian clean step indoor,16,0.9463769274171067,0.7692307692307693,1.0,0.9100039515781766,0.7692307692307693,1.0,0.036372975838930066,0.0,0.0
44653,gay funko pop,16,0.9435593591982605,0.625,1.0,1.0,0.625,1.0,-0.056440640801739494,0.0,0.0
44659,gazebo gutters,40,0.5572998242663684,0.4166666666666667,1.0,0.5736899196572438,0.4166666666666667,1.0,-0.016390095390875437,0.0,0.0
44716,gears 5 guide,16,0.8915878881204401,1.0,1.0,0.8457645775703597,1.0,1.0,0.045823310550080376,0.0,0.0
44738,gel bucket,16,0.9521624172540745,1.0,1.0,0.9497743143280859,1.0,1.0,0.0023881029259885667,0.0,0.0
44886,genesis sega,16,0.8717810883152962,0.8,1.0,0.9112759072669864,0.8,1.0,-0.03949481895169016,0.0,0.0
44906,gentleman in moscow book,15,0.8005217105782433,0.6363636363636364,1.0,0.7745619181390642,0.6363636363636364,1.0,0.02595979243917912,0.0,0.0
44940,george hw bush biographies,16,0.941233297798857,0.6666666666666666,1.0,0.9292578780090285,0.6666666666666666,1.0,0.011975419789828523,0.0,0.0
44963,georgia g cookie cutter,16,0.9634117275431491,0.6666666666666666,1.0,0.9634117275431491,0.6666666666666666,1.0,0.0,0.0,0.0
45048,gfuel,16,0.8347727710785313,0.6923076923076923,0.5,0.7523753810131366,0.5384615384615384,0.5,0.0823973900653947,0.15384615384615385,0.0
45051,gfw-av-lcd-1,9,0.9672068480996278,1.0,1.0,0.9782917460822231,1.0,1.0,-0.011084897982595376,0.0,0.0
45071,ghirardelli unsweetened cocoa powder,40,0.9738672436737749,0.2777777777777778,1.0,0.9716189607861263,0.2777777777777778,1.0,0.002248282887648556,0.0,0.0
45104,giant beer pong,16,0.936499564323138,0.625,1.0,0.9633632145265492,0.625,1.0,-0.026863650203411193,0.0,0.0
45185,gift for 2 year old boy,37,0.9526603142741242,0.2777777777777778,1.0,0.9034923372550475,0.25,1.0,0.049167977019076714,0.02777777777777779,0.0
45197,gift for person who love coffie,16,0.7510916729774054,0.5714285714285714,1.0,0.6410457898283654,0.5714285714285714,0.3333333333333333,0.11004588314904007,0.0,0.6666666666666667
45205,gift ideas for 2 year old girl,16,0.9061209324228746,0.625,1.0,0.9051835495894204,0.625,1.0,0.0009373828334542367,0.0,0.0
45298,gifts under 15 dollars,16,0.7483901630450929,0.7272727272727273,1.0,0.7230500268504607,0.7272727272727273,1.0,0.025340136194632157,0.0,0.0
45325,gildan tee shirts women,40,0.9534606181487504,0.43478260869565216,1.0,0.9106020359000185,0.391304347826087,1.0,0.04285858224873185,0.04347826086956519,0.0
45340,gillette mach 3 turbo,22,1.0,0.47619047619047616,1.0,0.9787930706003494,0.47619047619047616,1.0,0.02120692939965063,0.0,0.0
45427,girl dress brands disney,16,0.9457389360913644,0.8181818181818182,1.0,0.8671094425597229,0.7272727272727273,1.0,0.0786294935316415,0.09090909090909094,0.0
45428,girl dress yellow tropical,16,0.5393201421602125,0.5714285714285714,1.0,0.39064645078486704,0.42857142857142855,1.0,0.14867369137534547,0.14285714285714285,0.0
45453,girl power pins,16,0.9218849185679802,0.625,1.0,0.9298741584091643,0.625,1.0,-0.00798923984118416,0.0,0.0
45454,girl power shirt for women,16,0.9610926477382925,0.625,1.0,0.9863836279089951,0.625,1.0,-0.025290980170702637,0.0,0.0
45456,girl rings size 11,16,0.8400447113708525,0.6923076923076923,1.0,0.8102079957614985,0.6153846153846154,1.0,0.02983671560935397,0.07692307692307687,0.0
45457,girl romper 4t,16,0.9052116356304494,0.6923076923076923,1.0,0.933745776545611,0.6923076923076923,1.0,-0.0285341409151616,0.0,0.0
45529,girls bible cover,16,0.8350047998002204,0.6,1.0,0.8074566935184655,0.6,1.0,0.02754810628175486,0.0,0.0
45537,girls book series ages 4,16,0.5139993607731573,0.6666666666666666,0.3333333333333333,0.4177050339668234,0.5555555555555556,0.3333333333333333,0.09629432680633393,0.11111111111111105,0.0
45548,girls chair,16,0.9049765583210164,1.0,1.0,0.706993457308443,1.0,1.0,0.19798310101257344,0.0,0.0
45553,girls clothes 2t 3t,16,0.9374130297304556,1.0,1.0,0.560342139127653,0.8,0.5,0.37707089060280263,0.19999999999999996,0.5
45565,girls cowboy boots size 2,16,0.8914938467895037,0.625,1.0,0.946337780834781,0.625,1.0,-0.05484393404527732,0.0,0.0
45680,girls size 12 clothes,16,0.9098999913476323,0.875,1.0,0.6233173655322678,0.5,1.0,0.28658262581536453,0.375,0.0
45691,girls snow pants grey,16,0.7983697572238178,0.6923076923076923,1.0,0.7997165398229411,0.6923076923076923,1.0,-0.0013467825991233529,0.0,0.0
45702,girls sz 12 pajamas,16,0.8048099750039491,0.75,1.0,0.24630238874072996,0.25,0.5,0.5585075862632192,0.5,0.5
45717,girls underwear hipster size 10,16,0.9430123174207714,0.625,1.0,0.9088866336713521,0.625,1.0,0.03412568374941927,0.0,0.0
45779,gj5z17a385aa,16,0.8065735963827292,1.0,1.0,0.44158011035778233,1.0,0.2,0.36499348602494686,0.0,0.8
45820,glass blocks for crafts with hole,16,0.830723452909526,0.7777777777777778,1.0,0.4991344453081229,0.6666666666666666,0.25,0.3315890076014031,0.11111111111111116,0.75
45839,glass cosmetic storage box,14,0.93199285690234,0.7142857142857143,1.0,0.9702075805162398,0.7142857142857143,1.0,-0.03821472361389977,0.0,0.0
45875,glass jar without lid,40,0.5053610680811755,0.1875,1.0,0.5322264314340038,0.21875,1.0,-0.026865363352828298,-0.03125,0.0
45954,gleamin face mask,32,0.8930233621137135,0.3448275862068966,1.0,0.826603593831951,0.3103448275862069,1.0,0.06641976828176244,0.03448275862068967,0.0
46047,glossy shopping bag black,16,0.8925759169593485,0.625,1.0,0.8886495184452615,0.625,1.0,0.003926398514086937,0.0,0.0
46092,glowforge plus 3d laser printer,16,0.914856882358379,0.75,1.0,0.914856882358379,0.75,1.0,0.0,0.0,0.0
46100,glucometer,16,0.866592978810331,0.625,1.0,0.8947141692973658,0.625,1.0,-0.028121190487034764,0.0,0.0
46150,gm running boards,40,0.883229092337347,0.23684210526315788,1.0,0.8083367573132526,0.23684210526315788,1.0,0.07489233502409443,0.0,0.0
46165,gnat sticks,16,1.0,0.625,1.0,1.0,0.625,1.0,0.0,0.0,0.0
46178,gnc+q10,16,1.0,0.6666666666666666,1.0,1.0,0.6666666666666666,1.0,0.0,0.0,0.0
46287,godzilla kotm blu ray,15,0.9772528051156434,0.6666666666666666,1.0,0.8812510472235456,0.6666666666666666,1.0,0.09600175789209775,0.0,0.0
46294,goerge forman outdoor grill,16,0.9504185550241155,0.7142857142857143,1.0,0.8739084648706551,0.5714285714285714,1.0,0.07651009015346044,0.1428571428571429,0.0
46305,goggles without nose cover,40,0.8444525594181113,0.3448275862068966,1.0,0.8069708291938804,0.3103448275862069,1.0,0.03748173022423085,0.03448275862068967,0.0
46474,gold ring for wedding,40,1.0,0.2631578947368421,1.0,0.9716189607861263,0.2631578947368421,1.0,0.028381039213873693,0.0,0.0
46477,gold rush season 9,16,0.7083814878554093,0.5454545454545454,1.0,0.7013202833061228,0.5454545454545454,1.0,0.007061204549286493,0.0,0.0
46493,gold slave for 15 years,16,1.0,1.0,1.0,0.5,1.0,0.3333333333333333,0.5,0.0,0.6666666666666667
46504,gold stud 1.5,40,0.8316980108293851,0.2631578947368421,1.0,0.8703397168327673,0.2631578947368421,1.0,-0.03864170600338224,0.0,0.0
46534,gold wireless charging case iphone 7 plus,16,0.6627103485008126,0.6666666666666666,1.0,0.6627103485008126,0.6666666666666666,1.0,0.0,0.0,0.0
46537,golden apple pear gfuel,40,0.7921935385046417,0.2647058823529412,1.0,0.7233275953626664,0.2647058823529412,1.0,0.06886594314197525,0.0,0.0
46670,good guy action figure,16,0.8928549294002411,0.6666666666666666,1.0,0.8666438758772342,0.6666666666666666,1.0,0.0262110535230069,0.0,0.0
46697,goodnfun dog treats,16,0.8215818944083122,0.625,1.0,0.822619718826713,0.625,1.0,-0.0010378244184008345,0.0,0.0
46699,goodnights pads for bed,16,0.8748032409025883,0.625,1.0,0.9042362929039349,0.625,1.0,-0.029433052001346605,0.0,0.0
46755,googles for toddlers,16,0.9314842791132111,1.0,1.0,0.7746387002201613,0.75,1.0,0.15684557889304973,0.25,0.0
46824,gorilla grip premium bathroom peva shower curtain liner,16,0.9374519351039698,0.9,1.0,0.759974948628758,0.4,1.0,0.17747698647521182,0.5,0.0
46896,gothic necklace,16,0.9451227299427781,0.7142857142857143,1.0,0.9659714937294979,0.7142857142857143,1.0,-0.020848763786719737,0.0,0.0
46916,gourmia digital french door air fryer toaster oven,16,0.995547276560765,0.6666666666666666,1.0,0.9921086444723337,0.6666666666666666,1.0,0.003438632088431315,0.0,0.0
46938,gps compass,16,0.9153963874882313,0.6923076923076923,1.0,0.9213532959274785,0.6923076923076923,1.0,-0.005956908439247233,0.0,0.0
46986,graco snug ride,16,0.8729169425679764,0.6923076923076923,1.0,0.8924750506122975,0.6923076923076923,1.0,-0.01955810804432112,0.0,0.0
47006,graffiti spray paint,16,0.8705535336325771,0.6153846153846154,1.0,0.7748738868226045,0.6153846153846154,0.5,0.09567964680997265,0.0,0.5
47016,gralab timers,43,0.9510907186004267,0.21951219512195122,1.0,0.8532721558012799,0.21951219512195122,0.5,0.0978185627991468,0.0,0.5
47036,grand tour,23,0.8202709943541179,0.5,1.0,0.830711679124832,0.5,1.0,-0.010440684770714137,0.0,0.0
47065,granja de zenon percheron,16,0.9068250379649666,1.0,1.0,0.9747429528567877,1.0,1.0,-0.06791791489182109,0.0,0.0
47092,grapes green seedless,40,0.8467608677255206,0.391304347826087,1.0,0.8467608677255206,0.391304347826087,1.0,0.0,0.0,0.0
47100,graph paper roll large,16,0.9902867315621451,0.625,1.0,0.945837011841976,0.625,1.0,0.04444971972016909,0.0,0.0
47103,graphene power bank,16,0.9597696063936791,0.625,1.0,0.9320739411743278,0.625,1.0,0.027695665219351295,0.0,0.0
47110,graphic tees for men,16,0.9787930706003494,0.6666666666666666,1.0,0.9132354711554559,0.6,1.0,0.06555759944489348,0.06666666666666665,0.0
47143,grateful i'm not dead stickers,40,0.762289884334326,0.2857142857142857,1.0,0.5950288420428619,0.21428571428571427,1.0,0.1672610422914641,0.07142857142857142,0.0
47158,grave flowers,14,0.8482378089219647,0.8,1.0,0.9363792118010482,0.9,1.0,-0.08814140287908356,-0.09999999999999998,0.0
47179,gray and white striped pillow cover,16,0.7703461633501463,0.6,1.0,0.7194164376490378,0.6,1.0,0.05092972570110843,0.0,0.0
47201,gray masking tape,16,0.9471969491438326,0.625,1.0,0.96331803895032,0.625,1.0,-0.01612108980648741,0.0,0.0
47215,gray teal beach towel,16,0.9392148330510314,0.6666666666666666,1.0,0.9504318313235595,0.6666666666666666,1.0,-0.01121699827252809,0.0,0.0
47271,green and white striped shirt,39,0.8842517403809503,0.2857142857142857,1.0,0.7541405878574092,0.2571428571428571,1.0,0.1301111525235411,0.02857142857142858,0.0
47273,green apple suave,16,0.4531665356124049,0.7142857142857143,0.2,0.3641330332618806,0.5714285714285714,0.2,0.08903350235052426,0.1428571428571429,0.0
47282,green bay packers toddler apparel,40,0.9716189607861263,0.3448275862068966,1.0,0.8996972507513682,0.3103448275862069,1.0,0.07192171003475811,0.03448275862068967,0.0
47311,green gas blowback airsoft pistols,16,0.9008636626471187,0.625,1.0,0.9008636626471187,0.625,1.0,0.0,0.0,0.0
47318,green insoles for women,16,0.8757845007198366,0.6428571428571429,1.0,0.8866079878312831,0.7142857142857143,1.0,-0.01082348711144654,-0.0714285714285714,0.0
47367,green spray cleaner,16,0.9981541114692021,0.625,1.0,0.9923932036942882,0.625,1.0,0.005760907774913893,0.0,0.0
47370,green stretch cord,16,0.8554823676066176,0.6666666666666666,1.0,0.9402207153229555,0.75,1.0,-0.08473834771633793,-0.08333333333333337,0.0
47397,green yankees cap,40,0.8829771917772822,0.25,1.0,0.9006575672925828,0.25,1.0,-0.01768037551530066,0.0,0.0
47398,green yeti water bottle,16,0.9822634029811828,0.625,1.0,0.9938203652479539,0.625,1.0,-0.011556962266771165,0.0,0.0
47469,grey crib with changing table,16,0.9021814372008533,0.7142857142857143,1.0,0.8809745078012027,0.7142857142857143,1.0,0.02120692939965063,0.0,0.0
47471,grey desl,16,0.8163277744585657,0.5714285714285714,1.0,0.8945499292551465,0.6428571428571429,1.0,-0.07822215479658079,-0.07142857142857151,0.0
47514,grey with white fleece hoodie teens,16,0.9504318313235595,0.6666666666666666,1.0,0.9008636626471187,0.6666666666666666,1.0,0.04956816867644076,0.0,0.0
47535,griddle conditioner,16,0.9074250374176304,0.6428571428571429,1.0,0.9477344873475498,0.6428571428571429,1.0,-0.04030944992991947,0.0,0.0
47565,grill pik up,16,0.5749551169513206,0.7142857142857143,0.5,0.7099064706384516,0.8571428571428571,0.5,-0.13495135368713096,-0.1428571428571428,0.0
47620,griswold family christmas dvd,16,0.701111468420433,0.75,0.3333333333333333,0.6715103685449597,0.75,0.25,0.029601099875473325,0.0,0.08333333333333331
47625,grizzly wintergreen long cut,40,0.7341610773575022,0.3448275862068966,1.0,0.7129541479578516,0.3448275862068966,1.0,0.02120692939965063,0.0,0.0
47670,groot lunch box,16,0.8728399002804808,0.625,1.0,0.8788862375801427,0.625,1.0,-0.006046337299661975,0.0,0.0
47684,grounding shoes,16,0.5673531111037009,0.5,0.2,0.6052262984896798,0.5,0.25,-0.03787318738597889,0.0,-0.04999999999999999
47700,grower not a shower,29,0.11751610475642714,0.25,0.1111111111111111,0.13012668333070057,0.25,0.14285714285714285,-0.012610578574273432,0.0,-0.031746031746031744
47701,growing older but not up,39,0.9092911358458243,0.75,1.0,0.9132354711554559,0.75,1.0,-0.003944335309631564,0.0,0.0
47709,grsy car pint,16,0.8899541168509599,0.6428571428571429,1.0,0.7510916729774054,0.5714285714285714,1.0,0.1388624438735545,0.07142857142857151,0.0
47740,gstring for women,16,0.9724042099506585,0.625,1.0,0.9040799680171638,0.625,1.0,0.06832424193349462,0.0,0.0
47814,guarage storage wars,16,0.3333333333333333,1.0,0.14285714285714285,0.0,0.0,0.07692307692307693,0.3333333333333333,1.0,0.06593406593406592
47970,guitar neck ties for men,16,0.9684038785434832,0.8333333333333334,1.0,0.9684038785434832,0.8333333333333334,1.0,0.0,0.0,0.0
48112,gx470 car cover,16,0.5982435140079453,0.8571428571428571,0.3333333333333333,0.6780463491237698,1.0,0.3333333333333333,-0.07980283511582453,-0.1428571428571429,0.0
48137,gym stuff that will help you lose weight,16,0.610010445150331,0.42857142857142855,0.5,0.6849632151765594,0.5714285714285714,0.5,-0.07495277002622847,-0.14285714285714285,0.0
48333,hair dye for dry scalp,16,0.3450099235734698,0.5,0.5,0.4251054180898911,0.5,0.5,-0.08009549451642128,0.0,0.0
48345,hair filler,16,0.9510907186004267,0.6,1.0,1.0,0.6666666666666666,1.0,-0.04890928139957329,-0.06666666666666665,0.0
48351,hair goal lol,16,0.9631547625545267,0.625,1.0,0.8563660371005849,0.625,1.0,0.1067887254539418,0.0,0.0
48364,hair loss products,16,0.9218644966922334,0.625,1.0,0.926390478989071,0.625,1.0,-0.0045259822968376495,0.0,0.0
48368,hair mask shine,16,0.9592051951028577,0.625,1.0,0.8967837570291254,0.625,1.0,0.06242143807373235,0.0,0.0
48448,hairobics,16,0.7900799128882461,0.5714285714285714,0.5,0.8988252059479764,0.5714285714285714,1.0,-0.10874529305973035,0.0,-0.5
48523,hallmark tv movies,16,0.734575077670004,0.8333333333333334,1.0,0.4954200231028766,0.8333333333333334,0.25,0.23915505456712738,0.0,0.75
48540,halloween candy,43,0.8611375561264455,0.2727272727272727,1.0,0.8611375561264455,0.2727272727272727,1.0,0.0,0.0,0.0
48565,halloween coustume disney duo,15,0.7751914847167591,0.7,1.0,0.7534343532059864,0.7,1.0,0.021757131510772743,0.0,0.0
48638,halloween serving decor,16,0.92663607790064,0.6,1.0,0.9432379215722527,0.6,1.0,-0.01660184367161277,0.0,0.0
48652,halloween treats bulk,39,0.6602893253757395,0.21739130434782608,1.0,0.7286362013482521,0.2608695652173913,1.0,-0.06834687597251266,-0.043478260869565216,0.0
48656,halloween web gun,16,0.8003929439776382,1.0,1.0,0.8097181687936961,1.0,1.0,-0.009325224816057909,0.0,0.0
48842,hand limb trimmer,16,0.9533497162960899,0.625,1.0,0.9468817998296742,0.625,1.0,0.006467916466415646,0.0,0.0
48875,hand swelling reducer,16,0.9558295932317544,1.0,1.0,0.7045057227504283,1.0,0.5,0.2513238704813261,0.0,0.5
48916,handheld nintendo game system,16,0.9537125187088152,0.625,1.0,0.9537125187088152,0.625,1.0,0.0,0.0,0.0
48957,handson bathing/grooming/sheddinggloves,40,0.9286387618767193,0.30303030303030304,1.0,0.7837324139117618,0.21212121212121213,1.0,0.1449063479649575,0.09090909090909091,0.0
49064,hanging shelves without nails,39,0.9716189607861263,0.2631578947368421,1.0,0.9494126029739882,0.2631578947368421,1.0,0.02220635781213809,0.0,0.0
49086,hanna 713 po4,13,0.7370908732977944,0.8888888888888888,0.5,0.7298005670670283,0.8888888888888888,0.5,0.007290306230766097,0.0,0.0
49130,happy birthday bear,16,0.8207149601443599,1.0,1.0,0.8597408875863228,1.0,1.0,-0.03902592744196298,0.0,0.0
49155,har clippers,16,1.0,0.625,1.0,1.0,0.625,1.0,0.0,0.0,0.0
49212,hardtop luggage carrier for top of car,16,0.8417975659868603,0.625,1.0,0.8445293798418667,0.625,1.0,-0.0027318138550064264,0.0,0.0
49240,harley and the davidsons,16,0.9008636626471187,0.6666666666666666,1.0,0.8435500063697146,0.6,1.0,0.057313656277404146,0.06666666666666665,0.0
49267,harley quinn and joker legos,16,0.8880156958269811,0.625,1.0,0.8880156958269811,0.625,1.0,0.0,0.0,0.0
49272,harley quinn inflatable mallet,16,0.8572775207225991,0.8333333333333334,1.0,0.8622915293422492,0.8333333333333334,1.0,-0.005014008619650068,0.0,0.0
49321,harry potter baby stuff,13,0.9658672137103088,0.7692307692307693,1.0,0.9726847195515911,0.7692307692307693,1.0,-0.0068175058412822676,0.0,0.0
49338,harry potter favor bags,14,0.9026592554975512,0.8571428571428571,1.0,0.9368640728450347,1.0,1.0,-0.034204817347483485,-0.1428571428571429,0.0
49429,hat mountain hardware,16,0.9902867315621451,0.7142857142857143,1.0,0.9473635789834091,0.7142857142857143,1.0,0.042923152578736024,0.0,0.0
49441,hatchets and axes,16,0.9787930706003494,0.625,1.0,1.0,0.625,1.0,-0.02120692939965063,0.0,0.0
49492,hawaiian leis 8 pack,16,0.9241092822452719,0.625,1.0,0.9161019652292043,0.625,1.0,0.008007317016067605,0.0,0.0
49572,hdd nividea pro,16,0.8782343172004813,0.8888888888888888,1.0,0.6529085680869966,0.5555555555555556,1.0,0.22532574911348469,0.33333333333333326,0.0
49645,hds 9 gen 3,16,0.47039971567938993,0.4,0.25,0.5721511031159687,0.6,1.0,-0.1017513874365788,-0.19999999999999996,-0.75
49829,heart boxers for men cotton,16,0.8227759166685088,0.625,1.0,0.8576720045041812,0.625,1.0,-0.03489608783567244,0.0,0.0
49834,heart locket choker,16,0.9316277775573523,0.625,1.0,0.9054291485009893,0.625,1.0,0.026198629056362943,0.0,0.0
49963,heavy bag stand slip,16,0.10303900785213792,0.25,0.125,0.11634650273393563,0.25,0.16666666666666666,-0.013307494881797707,0.0,-0.04166666666666666
49984,heavy duty flag pole,13,0.9163427491050684,0.75,1.0,0.8553888837640676,0.75,0.5,0.06095386534100078,0.0,0.5
49995,heavy duty mouth guard,16,0.9981541114692021,0.625,1.0,0.966935622140074,0.625,1.0,0.031218489329128074,0.0,0.0
49997,heavy duty outdoor extension cord 10 gauge,16,0.9151974415289416,0.625,1.0,0.9223766464229698,0.625,1.0,-0.007179204894028235,0.0,0.0
50095,helen butler,16,0.472286771612431,0.6,0.5,0.4011088743548755,0.4,0.5,0.07117789725755547,0.19999999999999996,0.0
50134,hello kitty nevk pillow,16,0.9967982765022565,0.6666666666666666,1.0,0.9974614508982592,0.6666666666666666,1.0,-0.0006631743960027192,0.0,0.0
50141,hello mirror,15,1.0,0.6666666666666666,1.0,0.9772274824155974,0.6666666666666666,1.0,0.022772517584402574,0.0,0.0
50183,hemp coffee,16,0.8098821177640403,0.6,1.0,0.769926001366063,0.8,0.5,0.03995611639797725,-0.20000000000000007,0.5
50396,hi vis windbreakerwomen,16,0.37617914518701373,0.5714285714285714,0.25,0.4364799060677963,0.5714285714285714,0.3333333333333333,-0.06030076088078257,0.0,-0.08333333333333331
50490,high frame rate camera,11,0.8717204909779721,0.9,1.0,0.8695549180400004,0.9,1.0,0.002165572937971705,0.0,0.0
50528,high school english,40,0.9363792118010482,0.45,1.0,0.8579809428223729,0.4,1.0,0.0783982689786753,0.04999999999999999,0.0
50531,high school textbooks,16,0.9123264389529846,0.625,1.0,0.9607076344908267,0.625,1.0,-0.04838119553784215,0.0,0.0
50562,high waisted bikini women pink,16,0.938878090280535,0.625,1.0,0.9464620324915696,0.625,1.0,-0.007583942211034533,0.0,0.0
50578,high waisted thong bikini,16,0.9554312701281973,0.625,1.0,0.9413297249954465,0.625,1.0,0.014101545132750748,0.0,0.0
50605,highwaisted white jeans,40,0.8854344362026183,0.25,1.0,0.9768562593544076,0.25,1.0,-0.09142182315178926,0.0,0.0
50616,hiking cart,16,0.78713300110182,0.5384615384615384,1.0,0.6970818906816967,0.5384615384615384,0.3333333333333333,0.09005111042012337,0.0,0.6666666666666667
50702,hippie tshirts for women,16,0.922396929095612,0.6,1.0,0.9202981605027932,0.6666666666666666,1.0,0.002098768592818767,-0.06666666666666665,0.0
50741,history of the piano,16,1.0,0.625,1.0,1.0,0.625,1.0,0.0,0.0,0.0
50743,history of western philosophy russell,16,0.9851429892008043,0.625,1.0,0.9811968030800481,0.625,1.0,0.0039461861207562565,0.0,0.0
50876,holiday romance collection movie 10 pack,16,0.9295737815005595,0.625,1.0,0.9576381979632106,0.625,1.0,-0.02806441646265112,0.0,0.0
50912,holocaust fiction books,16,0.5716190970674814,0.75,0.5,0.9438661545147248,1.0,1.0,-0.3722470574472434,-0.25,-0.5
50915,holographic,31,1.0,0.35714285714285715,1.0,1.0,0.35714285714285715,1.0,0.0,0.0,0.0
50919,holographic hoodie,16,0.9692201653995299,0.625,1.0,0.9813162632348015,0.625,1.0,-0.012096097835271546,0.0,0.0
50934,holster for taurus g2s 9mm,16,0.9008636626471187,0.625,1.0,0.9008636626471187,0.625,1.0,0.0,0.0,0.0
50940,holt mcdougal geometry textbook,16,0.930316877503158,0.625,1.0,0.9074318324770688,0.625,1.0,0.022885045026089124,0.0,0.0
51047,homecoming dresses,26,0.9507378025795445,0.38461538461538464,1.0,0.971004045628903,0.38461538461538464,1.0,-0.020266243049358423,0.0,0.0
51062,homemade ice cream maker ball,16,0.9634117275431491,0.6666666666666666,1.0,0.9634117275431491,0.6666666666666666,1.0,0.0,0.0,0.0
51097,honda fit key,13,0.8679494841242162,0.7777777777777778,1.0,0.8286067471299078,0.6666666666666666,1.0,0.03934273699430846,0.11111111111111116,0.0
51136,honest diapers size 1 boy,16,0.9374804556659283,0.6666666666666666,1.0,0.9630280087714618,0.6666666666666666,1.0,-0.02554755310553347,0.0,0.0
51149,honey crop top yellow,16,0.9525250935037348,0.625,1.0,0.9394530327586393,0.625,1.0,0.013072060745095482,0.0,0.0
51172,honeywell lyric t5,16,0.9877841797012169,0.625,1.0,0.9468817998296742,0.625,1.0,0.04090237987154266,0.0,0.0
51224,hoodies with thumb holes for teen girls,16,0.9104214462326317,0.6428571428571429,1.0,0.9082616141367374,0.6428571428571429,1.0,0.0021598320958942097,0.0,0.0
51252,hoot,16,0.9216959970259643,0.9,1.0,0.9096940593505204,0.9,1.0,0.012001937675443886,0.0,0.0
51263,hope in the dark craig groeschel,16,0.6022410007099508,0.75,0.5,0.6420419620626955,0.75,0.5,-0.03980096135274469,0.0,0.0
51269,hoppes bore snake 9mm pistol,40,0.7764309204884432,0.25,1.0,0.7789161350489462,0.2857142857142857,1.0,-0.0024852145605029907,-0.0357142857142857,0.0
51337,horse wine charms,16,0.9069136259604227,0.8181818181818182,1.0,0.837440581615055,0.7272727272727273,1.0,0.06947304434536772,0.09090909090909094,0.0
51361,hospital bed,16,0.8523327803582924,0.6666666666666666,1.0,0.873049727919016,0.8333333333333334,1.0,-0.02071694756072362,-0.16666666666666674,0.0
51410,hot logic mini,10,0.9902867315621451,1.0,1.0,0.9902867315621451,1.0,1.0,0.0,0.0,0.0
51456,hot tub rug outdoor,40,0.676423152472347,0.2692307692307692,1.0,0.6607288493197454,0.2692307692307692,1.0,0.015694303152601563,0.0,0.0
51470,hot wheels 50 pack,16,0.9400228393296095,0.625,1.0,0.9317219174938032,0.625,1.0,0.00830092183580633,0.0,0.0
51533,house plant bug strips,16,0.75369761125927,0.75,1.0,0.3853585682515056,0.5,0.5,0.36833904300776443,0.25,0.5
51548,household rough plumbing valves,41,0.9305687780632227,0.3,1.0,0.914856882358379,0.3,1.0,0.01571189570484366,0.0,0.0
51574,hoverboard plain black,16,0.9738672436737749,0.625,1.0,1.0,0.625,1.0,-0.026132756326225137,0.0,0.0
51594,how not to start third grade,15,0.8423320536480926,0.8,1.0,0.7860896726740231,0.7,1.0,0.05624238097406953,0.10000000000000009,0.0
51615,how to draw books,16,0.6036081270984907,0.7,0.5,0.7104770117651426,0.8,0.5,-0.1068688846666519,-0.10000000000000009,0.0
51698,hp envy 360 laptop hard shock cover,16,0.8789335177254264,0.625,1.0,0.9411338959973068,0.625,1.0,-0.06220037827188041,0.0,0.0
51775,hp sublimation printers,16,0.7485641205395387,0.6153846153846154,1.0,0.7218793828621913,0.6153846153846154,1.0,0.02668473767734736,0.0,0.0
51794,hpa hand pump,16,0.9245907467019574,0.6428571428571429,1.0,0.9045513367491769,0.6428571428571429,1.0,0.02003940995278053,0.0,0.0
51913,hudson jeans red,13,0.8374831765375593,0.8,1.0,0.8094986929694142,0.8,1.0,0.02798448356814509,0.0,0.0
51917,hue black leggings,40,0.9316277775573523,0.25,1.0,0.9768562593544076,0.25,1.0,-0.0452284817970553,0.0,0.0
51936,huge erasers,40,0.730936158115033,0.2692307692307692,1.0,0.5058854424219427,0.23076923076923078,0.3333333333333333,0.22505071569309032,0.038461538461538436,0.6666666666666667
51940,huge stainless steel bowl,16,0.9768562593544076,0.625,1.0,1.0,0.625,1.0,-0.023143740645592437,0.0,0.0
51952,huggies overnites,16,0.9755453593002134,0.625,1.0,0.9684038785434832,0.625,1.0,0.007141480756730156,0.0,0.0
51958,hugh grant,16,0.7117880309697784,0.6,0.5,0.8713843261128736,0.6666666666666666,1.0,-0.15959629514309526,-0.06666666666666665,-0.5
51987,hulk slippers for boys,16,0.8681594251221019,0.7272727272727273,1.0,0.8938890942759699,0.8181818181818182,1.0,-0.025729669153867984,-0.09090909090909094,0.0
52020,humanrace shoes men,16,0.8175746012996037,0.625,1.0,0.7888291713538192,0.625,1.0,0.02874542994578444,0.0,0.0
52034,humidifier without filter,41,0.8989726566067059,0.23684210526315788,1.0,0.8971470903215379,0.23684210526315788,1.0,0.0018255662851679455,0.0,0.0
52067,humphrey books 2,16,0.5322996497667224,0.25,0.1111111111111111,0.7040011776859079,0.5,0.5,-0.17170152791918547,-0.25,-0.3888888888888889
52094,hunter decor,16,0.9534606181487504,0.625,1.0,0.8955717276994197,0.625,1.0,0.057888890449330654,0.0,0.0
52120,hunting flag,15,0.8275315577588126,0.8,1.0,0.801026988234075,0.8,1.0,0.026504569524737565,0.0,0.0
52153,hush puppies chukka boots for boys,13,0.8935435192528531,0.875,1.0,0.7373866539800873,0.75,1.0,0.15615686527276584,0.125,0.0
52157,husky party supplies,16,0.9049656915215305,0.625,1.0,0.9204047770013025,0.625,1.0,-0.015439085479772019,0.0,0.0
52169,husqvarna 322l,16,0.7994495126384135,0.42857142857142855,1.0,0.7371320423220403,0.42857142857142855,1.0,0.062317470316373136,0.0,0.0
52203,hybrid mattress queen,16,0.8738003979869795,0.625,1.0,0.8810403805313404,0.625,1.0,-0.007239982544360868,0.0,0.0
52251,hydro flask straw lid 24 oz,16,0.8959836409260731,0.6923076923076923,1.0,0.7582101064791311,0.5384615384615384,1.0,0.13777353444694196,0.15384615384615385,0.0
52267,hydroflask 16oz,16,0.945214763246892,0.625,1.0,0.871525302027581,0.625,1.0,0.07368946121931097,0.0,0.0
52269,hydroflask 32oz,16,0.744451084418865,0.6363636363636364,0.3333333333333333,0.7424366633463945,0.7272727272727273,0.5,0.002014421072470518,-0.09090909090909094,-0.16666666666666669
52274,hydroflask straw lid wide mouth,13,0.9282056735743376,0.7692307692307693,1.0,0.9273278618225252,0.7692307692307693,1.0,0.0008778117518123407,0.0,0.0
52323,hypotherm plasma cutter,40,0.6151418868072006,0.3076923076923077,1.0,0.6382856274527929,0.34615384615384615,1.0,-0.023143740645592326,-0.038461538461538436,0.0
52331,hytro flask lids,15,0.937634399960692,0.6666666666666666,1.0,0.9087745444994653,0.6666666666666666,1.0,0.028859855461226713,0.0,0.0
52356,i am not sick i dont need help,16,0.8159757877114102,0.6363636363636364,1.0,0.822556290347192,0.6363636363636364,1.0,-0.006580502635781804,0.0,0.0
52372,i cant imagine my life without you,16,0.8357804136936721,0.6153846153846154,1.0,0.8200685179888282,0.6153846153846154,1.0,0.01571189570484388,0.0,0.0
52401,i life robot vacuum filters,16,0.9393884514043593,0.7692307692307693,1.0,0.9341774609125255,0.7692307692307693,1.0,0.005210990491833822,0.0,0.0
52426,i monopoly board game prime 5 age and above,16,0.8643145546088337,0.8,1.0,0.7917267193679839,0.7,1.0,0.07258783524084977,0.10000000000000009,0.0
52449,i phone xs small lens,16,0.7313285589659181,0.7272727272727273,1.0,0.6118311880345149,0.6363636363636364,0.5,0.11949737093140322,0.09090909090909094,0.5
52457,i pinsp,16,0.8224597061601245,0.625,1.0,0.8120705141032581,0.625,1.0,0.010389192056866392,0.0,0.0
52475,i touch smartwatch women,16,0.7437924315970613,0.5714285714285714,1.0,0.9494126029739882,0.7142857142857143,1.0,-0.2056201713769269,-0.1428571428571429,0.0
52500,i'm mirror for car,16,0.6874708847784538,0.7,1.0,0.5063209639325834,0.6,0.5,0.18114992084587034,0.09999999999999998,0.5
52561,ibd subscriptions,16,1.0,1.0,1.0,1.0,1.0,1.0,0.0,0.0,0.0
52563,ibiyaya doggie stroller lite,16,0.8665403241158138,0.625,1.0,0.9313091866017607,0.625,1.0,-0.06476886248594682,0.0,0.0
52610,ice fishing,16,0.8611375561264455,0.75,1.0,0.8899541168509599,0.75,1.0,-0.02881656072451444,0.0,0.0
52631,ice necklace for men,16,0.9305687780632228,0.625,1.0,0.9084840369117598,0.625,1.0,0.022084741151462972,0.0,0.0
52712,if animal celebrated christmas,16,0.9763682964136976,1.0,1.0,0.6961104434337918,0.7142857142857143,1.0,0.2802578529799058,0.2857142857142857,0.0
52719,if only night would not come,39,1.0,1.0,1.0,0.38685280723454163,1.0,0.2,0.6131471927654584,0.0,0.8
52782,ikea wine rack,28,0.9091099481035073,0.35714285714285715,1.0,0.9074318324770688,0.35714285714285715,1.0,0.0016781156264384922,0.0,0.0
52798,illumibowl toilet night light,40,0.7945443843061255,0.25,1.0,0.7896185573795509,0.25,1.0,0.004925826926574617,0.0,0.0
52809,iluminación y ventiladores de techo,31,0.9216017310213247,0.3,1.0,0.9052116356304494,0.3,1.0,0.016390095390875326,0.0,0.0
52813,im a big brother book,16,0.9674679834891694,1.0,1.0,0.9469024295259745,1.0,1.0,0.020565553963194927,0.0,0.0
52879,impact brush kit,16,0.7682923347987873,0.5714285714285714,1.0,0.7993363459385803,0.5714285714285714,1.0,-0.031044011139792937,0.0,0.0
52970,incase macbook air 13 inch case,16,0.9543384299005628,0.625,1.0,0.9567083294488864,0.625,1.0,-0.002369899548323562,0.0,0.0
52989,increase size and girth,16,0.9695992761997815,0.625,1.0,0.9738050896605512,0.625,1.0,-0.004205813460769758,0.0,0.0
52997,incredibles shirt,16,0.9716189607861263,0.625,1.0,1.0,0.625,1.0,-0.028381039213873693,0.0,0.0
53030,indian hair mask,16,0.7362569270334242,0.7,1.0,0.6848000864165362,0.7,1.0,0.05145684061688793,0.0,0.0
53036,indian motorcycles mens shirts,16,0.9537125187088152,0.625,1.0,0.9507235030281824,0.625,1.0,0.0029890156806328116,0.0,0.0
53053,indie skincare brand,40,0.8296097406083253,0.2702702702702703,1.0,0.9768562593544076,0.2702702702702703,1.0,-0.1472465187460823,0.0,0.0
53061,individual wrapped cookies,16,1.0,0.625,1.0,0.9716189607861263,0.625,1.0,0.028381039213873693,0.0,0.0
53105,indoor vacuum,16,0.7385331604336809,0.6153846153846154,1.0,0.74717511215309,0.6153846153846154,1.0,-0.008641951719409069,0.0,0.0
53188,infant seats for sitting up,16,0.9305755731226613,0.625,1.0,0.8995985677984534,0.625,1.0,0.030977005324207885,0.0,0.0
53197,infant stroller without car seat,16,0.7274194412305087,0.5714285714285714,1.0,0.6104847736652398,0.5714285714285714,0.5,0.11693466756526893,0.0,0.5
53236,infinix not 8,16,0.8455177158708053,0.6428571428571429,1.0,0.8991865866283439,0.7142857142857143,1.0,-0.05366887075753868,-0.0714285714285714,0.0
53237,infinix zero 8,16,0.8478333285894862,0.625,1.0,0.8880156958269811,0.625,1.0,-0.04018236723749491,0.0,0.0
53271,inflatable mattress full,16,0.647157472081663,0.5555555555555556,1.0,0.6434428197342043,0.5555555555555556,1.0,0.0037146523474587134,0.0,0.0
53276,inflatable pool cover ball,16,0.9394440914971977,0.625,1.0,0.9765262399458083,0.625,1.0,-0.037082148448610686,0.0,0.0
53293,infuser essential oil,16,0.7517748875885277,0.6,1.0,0.7565116456029652,0.6,1.0,-0.004736758014437514,0.0,0.0
53333,ink pens,16,0.655943483205483,0.8571428571428571,0.5,0.683077161443599,0.8571428571428571,0.5,-0.027133678238115966,0.0,0.0
53350,inmate books for men,16,0.9877841797012169,0.625,1.0,0.9399337652641017,0.625,1.0,0.04785041443711524,0.0,0.0
53419,inspirational tags,16,0.9178663475624435,0.625,1.0,0.9137164782272058,0.625,1.0,0.004149869335237644,0.0,0.0
53421,inspire fit hr,16,0.6795447080312839,0.5,0.14285714285714285,0.6817492843866348,0.5,0.14285714285714285,-0.0022045763553509845,0.0,0.0
53422,inspire hr,16,0.6584464042691373,0.4,0.25,0.7020660762752023,0.4,0.3333333333333333,-0.04361967200606509,0.0,-0.08333333333333331
53450,instant pot,67,0.8632555551147044,0.13559322033898305,1.0,0.8532721558012799,0.15254237288135594,0.5,0.009983399313424512,-0.01694915254237289,0.5
53460,instant pot duo plus 3 qt 9-in-1,16,0.9092651040934704,0.6923076923076923,1.0,0.9204072649492008,0.6153846153846154,1.0,-0.011142160855730388,0.07692307692307687,0.0
53465,instant pot ultra 8 quart,16,0.6636840060877787,0.6666666666666666,0.2,0.6398382902506572,0.5,0.2,0.023845715837121473,0.16666666666666663,0.0
53469,instant rice,16,0.9052116356304494,0.6,1.0,0.8899541168509599,0.6,1.0,0.015257518779489443,0.0,0.0
53523,insulated lunch bag to keep food warm,16,0.92663607790064,0.625,1.0,0.92663607790064,0.625,1.0,0.0,0.0,0.0
53570,intellocatch,16,0.5368103404171508,0.5454545454545454,0.5,0.46737911848037356,0.5454545454545454,0.25,0.06943122193677725,0.0,0.25
53631,interstellar,14,0.9469024295259745,1.0,1.0,0.9674679834891694,1.0,1.0,-0.020565553963194927,0.0,0.0
53727,iohone x case with card slot and q charge,16,0.6131471927654584,0.5,1.0,0.3868528072345416,0.5,0.5,0.2262943855309168,0.0,0.5
53820,ipad air 4th generation case without pencil holder,16,0.6808837821442152,0.6363636363636364,1.0,0.6842449568523982,0.6363636363636364,1.0,-0.003361174708182979,0.0,0.0
53883,ipad mini tripod,16,0.7606971932189103,0.5714285714285714,0.3333333333333333,0.7900799128882461,0.5714285714285714,0.5,-0.02938271966933581,0.0,-0.16666666666666669
53890,ipad original,17,0.6211611582204223,0.625,0.16666666666666666,0.5175070694434541,0.375,0.14285714285714285,0.10365408877696813,0.25,0.023809523809523808
53919,ipad pro 9.7 survivor case,16,0.966935622140074,0.6666666666666666,1.0,0.9201960976577727,0.6,1.0,0.04673952448230134,0.06666666666666665,0.0
53962,ipason gaming pc,16,0.9813162632348015,0.625,1.0,0.9681038083104088,0.625,1.0,0.013212454924392714,0.0,0.0
53995,iphone 11 back protector,32,0.9319256401642768,1.0,1.0,0.9750888375058715,1.0,1.0,-0.04316319734159468,0.0,0.0
53997,iphone 11 black case silicone,16,0.96331803895032,0.625,1.0,0.96331803895032,0.625,1.0,0.0,0.0,0.0
54006,iphone 11 case otterbox,30,0.6843830725976618,0.2727272727272727,1.0,0.7065836017263629,0.2727272727272727,1.0,-0.022200529128701074,0.0,0.0
54050,iphone 11 pro burberry case,16,0.6778771256190859,0.8333333333333334,0.5,0.6532233220404782,0.8333333333333334,0.5,0.02465380357860769,0.0,0.0
54114,iphone 11 to macbook pro cable,16,0.9340265049397942,0.7142857142857143,1.0,0.869095450126025,0.6428571428571429,1.0,0.06493105481376926,0.0714285714285714,0.0
54128,iphone 4 bands 44mm,15,0.92663607790064,0.6666666666666666,1.0,0.9738672436737749,0.6666666666666666,1.0,-0.04723116577313491,0.0,0.0
54182,iphone 6s case for girls,15,0.9684038785434832,0.6666666666666666,1.0,0.941233297798857,0.6666666666666666,1.0,0.027170580744626194,0.0,0.0
54222,iphone 7 case lv,16,0.8587373431122493,0.625,1.0,0.8848976510021356,0.625,1.0,-0.026160307889886325,0.0,0.0
54302,iphone 8 case cucci,16,0.796068254214396,0.625,1.0,0.7908635847036076,0.625,1.0,0.005204669510788351,0.0,0.0
54341,iphone 8 plus case tge giving tree,16,0.9361767385157805,0.7142857142857143,1.0,0.9634117275431491,0.7142857142857143,1.0,-0.02723498902736854,0.0,0.0
54369,iphone 8 silicone case,16,0.9305687780632227,0.6923076923076923,1.0,1.0,0.7692307692307693,1.0,-0.06943122193677731,-0.07692307692307698,0.0
54455,iphone handlebar case,16,0.23119123707664185,0.3333333333333333,0.25,0.41039156802332444,0.3333333333333333,1.0,-0.17920033094668258,0.0,-0.75
54486,iphone pro 11 max screen protector,16,0.9322536887490998,0.625,1.0,0.9684038785434832,0.625,1.0,-0.03615018979438345,0.0,0.0
54498,iphone screen protector 8,15,0.7573821447149965,0.5833333333333334,1.0,0.8200685179888282,0.6666666666666666,1.0,-0.06268637327383164,-0.08333333333333326,0.0
54555,iphone x not unlocked,17,0.8416574505460088,0.6,1.0,0.770965203260021,0.6,0.5,0.07069224728598777,0.0,0.5
54613,iphone xr phone case with ring,16,0.8611375561264455,0.6428571428571429,1.0,0.8611375561264455,0.6428571428571429,1.0,0.0,0.0,0.0
54623,iphone xr thin case,16,0.9754579868626665,0.625,1.0,0.9730367401053003,0.625,1.0,0.0024212467573662133,0.0,0.0
54626,iphone xr used verizon,16,0.9634117275431491,0.625,1.0,0.9634117275431491,0.625,1.0,0.0,0.0,0.0
54632,iphone xs,16,0.8535945199960628,0.6666666666666666,1.0,0.6967570452073822,0.5555555555555556,0.3333333333333333,0.1568374747886806,0.11111111111111105,0.6666666666666667
54678,iphone xs wallet case compatible with wireless charging,16,0.9191273815716655,0.6666666666666666,1.0,0.903872649535226,0.6666666666666666,1.0,0.015254732036439567,0.0,0.0
54785,ipilot trolling motor saltwater,40,0.8181597904252975,0.29411764705882354,1.0,0.8349686558372815,0.29411764705882354,1.0,-0.01680886541198401,0.0,0.0
54843,ir air compressor,39,0.9170305576591352,0.30303030303030304,1.0,0.911793259090854,0.30303030303030304,1.0,0.005237298568281257,0.0,0.0
54853,irestore laser hair growth system,38,0.8327570103235146,0.3,1.0,0.7597729070933903,0.26666666666666666,1.0,0.07298410323012428,0.033333333333333326,0.0
55026,issues and ethics in the helping professions 10th edition,16,0.9846675310187374,0.7692307692307693,1.0,1.0,0.7692307692307693,1.0,-0.015332468981262615,0.0,0.0
55047,it door welcome mat,16,0.9021081353137309,0.625,1.0,0.9021081353137309,0.625,1.0,0.0,0.0,0.0
55048,it eddies cast,16,1.0,1.0,1.0,1.0,1.0,1.0,0.0,0.0,0.0
55080,italian cakes from italy,16,0.7221693918983283,0.7,1.0,0.45037656302618767,0.5,0.5,0.2717928288721406,0.19999999999999996,0.5
55086,italian party decorations face props,16,1.0,0.625,1.0,0.9427930190104704,0.625,1.0,0.05720698098952959,0.0,0.0
55089,italian rug,16,0.9060344444754438,0.625,1.0,0.9354590973351752,0.625,1.0,-0.029424652859731393,0.0,0.0
55101,items for fathers day,13,0.9919120439086816,0.7692307692307693,1.0,0.9700433677407578,0.7692307692307693,1.0,0.021868676167923762,0.0,0.0
55104,items under 5 dollars,16,0.867442589045611,0.625,1.0,0.8718020758620798,0.625,1.0,-0.004359486816468805,0.0,0.0
55115,its its ice cream sandwiches,41,0.9021081353137309,0.45454545454545453,1.0,0.8413613974086913,0.4090909090909091,1.0,0.060746737905039594,0.045454545454545414,0.0
55126,its ok that youre not ok,16,0.7939983634196129,0.7,1.0,0.7863089846694172,0.7,1.0,0.007689378750195708,0.0,0.0
55141,iu perfume,40,0.8452362312334727,0.2702702702702703,1.0,0.8357460260041473,0.2702702702702703,1.0,0.009490205229325421,0.0,0.0
55149,iv nail lamp kit,40,0.9452601378978908,0.2564102564102564,1.0,0.9787930706003494,0.2564102564102564,1.0,-0.03353293270245861,0.0,0.0
55173,iwachu large iron pot,16,1.0,0.6666666666666666,1.0,0.9374519351039698,0.6,1.0,0.06254806489603015,0.06666666666666665,0.0
55175,iwalk 2.0 hands free crutch,16,0.7822008861628684,0.5,1.0,0.9170585331205683,1.0,1.0,-0.13485764695769986,-0.5,0.0
55194,iwatch bands 42mm mens luxury,16,0.9451227299427781,0.625,1.0,0.946337780834781,0.625,1.0,-0.0012150508920029113,0.0,0.0
55324,jack skellington figure,16,0.9188147207431885,0.625,1.0,0.9574269660138689,0.625,1.0,-0.03861224527068041,0.0,0.0
55398,jambusters book,18,0.7032559167120683,0.5454545454545454,1.0,0.6900269543833258,0.5454545454545454,1.0,0.013228962328742488,0.0,0.0
55462,japanese,16,1.0,0.625,1.0,1.0,0.625,1.0,0.0,0.0,0.0
55479,japanese dashi powder,16,0.9484408074789668,0.625,1.0,0.9513703327341864,0.625,1.0,-0.0029295252552196116,0.0,0.0
55483,japanese knife pocket,16,0.8853402962661674,0.6,1.0,0.8982550386867663,0.6,1.0,-0.012914742420598868,0.0,0.0
55541,jason bag,16,0.8626199664389337,0.8333333333333334,1.0,0.7532383601611261,0.8333333333333334,1.0,0.10938160627780757,0.0,0.0
55572,jaw horse work bench,16,0.8996867686026072,0.6666666666666666,1.0,0.8892244693780794,0.6666666666666666,1.0,0.010462299224527793,0.0,0.0
55575,jawku muscle blaster,16,0.7132194679590284,0.5833333333333334,1.0,0.6990651920472333,0.5833333333333334,1.0,0.014154275911795078,0.0,0.0
55583,jay and silent bob costume,16,0.891536163998417,0.8181818181818182,1.0,0.8952404005075875,0.8181818181818182,1.0,-0.003704236509170511,0.0,0.0
55641,jbl wireless pods,16,0.9154678432925097,0.625,1.0,0.8476190127865311,0.625,1.0,0.06784883050597867,0.0,0.0
55655,jean dress,16,0.9504120313864757,0.625,1.0,0.9105149880941525,0.625,1.0,0.03989704329232313,0.0,0.0
55671,jean-baptiste lully,16,0.7975167679274938,0.6666666666666666,1.0,0.8611375561264455,0.75,1.0,-0.06362078819895167,-0.08333333333333337,0.0
55673,jeans american eagle for men,45,0.7926935079174842,0.23255813953488372,1.0,0.8174842304054264,0.23255813953488372,1.0,-0.02479072248794223,0.0,0.0
55695,jeep 4.0 main and rod bearings .010,8,1.0,1.0,1.0,0.9744096707847364,1.0,1.0,0.025590329215263607,0.0,0.0
55701,jeep center console,16,0.7805049148354309,1.0,1.0,0.650623967465356,1.0,0.2,0.12988094737007494,0.0,0.8
55702,jeep cherokee 6 inch lift drop pitman arm,16,1.0,0.9090909090909091,1.0,0.8828566510959026,0.8181818181818182,1.0,0.11714334890409739,0.09090909090909083,0.0
55755,jeff shalfon the family,16,0.3154648767857287,1.0,0.125,0.3010299956639812,1.0,0.1111111111111111,0.014434881121747511,0.0,0.013888888888888895
55763,jeffrey cox,16,0.8560993928074705,0.625,1.0,0.8404633885360052,0.625,1.0,0.015636004271465276,0.0,0.0
55822,jerky without sugar,40,0.8611375561264455,0.2647058823529412,1.0,0.8936499529587284,0.2647058823529412,1.0,-0.03251239683228291,0.0,0.0
55865,jessica drake,16,0.5610747219720593,0.5384615384615384,1.0,0.5518892534223377,0.5384615384615384,1.0,0.009185468549721576,0.0,0.0
55906,jetson electric bike pro,16,0.9374519351039698,0.6,1.0,0.9374519351039698,0.6,1.0,0.0,0.0,0.0
55919,jewellery+box+small+crystal,16,0.7871275758706274,0.5714285714285714,1.0,0.8354403213108612,0.6428571428571429,1.0,-0.048312745440233784,-0.07142857142857151,0.0
55947,jewelry stainless steel,16,0.9537125187088152,0.625,1.0,0.9537125187088152,0.625,1.0,0.0,0.0,0.0
56026,jj suspenders,42,0.8190410035353118,0.24324324324324326,1.0,0.8655803853865616,0.24324324324324326,1.0,-0.04653938185124973,0.0,0.0
56068,jobs for introverts,16,0.8635400233373145,0.7777777777777778,1.0,0.6980368887278693,0.5555555555555556,1.0,0.1655031346094452,0.2222222222222222,0.0
56072,jock itch cream,16,0.9091099481035073,0.625,1.0,0.9507235030281824,0.625,1.0,-0.04161355492467511,0.0,0.0
56106,joggers scrubs women,16,0.9738672436737749,0.625,1.0,1.0,0.625,1.0,-0.026132756326225137,0.0,0.0
56164,john snow costume,16,0.8803534187787351,0.6666666666666666,1.0,0.9251392179432151,0.75,1.0,-0.04478579916448,-0.08333333333333337,0.0
56190,johnson control cable,16,1.0,0.6666666666666666,1.0,1.0,0.6666666666666666,1.0,0.0,0.0,0.0
56245,joker persona 5 cosplay,40,0.8790439982037568,0.2903225806451613,1.0,0.8301284151556875,0.2903225806451613,0.5,0.04891558304806931,0.0,0.5
56344,jovi air dry clay,36,0.9755453593002134,0.30303030303030304,1.0,0.8928346125788518,0.30303030303030304,1.0,0.08271074672136158,0.0,0.0
56378,joystick ps4 x pro,16,0.8119546738754637,0.75,1.0,0.9288691903973569,0.75,1.0,-0.11691451652189322,0.0,0.0
56394,juana mens,16,0.9974537474936096,0.7142857142857143,1.0,1.0,0.7142857142857143,1.0,-0.0025462525063904007,0.0,0.0
56406,judith hill medical astrology,16,0.8808565091304089,0.625,1.0,0.8788928732991396,0.625,1.0,0.0019636358312693503,0.0,0.0
56410,judy dvd,15,0.6109603493542961,1.0,0.3333333333333333,0.6318532842514007,1.0,0.3333333333333333,-0.020892934897104642,0.0,0.0
56542,juicy tracksuit,41,0.9251122079923695,0.24390243902439024,1.0,0.9242792750602506,0.24390243902439024,1.0,0.000832932932118835,0.0,0.0
56598,jump rope without the rope,40,0.8832607609018621,0.24324324324324326,1.0,0.7748400361917728,0.21621621621621623,1.0,0.10842072471008934,0.02702702702702703,0.0
56635,junior bridesmaid robe,16,0.9829191602905866,0.625,1.0,0.9792993621289764,0.625,1.0,0.003619798161610177,0.0,0.0
56647,juniors flowy tank,16,0.9049843764558716,0.625,1.0,0.8972794230628861,0.625,1.0,0.007704953392985492,0.0,0.0
56668,jupiter vape,16,0.8236998933965709,0.6666666666666666,1.0,0.7791714369672128,0.5833333333333334,1.0,0.0445284564293581,0.08333333333333326,0.0
56672,jura ena micro 90,39,0.8094103270615465,0.25,1.0,0.8584641395430705,0.2857142857142857,1.0,-0.04905381248152407,-0.0357142857142857,0.0
56708,just my size sports bras for women plus size,12,0.9136003555172834,0.8333333333333334,1.0,0.9734776300536291,0.8333333333333334,1.0,-0.059877274536345726,0.0,0.0
56713,just play kids disposable face mask,40,0.8513810703207652,0.2631578947368421,1.0,0.9227423084440458,0.2631578947368421,1.0,-0.07136123812328066,0.0,0.0
56717,just water,16,0.9201048561927256,0.625,1.0,0.9201048561927256,0.625,1.0,0.0,0.0,0.0
56746,juul pods,25,0.6298646819799784,0.42857142857142855,0.2,0.6114149498752102,0.42857142857142855,0.3333333333333333,0.01844973210476819,0.0,-0.1333333333333333
56826,k9 carrier,38,0.9211531804207896,0.25,1.0,0.9045513367491769,0.25,1.0,0.01660184367161277,0.0,0.0
56847,kaenon sunglasses for men,41,0.897063815495931,0.23684210526315788,1.0,0.8824454205219855,0.2631578947368421,1.0,0.014618394973945459,-0.02631578947368421,0.0
56865,kajal stick indian,40,0.948475220140534,0.2564102564102564,1.0,0.9325055893091646,0.2564102564102564,1.0,0.015969630831369375,0.0,0.0
56870,kala hari smooth leave in,41,0.8658304748987623,0.2631578947368421,1.0,0.7141087768991377,0.23684210526315788,1.0,0.15172169799962465,0.02631578947368421,0.0
56897,kamen rider 555 faiz deforeal,16,0.8629697403917393,0.6666666666666666,1.0,0.8126608837093229,0.5555555555555556,1.0,0.05030885668241647,0.11111111111111105,0.0
56932,kanoodle puzzle game,40,0.9567083294488864,0.2857142857142857,1.0,0.9567083294488864,0.2857142857142857,1.0,0.0,0.0,0.0
56953,karak pot,16,0.5859645859373045,0.6666666666666666,0.3333333333333333,0.4523931366187043,0.5,0.2,0.1335714493186002,0.16666666666666663,0.1333333333333333
56984,karl lagerfeld men,16,0.7788065869851875,0.7,1.0,0.7909506325094736,0.7,1.0,-0.012144045524286162,0.0,0.0
57009,kat von d mascara go big or go home,28,0.863700278564135,0.32,1.0,0.8872839025715477,0.32,1.0,-0.02358362400741265,0.0,0.0
57038,kate spade perfume roller,16,0.914868247717088,0.6666666666666666,1.0,0.8956865919515298,0.6666666666666666,1.0,0.019181655765558192,0.0,0.0
57053,kaufman bath mats,40,0.8321045468276779,0.25,1.0,0.8008327318876817,0.25,1.0,0.0312718149399962,0.0,0.0
57062,kawaii iphone se phone wallet,16,0.933745776545611,0.6923076923076923,1.0,0.8165901947515999,0.6153846153846154,1.0,0.11715558179401109,0.07692307692307687,0.0
57087,kayak fishing accessories,16,0.9484408074789668,0.6666666666666666,1.0,0.961626441860224,0.6666666666666666,1.0,-0.013185634381257194,0.0,0.0
57093,kayak not inflatable,15,0.6681426123321182,1.0,0.5,0.6766262102665871,0.7142857142857143,1.0,-0.008483597934468845,0.2857142857142857,-0.5
57130,kdp self publishing account sign in,8,0.9210178208362124,1.0,1.0,0.9299896056993346,1.0,1.0,-0.008971784863122223,0.0,0.0
57161,keep ants off hummingbird feeder,16,0.9834681801136501,0.625,1.0,0.9049656915215305,0.625,1.0,0.07850248859211961,0.0,0.0
57170,keeys of the bible,13,0.96331803895032,0.8333333333333334,1.0,1.0,0.8333333333333334,1.0,-0.03668196104968002,0.0,0.0
57180,kego infinity gauntlet,16,0.92663607790064,0.6,1.0,0.9074250374176304,0.6,1.0,0.01921104048300959,0.0,0.0
57239,kenny loggins,16,0.9401742983047275,0.625,1.0,0.9371852826240948,0.625,1.0,0.0029890156806327006,0.0,0.0
57243,kenra hairspray 30,16,0.8789335177254264,0.625,1.0,0.9705669479986532,0.625,1.0,-0.09163343027322679,0.0,0.0
57332,keto logic shake,40,0.9556493299547569,0.2631578947368421,1.0,0.8578966398857479,0.2631578947368421,1.0,0.097752690069009,0.0,0.0
57402,keurig mini reusable k cup,40,0.9477344873475498,0.24324324324324326,1.0,0.9316277775573522,0.24324324324324326,1.0,0.016106709790197682,0.0,0.0
57404,keurig resivoir,16,0.7600791051976191,0.5833333333333334,1.0,0.7799082337019199,0.75,0.5,-0.01982912850430074,-0.16666666666666663,0.5
57521,keyring stretch,15,0.9420080912578059,0.8181818181818182,1.0,0.8123941376022298,0.7272727272727273,1.0,0.12961395365557615,0.09090909090909094,0.0
57547,khaled hosseini,16,0.9031831372383415,0.6,1.0,0.8773810087466447,0.6,1.0,0.02580212849169683,0.0,0.0
57559,kia rio radio,16,0.5214835304154968,0.42857142857142855,0.25,0.4265230387785118,0.2857142857142857,0.125,0.094960491636985,0.14285714285714285,0.125
57560,kia soul model,16,0.9469024295259745,1.0,1.0,0.9674679834891694,1.0,1.0,-0.020565553963194927,0.0,0.0
57564,kick ass dvd pack,16,0.7490778721410694,0.8333333333333334,1.0,0.7544384686209664,0.8333333333333334,1.0,-0.005360596479897062,0.0,0.0
57578,kicks high flyer choke tube 12 gauge browning,16,0.8812044016515216,0.6666666666666666,1.0,0.8796341344904942,0.6666666666666666,1.0,0.0015702671610273722,0.0,0.0
57611,kid microphone stand,40,0.9363792118010482,0.2903225806451613,1.0,1.0,0.3225806451612903,1.0,-0.06362078819895178,-0.032258064516129004,0.0
57648,kiddy carrier,16,0.7794445896670437,0.8,1.0,0.7145983182499132,0.6,1.0,0.06484627141713051,0.20000000000000007,0.0
57653,kidney diet dog treats,40,0.9755453593002134,0.2777777777777778,1.0,0.9316277775573523,0.2777777777777778,1.0,0.04391758174286109,0.0,0.0
57701,kids binoculars girls,16,0.9311946892549704,0.625,1.0,0.9021814372008533,0.625,1.0,0.02901325205411709,0.0,0.0
57810,kids fleece pajamas,16,0.8899541168509599,0.625,1.0,0.8982550386867663,0.625,1.0,-0.00830092183580633,0.0,0.0
57835,kids green hoodies girl,16,0.7911855642933835,0.6666666666666666,1.0,0.7375971017454396,0.5833333333333334,1.0,0.053588462547943916,0.08333333333333326,0.0
57933,kids pijama boys,16,1.0,0.7692307692307693,1.0,0.7898916330153443,0.5384615384615384,1.0,0.21010836698465574,0.23076923076923084,0.0
57953,kids probtiotic fiber,11,0.9772274824155974,0.9090909090909091,1.0,0.9346659795308913,0.9090909090909091,1.0,0.04256150288470617,0.0,0.0
57969,kids rick and morty shirt,16,0.28593342346284717,0.375,0.25,0.45224191449107654,0.5,0.5,-0.16630849102822937,-0.125,-0.25
57977,kids room black and white,41,0.8066817565598587,0.30434782608695654,1.0,0.8108582970019788,0.34782608695652173,0.5,-0.004176540442120014,-0.04347826086956519,0.5
57989,kids shaving kit for boys play,16,0.9149829626822984,0.6,1.0,0.9243244839169811,0.6666666666666666,1.0,-0.009341521234682681,-0.06666666666666665,0.0
58062,kids twin bed mattress,16,0.8063520802531949,0.75,1.0,0.7597767360646562,0.625,1.0,0.0465753441885387,0.125,0.0
58097,kids wooden play kitchen,16,0.8839269150077771,0.625,1.0,0.8944836122933966,0.625,1.0,-0.010556697285619476,0.0,0.0
58121,kiinde starter kit,39,0.8753142497301399,0.34782608695652173,1.0,0.8341337831078465,0.30434782608695654,1.0,0.041180466622293466,0.04347826086956519,0.0
58133,kill mildew,16,0.9005033215744148,0.625,1.0,0.9537125187088152,0.625,1.0,-0.05320919713440042,0.0,0.0
58161,kim possible costume,16,0.8971008499031222,0.8181818181818182,1.0,0.6935984793138764,0.6363636363636364,1.0,0.2035023705892458,0.18181818181818188,0.0
58179,kindergarden tablet for writing numbers,16,0.96331803895032,0.625,1.0,0.9567083294488864,0.625,1.0,0.0066097095014335805,0.0,0.0
58212,kindle fire 8,30,0.6192265393558444,0.21052631578947367,0.5,0.663093103708534,0.21052631578947367,1.0,-0.04386656435268965,0.0,-0.5
58256,kinetico k5 drinking water station,40,0.5415531220759449,0.10714285714285714,1.0,0.5596560137323743,0.07142857142857142,1.0,-0.01810289165642942,0.03571428571428571,0.0
58258,king and queen crowns,16,0.9774367618500638,0.625,1.0,0.9763548176414888,0.625,1.0,0.001081944208574992,0.0,0.0
58276,king black stripe sheets,16,0.9019968509043668,0.625,1.0,0.90291385926324,0.625,1.0,-0.0009170083588732059,0.0,0.0
58364,king size platform bed frame,16,0.8798984351146749,0.625,1.0,0.8171863026887816,0.625,1.0,0.06271213242589335,0.0,0.0
58440,kiss him not me stickers,39,0.6951116003271834,0.2777777777777778,1.0,0.6951116003271834,0.2777777777777778,1.0,0.0,0.0,0.0
58461,kit cat clock,16,0.8760486808746282,0.625,1.0,0.9401742983047275,0.625,1.0,-0.06412561743009937,0.0,0.0
58516,kitchen aide grill,16,0.7911862389972266,0.6666666666666666,1.0,0.6602303520741634,0.6666666666666666,0.25,0.13095588692306326,0.0,0.75
58518,kitchen aluminum foil organizer,16,0.9401742983047275,0.625,1.0,0.9231753967464277,0.625,1.0,0.01699890155829986,0.0,0.0
58537,kitchen coffee bar,16,0.9432379215722527,0.6,1.0,0.9510907186004267,0.6,1.0,-0.007852797028173986,0.0,0.0
58683,kitchenaid covers for stand mixer 5 quart,40,0.7875629162159838,0.27586206896551724,1.0,0.5995601119237286,0.2413793103448276,0.5,0.18800280429225524,0.03448275862068964,0.5
58701,kitchenaid refrigerator water filter 3,16,0.8746652306534625,0.6,1.0,0.9772274824155974,0.6666666666666666,1.0,-0.10256225176213496,-0.06666666666666665,0.0
58705,kiteboarding kite bag,16,0.8834946962195757,0.7272727272727273,1.0,0.872629548143269,0.7272727272727273,1.0,0.010865148076306674,0.0,0.0
58719,kitten onesies recovery small,16,0.456468383308964,1.0,0.16666666666666666,0.0,0.0,0.09090909090909091,0.456468383308964,1.0,0.07575757575757575
58755,klein tool cable fisher,16,0.43918069165019585,0.7142857142857143,0.2,0.12059218170405793,0.2857142857142857,0.125,0.3185885099461379,0.4285714285714286,0.07500000000000001
58832,knee surgery,16,0.933745776545611,0.6428571428571429,1.0,0.914856882358379,0.6428571428571429,1.0,0.01888889418723194,0.0,0.0
58853,knife guard 16,16,0.7071616431549278,0.6363636363636364,1.0,0.5454772409060166,0.45454545454545453,1.0,0.16168440224891123,0.18181818181818182,0.0
58893,knitted cardigans for women,16,0.9716189607861263,0.625,1.0,0.9787930706003494,0.625,1.0,-0.007174109814223062,0.0,0.0
58896,knitters pride zing alu dpn size 0,10,0.9932556374374895,1.0,1.0,0.9752092775120579,1.0,1.0,0.018046359925431577,0.0,0.0
58909,knives,16,0.685119869332369,0.6666666666666666,0.5,0.6410457898283654,0.6666666666666666,0.3333333333333333,0.04407407950400366,0.0,0.16666666666666669
58970,kohler brevia q2 white plastic elongated toilet seat,40,0.8918053418519213,0.2564102564102564,1.0,0.941233297798857,0.2564102564102564,1.0,-0.04942795594693572,0.0,0.0
59013,kong wobbler medium,39,0.8529049402290357,0.2777777777777778,1.0,0.8938936120729811,0.2777777777777778,1.0,-0.04098867184394539,0.0,0.0
59045,korean makeup,16,0.96331803895032,0.625,1.0,0.9537125187088152,0.625,1.0,0.00960552024150474,0.0,0.0
59078,kp bump eraser body scrub,16,0.9731655646212307,0.6428571428571429,1.0,0.9731655646212307,0.6428571428571429,1.0,0.0,0.0,0.0
59080,kp lotion,40,0.8242978344531515,0.2571428571428571,1.0,0.8558939559096684,0.2857142857142857,1.0,-0.03159612145651691,-0.02857142857142858,0.0
59204,kwanza candle holder,40,0.7442445647210824,0.25,0.5,0.6376235722981066,0.21428571428571427,0.5,0.10662099242297574,0.035714285714285726,0.0
59269,l styled shafts,16,1.0,0.8333333333333334,1.0,1.0,0.8333333333333334,1.0,0.0,0.0,0.0
59273,l track massage chair,40,0.8713689875596979,0.25,1.0,0.8764548271528609,0.25,1.0,-0.005085839593163,0.0,0.0
59281,l'oreal magic root cover up medium brown,40,0.8646314079527772,0.2564102564102564,1.0,0.8709024413430004,0.2564102564102564,1.0,-0.0062710333902232795,0.0,0.0
59360,la mer eye cream,40,0.7730810113299462,0.23529411764705882,1.0,0.7065632165480472,0.20588235294117646,1.0,0.06651779478189901,0.02941176470588236,0.0
59421,label printer cleaning card 4x6,16,0.890276574879607,1.0,1.0,0.7641620915881894,0.6666666666666666,1.0,0.1261144832914176,0.33333333333333337,0.0
59474,lace silk cami,16,0.9899138256111094,0.625,1.0,0.9938203652479539,0.625,1.0,-0.003906539636844508,0.0,0.0
59549,ladies art teacher shirts,16,0.9490848368915717,0.625,1.0,0.8963914458021905,0.625,1.0,0.0526933910893812,0.0,0.0
59577,ladies pull on shorts elastic waist,16,0.9461436905340347,0.625,1.0,0.9744387709952586,0.625,1.0,-0.028295080461223865,0.0,0.0
59585,ladies short boot socks,16,0.9438661545147248,1.0,1.0,0.6366824387328316,0.5,1.0,0.3071837157818932,0.5,0.0
59594,ladies white sneakers 10.5 nike,40,1.0,0.29411764705882354,1.0,0.9454862044599013,0.29411764705882354,1.0,0.05451379554009872,0.0,0.0
59652,lake life gifts,16,0.9178287402913374,1.0,1.0,0.7030861797445797,0.75,1.0,0.21474256054675778,0.25,0.0
59669,lambs ear wreath 24 inch,16,0.8791446136890237,0.6,1.0,0.8828223056466264,0.6,1.0,-0.0036776919576027023,0.0,0.0
59677,laminate countertop,16,0.7178877110038276,0.75,0.5,0.5943271348393742,0.5833333333333334,0.5,0.12356057616445348,0.16666666666666663,0.0
59707,lamp with marracon lamp shade,16,0.9716189607861263,0.625,1.0,0.9537125187088152,0.625,1.0,0.01790644207731107,0.0,0.0
59770,lamy dark lilac ink,40,0.6480984547196024,0.36363636363636365,1.0,0.6271823210482643,0.3181818181818182,1.0,0.020916133671338044,0.04545454545454547,0.0
59791,land cruiser 90,16,0.83627325424298,0.625,1.0,0.8582638554579922,0.625,1.0,-0.021990601215012173,0.0,0.0
59942,laptop power adapters,16,0.9368077570869662,0.6,1.0,0.9477344873475498,0.6,1.0,-0.010926730260583661,0.0,0.0
59995,large batman figure,16,0.941233297798857,0.625,1.0,0.9371852826240948,0.625,1.0,0.004048015174762165,0.0,0.0
59997,large beach towels,16,0.9684038785434832,0.625,1.0,0.9537125187088152,0.625,1.0,0.01469135983466796,0.0,0.0
60024,large clear organizer bins,16,0.8804329571523075,0.625,1.0,0.9122378688040328,0.625,1.0,-0.031804911651725276,0.0,0.0
60028,large container multi colored glitter,16,1.0,0.7142857142857143,1.0,0.8792626682927859,0.5714285714285714,1.0,0.12073733170721412,0.1428571428571429,0.0
60078,large harley sign,16,0.9463191373920201,0.625,1.0,0.8729552152926601,0.625,1.0,0.07336392209936005,0.0,0.0
60124,large pink christmas ornaments,40,0.9738672436737749,0.2564102564102564,1.0,0.9495342196346633,0.2564102564102564,1.0,0.024333024039111528,0.0,0.0
60131,large pots for trees outdoor clearance,16,0.5813617348124228,0.625,1.0,0.4965445646903224,0.625,1.0,0.08481717012210044,0.0,0.0
60159,large tents for camping,16,0.7972276952934721,0.625,1.0,0.7942386796128394,0.625,1.0,0.0029890156806327006,0.0,0.0
60171,large wall clock 36 inches,16,0.9411338959973068,0.625,1.0,0.9239166642947431,0.625,1.0,0.01721723170256373,0.0,0.0
60181,large whole house humidifiers,16,1.0,0.6666666666666666,1.0,1.0,0.6666666666666666,1.0,0.0,0.0,0.0
60220,laser alignment tool for tiles,16,0.9738672436737749,0.625,1.0,0.942271122217258,0.625,1.0,0.03159612145651691,0.0,0.0
60288,lasko tower fan combo pack,16,0.9317219174938032,0.625,1.0,0.96331803895032,0.625,1.0,-0.0315961214565168,0.0,0.0
60321,latex socks,13,0.9130060886119866,1.0,1.0,0.9017596765291899,1.0,1.0,0.011246412082796753,0.0,0.0
60334,latte art,16,0.7210700627946826,0.6666666666666666,1.0,0.5633737951694301,0.5,1.0,0.15769626762525246,0.16666666666666663,0.0
60380,laundry sanitizer liquid,16,0.8850199208331688,0.5714285714285714,1.0,0.8677488937595094,0.5714285714285714,1.0,0.017271027073659462,0.0,0.0
60394,lauren eden,16,0.47162765245672045,1.0,0.16666666666666666,0.3028124283986501,0.6666666666666666,0.16666666666666666,0.16881522405807037,0.33333333333333337,0.0
60440,lavendar pills anxiety,16,0.6712350165814066,0.5714285714285714,1.0,0.8150660023189528,0.6428571428571429,1.0,-0.14383098573754616,-0.07142857142857151,0.0
60530,lazer pointer,16,0.914856882358379,0.6,1.0,0.8611375561264455,0.6,1.0,0.05371932623193354,0.0,0.0
60541,lazyboy recliner chair,16,0.9080375735745104,0.625,1.0,0.8759195979917094,0.625,1.0,0.03211797558280105,0.0,0.0
60543,lbi sweatshirts,16,0.9956810520858584,0.625,1.0,0.9981541114692021,0.625,1.0,-0.0024730593833436343,0.0,0.0
60582,leachco pregnancy pillow cover,16,0.9504735019553641,0.625,1.0,0.9537915794915526,0.625,1.0,-0.003318077536188513,0.0,0.0
60606,leaf guard,16,0.8372756937493885,0.6,1.0,0.9085876404132014,0.6666666666666666,1.0,-0.07131194666381291,-0.06666666666666665,0.0
60620,league legacy hat,40,0.894794357532554,0.25,1.0,0.8860603473943658,0.25,1.0,0.008734010138188197,0.0,0.0
60626,lean gains,16,0.8546155542307573,0.6666666666666666,1.0,0.8368789572119399,0.6666666666666666,1.0,0.017736597018817357,0.0,0.0
60631,leap frog magic adventures globes for kids interactive,40,0.801519175839118,0.34615384615384615,1.0,0.671378097038883,0.2692307692307692,1.0,0.13014107880023507,0.07692307692307693,0.0
60633,leap office chair,40,1.0,0.25,1.0,0.9787930706003494,0.25,1.0,0.02120692939965063,0.0,0.0
60683,leather belt blanks 1 1/4 inch,16,0.871363815220636,0.7142857142857143,1.0,0.832793904873879,0.6428571428571429,1.0,0.03856991034675694,0.0714285714285714,0.0
60687,leather belt without holes,42,0.9076130202193858,0.23076923076923078,1.0,0.942271122217258,0.2564102564102564,1.0,-0.034658101997872115,-0.025641025641025605,0.0
60762,leather pocket opener,16,0.9309396307820335,0.625,1.0,0.9938203652479539,0.625,1.0,-0.06288073446592046,0.0,0.0
60785,leather toddler backpack,16,0.9036844457528526,0.6,1.0,0.8963168744812942,0.6,1.0,0.007367571271558404,0.0,0.0
60859,led bed lights,15,0.8764589530434579,0.6923076923076923,1.0,0.8708438804066915,0.6923076923076923,1.0,0.005615072636766416,0.0,0.0
60873,led cigarette lighter light,40,0.6016863523577994,0.2222222222222222,0.5,0.6885850935030454,0.25925925925925924,0.5,-0.08689874114524598,-0.037037037037037035,0.0
60891,led desk lamp -touch,16,0.9385574520455129,1.0,1.0,1.0,1.0,1.0,-0.061442547954487114,0.0,0.0
60922,led headlights kits civic 05,16,0.8899541168509599,0.625,1.0,0.8803485966094552,0.625,1.0,0.00960552024150474,0.0,0.0
61084,ledge lounger in-pool chaise,40,0.9517825025223118,0.25,1.0,0.9311946892549704,0.25,1.0,0.02058781326734138,0.0,0.0
61156,leg vise hardware,16,0.8328087487158442,0.75,1.0,0.8972045973633479,0.875,1.0,-0.0643958486475037,-0.125,0.0
61255,lego city fire truck,16,0.9678575624849975,0.625,1.0,0.9678575624849975,0.625,1.0,0.0,0.0,0.0
61395,lego under 10 dollars,16,0.8685622228936916,0.6666666666666666,1.0,0.8791446136890237,0.6,1.0,-0.010582390795332186,0.06666666666666665,0.0
61433,lem meat grinders,11,0.855607503146114,1.0,0.5,0.752293117767362,0.8333333333333334,0.5,0.10331438537875204,0.16666666666666663,0.0
61505,lenovo tab 4 8 case,16,0.6525802585317124,0.7142857142857143,1.0,0.6289704380768635,0.5714285714285714,1.0,0.02360982045484894,0.1428571428571429,0.0
61506,lenovo tab 7,16,0.9892280566320075,0.625,1.0,0.9320739411743278,0.625,1.0,0.05715411545767968,0.0,0.0
61524,lens hood canon t6 t7,16,0.8369256770986023,0.7,1.0,0.8072603775080547,0.7,1.0,0.029665299590547645,0.0,0.0
61546,leo mckern,16,0.7203464868883808,0.8333333333333334,1.0,0.485262857016371,0.6666666666666666,0.5,0.23508362987200976,0.16666666666666674,0.5
61579,leopard stationary,16,0.8745856679777844,0.7272727272727273,1.0,0.8576736693025871,0.7272727272727273,1.0,0.016911998675197215,0.0,0.0
61616,let it glow set,16,0.9786187253014144,1.0,1.0,0.9822149272069155,1.0,1.0,-0.0035962019055011396,0.0,0.0
61618,let it snow sweater,16,1.0,0.6666666666666666,1.0,1.0,0.6666666666666666,1.0,0.0,0.0,0.0
61620,leteulo crossbody,9,0.6879406342238089,1.0,0.5,0.9151505377371351,1.0,1.0,-0.22720990351332615,0.0,-0.5
61672,leupold fixed power scope,40,1.0,0.2564102564102564,1.0,0.9065559605225726,0.23076923076923078,1.0,0.09344403947742741,0.025641025641025605,0.0
61687,levelled reader stickers,16,0.9737889711522355,0.8333333333333334,1.0,0.8537190032784241,0.75,1.0,0.12006996787381141,0.08333333333333337,0.0
61796,lg 77 inch oled wall mount,17,0.5738439953645229,0.5384615384615384,0.5,0.5261842843054702,0.46153846153846156,0.5,0.047659711059052756,0.07692307692307687,0.0
61809,lg cx10 oled tv,16,0.9304250482000426,0.625,1.0,0.9498092123352825,0.625,1.0,-0.019384164135239912,0.0,0.0
61859,lg oled77g1pua,16,0.9241092822452719,0.625,1.0,0.8748032409025883,0.625,1.0,0.04930604134268357,0.0,0.0
61867,lg refridgerators,16,0.869093769194875,0.7272727272727273,1.0,0.5796720132384705,0.45454545454545453,0.16666666666666666,0.2894217559564045,0.27272727272727276,0.8333333333333334
61885,lg stylo 5 battery case,16,0.8787188257924087,0.8181818181818182,1.0,0.8650363949056664,0.8181818181818182,1.0,0.013682430886742258,0.0,0.0
61952,liberty's kids,16,0.6329851578149499,0.7,1.0,0.49017422226223817,0.6,0.5,0.14281093555271174,0.09999999999999998,0.5
62071,license plate hole cover plug,16,0.26406812257259094,0.5,0.25,0.21840743681816419,0.5,0.16666666666666666,0.04566068575442675,0.0,0.08333333333333334
62153,life without diabetes roy taylor,16,0.808110575739229,0.6923076923076923,1.0,0.8092754507868934,0.6923076923076923,1.0,-0.0011648750476644931,0.0,0.0
62154,life without plastic toothbrush,37,0.8668618689192154,0.3,1.0,0.74254515223003,0.26666666666666666,1.0,0.12431671668918531,0.033333333333333326,0.0
62222,ligandrol,40,0.15795627089680242,0.09090909090909091,0.5,0.4184089072426915,0.2727272727272727,0.5,-0.26045263634588905,-0.1818181818181818,0.0
62228,light arch,16,0.96331803895032,0.7692307692307693,1.0,0.9401742983047275,0.7692307692307693,1.0,0.023143740645592437,0.0,0.0
62275,light dimmer film,16,0.8462176009587385,0.7272727272727273,1.0,0.6612568463875567,0.6363636363636364,0.5,0.18496075457118188,0.09090909090909094,0.5
62291,light green bowtie,16,0.8701501813524338,0.6,1.0,0.8508075776455285,0.6,1.0,0.019342603706905326,0.0,0.0
62347,light up green lantern ring,16,0.8541445740261331,0.6153846153846154,1.0,0.8316495371299398,0.6153846153846154,1.0,0.022495036896193255,0.0,0.0
62384,lighted electrical outlet cover,16,0.8899541168509599,0.6,1.0,0.8899541168509599,0.6,1.0,0.0,0.0,0.0
62480,lightweight mirror for wall,16,0.866890971879206,0.6666666666666666,1.0,0.8391100684001118,0.6,1.0,0.027780903479094232,0.06666666666666665,0.0
62486,lightweight sleeping bag 2 person summer,16,0.9095262171348006,0.625,1.0,0.878754662673766,0.625,1.0,0.030771554461034634,0.0,0.0
62491,lightweight womens jackets for fall,16,0.9499134438190558,0.625,1.0,0.9433239291166576,0.625,1.0,0.006589514702398214,0.0,0.0
62495,liilispoetic home,49,0.6041953797312631,0.42857142857142855,1.0,0.8937469570107012,0.8571428571428571,1.0,-0.28955157727943803,-0.42857142857142855,0.0
62511,lil huggy,40,1.0,0.2702702702702703,1.0,1.0,0.2702702702702703,1.0,0.0,0.0,0.0
62519,lilac acrylic powder,40,0.8905863296912034,0.2631578947368421,1.0,0.8556483569980994,0.2631578947368421,1.0,0.03493797269310406,0.0,0.0
62559,lime green hoodie,11,0.9966819224638115,1.0,1.0,0.9230677702906952,0.9,1.0,0.07361415217311629,0.09999999999999998,0.0
62608,lincoln 210 mp welder,40,0.9163512710502743,0.2777777777777778,1.0,0.920582461529293,0.2777777777777778,1.0,-0.004231190479018765,0.0,0.0
62649,linen gift bags gray,15,0.9706903398068095,0.7142857142857143,1.0,0.9586107883947427,0.7142857142857143,1.0,0.012079551412066847,0.0,0.0
62660,ling ling potstickers,40,0.7080256423430754,0.4,1.0,0.708708263330205,0.4,1.0,-0.0006826209871295674,0.0,0.0
62686,links awakening,16,0.8571988054110365,0.7777777777777778,1.0,0.8856711480108262,0.7777777777777778,1.0,-0.0284723425997897,0.0,0.0
62732,lion king movie,16,0.8489237057561805,0.625,1.0,0.8489237057561805,0.625,1.0,0.0,0.0,0.0
62822,liquid fusion glue for rhinestones,41,0.7977531649002729,0.4444444444444444,1.0,0.7013888827626445,0.3333333333333333,1.0,0.09636428213762838,0.1111111111111111,0.0
62843,liquid sulfur soap for acne,40,0.7898851322144711,0.2631578947368421,1.0,0.8202858560146897,0.2631578947368421,1.0,-0.030400723800218632,0.0,0.0
62864,lisa nichols,16,0.9128420340474372,0.625,1.0,0.9137388648262595,0.625,1.0,-0.0008968307788222996,0.0,0.0
62961,little ikes turn slide,40,0.8655125728591077,0.3448275862068966,1.0,0.7390586370777635,0.27586206896551724,1.0,0.12645393578134412,0.06896551724137934,0.0
62971,little man balloons,16,1.0,0.625,1.0,1.0,0.625,1.0,0.0,0.0,0.0
63089,living room lamps for end tables,16,0.9471969491438326,0.625,1.0,0.9524016186546209,0.625,1.0,-0.005204669510788351,0.0,0.0
63100,living world eco green habitat,21,0.8384310716021036,0.47368421052631576,1.0,0.828225995964534,0.47368421052631576,1.0,0.010205075637569672,0.0,0.0
63155,llaveros de los 7 pecados capitales,25,0.8900917305098636,0.42857142857142855,1.0,0.7171324470320033,0.38095238095238093,1.0,0.17295928347786027,0.047619047619047616,0.0
63179,lobby chairs without arms,41,0.5513151790109487,0.20588235294117646,1.0,0.506063763506133,0.20588235294117646,0.3333333333333333,0.045251415504815706,0.0,0.6666666666666667
63191,loccitane lumiere parfum,16,0.7901825282708644,0.6,1.0,0.7206924026824431,0.6,1.0,0.06949012558842138,0.0,0.0
63234,locksmith tools,40,0.6184751843523172,0.30434782608695654,0.5,0.3974935196182418,0.21739130434782608,0.3333333333333333,0.22098166473407538,0.08695652173913046,0.16666666666666669
63317,logitech performance mouse,16,0.8991987231687164,0.625,1.0,0.8886495184452615,0.625,1.0,0.010549204723454886,0.0,0.0
63346,lol dance dance dance doll omg,41,0.856844435451057,0.23076923076923078,1.0,0.8738134946949139,0.23076923076923078,1.0,-0.016969059243856832,0.0,0.0
63453,long dress blazers for women,16,0.6452164595630409,0.6,1.0,0.5327551111423698,0.5,1.0,0.11246134842067101,0.09999999999999998,0.0
63477,long kent comb,16,0.8365924497278278,0.625,1.0,0.8024255578946929,0.625,1.0,0.034166891833134816,0.0,0.0
63557,long sleeve off white dresss,16,0.7139723282692052,0.6363636363636364,1.0,0.6908990367726638,0.5454545454545454,1.0,0.02307329149654136,0.09090909090909094,0.0
63702,loreal heat protection for hair,16,0.8604835500940083,0.625,1.0,0.8829715062540484,0.625,1.0,-0.022487956160040068,0.0,0.0
63729,los angeles rams hat,16,0.9716189607861263,0.6666666666666666,1.0,0.92663607790064,0.6666666666666666,1.0,0.04498288288548635,0.0,0.0
63753,losi truggy 1/8,16,0.8535625391158405,0.5,1.0,0.759495584314407,0.5,0.5,0.09406695480143346,0.0,0.5
63791,loud houses dvd,16,0.9481267385953305,0.6428571428571429,1.0,0.9144383801353688,0.6428571428571429,1.0,0.033688358459961654,0.0,0.0
63808,louis vutton wallet,40,0.8829771917772822,0.4166666666666667,1.0,0.8807289088896336,0.4166666666666667,1.0,0.002248282887648556,0.0,0.0
63823,lounge dress for women loose fit,45,0.7136540102475307,0.5333333333333333,0.5,0.7065443116025598,0.5333333333333333,0.5,0.007109698644970908,0.0,0.0
63831,lounge shorts men,16,0.9030651717322699,0.625,1.0,0.9369437337067622,0.625,1.0,-0.03387856197449235,0.0,0.0
63849,love books hoodie,16,0.9895377007754721,0.6666666666666666,1.0,0.891546745064562,0.6666666666666666,1.0,0.0979909557109101,0.0,0.0
63890,lovedeoll,13,0.9055891611675779,0.7692307692307693,1.0,0.9371852826240948,0.7692307692307693,1.0,-0.03159612145651691,0.0,0.0
63903,loveseat sleeper sofa bed,16,0.9782424770346264,0.625,1.0,0.9718788095129651,0.625,1.0,0.006363667521661287,0.0,0.0
63925,low carb meals and snacks,16,0.9539632719283162,0.625,1.0,0.9254588451672154,0.625,1.0,0.028504426761100765,0.0,0.0
63963,low profileadjustable bed frame,39,0.9537125187088152,0.2564102564102564,1.0,0.9543384299005628,0.2564102564102564,1.0,-0.0006259111917475968,0.0,0.0
63964,low rider oldies chrome series cds,14,0.9197207891481876,1.0,1.0,0.8065735963827292,1.0,1.0,0.11314719276545837,0.0,0.0
64038,luau girl dress 7 year,16,0.9426863437225959,0.6923076923076923,1.0,0.9339091084314125,0.7692307692307693,1.0,0.00877723529118335,-0.07692307692307698,0.0
64040,lubar body pillow,16,0.8626467926895746,0.625,1.0,0.8381657123202053,0.625,1.0,0.024481080369369246,0.0,0.0
64059,lucca tent,16,0.6688457156754258,1.0,0.3333333333333333,0.6807008352001337,0.8333333333333334,0.5,-0.011855119524707858,0.16666666666666663,-0.16666666666666669
64154,luggage scale,16,0.9684038785434832,0.9090909090909091,1.0,0.977915258848537,0.9090909090909091,1.0,-0.00951138030505383,0.0,0.0
64196,lulurue tee shirt,16,0.7448461178075122,0.7272727272727273,1.0,0.692067721698844,0.6363636363636364,1.0,0.05277839610866819,0.09090909090909094,0.0
64202,lumbar pillow,16,0.9411338959973068,0.625,1.0,0.9066994325921797,0.625,1.0,0.034434463405127125,0.0,0.0
64224,lumix gh5,16,0.9695992761997815,0.6666666666666666,1.0,0.9467529232895173,0.6,1.0,0.022846352910264156,0.06666666666666665,0.0
64305,luther season 5,16,0.6952894011524419,0.45454545454545453,0.5,0.7891222625916408,0.7272727272727273,0.5,-0.09383286143919889,-0.27272727272727276,0.0
64308,"lutron+claro+on/off+switch,+15+amp,",16,0.9547715182029446,0.625,1.0,0.9262688623283958,0.625,1.0,0.02850265587454881,0.0,0.0
64371,lv bracelet for women,16,0.9528927210264565,0.7142857142857143,1.0,0.9738050896605512,0.7142857142857143,1.0,-0.020912368634094736,0.0,0.0
64377,lvow sexy see through mesh,21,0.8950295084713848,0.5555555555555556,1.0,0.8940718159195983,0.5555555555555556,1.0,0.0009576925517865709,0.0,0.0
64383,lye relaxer,16,0.9765262399458083,0.625,1.0,0.9088650206134377,0.625,1.0,0.06766121933237068,0.0,0.0
64445,m letter auto sunshade,16,0.8618341407042318,0.625,1.0,0.8322029466571276,0.625,1.0,0.029631194047104237,0.0,0.0
64544,mac pro new,16,0.7799374828079251,0.5833333333333334,0.5,0.6570846738284951,0.5,0.3333333333333333,0.12285280897942996,0.08333333333333337,0.16666666666666669
64579,macbook air 13 inch gold sparkly case,16,0.9204429587072075,0.625,1.0,0.9058516050475466,0.625,1.0,0.01459135365966091,0.0,0.0
64605,macbook pro 13 case touch bar,16,0.9452601378978908,0.625,1.0,0.9221163972522983,0.625,1.0,0.023143740645592437,0.0,0.0
64665,mackenzie morgan,16,0.0,0.0,0.07692307692307693,0.0,0.0,0.06666666666666667,0.0,0.0,0.010256410256410262
64748,madonna boots,16,0.744409535776891,1.0,0.5,0.5414799037080296,0.75,0.5,0.2029296320688614,0.25,0.0
64858,magnesium sleep babies,16,0.9527304837512485,0.6666666666666666,1.0,0.98797927307486,0.6666666666666666,1.0,-0.03524878932361153,0.0,0.0
64899,magnetic chalk board for wall,16,0.8909724089198024,0.6153846153846154,1.0,0.9069212362975007,0.6153846153846154,1.0,-0.015948827377698205,0.0,0.0
64914,magnetic earring,16,0.941233297798857,0.625,1.0,0.9316277775573523,0.625,1.0,0.00960552024150474,0.0,0.0
64921,magnetic eyelashes without liner,40,0.9240532084982401,0.2631578947368421,1.0,0.9127306419243082,0.2631578947368421,1.0,0.011322566573931936,0.0,0.0
64924,magnetic fabric,16,1.0,0.625,1.0,1.0,0.625,1.0,0.0,0.0,0.0
64968,magnetic tips for android,16,0.9510907186004267,0.6923076923076923,1.0,0.9477344873475498,0.6923076923076923,1.0,0.0033562312528768734,0.0,0.0
64987,magnifying eyeglasses,16,0.9178663475624435,0.625,1.0,0.934773045240411,0.625,1.0,-0.016906697677967597,0.0,0.0
64998,magnolia table cookbook,16,1.0,0.625,1.0,1.0,0.625,1.0,0.0,0.0,0.0
65016,maguires ultimate rubbing compound,40,0.7982866947876015,0.2571428571428571,1.0,0.8436138595375718,0.22857142857142856,1.0,-0.04532716474997034,0.028571428571428553,0.0
65033,maidenform racerback bra front closure,16,0.9305771987116873,0.625,1.0,0.9411338959973068,0.625,1.0,-0.010556697285619476,0.0,0.0
65058,mainstay floor lamp,40,1.0,0.2564102564102564,1.0,1.0,0.2564102564102564,1.0,0.0,0.0,0.0
65078,make a keychain kit,16,0.8429098669750904,0.625,1.0,0.8403869410971224,0.625,1.0,0.0025229258779679853,0.0,0.0
65081,make anna’s scarf,15,0.38685280723454163,1.0,0.2,0.38685280723454163,1.0,0.2,0.0,0.0,0.0
65086,make love not war shirt,47,1.0,0.25,1.0,0.9363792118010482,0.225,1.0,0.06362078819895178,0.024999999999999994,0.0
65169,makeup table without mirror,41,0.5437121611565375,0.25925925925925924,1.0,0.33526631735780166,0.14814814814814814,0.5,0.20844584379873587,0.1111111111111111,0.5
65191,makita battery charger,16,1.0,0.625,1.0,1.0,0.625,1.0,0.0,0.0,0.0
65211,mal barbie descendants 3,16,0.9073475486981502,0.625,1.0,0.9058629123265631,0.625,1.0,0.0014846363715870226,0.0,0.0
65383,manchester united ornament,16,0.9320739411743278,0.625,1.0,0.915542121287978,0.625,1.0,0.016531819886349886,0.0,0.0
65578,manual washing machine,16,0.8912438909605648,0.6428571428571429,1.0,0.8905628774774316,0.6428571428571429,1.0,0.0006810134831332082,0.0,0.0
65581,manubrios para bicicleta de ruta,26,0.7432262726522398,0.34782608695652173,0.5,0.9368077570869662,0.391304347826087,1.0,-0.19358148443472634,-0.043478260869565244,-0.5
65699,marble grinder,16,0.839930626726795,0.6153846153846154,1.0,0.8800456786592188,0.6153846153846154,1.0,-0.04011505193242382,0.0,0.0
65703,marble organizer,16,0.9684038785434832,0.625,1.0,0.9768562593544076,0.625,1.0,-0.008452380810924365,0.0,0.0
65710,marbled fruit bowl,16,0.9200263683992064,0.625,1.0,0.926390478989071,0.625,1.0,-0.0063641105898646355,0.0,0.0
65750,marcy 150lb stack home gym,40,0.860016578671323,0.25,1.0,0.8883976178851966,0.2777777777777778,1.0,-0.028381039213873582,-0.02777777777777779,0.0
65780,marico marine switch,16,0.9605744242260119,0.6666666666666666,1.0,0.9536095000973961,0.6666666666666666,1.0,0.006964924128615824,0.0,0.0
65820,marinero dress for women,16,0.8626253048716975,0.625,1.0,0.9484714839582833,0.625,1.0,-0.08584617908658576,0.0,0.0
65863,mariobros,16,0.8199644770607818,0.6,1.0,0.8543695033253097,0.6666666666666666,1.0,-0.034405026264527905,-0.06666666666666665,0.0
65879,marker disc basket,16,0.8412565108467494,0.8333333333333334,1.0,0.9646667648772824,1.0,1.0,-0.12341025403053307,-0.16666666666666663,0.0
65881,marker sketch pad bleed proof,16,0.9882700665986157,0.7692307692307693,1.0,0.9891406902845187,0.7692307692307693,1.0,-0.0008706236859029604,0.0,0.0
65912,maroon women shoes,16,0.9806555459924992,0.625,1.0,0.8880828864259117,0.625,1.0,0.09257265956658745,0.0,0.0
65948,marshmello costume,24,0.6947651160602988,0.42105263157894735,0.5,0.8475402580516588,0.42105263157894735,1.0,-0.15277514199136,0.0,-0.5
65986,marvel games,16,0.8687986801651572,0.6,1.0,0.8786503340183063,0.6,1.0,-0.009851653853149123,0.0,0.0
66135,mask cord adjustable,16,0.7165277109159842,0.6363636363636364,0.3333333333333333,0.8800456786592188,0.7272727272727273,1.0,-0.16351796774323457,-0.09090909090909094,-0.6666666666666667
66146,mask not required sign,16,0.8887327416814557,1.0,1.0,0.6448244864271548,0.5,1.0,0.24390825525430082,0.5,0.0
66178,mason jar led solar light lids 4 pack,16,0.8613320939206891,0.625,1.0,0.8808565091304089,0.625,1.0,-0.019524415209719814,0.0,0.0
66191,mason jars without lids,40,0.7268288161415257,0.25,1.0,0.7598845063027325,0.28125,1.0,-0.0330556901612068,-0.03125,0.0
66197,masquerade mask for women,32,0.9684038785434832,0.3225806451612903,1.0,0.9494126029739882,0.3225806451612903,1.0,0.01899127556949498,0.0,0.0
66227,massage uniform men,16,0.740543763573296,0.5454545454545454,1.0,0.8455823819353225,0.7272727272727273,1.0,-0.10503861836202655,-0.18181818181818188,0.0
66277,mat burn skin,14,0.7967075809905066,1.0,0.5,1.0,1.0,1.0,-0.20329241900949335,0.0,-0.5
66299,matching christmas pajamas,16,0.9975228609646487,0.625,1.0,0.9758089901245822,0.625,1.0,0.021713870840066485,0.0,0.0
66350,maternity overalls,16,0.8904639366437649,0.6,1.0,0.8925123177696497,0.6666666666666666,1.0,-0.0020483811258847906,-0.06666666666666665,0.0
66378,mathematical compass,16,0.9526603142741242,0.625,1.0,0.9454862044599013,0.625,1.0,0.007174109814222951,0.0,0.0
66391,matress no sound,16,0.6341827870724358,0.5,1.0,0.6531056131461264,0.5,1.0,-0.018922826073690557,0.0,0.0
66398,matrix high amplify shampoo,40,0.884542244434516,0.25806451612903225,1.0,0.8905202757957813,0.25806451612903225,1.0,-0.00597803136126529,0.0,0.0
66438,mattress christmas tree,16,0.9074250374176304,0.6428571428571429,1.0,0.9134166588977729,0.5714285714285714,1.0,-0.005991621480142539,0.07142857142857151,0.0
66466,mattress topper memory foam full,16,0.5883300173403989,1.0,0.25,0.5098501619682683,1.0,0.16666666666666666,0.07847985537213065,0.0,0.08333333333333334
66488,mauve bridesmaid dresses,40,0.8109968375216927,0.2222222222222222,1.0,0.9052116356304494,0.25,1.0,-0.09421479810875666,-0.02777777777777779,0.0
66490,mauve lipstick matte long lasting,40,0.9157196576049409,0.25,1.0,0.867442589045611,0.25,1.0,0.048277068559329894,0.0,0.0
66500,mavic air,16,0.5977617277409635,0.3333333333333333,0.5,0.6763769766500441,0.3333333333333333,1.0,-0.07861524890908067,0.0,-0.5
66504,mavic mini lights,16,0.9008240627729516,0.7272727272727273,1.0,0.8878984756873929,0.7272727272727273,1.0,0.012925587085558687,0.0,0.0
66529,maxi climber,14,0.9777315822718007,1.0,1.0,0.9718542884917086,1.0,1.0,0.005877293780092052,0.0,0.0
66538,maxi nursing nightgown,40,0.9400228393296095,0.2777777777777778,1.0,0.9317219174938032,0.2777777777777778,1.0,0.00830092183580633,0.0,0.0
66544,maxim,16,0.8857316381822385,0.7272727272727273,1.0,1.0,0.9090909090909091,1.0,-0.11426836181776145,-0.18181818181818177,0.0
66599,mayo clinic guide to a healthy pregnancy,16,0.8865898058246783,0.6153846153846154,1.0,0.8740491112086551,0.6153846153846154,1.0,0.01254069461602314,0.0,0.0
66777,"medallion 5"" decorative recessed trim",16,0.9008636626471187,0.625,1.0,0.9321376950951338,0.625,1.0,-0.03127403244801508,0.0,0.0
66857,medicom mask,13,0.9937947856332162,1.0,1.0,0.6008757069344629,0.7777777777777778,0.3333333333333333,0.3929190786987533,0.2222222222222222,0.6666666666666667
66881,meditation is not what you think tshirt,40,0.9716189607861263,0.29411764705882354,1.0,0.8685296745807692,0.2647058823529412,1.0,0.10308928620535707,0.02941176470588236,0.0
66907,medium tall hi viz,16,0.9001257960372862,0.6,1.0,0.7710886373187511,0.6,0.5,0.12903715871853505,0.0,0.5
66934,mega man fully charged,40,0.9344424005551064,0.391304347826087,1.0,0.9298837892007761,0.391304347826087,1.0,0.004558611354330333,0.0,0.0
66943,megaba deodorant,16,0.9077622287419908,0.625,1.0,0.8604835500940083,0.625,1.0,0.04727867864798241,0.0,0.0
67016,mele and company warehpuse,16,0.6595629128335778,0.75,1.0,0.34620964322385606,0.5,0.3333333333333333,0.31335326960972176,0.25,0.6666666666666667
67057,melissa moore,16,0.2441076356740635,0.4,0.25,0.11305340175787203,0.2,0.14285714285714285,0.13105423391619148,0.2,0.10714285714285715
67060,melody jane dolls,40,0.8019503276307799,0.3333333333333333,1.0,0.759965729982756,0.2857142857142857,1.0,0.04198459764802387,0.047619047619047616,0.0
67061,melody susie nail drill bits,40,0.7593930882241545,0.2647058823529412,0.5,0.8004754065936082,0.2647058823529412,1.0,-0.04108231836945364,0.0,-0.5
67069,melting white chocolate,40,0.9494126029739882,0.2702702702702703,1.0,0.977915258848537,0.2702702702702703,1.0,-0.02850265587454881,0.0,0.0
67099,memory foam house shoes for men,16,0.878003030736856,0.6428571428571429,1.0,0.8268960396946975,0.5714285714285714,1.0,0.051106991042158545,0.07142857142857151,0.0
67269,men winter joggers on sale,16,0.4776237035032179,0.6666666666666666,0.5,0.4017998179775806,0.6666666666666666,0.3333333333333333,0.07582388552563735,0.0,0.16666666666666669
67420,mens anal toy,15,0.8236998933965709,0.8,1.0,0.7123736502858729,0.7,1.0,0.11132624311069805,0.10000000000000009,0.0
67421,mens ankle compression socks,16,0.8756547919794183,0.625,1.0,0.8583035103443588,0.625,1.0,0.0173512816350595,0.0,0.0
67447,mens belt without buckle leather,48,0.8150851884996844,0.20454545454545456,1.0,0.8750623491700749,0.20454545454545456,1.0,-0.059977160670390495,0.0,0.0
67492,mens burgundy bow tie,16,1.0,0.625,1.0,0.9967982765022565,0.625,1.0,0.0032017234977435027,0.0,0.0
67514,mens cathater,16,0.5951731827812563,0.5,0.25,0.8979265912624363,0.8333333333333334,1.0,-0.30275340848118004,-0.33333333333333337,-0.75
67640,mens gym shorts,16,0.8977332844026549,0.6428571428571429,1.0,0.7559094123382475,0.6428571428571429,1.0,0.14182387206440739,0.0,0.0
67748,mens motorcycle shirts,16,0.9865502292925066,0.6666666666666666,1.0,0.884210101903782,0.6666666666666666,1.0,0.10234012738872456,0.0,0.0
67775,mens omega watch,16,0.9856876541521103,0.625,1.0,0.995553227704349,0.625,1.0,-0.009865573552238605,0.0,0.0
67837,mens rockstar belts,16,0.8922835824665117,0.7142857142857143,1.0,0.8613400451142653,0.7142857142857143,1.0,0.03094353735224642,0.0,0.0
67838,mens rugged traditional fit,16,0.9274918098849939,0.625,1.0,0.9492493328503673,0.625,1.0,-0.021757522965373366,0.0,0.0
67858,mens shirts short sleeve button down,16,0.9095641316965759,0.625,1.0,0.9160135273634696,0.625,1.0,-0.006449395666893731,0.0,0.0
67869,mens shorts without pockets,40,0.8316980108293851,0.2702702702702703,1.0,0.8642275068029677,0.2702702702702703,1.0,-0.03252949597358257,0.0,0.0
67893,mens slippers size 12,16,0.9537125187088152,0.625,1.0,0.9755453593002134,0.625,1.0,-0.021832840591398117,0.0,0.0
67905,mens soccer indoor cleats 15,16,0.49827103097054365,0.45454545454545453,0.5,0.7133080652109929,0.6363636363636364,1.0,-0.21503703424044923,-0.18181818181818182,-0.5
68033,mens wedding band mint,16,0.6955388095371091,0.6666666666666666,0.5,0.7217271073275462,0.6666666666666666,1.0,-0.026188297790437076,0.0,-0.5
68046,mens wide width walking shoes,16,0.8321021688266297,0.6923076923076923,1.0,0.7729240929320348,0.6153846153846154,1.0,0.059178075894594895,0.07692307692307687,0.0
68068,mens yellow under armour shoes,40,0.7740907497073182,0.2564102564102564,1.0,0.738460993092329,0.2564102564102564,1.0,0.03562975661498913,0.0,0.0
68094,men’s velour navy blue suit,16,0.48956627401924735,0.6666666666666666,0.5,0.42695087348069677,0.6666666666666666,0.3333333333333333,0.06261540053855058,0.0,0.16666666666666669
68102,mercedes 190e exhaust,16,0.5397567843232968,0.4,0.5,0.5397567843232968,0.4,0.5,0.0,0.0,0.0
68108,mercedes w204 led parking lights,16,0.745643738345136,0.8,1.0,0.8340282097720166,1.0,1.0,-0.08838447142688066,-0.19999999999999996,0.0
68159,mermaid rainboots for toddlers girls,16,0.9716189607861263,0.7142857142857143,1.0,0.9079981725871746,0.6428571428571429,1.0,0.06362078819895167,0.0714285714285714,0.0
68163,mermaid sinking pool toys for kids,16,0.9339091084314125,0.6666666666666666,1.0,0.9008636626471187,0.6666666666666666,1.0,0.0330454457842938,0.0,0.0
68183,merrell hut moc women,16,0.7060613543606311,0.5454545454545454,1.0,0.7046545575753098,0.6363636363636364,1.0,0.001406796785321296,-0.09090909090909094,0.0
68197,merrill women sandals size 9,16,0.8612384911223349,0.625,1.0,0.9128522585849833,0.625,1.0,-0.05161376746264845,0.0,0.0
68321,mestar iron pro 2 in 1,26,0.840831485047293,0.38461538461538464,1.0,0.8644766674058041,0.38461538461538464,1.0,-0.023645182358511097,0.0,0.0
68363,metal cockrings men,12,0.9700888222783675,1.0,1.0,0.9700888222783675,1.0,1.0,0.0,0.0,0.0
68399,metal gear solid ps3,16,0.8582519365729246,1.0,1.0,0.8069137770714502,0.8333333333333334,1.0,0.05133815950147447,0.16666666666666663,0.0
68413,metal picture frames for living room,16,0.7010578407002781,0.5454545454545454,1.0,0.5055833313702798,0.5454545454545454,0.5,0.19547450932999832,0.0,0.5
68445,metal tech rolling scaffold,40,0.8790376965552609,0.30303030303030304,1.0,0.8597738800500481,0.2727272727272727,1.0,0.019263816505212805,0.03030303030303033,0.0
68458,metal wallet,16,0.93746714661747,0.625,1.0,0.908616231907784,0.625,1.0,0.028850914709686037,0.0,0.0
68465,metallic dinnerware set,16,0.9268283195968527,0.6428571428571429,1.0,0.9051619122257389,0.6428571428571429,1.0,0.021666407371113805,0.0,0.0
68473,metallic red costume,16,0.804810999209339,0.8,1.0,0.721801830382049,0.7,1.0,0.08300916882728993,0.10000000000000009,0.0
68496,meth bumper sticker,16,0.6148053694956078,0.8,0.5,0.8726364045932623,1.0,1.0,-0.2578310350976545,-0.19999999999999996,-0.5
68615,miami dolphins mens shirt 4xl,16,0.8555376315166514,0.5714285714285714,1.0,0.94040405165174,0.6428571428571429,1.0,-0.0848664201350886,-0.07142857142857151,0.0
68643,michael jordan sneakers for boys,16,0.9188348878272684,0.6923076923076923,1.0,0.592418313862289,0.5384615384615384,0.5,0.32641657396497936,0.15384615384615385,0.5
68667,michael kors wallet res,16,0.8457634594723055,0.625,1.0,0.8476676416607545,0.625,1.0,-0.0019041821884490107,0.0,0.0
68696,michigan state spartan patch,16,0.8383162086599405,0.7777777777777778,1.0,0.8550956239938448,0.7777777777777778,1.0,-0.016779415333904257,0.0,0.0
68708,mickey infant pajamas,16,0.9556493299547569,0.625,1.0,0.9282056735743376,0.625,1.0,0.027443656380419346,0.0,0.0
68718,mickey mouse clothes for women,16,0.9716189607861263,0.6666666666666666,1.0,0.9738672436737749,0.6666666666666666,1.0,-0.002248282887648556,0.0,0.0
68726,mickey mouse one year old toys,16,0.9011791373265797,0.6428571428571429,1.0,0.960544497651649,0.7142857142857143,1.0,-0.05936536032506923,-0.0714285714285714,0.0
68775,micro sd card 3 pack 32,16,0.9859806352414436,0.625,1.0,0.9540097298753218,0.625,1.0,0.03197090536612179,0.0,0.0
68800,microblading glasses,16,0.9349369997364463,0.625,1.0,0.9388633982505333,0.625,1.0,-0.003926398514087048,0.0,0.0
68829,microgreen growing trays,41,0.977915258848537,0.2564102564102564,1.0,1.0,0.2564102564102564,1.0,-0.022084741151462972,0.0,0.0
68853,microphone arm for sm7b,16,0.7391792603982076,0.6153846153846154,0.3333333333333333,0.8017273252942377,0.6923076923076923,0.5,-0.06254806489603015,-0.07692307692307687,-0.16666666666666669
68917,microtouch solo razor as seen on tv,16,0.825531756845924,0.75,0.5,0.7448082955024853,0.5,0.5,0.08072346134343866,0.25,0.0
68934,microwave with convection oven grill and air fryer,16,0.9276061961947055,0.625,1.0,0.9343923220511718,0.625,1.0,-0.0067861258564663185,0.0,0.0
68936,microwave without turntable,16,0.7905950520842783,0.6,1.0,0.8288238167499891,0.6666666666666666,1.0,-0.03822876466571079,-0.06666666666666665,0.0
68997,midsize suitcases with wheels,16,0.9141813365962285,0.625,1.0,0.9464620324915696,0.625,1.0,-0.032280695895341105,0.0,0.0
69037,mikasa bone china,16,0.9768562593544076,0.625,1.0,1.0,0.625,1.0,-0.023143740645592437,0.0,0.0
69044,mike myers dvd,12,0.9363792118010482,0.9,1.0,0.8512360941594272,0.8,1.0,0.08514311764162097,0.09999999999999998,0.0
69050,mikes beef jerkey,16,0.9702234705316444,0.7692307692307693,1.0,0.9286673921025442,0.6923076923076923,1.0,0.04155607842910014,0.07692307692307698,0.0
69066,milbank 200-amp 1 gang ringless overhead only meter socket,40,0.5430249066989017,0.5384615384615384,0.3333333333333333,0.599523370988727,0.46153846153846156,1.0,-0.0564984642898253,0.07692307692307687,-0.6666666666666667
69081,military bed,16,0.9622789054455563,0.6,1.0,0.9663729261134105,0.6,1.0,-0.004094020667854248,0.0,0.0
69114,milk kefir starter kit,16,0.9168020790150267,0.625,1.0,0.8471089897056349,0.625,1.0,0.06969308930939189,0.0,0.0
69125,milkdust lactation protein powder,40,0.9295737815005595,0.37037037037037035,1.0,0.8140851919337423,0.2962962962962963,1.0,0.11548858956681718,0.07407407407407407,0.0
69135,millenials in the workplace,16,0.9634117275431491,0.625,1.0,0.9634117275431491,0.625,1.0,0.0,0.0,0.0
69191,milwaukee m18 drill,16,0.9174581909563019,0.625,1.0,0.937634399960692,0.625,1.0,-0.0201762090043901,0.0,0.0
69209,mimbre chair,39,0.9045513367491769,0.30303030303030304,1.0,0.9292578780090285,0.30303030303030304,1.0,-0.02470654125985161,0.0,0.0
69287,mini album dies,16,0.9454862044599013,0.625,1.0,0.9768562593544076,0.625,1.0,-0.03137005489450628,0.0,0.0
69373,mini dab rig,8,0.8880745976406033,1.0,1.0,0.8841467212717075,1.0,1.0,0.0039278763688958,0.0,0.0
69408,mini fridge without freezer,16,0.9772274824155974,0.625,1.0,0.9743682286692287,0.625,1.0,0.0028592537463687506,0.0,0.0
69463,mini mouth wash,16,0.914856882358379,0.75,1.0,0.6285108926059098,0.5833333333333334,0.5,0.2863459897524693,0.16666666666666663,0.5
69561,mini vending machine for room,40,0.8300857679330845,0.38095238095238093,1.0,0.8995169898698616,0.42857142857142855,1.0,-0.06943122193677709,-0.047619047619047616,0.0
69570,miniature bag,16,0.8309105135443761,0.6153846153846154,1.0,0.7596468312553587,0.6153846153846154,1.0,0.07126368228901736,0.0,0.0
69643,minnie iphone x case,16,0.8500272838283007,0.8181818181818182,1.0,0.790378833727545,0.7272727272727273,1.0,0.0596484501007557,0.09090909090909094,0.0
69650,minnie mouse ears glitter,16,0.8899541168509599,0.625,1.0,0.8803485966094552,0.625,1.0,0.00960552024150474,0.0,0.0
69654,minnie mouse onesie baby girl,16,0.9116204851278347,0.6428571428571429,1.0,0.9625756897940958,0.6428571428571429,1.0,-0.050955204666261134,0.0,0.0
69704,miraculous ladybug backpack,16,0.8691879669797838,0.6666666666666666,1.0,0.8126630796737198,0.6,1.0,0.05652488730606409,0.06666666666666665,0.0
69743,mirror tv,16,0.9476101793211024,0.6,1.0,0.972670728410317,0.6,1.0,-0.025060549089214623,0.0,0.0
69744,mirror window decor half moon shape,16,0.6967292865658978,0.875,0.5,0.8653577550776692,0.875,1.0,-0.16862846851177138,0.0,-0.5
69798,mista jacket,14,0.9526603142741242,0.7142857142857143,1.0,0.977915258848537,0.7142857142857143,1.0,-0.025254944574412796,0.0,0.0
69867,miyabi sharpening stone,16,0.9201960976577727,0.6,1.0,0.909444762248505,0.6,1.0,0.010751335409267648,0.0,0.0
69905,mlb 19 ps4,16,0.9942597274005158,0.7692307692307693,1.0,1.0,0.7692307692307693,1.0,-0.005740272599484175,0.0,0.0
69910,mma magnet,16,0.8995985677984534,0.625,1.0,0.8859662074579149,0.625,1.0,0.013632360340538496,0.0,0.0
69927,moana rooster,16,0.8697332416334811,0.6923076923076923,1.0,0.8887210439070125,0.6923076923076923,1.0,-0.018987802273531362,0.0,0.0
69954,mobile water purifier,16,0.6388826330165668,0.7,0.5,0.7061021803481909,0.6,1.0,-0.06721954733162416,0.09999999999999998,-0.5
70081,model magic clay soft,16,0.8236998933965709,0.5714285714285714,1.0,0.8268133666517739,0.5714285714285714,1.0,-0.0031134732552029476,0.0,0.0
70084,model railroad train people,16,0.0,0.0,0.09090909090909091,0.0,0.0,0.09090909090909091,0.0,0.0,0.0
70100,moderate compression socks women,16,0.9411338959973068,0.625,1.0,0.9877841797012169,0.625,1.0,-0.04665028370391011,0.0,0.0
70118,modern floor shelving,16,1.0,0.7142857142857143,1.0,0.7162874455029681,0.5714285714285714,0.5,0.2837125544970319,0.1428571428571429,0.5
70126,modern housewife,16,0.5151154298255826,0.5714285714285714,0.5,0.7860239555510738,0.8571428571428571,1.0,-0.2709085257254913,-0.2857142857142857,-0.5
70131,modern love,16,0.7478643268460915,0.6666666666666666,1.0,0.7406479173676456,0.6666666666666666,1.0,0.007216409478445929,0.0,0.0
70155,modest bikini,15,0.9042631976930015,0.6666666666666666,1.0,0.8476466249895277,0.6666666666666666,1.0,0.056616572703473755,0.0,0.0
70157,modily clothing,40,0.0,0.0,0.05,0.0,0.0,0.045454545454545456,0.0,0.0,0.004545454545454547
70230,moldes para resina epoxi,32,0.977915258848537,0.47619047619047616,1.0,0.8603818544462509,0.38095238095238093,1.0,0.1175334044022861,0.09523809523809523,0.0
70261,molle backpack rain,16,0.9738672436737749,0.7142857142857143,1.0,0.9738672436737749,0.7142857142857143,1.0,0.0,0.0,0.0
70273,molybell one piece swimsuits for women high waisted,17,0.8670858235416743,0.5625,1.0,0.9352843808185531,0.625,1.0,-0.06819855727687885,-0.0625,0.0
70285,mom jeans high waisted,25,0.9176564688508827,0.4,1.0,0.9325055893091646,0.4,1.0,-0.014849120458281906,0.0,0.0
70343,money drawing incense,16,0.9878431560618389,0.625,1.0,0.9901095028504737,0.625,1.0,-0.0022663467886347988,0.0,0.0
70361,monistat 3 day treatment,16,0.8360877166597954,1.0,1.0,0.9090864629316364,1.0,1.0,-0.072998746271841,0.0,0.0
70417,monkey face the book,16,0.9378331744866754,0.6666666666666666,1.0,0.8734682406707539,0.6666666666666666,1.0,0.06436493381592145,0.0,0.0
70506,monster tail rainbow loom,39,0.8067267547115275,0.2702702702702703,1.0,0.8647340257460203,0.2702702702702703,1.0,-0.05800727103449277,0.0,0.0
70580,moon nebula light,16,0.8526645881464116,0.625,1.0,0.9274269703737469,0.625,1.0,-0.07476238222733533,0.0,0.0
70605,moose wrapping paper,16,0.9240205794407473,0.625,1.0,0.9543384299005628,0.625,1.0,-0.0303178504598155,0.0,0.0
70609,mop,43,1.0,0.23255813953488372,1.0,1.0,0.23255813953488372,1.0,0.0,0.0,0.0
70649,more and more twice,16,0.9052116356304494,0.6,1.0,0.933745776545611,0.6,1.0,-0.0285341409151616,0.0,0.0
70680,moroccan oil curl defining cream,16,0.9326867770514815,0.6923076923076923,1.0,0.8767346978480929,0.6153846153846154,1.0,0.05595207920338863,0.07692307692307687,0.0
70690,morphie portable charger,16,0.8906459007728452,0.625,1.0,0.7575567185631594,0.625,1.0,0.1330891822096858,0.0,0.0
70867,moto g7 case -supra -lg,16,0.8936633189697702,0.8571428571428571,1.0,1.0,1.0,1.0,-0.10633668103022975,-0.1428571428571429,0.0
70939,motorcycle jack parts,16,0.6601396023754074,0.6,1.0,0.7719970585389948,0.8,1.0,-0.11185745616358744,-0.20000000000000007,0.0
70978,motorola edge s teléfono,15,0.9426109793585165,0.6666666666666666,1.0,0.9938203652479539,0.6666666666666666,1.0,-0.051209385889437464,0.0,0.0
70979,motorola g7 power case,16,0.8855321419383938,0.6666666666666666,1.0,0.8987414707960141,0.6666666666666666,1.0,-0.013209328857620273,0.0,0.0
71034,mountain landscape stickers,16,0.9210315637601145,0.625,1.0,0.9250795789348766,0.625,1.0,-0.004048015174762054,0.0,0.0
71041,mountains and rivers without end,16,0.7634059986789624,0.8333333333333334,0.5,0.8424492500339024,0.8333333333333334,1.0,-0.07904325135493995,0.0,-0.5
71043,mounted wall shelf with drawers,16,0.9513703327341864,0.625,1.0,0.949391557746789,0.625,1.0,0.0019787749873974025,0.0,0.0
71069,mouse pad red lightning,16,0.9217687598832659,0.6428571428571429,1.0,0.9200440697820688,0.6428571428571429,1.0,0.001724690101197135,0.0,0.0
71115,movie frozen 2 dvd,16,0.9933194477858641,0.7692307692307693,1.0,0.9943899986877236,0.7692307692307693,1.0,-0.0010705509018594794,0.0,0.0
71271,mrs wilson,16,0.6297514307200066,0.6,1.0,0.643690792864207,0.6,1.0,-0.01393936214420044,0.0,0.0
71291,msi alpha 15,16,0.9336693449052818,0.625,1.0,0.9080375735745104,0.625,1.0,0.025631771330771325,0.0,0.0
71326,msi vr one,16,0.8068039938271732,0.875,1.0,0.7356527651606579,1.0,0.5,0.07115122866651524,-0.125,0.5
71331,msr combo kit sig sauer,40,0.5958269762949258,0.26666666666666666,1.0,0.6055705638638008,0.26666666666666666,1.0,-0.009743587568875056,0.0,0.0
71334,msr stoves backpacking,16,0.7606971932189103,0.6153846153846154,0.3333333333333333,0.7394902638192596,0.6153846153846154,0.3333333333333333,0.02120692939965063,0.0,0.0
71337,msr x6 bluetooth,14,0.9974537474936096,0.8333333333333334,1.0,0.8370396326958581,0.75,1.0,0.16041411479775147,0.08333333333333337,0.0
71346,mta train toy,16,0.9282056735743376,0.625,1.0,0.9218644966922334,0.625,1.0,0.006341176882104227,0.0,0.0
71369,mtg playmat,16,0.9504120313864757,0.625,1.0,0.9495342196346633,0.625,1.0,0.0008778117518123407,0.0,0.0
71463,mugwort herb,16,0.9574907207396409,0.625,1.0,0.8859795952107105,0.625,1.0,0.07151112552893046,0.0,0.0
71479,mulberry silk bra,16,0.900504532140759,0.6666666666666666,1.0,0.854110998202559,0.6666666666666666,1.0,0.046393533938200004,0.0,0.0
71520,multi tv unit,16,0.479997302441702,1.0,0.25,0.4692303543625229,1.0,0.25,0.010766948079179106,0.0,0.0
71526,multi zone receiver,16,0.8691953122589416,0.6,1.0,0.8467139390136942,0.6,1.0,0.02248137324524746,0.0,0.0
71644,muscle milk strawberry banana,16,0.9967982765022565,0.625,1.0,0.9956639152520221,0.625,1.0,0.0011343612502343614,0.0,0.0
71697,music stand for keyboard,16,0.6809448078488898,0.7142857142857143,0.3333333333333333,0.6390801205550817,0.5714285714285714,0.3333333333333333,0.0418646872938081,0.1428571428571429,0.0
71712,musical rent,16,0.8421574071295405,0.625,1.0,0.81877652539521,0.625,1.0,0.023380881734330505,0.0,0.0
71723,must read classic,16,0.8446905084406404,0.7777777777777778,1.0,0.9667147927059907,1.0,1.0,-0.12202428426535028,-0.2222222222222222,0.0
71791,mwp52ll/a,15,0.7816483022571553,0.75,0.5,0.7371166953441979,0.6666666666666666,0.5,0.04453160691295743,0.08333333333333337,0.0
71797,mx412 windscreen,8,0.996793650563907,1.0,1.0,0.9840054527867665,1.0,1.0,0.012788197777140464,0.0,0.0
71816,my dog makes me happy car magnets and decals,16,0.9738672436737749,0.625,1.0,0.96331803895032,0.625,1.0,0.010549204723454886,0.0,0.0
71829,my hero academia cosplay midoriya female,16,0.9452601378978908,0.625,1.0,0.9189673689050769,0.625,1.0,0.026292768992813853,0.0,0.0
71841,my life doll accessories,19,0.9247599960299875,0.5555555555555556,1.0,0.9453427932135229,0.5555555555555556,1.0,-0.020582797183535395,0.0,0.0
71856,my little secret l.a. casey,15,0.8444281619770351,0.6923076923076923,1.0,0.8402307672483353,0.6923076923076923,1.0,0.004197394728699733,0.0,0.0
71870,my partner in wine glass,16,0.6862316244028177,0.6363636363636364,1.0,0.671713929088632,0.6363636363636364,1.0,0.014517695314185675,0.0,0.0
71890,my+little+pony+queen+chrysalis,16,0.9880526871795848,0.625,1.0,0.9938125636979421,0.625,1.0,-0.005759876518357299,0.0,0.0
71947,máscara led facial,15,0.9684038785434832,0.7142857142857143,1.0,0.9716189607861263,0.7142857142857143,1.0,-0.003215082242643108,0.0,0.0
72001,nadal apparel,40,0.8705062123131361,0.34615384615384615,1.0,0.8178458855753319,0.34615384615384615,1.0,0.052660326737804186,0.0,0.0
72009,nah not today,38,0.8399053911605857,0.42857142857142855,1.0,0.7619252249678106,0.38095238095238093,1.0,0.07798016619277515,0.047619047619047616,0.0
72065,nail polish trolley,16,0.8672282692671232,0.6,1.0,0.8672937960846067,0.6,1.0,-6.552681748350775e-05,0.0,0.0
72068,nail polishssie,16,0.9076258394037481,0.6,1.0,0.7732273931681583,0.6,0.5,0.13439844623558983,0.0,0.5
72158,nanit plus,16,0.8480411588814945,0.5384615384615384,1.0,0.8525377246567917,0.5384615384615384,1.0,-0.004496565775297223,0.0,0.0
72231,naruto headband,14,1.0,1.0,1.0,0.6309297535714574,1.0,0.5,0.3690702464285426,0.0,0.5
72244,narwhal cake,16,0.7005265155735114,0.6,1.0,0.47396865544992833,0.2,1.0,0.2265578601235831,0.39999999999999997,0.0
72271,nascar 22 joey logano car,16,0.9684038785434832,0.625,1.0,0.9537125187088152,0.625,1.0,0.01469135983466796,0.0,0.0
72273,nascar parts,16,0.8217940195182548,1.0,1.0,0.7188234435126971,1.0,0.5,0.1029705760055577,0.0,0.5
72290,national geographic sierra map,16,0.9829598078770283,0.6666666666666666,1.0,0.9854983569787691,0.6666666666666666,1.0,-0.0025385491017407835,0.0,0.0
72329,natural balance bones,16,0.9468817998296742,0.625,1.0,0.9150271041437172,0.625,1.0,0.031854695685957,0.0,0.0
72377,natural spray sunscreen,40,0.9504120313864757,0.2564102564102564,1.0,0.9755453593002134,0.2564102564102564,1.0,-0.02513332791373768,0.0,0.0
72390,naturalcotton twin sheets,16,0.9787930706003494,0.625,1.0,0.9768562593544076,0.625,1.0,0.0019368112459418052,0.0,0.0
72441,nautica polo shirts for men,43,1.0,0.23255813953488372,1.0,1.0,0.23255813953488372,1.0,0.0,0.0,0.0
72443,nautica shirts for boys,16,0.9325055893091646,0.625,1.0,0.9524016186546209,0.625,1.0,-0.019896029345456312,0.0,0.0
72473,navigation program,16,0.6334540166550461,1.0,0.25,0.5419314635149453,0.8,0.25,0.09152255314010083,0.19999999999999996,0.0
72481,navy and beige rugs,16,0.9214535246064987,0.625,1.0,0.9411338959973068,0.625,1.0,-0.019680371390808138,0.0,0.0
72484,navy baby costume,14,0.9268272940997387,1.0,1.0,0.8204252792730284,1.0,1.0,0.1064020148267103,0.0,0.0
72489,navy blue and gold pom poms,16,0.8503578285702411,0.6,1.0,0.8777365312475948,0.6666666666666666,1.0,-0.02737870267735365,-0.06666666666666665,0.0
72504,navy blue kid flip flops,16,0.7372559121249171,0.7777777777777778,1.0,0.6912384574643765,0.6666666666666666,1.0,0.046017454660540635,0.11111111111111116,0.0
72618,neato d4,16,0.678161925327781,0.5,0.2,0.678161925327781,0.5,0.2,0.0,0.0,0.0
72653,neck gaiter with earloop,16,0.96331803895032,0.625,1.0,0.9684038785434832,0.625,1.0,-0.005085839593163222,0.0,0.0
72755,nelson rigg rg-020,16,0.9705669479986532,0.625,1.0,0.9191158849629212,0.625,1.0,0.05145106303573199,0.0,0.0
72759,nemeziz 19.3 firm ground cleats,16,0.9343428760444787,0.625,1.0,0.96055123658686,0.625,1.0,-0.026208360542381293,0.0,0.0
72785,neon dry erase markers for black dry erase board,40,0.9311946892549704,0.2631578947368421,1.0,1.0,0.2631578947368421,1.0,-0.0688053107450296,0.0,0.0
72864,nerf gun,17,1.0,0.625,1.0,1.0,0.625,1.0,0.0,0.0,0.0
72887,nerf nstrike elite accustrike raptorstrike,16,0.8468029266168765,0.6363636363636364,1.0,0.7469316229444566,0.45454545454545453,1.0,0.09987130367241992,0.18181818181818182,0.0
72970,netdot gen10 micro usb connectors without cords,16,0.8185941212472007,0.6428571428571429,1.0,0.8529955530750076,0.6428571428571429,1.0,-0.03440143182780697,0.0,0.0
72989,netscout wifi detector,16,0.22206143322439892,0.5,0.125,0.38268031849431083,1.0,0.14285714285714285,-0.16061888526991192,-0.5,-0.01785714285714285
72991,nettie pot sinus,16,0.9925012570776344,0.625,1.0,0.9627429431373177,0.625,1.0,0.029758313940316694,0.0,0.0
73054,nevermore james patterson,16,0.8650065797672026,0.6923076923076923,1.0,0.9241497144992702,0.6923076923076923,1.0,-0.05914313473206756,0.0,0.0
73056,nevo hybrid smart watch,16,0.9008636626471187,0.625,1.0,0.9008636626471187,0.625,1.0,0.0,0.0,0.0
73071,new balance 500 mens shoes,16,1.0,0.625,1.0,1.0,0.625,1.0,0.0,0.0,0.0
73102,new balance running shorts,16,0.8469812477010668,0.6153846153846154,1.0,0.7100226348397881,0.5384615384615384,1.0,0.13695861286127864,0.07692307692307698,0.0
73133,new era snapback,16,0.941233297798857,0.625,1.0,0.9454862044599013,0.625,1.0,-0.004252906661044276,0.0,0.0
73158,new movies,16,0.8781499410771023,0.625,1.0,0.8781499410771023,0.625,1.0,0.0,0.0,0.0
73187,new york and company gift card,16,0.8650404382212762,0.6428571428571429,1.0,0.9307066738505995,0.7142857142857143,1.0,-0.06566623562932328,-0.0714285714285714,0.0
73194,new york giants tapestry,16,0.9170305576591352,0.7142857142857143,1.0,0.8899541168509599,0.7142857142857143,1.0,0.027076440808175284,0.0,0.0
73225,newborn girl sweaters,16,0.8420831499581141,0.7272727272727273,1.0,0.6733405817870023,0.5454545454545454,1.0,0.16874256817111177,0.18181818181818188,0.0
73279,neymar youth jersey,16,0.9877841797012169,0.6666666666666666,1.0,1.0,0.6666666666666666,1.0,-0.012215820298783098,0.0,0.0
73329,ni-mh battery aaa,40,0.9716189607861263,0.25,1.0,1.0,0.25,1.0,-0.028381039213873693,0.0,0.0
73334,niacinimide ordinary,40,0.930316877503158,0.30303030303030304,1.0,0.7846543344470631,0.21212121212121213,1.0,0.14566254305609483,0.09090909090909091,0.0
73474,nike air jordans 1 black & white womens size 9,16,0.9307066738505995,0.625,1.0,0.9361767385157805,0.625,1.0,-0.005470064665181074,0.0,0.0
73528,nike crewneck sweatshirt,16,0.814607879404072,0.6428571428571429,1.0,0.8074409029799609,0.6428571428571429,1.0,0.007166976424111127,0.0,0.0
73529,nike crop,15,0.29129243619144385,0.42857142857142855,0.2,0.3943392835264282,0.5714285714285714,0.2,-0.10304684733498437,-0.14285714285714285,0.0
73566,nike high tops womens,40,0.9045513367491769,0.2631578947368421,1.0,0.8777330981495625,0.2631578947368421,1.0,0.026818238599614408,0.0,0.0
73623,nike rain jacket,16,0.966935622140074,0.625,1.0,0.966935622140074,0.625,1.0,0.0,0.0,0.0
73647,nike shoes boys,15,0.9537125187088152,0.6666666666666666,1.0,0.9388633982505333,0.6666666666666666,1.0,0.014849120458281906,0.0,0.0
73651,nike shoes for kids boys,16,0.7554535930021332,0.6,0.5,0.8352142547488505,0.6,1.0,-0.07976066174671725,0.0,-0.5
73677,nike superfly 6 academy mg mens soccer cleats,16,0.9491408412138131,0.6666666666666666,1.0,0.9260567512444231,0.6666666666666666,1.0,0.023084089969390043,0.0,0.0
73710,nike womens shoe 9.5,16,0.7066961241510855,0.6666666666666666,1.0,0.6666074168029762,0.6666666666666666,1.0,0.04008870734810932,0.0,0.0
73794,ninja duo blender,16,0.9210315637601145,0.625,1.0,0.9191273815716655,0.625,1.0,0.0019041821884490107,0.0,0.0
73833,nintendo 3ds,30,0.8379347378101539,0.28,1.0,0.9074250374176304,0.36,1.0,-0.06949029960747644,-0.07999999999999996,0.0
73852,nintendo lanyard,16,0.9504318313235595,0.625,1.0,0.9392148330510314,0.625,1.0,0.01121699827252809,0.0,0.0
74043,no calorie snacks,40,0.8541073203304893,0.3103448275862069,1.0,0.8718020758620797,0.3103448275862069,1.0,-0.01769475553159039,0.0,0.0
74058,no face mask,16,0.7254702910495627,0.5833333333333334,1.0,0.6210294874193579,0.5,1.0,0.1044408036302048,0.08333333333333337,0.0
74078,no lye kid relaxer,16,0.9535713194229398,0.625,1.0,0.9201048561927256,0.625,1.0,0.03346646323021418,0.0,0.0
74107,no sodium soup,16,0.9066994325921797,0.625,1.0,0.8944836122933966,0.625,1.0,0.012215820298783098,0.0,0.0
74183,nokia 8 sirocco,16,0.7715238236038134,0.5,1.0,0.7715238236038134,0.5,1.0,0.0,0.0,0.0
74202,non firework - rockets,16,0.8405437876671926,0.6923076923076923,1.0,0.8431522717211759,0.6923076923076923,1.0,-0.0026084840539832843,0.0,0.0
74237,non toxic terrarium plants,16,0.8488897678464175,0.7,1.0,0.8590601055752306,0.7,1.0,-0.01017033772881315,0.0,0.0
74248,nonstick 11 inch frying pans,16,0.9454862044599013,0.625,1.0,0.9439492378436964,0.625,1.0,0.0015369666162048379,0.0,0.0
74249,nonstick 12 inch frying pans,15,0.9427930190104704,0.6666666666666666,1.0,0.9533497162960899,0.6666666666666666,1.0,-0.010556697285619476,0.0,0.0
74379,northface winter coat,16,0.9318657370091274,0.625,1.0,0.8757557806560736,0.625,1.0,0.056109956353053825,0.0,0.0
74411,nose pore cleaner,15,0.96331803895032,0.6666666666666666,1.0,0.9534606181487504,0.6666666666666666,1.0,0.009857420801569594,0.0,0.0
74418,nose rings for business,16,0.7672547383626509,1.0,0.5,0.7093322138724463,0.8571428571428571,0.5,0.05792252449020463,0.1428571428571429,0.0
74439,not my first rodeo shirt women,16,0.9768562593544076,0.6666666666666666,1.0,1.0,0.6666666666666666,1.0,-0.023143740645592437,0.0,0.0
74445,not until forever,18,0.7868147180292063,0.7777777777777778,1.0,0.7146801224224564,0.6666666666666666,1.0,0.07213459560674995,0.11111111111111116,0.0
74539,nova 5t,16,0.6187568407201379,0.2,0.3333333333333333,0.649592796679237,0.2,0.5,-0.03083595595909905,0.0,-0.16666666666666669
74562,novelty socks,16,0.9237745426848448,0.625,1.0,0.9427348191973566,0.625,1.0,-0.018960276512511753,0.0,0.0
74567,novia vapes,16,0.5364673227675151,0.0,0.09090909090909091,0.6116241543630103,0.5,0.25,-0.07515683159549524,-0.5,-0.1590909090909091
74600,nrp 8th edition textbook,16,0.7907486492687121,0.6666666666666666,1.0,0.7773338381519983,0.6666666666666666,1.0,0.013414811116713832,0.0,0.0
74616,nuby sippy cup replacement spout,16,0.9878811550307042,0.625,1.0,0.9878811550307042,0.625,1.0,0.0,0.0,0.0
74646,nug jar cape,16,0.9225698816956197,0.7142857142857143,1.0,0.8944836122933966,0.7142857142857143,1.0,0.02808626940222314,0.0,0.0
74817,nutrient 950 without iron,40,0.8339365818997886,0.2571428571428571,1.0,0.8726602301468455,0.2571428571428571,1.0,-0.038723648247056874,0.0,0.0
74825,nutrisystem protein shakes,16,0.9895377007754721,0.625,1.0,0.9690585954839798,0.625,1.0,0.020479105291492328,0.0,0.0
74828,"nutrition an applied approach, 5th edition",13,0.9244934712859388,0.75,1.0,0.9450716302193615,0.75,1.0,-0.02057815893342263,0.0,0.0
74829,nutrition bars prime pantry,16,0.8729455032948595,0.625,1.0,0.8899439942795754,0.625,1.0,-0.01699849098471584,0.0,0.0
74875,ny sweatshirt women,16,0.9001030358082058,0.625,1.0,0.8658040508691229,0.625,1.0,0.0342989849390829,0.0,0.0
74946,oak hill pants big and tall,19,0.92663607790064,0.5263157894736842,1.0,0.9325055893091646,0.5263157894736842,1.0,-0.0058695114085246525,0.0,0.0
74948,oak wood dresser,16,0.9446782824246311,0.6666666666666666,1.0,0.9570665684992263,0.6666666666666666,1.0,-0.01238828607459519,0.0,0.0
75027,oboe,16,0.9011518292664313,0.75,1.0,0.7343676166298685,0.625,0.5,0.16678421263656285,0.125,0.5
75062,octo link amiibo,16,1.0,0.625,1.0,0.9427691298950186,0.625,1.0,0.0572308701049814,0.0,0.0
75105,odor absorber 500,8,0.9527628900559106,1.0,1.0,0.971210244743814,1.0,1.0,-0.018447354687903372,0.0,0.0
75110,odor removal spray,16,0.8875973140105706,0.625,1.0,0.901968467346777,0.625,1.0,-0.014371153336206421,0.0,0.0
75118,oem 22re fuel injectors,16,0.9473867897701458,0.625,1.0,0.9847422464622778,0.625,1.0,-0.03735545669213203,0.0,0.0
75122,oem toyota tundra rims,16,0.8611511462453226,0.5833333333333334,1.0,0.8969504402810679,0.6666666666666666,1.0,-0.03579929403574522,-0.08333333333333326,0.0
75137,off brand crocs,16,0.9008636626471187,0.625,1.0,0.9008636626471187,0.625,1.0,0.0,0.0,0.0
75142,off season clothing storage,16,0.96331803895032,0.625,1.0,1.0,0.625,1.0,-0.03668196104968002,0.0,0.0
75169,office accessories for men,14,0.9216514835285049,0.8888888888888888,1.0,0.7767471075223497,0.6666666666666666,1.0,0.14490437600615524,0.2222222222222222,0.0
75263,ohio state socks men,16,0.941233297798857,0.625,1.0,0.9787930706003494,0.625,1.0,-0.037559772801492364,0.0,0.0
75361,olaf cookie cutter,16,1.0,0.6666666666666666,1.0,1.0,0.6666666666666666,1.0,0.0,0.0,0.0
75414,old spice swagger deodorant,40,0.96331803895032,0.25,1.0,0.9537125187088152,0.25,1.0,0.00960552024150474,0.0,0.0
75416,old town vapor 10 kayak,16,0.9581607814574198,0.6923076923076923,1.0,0.9190765925121712,0.6153846153846154,1.0,0.039084188945248566,0.07692307692307687,0.0
75445,olive green camera strap,16,0.9694690049125735,0.8333333333333334,1.0,0.9122029177595264,0.75,1.0,0.05726608715304704,0.08333333333333337,0.0
75448,olive green purses for women,40,0.8480737879389872,0.2631578947368421,1.0,0.813761726437631,0.2631578947368421,1.0,0.03431206150135624,0.0,0.0
75468,olixar ultra-thin iphone xr case,16,0.9191904578968186,0.9,1.0,0.9566671852577723,0.9,1.0,-0.03747672736095364,0.0,0.0
75596,one a day multivitamin for teens,16,0.9177985487809515,0.6,1.0,0.9166666640371612,0.6,1.0,0.0011318847437902235,0.0,0.0
75625,one night ultimate werewolf,16,0.9036844457528526,0.6923076923076923,1.0,0.9471863502717376,0.7692307692307693,1.0,-0.043501904518885026,-0.07692307692307698,0.0
75670,one size womens sweater,16,0.869918756473895,0.7142857142857143,1.0,0.831340969075455,0.5714285714285714,1.0,0.03857778739844009,0.1428571428571429,0.0
75678,one wheel,14,0.7237718833308993,0.6363636363636364,1.0,0.6995607007105467,0.6363636363636364,1.0,0.0242111826203526,0.0,0.0
75721,onesies with mitten cuffs baby boy,16,0.9041841211769328,0.6666666666666666,1.0,0.8861473952002319,0.6,1.0,0.018036725976700918,0.06666666666666665,0.0
75737,onion container,16,0.9567083294488864,0.625,1.0,0.9684038785434832,0.625,1.0,-0.011695549094596802,0.0,0.0
75746,online visa gift cards,16,0.8081551380338968,0.7142857142857143,1.0,0.7516113456726354,0.5714285714285714,1.0,0.05654379236126139,0.1428571428571429,0.0
75771,oodji shirt dress,16,0.9279397612633064,0.625,1.0,0.8815673184025421,0.625,1.0,0.04637244286076425,0.0,0.0
75806,open nature protein powder,40,0.7904963691313633,0.2631578947368421,1.0,0.8083086712722237,0.2631578947368421,1.0,-0.01781230214086038,0.0,0.0
75811,open when letters kit,16,0.9056319740915987,0.7272727272727273,1.0,0.851316535095832,0.6363636363636364,1.0,0.05431543899576663,0.09090909090909094,0.0
75846,oppo f17 pro mobile,16,0.8880156958269811,0.625,1.0,0.8880156958269811,0.625,1.0,0.0,0.0,0.0
75871,optima uhd60 4k,16,0.9193724503775693,0.625,1.0,0.9165993281944014,0.625,1.0,0.002773122183167942,0.0,0.0
75874,optimum nutrition testosterone booster,16,0.9476770833835724,0.625,1.0,0.9527096352829777,0.625,1.0,-0.005032551899405324,0.0,0.0
75915,oral stimulator for men,16,0.7817530133030347,0.7777777777777778,1.0,0.6773440221416858,0.6666666666666666,1.0,0.10440899116134894,0.11111111111111116,0.0
75928,orange bells,16,0.9807289782459988,1.0,1.0,0.665608331712128,0.5,1.0,0.31512064653387084,0.5,0.0
75932,orange butcher paper roll,16,0.9170305576591352,0.625,1.0,0.9787930706003494,0.625,1.0,-0.061762512941214154,0.0,0.0
76009,ordained minister book,16,0.9664954670919917,1.0,1.0,0.8598793780836756,1.0,1.0,0.1066160890083161,0.0,0.0
76112,organic diaper cream,15,0.9898117597656032,0.6666666666666666,1.0,0.9607076344908267,0.6666666666666666,1.0,0.02910412527477646,0.0,0.0
76121,organic french skin care,16,0.9108579352048268,0.625,1.0,0.8980399469609298,0.625,1.0,0.012817988243897016,0.0,0.0
76155,organic red wine without sulfites,44,0.47550710919418704,0.13333333333333333,1.0,0.5116246699310776,0.26666666666666666,1.0,-0.03611756073689054,-0.13333333333333333,0.0
76227,oribe root touch up spray dark brown,22,0.9068370092582706,0.45,1.0,0.9232892081521067,0.45,1.0,-0.01645219889383609,0.0,0.0
76236,orient saturation diver,16,0.9468817998296742,0.625,1.0,0.9877841797012169,0.625,1.0,-0.04090237987154266,0.0,0.0
76304,orphan black,16,0.772837825180752,0.7,1.0,0.7849818707050382,0.7,1.0,-0.012144045524286273,0.0,0.0
76334,ortur,40,0.9074250374176304,0.24324324324324326,1.0,0.92663607790064,0.24324324324324326,1.0,-0.01921104048300959,0.0,0.0
76347,osaka pour over mesh filter,16,0.9411338959973068,0.625,1.0,0.9722340851332467,0.625,1.0,-0.031100189135939926,0.0,0.0
76442,otterbox galaxy s9,16,0.784604119088685,0.5833333333333334,1.0,0.7414750590256146,0.5833333333333334,1.0,0.04312906006307038,0.0,0.0
76449,otterbox iphone 6,16,0.8115558478722845,0.5714285714285714,1.0,0.841492960259019,0.5714285714285714,1.0,-0.029937112386734466,0.0,0.0
76456,otterbox iphone 8,25,0.5672274908036509,0.3125,1.0,0.5734923014668308,0.375,0.5,-0.006264810663179965,-0.0625,0.5
76459,otterbox iphone x camouflage case,16,0.7390159780901406,0.5454545454545454,1.0,0.7869279632489107,0.6363636363636364,1.0,-0.04791198515877004,-0.09090909090909094,0.0
76476,ottoman bench storage brown,16,1.0,0.625,1.0,1.0,0.625,1.0,0.0,0.0,0.0
76583,outdoor folding tables,16,0.942271122217258,0.6666666666666666,1.0,0.8865978855980831,0.6,1.0,0.05567323661917489,0.06666666666666665,0.0
76693,outdoor storage box waterproof,16,0.7834120061079323,0.5833333333333334,1.0,0.9044821036724336,0.6666666666666666,1.0,-0.12107009756450138,-0.08333333333333326,0.0
76707,outdoor toilet,16,0.9432379215722527,0.6923076923076923,1.0,0.806984674510095,0.6153846153846154,0.5,0.1362532470621577,0.07692307692307687,0.5
76761,outliers malcolm gladwell,23,0.9652864043665204,0.5263157894736842,1.0,0.9256882901856052,0.5263157894736842,1.0,0.03959811418091519,0.0,0.0
76872,overcome by god and not your troubles by steve mays,16,0.3154648767857287,1.0,0.125,0.2890648263178878,1.0,0.1,0.026400050467840885,0.0,0.024999999999999994
76877,overgrown pool,39,0.7174399103573212,0.4666666666666667,1.0,0.7060088238306487,0.4666666666666667,1.0,0.011431086526672574,0.0,0.0
76916,ovidia yu,16,0.8131614527584434,0.625,1.0,0.8164795302946322,0.625,1.0,-0.003318077536188735,0.0,0.0
76928,owl head decoy,16,0.9724042099506585,0.625,1.0,0.946337780834781,0.625,1.0,0.02606642911587742,0.0,0.0
76930,owl pinata toy,16,0.8739986234589507,0.625,1.0,0.8647352979152096,0.625,1.0,0.009263325543741097,0.0,0.0
76998,ozark coffee travel mug,16,0.9058723546349803,0.6,1.0,0.841493602899801,0.6,1.0,0.06437875173517926,0.0,0.0
77006,ozobot starter pack,16,0.9326804199204303,0.875,1.0,0.9261576739163502,0.875,1.0,0.006522746004080093,0.0,0.0
77043,p6 testosterone booster,16,0.9687815106708718,0.625,1.0,0.9956810520858584,0.625,1.0,-0.026899541414986627,0.0,0.0
77106,package shows delivered but not received,10,0.3010299956639812,1.0,0.1111111111111111,0.2890648263178878,1.0,0.1,0.011965169346093374,0.0,0.0111111111111111
77128,packout tray,16,0.9755453593002134,0.625,1.0,0.9787930706003494,0.625,1.0,-0.0032477113001360136,0.0,0.0
77157,padded weight bar,15,0.8384253481917695,0.6363636363636364,1.0,0.7797717639205592,0.6363636363636364,1.0,0.05865358427121026,0.0,0.0
77250,paintbrush cups,16,0.8995432663589169,0.6666666666666666,1.0,0.9088650206134377,0.6666666666666666,1.0,-0.009321754254520753,0.0,0.0
77278,pairing knife usa,16,0.9543384299005628,0.625,1.0,0.9292578780090285,0.625,1.0,0.025080551891534353,0.0,0.0
77291,pajama shorts,27,0.9325055893091646,0.5882352941176471,1.0,0.9543384299005628,0.5882352941176471,1.0,-0.021832840591398228,0.0,0.0
77338,palitos de madera para paletas,30,0.9137300703367957,0.38461538461538464,1.0,0.8476676416607545,0.38461538461538464,1.0,0.06606242867604117,0.0,0.0
77447,panda plant plant,16,0.9526603142741242,0.6666666666666666,1.0,0.9322536887490998,0.6666666666666666,1.0,0.02040662552502448,0.0,0.0
77584,panther airpod case,16,0.9274269703737469,0.625,1.0,0.8938182667384497,0.625,1.0,0.03360870363529722,0.0,0.0
77719,paper plates 8 1/2,16,0.9902627559415359,0.625,1.0,0.9902627559415359,0.625,1.0,0.0,0.0,0.0
77723,paper products for home,16,0.8701249883466592,0.8,1.0,0.7752387368046298,0.7,1.0,0.09488625154202934,0.10000000000000009,0.0
77802,paraglider carabiner,40,0.5115993234609424,0.19230769230769232,0.2,0.4765607187261189,0.19230769230769232,0.25,0.03503860473482351,0.0,-0.04999999999999999
77900,parting crowd black friday shirt,40,0.5910607633281538,0.21875,1.0,0.5304312428528095,0.1875,1.0,0.06062952047534431,0.03125,0.0
78007,pastel necktie,16,0.8937353580384246,0.625,1.0,0.8989726566067059,0.625,1.0,-0.005237298568281257,0.0,0.0
78018,pastel unicorn party plates,16,0.8772663805908328,0.625,1.0,0.8839269150077771,0.625,1.0,-0.006660534416944253,0.0,0.0
78118,patio side table leg prop,16,0.5903067972715149,0.5,1.0,0.6331977547510813,0.6666666666666666,1.0,-0.042890957479566394,-0.16666666666666663,0.0
78122,patio swing replacement cushion,16,1.0,0.625,1.0,0.9435593591982605,0.625,1.0,0.056440640801739494,0.0,0.0
78138,patrick shorts men,16,0.8807947536192884,0.6153846153846154,1.0,0.8554310445151856,0.6153846153846154,1.0,0.025363709104102794,0.0,0.0
78159,patriots jersy,16,1.0,0.6666666666666666,1.0,1.0,0.6666666666666666,1.0,0.0,0.0,0.0
78176,patterned curtains purple,16,0.9097822447696204,0.625,1.0,0.9117943209938011,0.625,1.0,-0.002012076224180648,0.0,0.0
78222,paw patrol birthday candles,16,0.813338690402621,0.6153846153846154,1.0,0.8094541116329114,0.6153846153846154,1.0,0.0038845787697096013,0.0,0.0
78430,peak to park columbia,16,0.9790468959828571,0.625,1.0,0.9473635789834091,0.625,1.0,0.03168331699944804,0.0,0.0
78443,peanut free trail mix,39,0.8185928787276793,0.2903225806451613,1.0,0.7988862785703521,0.25806451612903225,1.0,0.01970660015732717,0.03225806451612906,0.0
78473,pearl silver lariat necklace,16,0.9541594135705221,0.625,1.0,0.9318657370091274,0.625,1.0,0.022293676561394693,0.0,0.0
78498,pecs communication book,16,0.9203448012873421,0.75,1.0,0.9203448012873421,0.75,1.0,0.0,0.0,0.0
78636,pelican mustang 100x kayak,17,0.9143667518355552,0.625,1.0,0.9559102496645824,0.625,1.0,-0.04154349782902722,0.0,0.0
78664,pelton treadmill,16,0.8944836122933966,0.625,1.0,0.9255838014293366,0.625,1.0,-0.031100189135940037,0.0,0.0
78807,penis enhancment,16,0.926863033018722,0.625,1.0,0.8471089897056349,0.625,1.0,0.07975404331308711,0.0,0.0
78841,pentagon puzle,16,0.6883922706136795,0.6153846153846154,0.5,0.6264870335541018,0.6153846153846154,0.5,0.06190523705957762,0.0,0.0
78846,pentair superflo vs,16,0.9376644393708026,0.75,1.0,0.9419178604674607,0.75,1.0,-0.004253421096658161,0.0,0.0
78865,pentrrex 4oz,16,0.916477345652003,0.875,1.0,0.23995682821118594,0.375,0.14285714285714285,0.6765205174408171,0.5,0.8571428571428572
78872,people not a fan,16,0.9755453593002134,0.625,1.0,0.9755453593002134,0.625,1.0,0.0,0.0,0.0
78969,percy jackson hardcover box set,16,0.9029098356678265,0.9,1.0,0.8971992497325718,0.9,1.0,0.005710585935254642,0.0,0.0
79017,perfumes for men pasion for mn,15,0.8772765966278521,0.8181818181818182,1.0,0.9699829631932922,0.9090909090909091,1.0,-0.09270636656544018,-0.09090909090909083,0.0
79057,perplexus maze ball,16,0.9543384299005628,0.625,1.0,0.9567083294488864,0.625,1.0,-0.002369899548323562,0.0,0.0
79122,personalized folded card with envelope,16,0.9716189607861263,0.625,1.0,0.9272682907408835,0.625,1.0,0.044350670045242846,0.0,0.0
79169,peruvian fedora hat,16,0.9366257706824616,0.625,1.0,0.9188891736636443,0.625,1.0,0.017736597018817246,0.0,0.0
79281,petechtool,16,1.0,0.625,1.0,1.0,0.625,1.0,0.0,0.0,0.0
79292,peter rabbit 2 the runaway dvd,12,0.6723645247141868,0.6666666666666666,0.125,0.7557924387488332,1.0,0.14285714285714285,-0.08342791403464633,-0.33333333333333337,-0.01785714285714285
79331,petrol,15,0.6096199500078984,0.75,0.5,0.592512031964586,0.75,0.5,0.017107918043312353,0.0,0.0
79341,petsability joint,11,0.9005772363764553,0.9,1.0,0.9326827204369442,0.9,1.0,-0.032105484060488965,0.0,0.0
79347,petty cash receipt,16,0.9420131492431982,0.6,1.0,0.9936070796552218,0.6666666666666666,1.0,-0.051593930412023536,-0.06666666666666665,0.0
79448,phillip melanson,15,0.0,0.0,0.08333333333333333,0.0,0.0,0.09090909090909091,0.0,0.0,-0.007575757575757583
79507,phone case iphone 8,16,0.3273256199146115,0.5,0.16666666666666666,0.34840917826079737,0.5,0.2,-0.02108355834618586,0.0,-0.033333333333333354
79518,phone case samsung galaxy s8 otterbox,16,0.6320787427864671,0.5384615384615384,0.5,0.7015099647232445,0.6153846153846154,0.5,-0.06943122193677731,-0.07692307692307698,0.0
79557,phone finder locator,16,0.9401742983047275,0.625,1.0,0.948475220140534,0.625,1.0,-0.00830092183580644,0.0,0.0
79646,photo order,16,0.9738672436737749,0.625,1.0,0.9787930706003494,0.625,1.0,-0.004925826926574506,0.0,0.0
79687,physical therapy exercise for hands,16,1.0,1.0,1.0,0.4306765580733931,1.0,0.25,0.5693234419266069,0.0,0.75
79719,piano key chain,16,0.9227423084440458,0.6666666666666666,1.0,0.9452601378978908,0.6666666666666666,1.0,-0.02251782945384495,0.0,0.0
79726,piano music for shallow,16,0.732906071646137,0.5555555555555556,1.0,0.6512279810731281,0.4444444444444444,1.0,0.0816780905730089,0.11111111111111116,0.0
79744,pickle ip,16,0.9500798762244353,1.0,1.0,0.9718391205808965,1.0,1.0,-0.02175924435646115,0.0,0.0
79793,picture frames for sweet 16,16,0.9733318510892309,0.6666666666666666,1.0,0.8991253031103577,0.6,1.0,0.07420654797887327,0.06666666666666665,0.0
79852,piercing transparent plat,16,0.8772663805908328,0.6666666666666666,1.0,0.8789335177254264,0.6666666666666666,1.0,-0.0016671371345935437,0.0,0.0
79867,pig socks,16,0.8572048559638626,0.6428571428571429,1.0,0.8372381138006585,0.6428571428571429,1.0,0.019966742163204154,0.0,0.0
79868,pig stamp,16,0.9720014975621147,0.6666666666666666,1.0,0.9412351889215398,0.6666666666666666,1.0,0.030766308640574946,0.0,0.0
79949,pilates for dummies,16,0.9638590036002971,0.625,1.0,0.9974614508982592,0.625,1.0,-0.033602447297962135,0.0,0.0
79980,pillow cases 20x20 velvet,16,0.8810403805313404,0.625,1.0,0.8945127282052903,0.625,1.0,-0.013472347673949892,0.0,0.0
80012,pillow without stuffing,40,0.8140158790406703,0.2647058823529412,1.0,0.6371130896657826,0.23529411764705882,0.5,0.17690278937488768,0.02941176470588236,0.5
80035,pilot d,16,0.43666325925534993,0.75,0.25,0.30718371578189313,0.5,0.25,0.1294795434734568,0.25,0.0
80044,pilot g2 ultra fine,40,1.0,0.25,1.0,1.0,0.25,1.0,0.0,0.0,0.0
80060,pimax 8kx,16,0.9102451451797091,0.6,1.0,0.9584858128298555,0.6,1.0,-0.04824066765014634,0.0,0.0
80142,pink and blue striped dress,41,0.8812654533005682,0.2564102564102564,1.0,0.8427620297088859,0.2564102564102564,1.0,0.03850342359168224,0.0,0.0
80149,pink and white wall decor,39,0.8222141072485555,0.2702702702702703,1.0,0.8118186135431933,0.2702702702702703,1.0,0.010395493705362191,0.0,0.0
80155,pink baseball reveal,16,0.9417481937307917,0.625,1.0,0.940782621025704,0.625,1.0,0.0009655727050876806,0.0,0.0
80157,pink bead lot,16,0.936499564323138,0.6666666666666666,1.0,0.942159054068993,0.6666666666666666,1.0,-0.005659489745855062,0.0,0.0
80183,pink clipboards foldable,16,0.9087745444994653,0.625,1.0,0.9240322980371874,0.625,1.0,-0.015257753537722185,0.0,0.0
80233,pink heart in white picture frame,16,0.9416068302140956,0.625,1.0,0.966397552702038,0.625,1.0,-0.02479072248794234,0.0,0.0
80237,pink holographic fanny pack,40,0.920186381065795,0.25,1.0,0.9137300703367957,0.25,1.0,0.006456310728999326,0.0,0.0
80267,pink mini butt plug,16,0.9203903002358381,1.0,1.0,0.9353123485452277,1.0,1.0,-0.01492204830938959,0.0,0.0
80279,pink pen light,16,0.9546684437043695,0.625,1.0,0.8662869028072403,0.625,1.0,0.08838154089712924,0.0,0.0
80315,pink slippers for women,16,0.9127306419243082,0.625,1.0,0.8991987231687164,0.625,1.0,0.013531918755591787,0.0,0.0
80330,pink sweatsuit for women,16,0.7975167679274938,0.5714285714285714,1.0,0.9052116356304494,0.6428571428571429,1.0,-0.10769486770295555,-0.07142857142857151,0.0
80360,pink woman gifts,16,0.960718489930082,0.625,1.0,0.9071410261468453,0.625,1.0,0.05357746378323669,0.0,0.0
80472,pipe cigar,16,0.7082609837550826,0.5,1.0,0.7169835478578068,0.5,1.0,-0.008722564102724206,0.0,0.0
80563,piston,16,0.5821032065260975,0.0,0.07142857142857142,0.5821032065260975,0.0,0.08333333333333333,0.0,0.0,-0.011904761904761904
80593,piure,16,0.9199282274513813,0.9,1.0,0.7662332599136297,0.7,1.0,0.15369496753775158,0.20000000000000007,0.0
80615,pixel 3 xl stand,16,0.8177878312715382,0.5833333333333334,1.0,0.8276164513692633,0.5833333333333334,1.0,-0.009828620097725116,0.0,0.0
80685,pizza tshirt women,16,0.6204773336283216,0.6153846153846154,0.5,0.7009397974620344,0.6923076923076923,0.5,-0.0804624638337128,-0.07692307692307687,0.0
80926,plantas solares para casa,27,0.8899541168509599,0.5625,1.0,0.4232411235766782,0.3125,0.3333333333333333,0.46671299327428173,0.25,0.6666666666666667
80932,planter without drainage hole,40,0.7451669523384185,0.25,1.0,0.7803229336716231,0.25,1.0,-0.03515598133320463,0.0,0.0
81019,plastic coffee tumblers with lids,16,0.9495342196346633,0.625,1.0,0.9738672436737749,0.625,1.0,-0.024333024039111528,0.0,0.0
81107,plastic swords medieval,13,0.8994770095757473,0.75,1.0,0.8932834815601916,0.75,1.0,0.006193528015555727,0.0,0.0
81125,plastic water goblets disposable,16,0.9121678503973486,0.625,1.0,0.8880156958269811,0.625,1.0,0.024152154570367457,0.0,0.0
81129,plastic wine glasses without stem,40,0.7565188941447585,0.2647058823529412,1.0,0.6480684406674703,0.23529411764705882,1.0,0.10845045347728821,0.02941176470588236,0.0
81295,playmovil boy 3 years,16,0.773840963781542,0.7777777777777778,1.0,0.7952627780430491,0.7777777777777778,1.0,-0.021421814261507133,0.0,0.0
81324,playstation 4 gift card digital code,16,0.8006937664098819,0.6363636363636364,1.0,0.8006937664098819,0.6363636363636364,1.0,0.0,0.0,0.0
81364,pleased but not satisfied,16,0.8200261225503442,0.8,1.0,0.6739577727076378,0.6,1.0,0.14606834984270645,0.20000000000000007,0.0
81366,pleaser heels 6 inch,16,0.9411338959973068,0.625,1.0,0.9411338959973068,0.625,1.0,0.0,0.0,0.0
81370,pleated skirts for women,16,0.9034923372550475,0.625,1.0,0.8899541168509599,0.625,1.0,0.013538220404087586,0.0,0.0
81377,pletco filter pma40l,15,0.8253390255675738,0.8,1.0,0.7283729495983073,0.7,1.0,0.09696607596926643,0.10000000000000009,0.0
81399,plug and pure air ioni,15,0.9359465146924496,0.7142857142857143,1.0,0.9024767905734036,0.6428571428571429,1.0,0.03346972411904603,0.0714285714285714,0.0
81413,plug in toothbrush,16,0.9305755731226613,0.6666666666666666,1.0,0.9028732211227385,0.6,1.0,0.02770235199992277,0.06666666666666665,0.0
81424,plum fabric tulle,16,0.9771741273130831,0.625,1.0,0.9974537474936096,0.625,1.0,-0.020279620180526536,0.0,0.0
81490,plus size cotton underwear for women,16,0.9240322980371874,0.6666666666666666,1.0,0.8722004417784576,0.6,1.0,0.05183185625872988,0.06666666666666665,0.0
81502,plus size fishnet thigh highs with back seam,16,0.9531698262451056,0.6923076923076923,1.0,0.9349612290444661,0.6923076923076923,1.0,0.018208597200639498,0.0,0.0
81553,plus size sequin dresses for women,16,0.84860265890399,0.6666666666666666,1.0,0.933745776545611,0.75,1.0,-0.08514311764162097,-0.08333333333333337,0.0
81590,plus size womens sweaters 4x,16,0.914856882358379,0.6428571428571429,1.0,0.9216017310213247,0.6428571428571429,1.0,-0.006744848662945668,0.0,0.0
81620,plywood circles,16,0.81753387923355,0.625,1.0,0.8322252390682179,0.625,1.0,-0.01469135983466785,0.0,0.0
81665,pocket postal scale,16,0.8712305422637917,0.625,1.0,0.8335261452200972,0.625,1.0,0.03770439704369455,0.0,0.0
81710,point of sale register,16,0.8977017580209675,0.6666666666666666,1.0,0.8497658372960827,0.6666666666666666,1.0,0.04793592072488484,0.0,0.0
81722,poke,13,0.914856882358379,0.75,1.0,0.933745776545611,0.75,1.0,-0.01888889418723194,0.0,0.0
81745,pokemon card sleeves for binder,16,0.8640881151248351,0.7142857142857143,1.0,0.9186811290124753,0.7142857142857143,1.0,-0.05459301388764026,0.0,0.0
81769,pokemon gold gx cards single,16,0.8478333285894862,0.6666666666666666,1.0,0.9028895103048115,0.6666666666666666,1.0,-0.055056181715325225,0.0,0.0
81853,polaris two up seat,40,0.5519971463788921,0.2857142857142857,0.5,0.7446592646907856,0.3333333333333333,1.0,-0.1926621183118935,-0.047619047619047616,-0.5
81884,pole baffle squirrel,16,0.8551595247651802,0.5714285714285714,1.0,0.8632555551147044,0.5714285714285714,1.0,-0.00809603034952422,0.0,0.0
81893,poleras deportivas mujer,50,0.6358830988469766,0.25,1.0,0.3699122495789189,0.20833333333333334,0.5,0.2659708492680577,0.04166666666666666,0.5
81965,polo shirts for men us,16,0.9005033215744148,0.625,1.0,0.9054291485009893,0.625,1.0,-0.004925826926574506,0.0,0.0
82003,polyester casual pants women,16,0.8811293830312759,0.625,1.0,0.9488839097080675,0.625,1.0,-0.0677545266767916,0.0,0.0
82014,polygel nail kit without uv lamp,40,0.4440638518100293,0.18181818181818182,0.5,0.4057141468338119,0.18181818181818182,0.25,0.03834970497621737,0.0,0.25
82016,polygons measuring spoon,16,0.9347857019944028,0.625,1.0,0.9411338959973068,0.625,1.0,-0.006348194002903984,0.0,0.0
82085,pony o,36,0.8822854078553969,0.29411764705882354,1.0,0.7390869042840766,0.29411764705882354,1.0,0.14319850357132025,0.0,0.0
82111,pool anchor cover,16,0.8630152897016882,0.8,1.0,0.7935840677649109,0.7,1.0,0.06943122193677731,0.10000000000000009,0.0
82143,pool heater,15,0.9060254355346824,1.0,1.0,0.6462302129493455,1.0,0.5,0.25979522258533694,0.0,0.5
82190,pool weights set,16,0.8807289088896336,0.625,1.0,0.8875973140105706,0.625,1.0,-0.0068684051209370045,0.0,0.0
82199,poop bags,22,1.0,0.45454545454545453,1.0,1.0,0.45454545454545453,1.0,0.0,0.0,0.0
82210,pooppouri spray,16,0.9738672436737749,0.625,1.0,0.977915258848537,0.625,1.0,-0.004048015174762165,0.0,0.0
82241,pop socket p,14,0.9008636626471187,0.7692307692307693,1.0,0.9008636626471187,0.7692307692307693,1.0,0.0,0.0,0.0
82308,popsocket rose gold and black,16,0.9084840369117598,0.625,1.0,0.9454862044599013,0.625,1.0,-0.03700216754814145,0.0,0.0
82411,portable cd player,19,0.7906116841435427,0.5263157894736842,1.0,0.8924244579842303,0.5263157894736842,1.0,-0.10181277384068765,0.0,0.0
82445,portable gaming speakers,16,0.9044096451867741,0.6666666666666666,1.0,0.8480106591165397,0.6666666666666666,1.0,0.056398986070234414,0.0,0.0
82446,portable gas and charcoal grills,16,0.9032793168490054,0.6666666666666666,1.0,0.8339140369344991,0.6,1.0,0.06936527991450636,0.06666666666666665,0.0
82530,portal 2 turret toys,16,0.8784621133712778,0.6666666666666666,1.0,0.9288614837890768,0.6666666666666666,1.0,-0.05039937041779907,0.0,0.0
82573,porter magazine,16,0.7474861332013997,0.875,0.5,0.7385587681307823,0.875,0.5,0.008927365070617421,0.0,0.0
82641,post oak wood chips,16,0.8623631074168345,0.6,1.0,0.8608708586466196,0.6,1.0,0.0014922487702149212,0.0,0.0
82693,postpartum for c section,16,0.8862181080179797,0.6,1.0,0.8569592570522937,0.6,1.0,0.029258850965686034,0.0,0.0
82696,postpartum shirts for women,16,0.8611375561264455,0.6,1.0,0.92663607790064,0.6,1.0,-0.06549852177419446,0.0,0.0
82714,pot holder for kitchen made in usa,16,0.8679202032158585,0.6,1.0,0.8775709479564047,0.6,1.0,-0.009650744740546169,0.0,0.0
82778,pound fitness sticks,40,0.899824634360464,0.45454545454545453,1.0,0.7804977993195601,0.36363636363636365,1.0,0.11932683504090391,0.09090909090909088,0.0
82813,power bands heavy,16,0.9754579868626665,0.625,1.0,0.9668224733258367,0.625,1.0,0.008635513536829786,0.0,0.0
82817,power beats 3 earbuds replacement tips,16,0.8949458165076722,0.625,1.0,0.9176564688508827,0.625,1.0,-0.022710652343210458,0.0,0.0
82825,power cord in car,16,0.9080253052495133,0.625,1.0,0.8875706675095488,0.625,1.0,0.020454637739964476,0.0,0.0
82860,power pruning saw,16,0.8524475648691242,0.6,1.0,0.8069803335109264,0.6,1.0,0.04546723135819786,0.0,0.0
82879,power rangers samurai spin sword,16,0.6259391255210975,0.5555555555555556,1.0,0.6572190196347438,0.6666666666666666,1.0,-0.03127989411364629,-0.11111111111111105,0.0
82955,powersteering belt,16,0.7587755570723556,0.625,1.0,0.7566451093196033,0.625,1.0,0.0021304477527522847,0.0,0.0
82999,prank puke,15,0.734946898706997,0.7142857142857143,1.0,0.6334982227809456,0.7142857142857143,0.5,0.10144867592605145,0.0,0.5
83042,precision screw extractor set,16,0.9471643200863396,0.625,1.0,0.9768562593544076,0.625,1.0,-0.029691939268068013,0.0,0.0
83058,predire paris skin care,16,0.8712494289109244,0.6,1.0,0.9782424770346264,0.6666666666666666,1.0,-0.10699304812370203,-0.06666666666666665,0.0
83099,prelit christmas tree 6 feet,16,0.9074040483379155,0.625,1.0,0.8748091259654983,0.625,1.0,0.032594922372417234,0.0,0.0
83134,prepaid iphone,16,0.9320739411743278,0.625,1.0,0.9597696063936791,0.625,1.0,-0.027695665219351295,0.0,0.0
83172,press on nails for women,16,0.9041841211769328,0.625,1.0,0.8989468226086516,0.625,1.0,0.005237298568281257,0.0,0.0
83194,pressure switch mount for picatinny rail,16,0.8060718514414669,0.6153846153846154,0.5,0.8695896301991036,0.6923076923076923,1.0,-0.06351777875763676,-0.07692307692307687,-0.5
83219,pretend washer and dryer for kids,16,0.9957688095209811,0.9090909090909091,1.0,0.9156970369723625,0.8181818181818182,1.0,0.08007177254861864,0.09090909090909083,0.0
83246,preworkouts without creatine,40,0.6364261429187533,0.2,1.0,0.6920304229935944,0.2,1.0,-0.055604280074841084,0.0,0.0
83254,pride and groom dog shampoo,40,0.829205795977349,0.21052631578947367,1.0,0.8228792712029233,0.21052631578947367,1.0,0.006326524774425746,0.0,0.0
83261,pride mobility scooters,40,0.5718755155540661,0.1724137931034483,0.5,0.4726995783270176,0.10344827586206896,0.5,0.09917593722704854,0.06896551724137932,0.0
83287,prime day juice,16,0.8810676612614085,0.7692307692307693,1.0,0.9149856081400831,0.7692307692307693,1.0,-0.033917946878674665,0.0,0.0
83303,prime pantry clearance items,50,0.4364810825942376,0.16129032258064516,1.0,0.713891037380363,0.2903225806451613,1.0,-0.27740995478612535,-0.12903225806451615,0.0
83409,printed vinyl,16,0.9305687780632228,0.7142857142857143,1.0,0.9537125187088152,0.7142857142857143,1.0,-0.023143740645592437,0.0,0.0
83416,printer for canvas,16,0.996976459590917,1.0,1.0,0.8823813534837881,0.8571428571428571,1.0,0.11459510610712886,0.1428571428571429,0.0
83434,printers without ink,16,0.8139746962917073,0.6,1.0,0.78216911988656,0.6,1.0,0.03180557640514725,0.0,0.0
83459,prisoner costume,12,0.9133773998132152,1.0,1.0,0.8718995242974217,1.0,1.0,0.041477875515793516,0.0,0.0
83525,probio slim plus weight loss,40,0.9755453593002134,0.38461538461538464,1.0,0.8591416672098046,0.38461538461538464,1.0,0.1164036920904088,0.0,0.0
83542,procare lace up ankle brace,16,1.0,0.625,1.0,0.9877841797012169,0.625,1.0,0.012215820298783098,0.0,0.0
83568,professiobal camera,16,0.8250997263297644,0.5833333333333334,1.0,0.6656469209186083,0.6666666666666666,0.5,0.15945280541115603,-0.08333333333333326,0.5
83576,professional heavy duty tripod,16,0.9476770833835724,0.625,1.0,0.9302425767437054,0.625,1.0,0.01743450663986701,0.0,0.0
83643,prolab caffeine tablets,38,0.7902546004332308,0.27586206896551724,1.0,0.7828141238903056,0.27586206896551724,1.0,0.007440476542925234,0.0,0.0
83656,promenade tops,16,0.9275797623825901,0.625,1.0,0.9176564688508827,0.625,1.0,0.0099232935317074,0.0,0.0
83784,protein crisp by bsn,16,0.8462128641537973,0.6,1.0,0.8223724013043613,0.5,1.0,0.023840462849435973,0.09999999999999998,0.0
83857,pruning saw attachment for pole,16,0.882158214037407,0.6666666666666666,1.0,0.8091480666195562,0.6666666666666666,1.0,0.07301014741785083,0.0,0.0
83906,ps4 bike racing games,16,0.8247272488651962,0.8888888888888888,1.0,0.3618021087855498,0.3333333333333333,1.0,0.4629251400796464,0.5555555555555556,0.0
83912,ps4 console,37,0.867129177606588,0.3333333333333333,1.0,0.6168056224173492,0.14285714285714285,1.0,0.2503235551892389,0.19047619047619047,0.0
83916,ps4 controller charger,18,0.955830517697074,0.6923076923076923,1.0,0.901447006056365,0.6153846153846154,1.0,0.05438351164070898,0.07692307692307687,0.0
83928,ps4 flying games,16,0.8532721558012799,0.6,0.5,0.9432379215722527,0.6,1.0,-0.08996576577097282,0.0,-0.5
83937,ps4 gun games,16,0.92663607790064,0.6,1.0,0.8532721558012799,0.6,0.5,0.07336392209936005,0.0,0.5
83970,ps4 with 2 controllers,16,0.7251926510443096,0.5714285714285714,0.5,0.7487354068924341,0.5714285714285714,0.5,-0.023542755848124486,0.0,0.0
83981,ps4+hard+drive 2 tb,16,0.8534786643916954,0.7272727272727273,1.0,0.8150731251135309,0.7272727272727273,1.0,0.03840553927816448,0.0,0.0
84041,psychological profiling,16,0.9541594135705221,0.625,1.0,0.9603929239951788,0.625,1.0,-0.006233510424656696,0.0,0.0
84051,pthtechus watch,16,0.8899541168509599,0.8181818181818182,1.0,1.0,0.9090909090909091,1.0,-0.11004588314904007,-0.09090909090909083,0.0
84258,puma socks women no show white,40,0.6591402147074321,0.2857142857142857,0.5,0.6598896147391308,0.2857142857142857,0.5,-0.0007494000316986549,0.0,0.0
84324,punk belts for men,16,0.8424933491644844,0.5714285714285714,1.0,0.8065089389851101,0.5714285714285714,1.0,0.03598441017937426,0.0,0.0
84365,puppy flea treatment 6 weeks,16,0.9239166642947431,0.625,1.0,0.9083665697267731,0.625,1.0,0.015550094567969963,0.0,0.0
84382,puppy stairs for small dogs,16,0.7996444152565196,0.6923076923076923,1.0,0.8062900164261493,0.6923076923076923,1.0,-0.006645601169629645,0.0,0.0
84397,pur steam steamer cleaner,40,0.7070388400626177,0.2571428571428571,1.0,0.7135260313781002,0.2571428571428571,1.0,-0.006487191315482477,0.0,0.0
84497,purina 1 beef cat food,16,0.9336693449052818,0.625,1.0,0.9681038083104088,0.625,1.0,-0.034434463405127014,0.0,0.0
84502,purina dog chow with lamb,16,1.0,0.625,1.0,1.0,0.625,1.0,0.0,0.0,0.0
84507,purina one puppy dog food,40,1.0,0.3448275862068966,1.0,0.9363792118010482,0.3103448275862069,1.0,0.06362078819895178,0.03448275862068967,0.0
84522,purple airpod case,16,0.8568260107918817,0.6428571428571429,1.0,0.8784525325737115,0.6428571428571429,1.0,-0.021626521781829777,0.0,0.0
84548,purple crocs women,11,0.9144322567538655,0.9,1.0,0.9257463753882778,0.9,1.0,-0.011314118634412229,0.0,0.0
84580,purple mad pack,16,0.642186726668901,0.5,1.0,0.7631925784528221,0.7,1.0,-0.12100585178392109,-0.19999999999999996,0.0
84632,purple tshirts unisex,16,0.8892244693780794,0.6666666666666666,1.0,0.9170043266187762,0.6666666666666666,1.0,-0.02777985724069676,0.0,0.0
84673,push pop variety pack,43,0.9295165736285318,0.2564102564102564,1.0,0.9507235030281824,0.2564102564102564,1.0,-0.02120692939965063,0.0,0.0
84696,putter club for kids,16,0.9486869075656867,0.625,1.0,0.9159766673438161,0.625,1.0,0.032710240221870635,0.0,0.0
84708,puzzle frame,16,0.8664980829341865,0.5714285714285714,1.0,0.9258865048722699,0.6428571428571429,1.0,-0.05938842193808336,-0.07142857142857151,0.0
84774,pyramid rubix cube,16,0.9669400280728928,0.625,1.0,0.9461436905340347,0.625,1.0,0.020796337538858123,0.0,0.0
84825,qcy t1,16,0.9594748463137592,0.625,1.0,0.9504844432119236,0.625,1.0,0.008990403101835631,0.0,0.0
84853,qsc speakers,40,0.7799082337019199,0.2962962962962963,0.5,0.5865899902617786,0.18518518518518517,0.5,0.19331824344014126,0.1111111111111111,0.0
84893,quasar crossfade,17,0.8194144183491456,0.7142857142857143,1.0,0.8173774685719544,0.7142857142857143,1.0,0.002036949777191266,0.0,0.0
84907,quebec city,16,0.9401742983047275,0.625,1.0,0.9471643200863396,0.625,1.0,-0.00699002178161201,0.0,0.0
84908,quedidilla maker,13,0.4306765580733931,1.0,0.25,0.38685280723454163,1.0,0.2,0.04382375083885148,0.0,0.04999999999999999
84952,queen lomg bed frame,16,0.9457052506801394,0.8181818181818182,1.0,0.9027406654683726,0.7272727272727273,1.0,0.042964585211766826,0.09090909090909094,0.0
84960,queen party chairs,40,0.7036284984115786,0.30434782608695654,1.0,0.5036548197045766,0.2608695652173913,0.5,0.199973678707002,0.043478260869565244,0.5
85016,quest vr,16,0.9089563645368318,0.7142857142857143,1.0,0.9089563645368318,0.7142857142857143,1.0,0.0,0.0,0.0
85093,quilted vest,16,0.9768562593544076,0.625,1.0,0.9768562593544076,0.625,1.0,0.0,0.0,0.0
85118,quirky readin,16,0.36676402026380395,0.5,0.3333333333333333,0.4767891449055638,0.75,0.3333333333333333,-0.11002512464175984,-0.25,0.0
85173,rabbit sex toy,16,0.8948595846786969,0.5714285714285714,1.0,0.879818541109886,0.5714285714285714,1.0,0.015041043568810863,0.0,0.0
85189,racecar bed,16,0.9163148521305988,0.625,1.0,0.8483850543755478,0.625,1.0,0.06792979775505104,0.0,0.0
85208,rachel ray dog food 40 lb bag,40,0.795516754764233,0.25,1.0,0.7727943638475887,0.25,1.0,0.022722390916644297,0.0,0.0
85244,radeon r9,16,0.9962378929123429,0.625,1.0,1.0,0.625,1.0,-0.0037621070876571183,0.0,0.0
85330,rahua shampoo and conditioner,16,0.8100445218331705,0.625,1.0,0.8100445218331705,0.625,1.0,0.0,0.0,0.0
85337,raiders hardhat sticker,16,0.7951657524814092,0.8,1.0,0.8579809428223729,0.8,1.0,-0.06281519034096372,0.0,0.0
85342,raiders tattoo sticker,16,0.977915258848537,0.7142857142857143,1.0,0.9316277775573523,0.7142857142857143,1.0,0.04628748129118476,0.0,0.0
85430,rainbow loom bands,16,0.9743860740488252,0.625,1.0,0.9729014376772381,0.625,1.0,0.0014846363715870226,0.0,0.0
85500,ram,43,0.9048032373092418,0.4,1.0,0.5518406486177495,0.2,0.25,0.35296258869149233,0.2,0.75
85524,ramekins for instant pot,16,0.9768562593544076,0.625,1.0,0.96331803895032,0.625,1.0,0.013538220404087586,0.0,0.0
85544,ramps for lawn mowers,16,0.9275797623825901,0.75,1.0,0.8056800761043966,0.6666666666666666,1.0,0.12189968627819348,0.08333333333333337,0.0
85573,rangers,14,1.0,1.0,1.0,1.0,1.0,1.0,0.0,0.0,0.0
85580,rapid ketosis,15,0.9403131655381952,0.6666666666666666,1.0,0.937905632972335,0.6666666666666666,1.0,0.0024075325658602376,0.0,0.0
85588,raptor 660 handlebars,16,0.8723033046012706,0.7272727272727273,1.0,0.8727484458506242,0.8181818181818182,1.0,-0.0004451412493535756,-0.09090909090909094,0.0
85644,rasputin,16,0.7551569769162917,0.6923076923076923,0.5,0.7444677995611003,0.6923076923076923,0.5,0.01068917735519137,0.0,0.0
85843,rbz 430 radio for jeep,16,0.6915007892889729,0.5,1.0,0.673280152746548,0.5,1.0,0.018220636542424895,0.0,0.0
85885,rca mini compact fridge,16,0.9547715182029446,0.625,1.0,0.9755453593002134,0.625,1.0,-0.020773841097268764,0.0,0.0
85931,reading glasses without arms,40,0.7183726342684497,0.2727272727272727,1.0,0.6404065267313458,0.24242424242424243,1.0,0.07796610753710387,0.030303030303030276,0.0
85939,reading support stand with pillow,16,0.5012490092929227,0.5,0.5,0.524795899949177,0.5,0.5,-0.02354689065625426,0.0,0.0
85987,real skin like vibrator,39,0.5136938953304981,0.3157894736842105,1.0,0.33573483382813185,0.21052631578947367,1.0,0.1779590615023663,0.10526315789473684,0.0
85998,realistic metal army guns,16,0.6091597101871933,0.5555555555555556,1.0,0.4828676833882583,0.5555555555555556,0.5,0.12629202679893498,0.0,0.5
86108,receptacle box cover plate,16,0.9371852826240948,0.625,1.0,0.8989726566067059,0.625,1.0,0.03821262601738895,0.0,0.0
86164,reclining bed queen,16,0.9634107901893464,0.6,1.0,0.9861521673903242,0.6666666666666666,1.0,-0.022741377200977797,-0.06666666666666665,0.0
86206,recpro water heater tankless,28,0.8677045706583835,0.37037037037037035,1.0,0.8738920069604414,0.37037037037037035,1.0,-0.00618743630205798,0.0,0.0
86235,red 5 gallon bucket,16,0.9212918597785398,0.6923076923076923,1.0,0.8421310337289639,0.6923076923076923,0.5,0.07916082604957586,0.0,0.5
86239,red adult backpack,16,0.9301766394034002,0.7142857142857143,1.0,0.8587498247961461,0.6428571428571429,1.0,0.07142681460725409,0.0714285714285714,0.0
86242,red and black car vinyl,16,0.8742037549563461,0.625,1.0,0.8650001476989747,0.625,1.0,0.009203607257371349,0.0,0.0
86249,red and blue christmas ornaments,40,0.7644852294658133,0.2702702702702703,1.0,0.7863180700572117,0.2702702702702703,1.0,-0.02183284059139834,0.0,0.0
86296,red buffalo plaid hand towels,16,0.945099037339614,0.6666666666666666,1.0,0.8731250776199377,0.6,1.0,0.07197395971967624,0.06666666666666665,0.0
86389,red hydrogen one,16,0.9709797322349952,0.8571428571428571,1.0,0.9709797322349952,0.8571428571428571,1.0,0.0,0.0,0.0
86425,red mock turtleneck women,16,0.9487202912452163,0.625,1.0,0.9201048561927256,0.625,1.0,0.028615435052490645,0.0,0.0
86430,red ninja mask,11,0.9216112647254995,0.9090909090909091,1.0,0.9194177638469057,0.9090909090909091,1.0,0.0021935008785938237,0.0,0.0
86446,red phone cord coiled,16,0.9281090612093349,0.6923076923076923,1.0,0.874702403649062,0.6923076923076923,1.0,0.05340665756027285,0.0,0.0
86488,red solo cup lids,16,0.8606129962050183,0.6428571428571429,1.0,0.8497243569243389,0.6428571428571429,1.0,0.010888639280679402,0.0,0.0
86491,red star sweater,16,0.835258174353216,0.6428571428571429,1.0,0.7520531904800654,0.5714285714285714,1.0,0.08320498387315067,0.07142857142857151,0.0
86547,red yeast powder,16,0.909902985230792,0.625,1.0,0.916082619982838,0.625,1.0,-0.0061796347520459705,0.0,0.0
86657,reflections of a man amari soul,16,0.9878431560618389,0.625,1.0,0.9630280087714618,0.625,1.0,0.02481514729037715,0.0,0.0
86660,reflective cat harness,16,0.8789211799747368,0.625,1.0,0.8763893809667458,0.625,1.0,0.0025317990079910535,0.0,0.0
86696,refrigerator mid size,16,0.8381657123202053,0.625,1.0,0.8829207774874074,0.625,1.0,-0.04475506516720207,0.0,0.0
86833,rel t5i,16,0.8772663805908328,0.625,1.0,0.9042362929039349,0.625,1.0,-0.026969912313102085,0.0,0.0
86844,releev cold sore treatment,30,0.9311946892549704,0.3448275862068966,1.0,0.9311946892549704,0.3448275862068966,1.0,0.0,0.0,0.0
87006,remote control car for girls,26,0.8611375561264455,0.391304347826087,1.0,0.914856882358379,0.391304347826087,1.0,-0.05371932623193354,0.0,0.0
87013,remote control gas fireplace,16,0.8348461318172643,0.625,1.0,0.8492722309827732,0.625,1.0,-0.014426099165508854,0.0,0.0
87033,remotelync,16,0.95051939425643,0.7142857142857143,1.0,0.7916240582902769,0.5714285714285714,1.0,0.15889533596615302,0.1428571428571429,0.0
87102,replacement blades for rage 100 grain,16,0.9275279323225095,0.6428571428571429,1.0,0.8265200928748623,0.6428571428571429,1.0,0.10100783944764724,0.0,0.0
87122,replacement slings for patio chairs,40,0.44773452261294694,0.2777777777777778,0.5,0.5107164012496701,0.2222222222222222,1.0,-0.06298187863672317,0.05555555555555558,-0.5
87124,replacement steel blade case,16,0.7646403216470324,0.8571428571428571,1.0,0.7663588917271302,0.8571428571428571,1.0,-0.001718570080097792,0.0,0.0
87133,replica ray-bans,16,0.7800955628772291,0.625,1.0,0.8049107101676063,0.625,1.0,-0.02481514729037715,0.0,0.0
87180,res med masks cpap,16,0.6992116053923392,0.6,0.5,0.6305657569830249,0.4,0.5,0.06864584840931431,0.19999999999999996,0.0
87189,reservoir dogs soundtrack,16,0.5090967735771897,0.3333333333333333,1.0,0.5090967735771897,0.3333333333333333,1.0,0.0,0.0,0.0
87294,retirement without borders,16,0.9865044789952665,1.0,1.0,0.761765145842111,0.6,1.0,0.22473933315315553,0.4,0.0
87321,retro dresses with pockets for women,16,0.9336693449052818,0.625,1.0,0.9681038083104088,0.625,1.0,-0.034434463405127014,0.0,0.0
87349,return gifts,16,0.9918750904541681,0.6666666666666666,1.0,0.9824740301401435,0.6666666666666666,1.0,0.009401060314024656,0.0,0.0
87366,reusable food storage bags,29,0.9768562593544076,0.3448275862068966,1.0,0.9787930706003494,0.3448275862068966,1.0,-0.0019368112459418052,0.0,0.0
87377,reusable popsicle stick,16,0.9044360217369977,0.6666666666666666,1.0,0.8738330270444725,0.6666666666666666,1.0,0.030602994692525143,0.0,0.0
87435,revlon lipstick 845,16,0.8882588966729918,0.625,1.0,0.9517952235614292,0.625,1.0,-0.06353632688843736,0.0,0.0
87506,rheem 4 ton evaporator coil uncased,10,0.9552735826777669,1.0,1.0,0.9662699986524373,1.0,1.0,-0.010996415974670493,0.0,0.0
87511,rhinestone buckle bracelets,16,0.9668900520446959,0.625,1.0,0.9277671872280734,0.625,1.0,0.03912286481662253,0.0,0.0
87534,rhinoshield 6s case,16,0.7100262290337633,0.5454545454545454,1.0,0.7854217101124256,0.6363636363636364,1.0,-0.07539548107866223,-0.09090909090909094,0.0
87542,rib anch,16,0.8756458727267334,1.0,1.0,0.16812753627111748,0.25,0.25,0.7075183364556159,0.75,0.75
87559,ricardo vera,15,0.6639167424044469,0.7777777777777778,1.0,0.5275794303779938,0.7777777777777778,0.3333333333333333,0.13633731202645305,0.0,0.6666666666666667
87565,rice cooker japanese,16,0.8456034468057169,0.625,1.0,0.8738330270444725,0.625,1.0,-0.028229580238755658,0.0,0.0
87596,ricky gervais,15,0.7289115290270202,0.6363636363636364,1.0,0.6528642754944294,0.5454545454545454,1.0,0.07604725353259079,0.09090909090909094,0.0
87622,ridgid/ryobi table saw fence,16,0.9221800965434989,0.8571428571428571,1.0,0.9252036369525819,0.8571428571428571,1.0,-0.0030235404090830365,0.0,0.0
87628,riding mowers clearance,16,0.7950469151332213,0.75,0.5,0.607955361053934,0.625,0.16666666666666666,0.18709155407928735,0.125,0.33333333333333337
87687,rim watch,40,0.9738672436737749,0.2777777777777778,1.0,0.9452601378978908,0.2777777777777778,1.0,0.0286071057758841,0.0,0.0
87727,ring doorbell without existing doorbell wiring,16,0.8318477135310892,0.6,1.0,0.8318477135310892,0.6,1.0,0.0,0.0,0.0
87735,ring guard solution,16,0.8967573633011452,0.625,1.0,0.9193206014510814,0.625,1.0,-0.022563238149936216,0.0,0.0
87783,ringmaster coat,16,0.8917133464480735,0.625,1.0,0.9584858128298555,0.625,1.0,-0.06677246638178191,0.0,0.0
87915,ro tel mild diced tomatoes & green chilies,40,0.9738672436737749,0.2564102564102564,1.0,1.0,0.2564102564102564,1.0,-0.026132756326225137,0.0,0.0
87923,road cycling shoes men,16,0.96331803895032,0.625,1.0,0.9292578780090285,0.625,1.0,0.034060160941291495,0.0,0.0
87933,roadtripper,16,0.968331035538757,1.0,1.0,0.8936633189697702,0.8571428571428571,1.0,0.07466771656898674,0.1428571428571429,0.0
87975,roblox backpack,15,0.9400360807250873,0.7142857142857143,1.0,0.8238939628570701,0.7142857142857143,1.0,0.1161421178680172,0.0,0.0
88041,rock and republic pull on jeans women,16,0.9230139024040692,0.625,1.0,0.9146820509322935,0.625,1.0,0.00833185147177573,0.0,0.0
88092,rockford p3 12 inch subwoofer shallow,16,0.983550158089448,0.625,1.0,0.893006951876298,0.625,1.0,0.09054320621315004,0.0,0.0
88158,rodger in concert dvd,16,0.42278983440665036,1.0,0.16666666666666666,0.44158011035778233,1.0,0.2,-0.018790275951131974,0.0,-0.033333333333333354
88209,rohs ground spot solar lights,16,0.9634117275431491,0.625,1.0,0.9435593591982605,0.625,1.0,0.01985236834488857,0.0,0.0
88250,rolex daytona watches for men,40,0.9534606181487504,0.25,1.0,0.9325055893091646,0.25,1.0,0.020955028839585776,0.0,0.0
88280,roller bearings for pipe,16,0.7674162642246086,0.75,1.0,0.6825442628860198,0.625,1.0,0.08487200133858885,0.125,0.0
88295,roller skates for womens size 8,16,0.8030980752812938,0.75,1.0,0.8874123095371795,0.875,1.0,-0.08431423425588569,-0.125,0.0
88319,rolling pin without handles,40,0.883229092337347,0.25,1.0,0.8364586133797036,0.2222222222222222,1.0,0.04677047895764341,0.02777777777777779,0.0
88407,roof tiles,16,0.8669965538268958,0.6153846153846154,1.0,0.8622316623610126,0.6153846153846154,1.0,0.004764891465883214,0.0,0.0
88427,room decor for dolls,16,0.7495516478583317,0.6363636363636364,1.0,0.6647108765269648,0.5454545454545454,1.0,0.08484077133136692,0.09090909090909094,0.0
88550,rope ratchet tie downs 1/4,16,0.8772081219537043,0.625,1.0,0.8772081219537043,0.625,1.0,0.0,0.0,0.0
88629,rose gold watch,16,0.9241092822452719,0.625,1.0,0.9399337652641017,0.625,1.0,-0.01582448301882977,0.0,0.0
88646,rose tablecloth plastic,40,0.9063728329829395,0.25,1.0,0.9547715182029446,0.25,1.0,-0.04839868522000512,0.0,0.0
88661,rosette iron,16,0.9537125187088152,0.625,1.0,0.9537125187088152,0.625,1.0,0.0,0.0,0.0
88767,round running boards,16,0.9317219174938032,0.625,1.0,0.9400228393296095,0.625,1.0,-0.00830092183580633,0.0,0.0
88831,roxy boots for women,40,0.9033408782799295,0.2631578947368421,1.0,0.7277475244855959,0.21052631578947367,1.0,0.1755933537943336,0.05263157894736842,0.0
88866,royal blue strapless bra,16,0.7823695227900783,0.6428571428571429,1.0,0.8009490404565028,0.6428571428571429,1.0,-0.018579517666424517,0.0,0.0
88891,royal shade rectangle shade,16,0.6876788599367644,0.5,1.0,0.7161393426792714,0.5,1.0,-0.02846048274250701,0.0,0.0
88929,rubber block heel shoes,16,0.9108579352048268,0.625,1.0,0.9108579352048268,0.625,1.0,0.0,0.0,0.0
88935,rubber coaster,12,0.9670607270980406,0.8333333333333334,1.0,1.0,0.8333333333333334,1.0,-0.032939272901959415,0.0,0.0
88942,rubber ducks without holes,40,0.7799082337019199,0.2647058823529412,0.5,0.6927711557865787,0.23529411764705882,1.0,0.0871370779153412,0.02941176470588236,-0.5
88962,rubber stamp cleaning pad,16,0.8492284844984229,0.7777777777777778,1.0,0.9095341536596475,0.8888888888888888,1.0,-0.060305669161224595,-0.11111111111111105,0.0
88995,rubble lunch box,11,1.0,1.0,1.0,1.0,1.0,1.0,0.0,0.0,0.0
89048,ruffle coat,16,0.517142637277806,1.0,0.2,0.4200288571308284,0.75,0.25,0.09711378014697758,0.25,-0.04999999999999999
89080,rug non slip pad 9x9 square,16,0.9504318313235595,0.625,1.0,0.9339091084314125,0.625,1.0,0.016522722892146957,0.0,0.0
89186,running shorts without liner,40,0.9317219174938032,0.2564102564102564,1.0,0.9240205794407473,0.2564102564102564,1.0,0.0077013380530558395,0.0,0.0
89193,running tights with pockets women,16,0.9537125187088152,0.625,1.0,0.9537125187088152,0.625,1.0,0.0,0.0,0.0
89212,russel westbrook rockets jersey,16,0.8387500507348417,0.625,1.0,0.8108729081314049,0.625,1.0,0.027877142603436766,0.0,0.0
89282,rutgers womens soccer hoodie,16,0.7444521577318702,0.6363636363636364,1.0,0.7201264564818268,0.6363636363636364,1.0,0.024325701250043408,0.0,0.0
89291,rv,16,0.8796435027251943,1.0,1.0,0.9262629820160899,1.0,1.0,-0.046619479290895605,0.0,0.0
89339,rv sink drain,16,0.8801610006436102,0.6153846153846154,1.0,0.7861242257962565,0.6153846153846154,0.5,0.09403677484735373,0.0,0.5
89349,rv water pump camper,16,0.9236024329974736,0.625,1.0,0.9129145136328384,0.625,1.0,0.010687919364635201,0.0,0.0
89386,ryans world toy egg blue,16,0.9316116408967706,0.6,1.0,0.9251437244303552,0.6,1.0,0.006467916466415424,0.0,0.0
89416,ryzen 11,16,0.708679193002818,0.7142857142857143,1.0,0.6484777553826228,0.7142857142857143,1.0,0.06020143762019525,0.0,0.0
89503,s9 case otterbox,16,0.7426265559686452,0.6153846153846154,0.5,0.860972846208065,0.6153846153846154,1.0,-0.11834629023941978,0.0,-0.5
89511,s9 screen protector,31,1.0,0.4,1.0,0.9305687780632227,0.36,1.0,0.06943122193677731,0.040000000000000036,0.0
89705,sailcloth watch strap,16,0.8927162486010608,0.625,1.0,0.9356306294840558,0.625,1.0,-0.04291438088299504,0.0,0.0
89710,sailor moon costume women plus size,16,0.8087436993719218,0.6153846153846154,1.0,0.7870179323468909,0.6153846153846154,1.0,0.02172576702503093,0.0,0.0
89714,sailor moon volume 3 and 4,16,0.9678575613741008,0.625,1.0,0.9188284100856257,0.625,1.0,0.04902915128847518,0.0,0.0
89875,salwar kameez suit women ready to wear anarkhali,16,0.9324507695539284,0.625,1.0,0.9067086287777598,0.625,1.0,0.025742140776168543,0.0,0.0
89882,sam trick r treat costume,16,0.9676859680927143,0.7692307692307693,1.0,0.9224077143750341,0.6923076923076923,1.0,0.04527825371768024,0.07692307692307698,0.0
89899,samoyed tank top,16,1.0,0.625,1.0,1.0,0.625,1.0,0.0,0.0,0.0
89943,samsung 800 watch,16,0.9339091084314125,0.7142857142857143,1.0,0.9052522802927104,0.6428571428571429,1.0,0.028656828138702073,0.0714285714285714,0.0
89974,samsung a50 covers,16,0.8639836862302808,0.6,1.0,0.7973138525028846,0.6,1.0,0.06666983372739621,0.0,0.0
90012,samsung earbuds standalone,16,1.0,0.6666666666666666,1.0,0.9473635789834091,0.6,1.0,0.05263642101659094,0.06666666666666665,0.0
90086,samsung galaxy note 10 plus otter box,16,0.8518280700039521,0.625,1.0,0.8188886311678925,0.625,1.0,0.032939438836059654,0.0,0.0
90109,samsung galaxy s10 certified refurbished unlocked,11,0.9743698371297206,0.9090909090909091,1.0,0.9088825612810986,0.9090909090909091,1.0,0.06548727584862202,0.0,0.0
90123,samsung galaxy s20 wallet case for women,16,0.9052116356304494,0.6,1.0,0.9052116356304494,0.6,1.0,0.0,0.0,0.0
90258,samsung s10 plus rfid case,16,0.9450026353474218,0.75,1.0,0.8926477657130304,0.75,1.0,0.0523548696343914,0.0,0.0
90285,samsung s8 case,16,0.8899541168509599,0.6,1.0,0.9052116356304494,0.6,1.0,-0.015257518779489443,0.0,0.0
90286,samsung s8 charger,16,0.955830517697074,0.8181818181818182,1.0,0.8926382747840401,0.7272727272727273,1.0,0.06319224291303382,0.09090909090909094,0.0
90322,samsung tablet case 8 inch,16,0.977915258848537,0.625,1.0,0.9524016186546209,0.625,1.0,0.02551364019391611,0.0,0.0
90331,samsung the frame tv 49 inch,16,0.9374519351039698,0.6428571428571429,1.0,0.8878837664275291,0.6428571428571429,1.0,0.04956816867644076,0.0,0.0
90401,sand filter gauge,16,0.8307566960575575,0.6153846153846154,1.0,0.9490848368915717,0.6923076923076923,1.0,-0.11832814083401422,-0.07692307692307687,0.0
90525,santa stamp,16,0.8667689430109499,0.6363636363636364,1.0,0.7843083080811649,0.5454545454545454,1.0,0.08246063492978495,0.09090909090909094,0.0
90552,sapphire and alexandrite bracelet,16,0.8381657123202053,0.6666666666666666,1.0,0.7853432862566707,0.6,1.0,0.0528224260635346,0.06666666666666665,0.0
90609,sash kilt,16,0.7413153026645353,0.8333333333333334,1.0,0.7519118253114742,0.8333333333333334,1.0,-0.010596522646938888,0.0,0.0
90618,sassy lashes glue,16,0.9473635789834091,0.625,1.0,0.8606076392991092,0.625,1.0,0.08675593968429984,0.0,0.0
90619,sasuke costume adult,40,0.8872771075121091,0.34615384615384615,1.0,0.8205296899736211,0.34615384615384615,1.0,0.06674741753848801,0.0,0.0
90643,satin mint green bow tie,16,0.9061141373634362,0.6666666666666666,1.0,0.8991987231687164,0.6666666666666666,1.0,0.006915414194719749,0.0,0.0
90691,saucony womens running shoes,16,0.6256612995022877,1.0,0.5,0.4585655583838828,0.5,0.14285714285714285,0.16709574111840486,0.5,0.35714285714285715
90790,scalextric,16,0.92663607790064,0.625,1.0,0.92663607790064,0.625,1.0,0.0,0.0,0.0
90797,scalp dandruff,16,0.9095430364058891,0.8,1.0,0.8257045171699666,0.7,1.0,0.08383851923592245,0.10000000000000009,0.0
90928,school essentials kids,16,0.7509725237772242,0.5384615384615384,1.0,0.7206833372819058,0.5384615384615384,1.0,0.03028918649531842,0.0,0.0
90979,science bulletin board borders,16,0.8982550386867663,0.625,1.0,0.8982550386867663,0.625,1.0,0.0,0.0,0.0
91027,scooby-doo and shaggy mystery machine imaginext,16,0.9339091084314125,0.625,1.0,0.9321376950951338,0.625,1.0,0.0017714133362787265,0.0,0.0
91035,scooter carburetor,16,0.9768562593544076,0.625,1.0,0.9716189607861263,0.625,1.0,0.005237298568281257,0.0,0.0
91043,scootering knee pads,16,0.9556493299547569,0.625,1.0,0.9504120313864757,0.625,1.0,0.005237298568281257,0.0,0.0
91075,scotchguard fabric and upholstery protector,16,0.7926169381128068,0.6666666666666666,1.0,0.7593763033091007,0.6666666666666666,1.0,0.03324063480370609,0.0,0.0
91336,sealed hinge,16,0.828234703314213,0.8333333333333334,1.0,0.8474212676194066,0.8333333333333334,1.0,-0.01918656430519361,0.0,0.0
91377,seat,16,0.933745776545611,0.9,1.0,0.9053206285482487,0.8,1.0,0.028425147997362288,0.09999999999999998,0.0
91472,security + mike meyers,16,0.9877841797012169,0.625,1.0,0.9877841797012169,0.625,1.0,0.0,0.0,0.0
91480,security camera system poe 64,16,0.9126347990857985,0.625,1.0,0.9046783004527807,0.625,1.0,0.007956498633017728,0.0,0.0
91488,security cameras without internet,16,0.8687660511076644,0.6,1.0,0.867258501013,0.6,1.0,0.0015075500946644116,0.0,0.0
91643,self winding watches for women,16,0.9567083294488864,0.625,1.0,0.948475220140534,0.625,1.0,0.008233109308352415,0.0,0.0
91672,selphy cp910 ink and paper,16,0.96331803895032,0.625,1.0,0.8803485966094552,0.625,1.0,0.08296944234086479,0.0,0.0
91674,selsun yellow medicated shampoo,40,0.7421012228848234,0.25,1.0,0.7141087768991377,0.25,1.0,0.027992445985685732,0.0,0.0
91722,senorita shawn mendes camila cabello,16,0.8354598358311541,0.6923076923076923,1.0,0.7379156154779049,0.6153846153846154,1.0,0.09754422035324928,0.07692307692307687,0.0
91924,setting soray,16,0.96331803895032,0.625,1.0,0.96331803895032,0.625,1.0,0.0,0.0,0.0
91961,sevylor trolling motor mount,16,0.8301054527851842,0.75,1.0,0.6471601960014621,0.625,1.0,0.1829452567837221,0.125,0.0
91962,sew barbie clothes,16,0.8335893786387393,0.6,1.0,0.8630278047798052,0.6,1.0,-0.029438426141065954,0.0,0.0
91966,sew patterns for beginners,16,0.8444556777346832,0.625,1.0,0.8089280840588331,0.625,1.0,0.03552759367585012,0.0,0.0
91973,sewing basket without accessories,39,0.9556493299547569,0.2564102564102564,1.0,0.9471643200863396,0.2564102564102564,1.0,0.008485009868417381,0.0,0.0
92238,shampoo without water,40,0.7676491312402672,0.25,1.0,0.6473362615659566,0.21875,1.0,0.12031286967431065,0.03125,0.0
92241,shandler,16,0.7217553874814917,0.8571428571428571,1.0,0.834659085591883,0.8571428571428571,1.0,-0.11290369811039125,0.0,0.0
92270,shaping cream tee tree,16,0.8928346125788518,0.625,1.0,0.9157196576049409,0.625,1.0,-0.022885045026089124,0.0,0.0
92274,shaquanda's hot pepper sauce,40,0.8829771917772822,0.25,1.0,0.8829771917772822,0.25,1.0,0.0,0.0,0.0
92343,shaving cream barbasal under 5,10,0.7403888877374477,1.0,0.5,0.7644713392735024,1.0,1.0,-0.024082451536054705,0.0,-0.5
92350,shayla black wicked lovers series,40,0.96331803895032,0.2777777777777778,1.0,0.9716189607861263,0.2777777777777778,1.0,-0.00830092183580633,0.0,0.0
92360,she cow story,16,0.9531641314941091,1.0,1.0,0.5882850282131459,0.7142857142857143,0.5,0.3648791032809632,0.2857142857142857,0.5
92399,sheds wood,40,0.92663607790064,0.25,1.0,0.9104208481577016,0.25,1.0,0.01621522974293832,0.0,0.0
92459,shein short set,40,0.8171563536964214,0.22857142857142856,1.0,0.8171563536964214,0.22857142857142856,1.0,0.0,0.0,0.0
92512,sherling boot over knee,16,0.9471863502717376,0.625,1.0,0.9838938112173669,0.625,1.0,-0.03670746094562927,0.0,0.0
92589,shine rope,16,0.7677197693494575,0.5833333333333334,0.5,0.7362460823418981,0.5833333333333334,0.25,0.03147368700755937,0.0,0.25
92600,shiny powder,16,0.7101602484986917,0.5384615384615384,1.0,0.663168994603782,0.6153846153846154,0.5,0.04699125389490977,-0.07692307692307698,0.5
92601,shiny printer s-844,16,0.8532721558012799,0.6,0.5,0.9074250374176304,0.6,1.0,-0.05415288161635046,0.0,-0.5
92607,shipping tape subscribe and save,16,0.8368789572119399,0.625,1.0,0.8484359194787113,0.625,1.0,-0.011556962266771387,0.0,0.0
92621,shirt ladies,16,1.0,0.6666666666666666,1.0,1.0,0.6666666666666666,1.0,0.0,0.0,0.0
92635,shirts for young adults women,16,0.8268133666517739,0.6153846153846154,1.0,0.8899541168509599,0.6923076923076923,1.0,-0.06314075019918608,-0.07692307692307687,0.0
92682,shoe flat container,16,0.932965554374883,0.6666666666666666,1.0,0.7666080894132135,0.6,1.0,0.1663574649616696,0.06666666666666665,0.0
92817,short curtain rod,16,0.9494126029739882,0.625,1.0,0.9104208481577016,0.625,1.0,0.03899175481628658,0.0,0.0
92843,short shorts,16,0.8914938467895037,0.625,1.0,0.8744514834914252,0.625,1.0,0.01704236329807851,0.0,0.0
92905,shotski board with glasses,16,0.7566848832757899,0.8888888888888888,0.5,0.6842200203883254,0.7777777777777778,0.5,0.07246486288746445,0.11111111111111105,0.0
92967,shower curtains set,16,0.8875973140105706,0.625,1.0,0.9234014633084383,0.625,1.0,-0.03580414929786768,0.0,0.0
92989,shower head with handheld spray,16,0.8564029905550983,0.625,1.0,0.899847008173386,0.625,1.0,-0.043444017618287756,0.0,0.0
93031,showgirls,16,0.9197207891481876,1.0,1.0,0.8065735963827292,1.0,1.0,0.11314719276545837,0.0,0.0
93124,sidelight blinds,16,0.9351532716656565,0.8571428571428571,1.0,0.8209746996273022,0.8571428571428571,0.5,0.11417857203835435,0.0,0.5
93284,silicone measuring cups for epoxy resin,16,0.9691563988333308,0.6666666666666666,1.0,0.9605744242260119,0.6666666666666666,1.0,0.00858197460731891,0.0,0.0
93309,silicone sleeve for 32 oz water bottle,16,0.6468562235661908,0.5833333333333334,0.5,0.7015099647232445,0.6666666666666666,0.5,-0.05465374115705368,-0.08333333333333326,0.0
93329,silk baseball cap,16,0.7756461557529046,0.75,1.0,0.6882021060869478,0.75,0.5,0.08744404966595687,0.0,0.5
93355,silk robe,16,0.8501944706272971,0.6666666666666666,1.0,0.8401297515863583,0.6666666666666666,1.0,0.010064719040938863,0.0,0.0
93548,silver pothos,16,0.9596318716233956,0.6428571428571429,1.0,0.971242718645845,0.6428571428571429,1.0,-0.011610847022449411,0.0,0.0
93551,silver rhinestone hair cc clips,16,0.9335799553104891,1.0,1.0,0.8909934996008259,1.0,1.0,0.04258645570966324,0.0,0.0
93555,silver rings for men,16,0.9684038785434832,0.625,1.0,0.9684038785434832,0.625,1.0,0.0,0.0,0.0
93620,simms flyweight wet wading shoe,33,0.7436700084444738,0.3333333333333333,1.0,0.679003816441019,0.3333333333333333,1.0,0.0646661920034548,0.0,0.0
93793,sipsnap,40,0.8295484015881701,0.5294117647058824,1.0,0.2609294386358513,0.17647058823529413,1.0,0.5686189629523188,0.3529411764705882,0.0
93845,siu carbondale,16,0.7996347669157526,0.6363636363636364,1.0,0.7798680609767082,0.6363636363636364,1.0,0.019766705939044393,0.0,0.0
93851,six swing for couples ceiling,40,0.7568553732287833,0.5,1.0,0.704881239055604,0.5,1.0,0.05197413417317931,0.0,0.0
93903,size 8 boys sandals,16,0.7719695760233491,0.6666666666666666,1.0,0.7165296112709673,0.6666666666666666,1.0,0.05543996475238189,0.0,0.0
93941,skateboard grind box,16,1.0,0.625,1.0,0.9492493328503673,0.625,1.0,0.05075066714963272,0.0,0.0
93970,skechers foam memory,16,0.9087063129268542,0.625,1.0,0.9111275596842205,0.625,1.0,-0.0024212467573663243,0.0,0.0
93987,skechers wide fit shoes,16,0.8735337674882374,0.625,1.0,0.8670547362154355,0.625,1.0,0.006479031272801916,0.0,0.0
94027,sketchers leopard sneakers,12,0.9248773872643998,0.8181818181818182,1.0,0.937798214895896,0.8181818181818182,1.0,-0.012920827631496157,0.0,0.0
94067,ski scooter,16,0.8606337550063158,0.5833333333333334,1.0,0.8525377246567917,0.5833333333333334,1.0,0.008096030349524108,0.0,0.0
94074,skid steer,16,0.9201849398725124,0.7692307692307693,1.0,0.9201849398725124,0.7692307692307693,1.0,0.0,0.0,0.0
94089,skillet rebirthing,16,0.9091099481035073,0.6666666666666666,1.0,0.9061141373634362,0.6,1.0,0.0029958107400711587,0.06666666666666665,0.0
94100,skin cleanser for mature skin,16,0.8601008639045761,0.625,1.0,0.9251290001389068,0.625,1.0,-0.06502813623433068,0.0,0.0
94150,skins for a 15.6 laptop white tiger,16,0.9841583415002759,0.7142857142857143,1.0,0.9792993621289764,0.7142857142857143,1.0,0.004858979371299532,0.0,0.0
94151,skins for swimming,16,0.933745776545611,0.75,1.0,0.7630946912803436,0.5833333333333334,1.0,0.1706510852652674,0.16666666666666663,0.0
94197,skull bong,15,0.8847747680980009,1.0,1.0,0.8890361769568775,1.0,1.0,-0.004261408858876603,0.0,0.0
94264,slap chopper,16,1.0,0.625,1.0,1.0,0.625,1.0,0.0,0.0,0.0
94322,sleeping bear bag,14,0.9681038083104088,0.7142857142857143,1.0,0.9411338959973068,0.7142857142857143,1.0,0.026969912313101974,0.0,0.0
94388,sliding glass door curtains gold,16,1.0,0.625,1.0,1.0,0.625,1.0,0.0,0.0,0.0
94414,slim fit satin shirts for men,16,0.9533147403336067,0.625,1.0,0.981891994711641,0.625,1.0,-0.028577254378034267,0.0,0.0
94479,slip and slide,16,0.9346841238258169,0.6666666666666666,1.0,0.9332161256259357,0.6666666666666666,1.0,0.001467998199881193,0.0,0.0
94488,slip on combat,16,0.9028895103048115,0.7142857142857143,1.0,0.8800498748145477,0.6428571428571429,1.0,0.0228396354902638,0.0714285714285714,0.0
94552,slower feeder dog bowl,40,1.0,0.2564102564102564,1.0,1.0,0.2564102564102564,1.0,0.0,0.0,0.0
94575,small 3 drawer organizer,16,0.8024596634381365,0.6,1.0,0.7855130380133287,0.6,1.0,0.016946625424807737,0.0,0.0
94589,small basket,24,0.92663607790064,0.4166666666666667,1.0,0.92663607790064,0.4166666666666667,1.0,0.0,0.0,0.0
94631,small camping blanket,16,0.8601008639045761,0.625,1.0,0.88994752897318,0.625,1.0,-0.029846665068603895,0.0,0.0
94657,small coffee serving dividing containers,16,0.9828920819566878,1.0,1.0,0.7606395682357036,1.0,0.5,0.2222525137209842,0.0,0.5
94801,small metal wall decor for kitchen,16,0.9755453593002134,0.625,1.0,1.0,0.625,1.0,-0.024454640699786645,0.0,0.0
94802,small michael kors handbags,40,0.85458935750397,0.23076923076923078,1.0,0.8760486808746282,0.23076923076923078,1.0,-0.021459323370658145,0.0,0.0
94808,small mini rope basket hanging plants,16,0.9802207587230863,0.625,1.0,0.9357372459825651,0.625,1.0,0.0444835127405212,0.0,0.0
94839,small picture frames,32,0.8421283856352149,0.3684210526315789,1.0,0.6438820632255243,0.21052631578947367,1.0,0.19824632240969053,0.15789473684210525,0.0
94867,small rectangle tapestry,16,0.8651323816828028,0.6666666666666666,1.0,0.8083060809458584,0.6,1.0,0.05682630073694439,0.06666666666666665,0.0
94897,small shelf bracket,16,0.9234014633084383,0.625,1.0,0.9452601378978908,0.625,1.0,-0.021858674589452454,0.0,0.0
94907,small sized glass jars,16,0.945837011841976,0.625,1.0,0.9838938112173669,0.625,1.0,-0.03805679937539086,0.0,0.0
94909,small son urn,16,0.7975863699766963,0.6666666666666666,1.0,0.5818189117457606,0.5,0.16666666666666666,0.21576745823093568,0.16666666666666663,0.8333333333333334
94934,small thanksgiving plates,16,0.8572048559638628,0.625,1.0,0.8211488061059302,0.625,1.0,0.03605604985793254,0.0,0.0
94947,small vaccum,16,0.875092585537026,0.625,1.0,0.8689641954751568,0.625,1.0,0.00612839006186916,0.0,0.0
94959,small waterproof rustproof outdoor combination locks,16,0.9225269482707442,0.625,1.0,0.9450716302193615,0.625,1.0,-0.02254468194861725,0.0,0.0
94975,smallest dot approved motorcycle helmet,16,1.0,0.625,1.0,1.0,0.625,1.0,0.0,0.0,0.0
95078,smart watch no bluetooth,16,0.8100445218331705,0.625,1.0,0.8100445218331705,0.625,1.0,0.0,0.0,0.0
95156,smell proofgrinder,16,0.6301390267075182,0.6666666666666666,1.0,0.6082776070543024,0.5555555555555556,1.0,0.021861419653215752,0.11111111111111105,0.0
95159,smikless grill,16,0.9738672436737749,0.625,1.0,0.9349369997364463,0.625,1.0,0.03893024393732858,0.0,0.0
95164,smile.a,16,0.9216514835285049,0.8888888888888888,1.0,0.8383162086599405,0.7777777777777778,1.0,0.0833352748685644,0.11111111111111105,0.0
95214,smooth flow faucet,16,0.8442327945045965,0.6666666666666666,1.0,0.7559835875381318,0.5,1.0,0.08824920696646477,0.16666666666666663,0.0
95436,snowboard gear xxl,16,0.9275797623825901,0.625,1.0,0.9275797623825901,0.625,1.0,0.0,0.0,0.0
95473,snowmobile apparel mens,16,0.1965359561629455,0.0,0.07142857142857142,0.14154069623795845,0.0,0.09090909090909091,0.05499525992498705,0.0,-0.019480519480519487
95491,snug headphones kids noise cancelling,16,0.9452601378978908,0.625,1.0,0.9189673689050769,0.625,1.0,0.026292768992813853,0.0,0.0
95496,snuggle kitty with heartbeat,16,0.7894013766013399,0.6363636363636364,0.5,0.8196632855431795,0.7272727272727273,0.5,-0.030261908941839555,-0.09090909090909094,0.0
95534,soaking bin for sink,16,0.9304857824143273,0.625,1.0,0.9248743823396992,0.625,1.0,0.005611400074628126,0.0,0.0
95570,soccer balls size 5,16,0.9253314794949417,0.625,1.0,0.9317219174938032,0.625,1.0,-0.00639043799886152,0.0,0.0
95609,sock,16,0.7799082337019199,0.6,0.5,0.7799082337019199,0.6,0.5,0.0,0.0,0.0
95660,soderless led strip connectors,16,1.0,0.625,1.0,0.9543384299005628,0.625,1.0,0.045661570099437165,0.0,0.0
95679,sofa for kids boys,16,0.8899541168509599,0.6923076923076923,1.0,0.7975167679274938,0.6153846153846154,1.0,0.09243734892346611,0.07692307692307687,0.0
95684,sofa pillows blue and white,39,0.656084832885719,0.22580645161290322,0.5,0.6872247511668094,0.22580645161290322,0.3333333333333333,-0.031139918281090417,0.0,0.16666666666666669
95697,sofa tables narrow long with storage,40,0.9684038785434832,0.2564102564102564,1.0,0.9439492378436964,0.2564102564102564,1.0,0.024454640699786756,0.0,0.0
95730,soft cotton bandana,16,0.9677193041046591,0.625,1.0,0.9440741217461478,0.625,1.0,0.02364518235851132,0.0,0.0
95758,soft serve ice cream maker,16,0.8436303941629644,0.6153846153846154,1.0,0.8060431776085678,0.6153846153846154,1.0,0.03758721655439656,0.0,0.0
95789,softpick,16,0.9744387709952586,0.625,1.0,0.9156904501701973,0.625,1.0,0.05874832082506121,0.0,0.0
95790,softscrub lemon without bleach,41,0.8324799263713325,0.2903225806451613,1.0,0.682421569011928,0.22580645161290322,1.0,0.15005835735940454,0.06451612903225809,0.0
95855,solar lights outdoor without motion sensor,40,0.7617951234190282,0.23684210526315788,1.0,0.6602016210809126,0.23684210526315788,1.0,0.1015935023381156,0.0,0.0
95898,sold by amazon.com,16,0.8622906955570259,0.6,1.0,0.9210315637601145,0.6666666666666666,1.0,-0.05874086820308866,-0.06666666666666665,0.0
95905,soldadora mig,36,0.7997904177311616,0.2727272727272727,1.0,0.8485005745928733,0.30303030303030304,1.0,-0.04871015686171176,-0.03030303030303033,0.0
95927,solid black 200x tanning lotion,40,0.795684008107455,0.2702702702702703,1.0,0.8008327318876817,0.2702702702702703,1.0,-0.005148723780226683,0.0,0.0
96056,sonos move,16,0.7194386734246216,0.45454545454545453,0.5,0.812739240832442,0.45454545454545453,1.0,-0.09330056740782033,0.0,-0.5
96084,sony a7iii camera wrap,16,0.6841833251547458,1.0,0.5,0.402555834981569,0.5,0.3333333333333333,0.2816274901731768,0.5,0.16666666666666669
96085,sony a7iii lens zeiss,16,0.7124037707823793,0.7272727272727273,1.0,0.6694278660539346,0.6363636363636364,1.0,0.0429759047284447,0.09090909090909094,0.0
96107,sony dsc-rx10m4 wireless remote,16,0.5578634994529931,0.625,1.0,0.7843219862865866,0.875,1.0,-0.2264584868335935,-0.25,0.0
96179,sony xperia 1 case spigen,16,0.929783716302757,0.6428571428571429,1.0,0.931268352674344,0.6428571428571429,1.0,-0.0014846363715870226,0.0,0.0
96262,sopranos,16,0.8630152897016882,0.7272727272727273,1.0,0.8630152897016882,0.7272727272727273,1.0,0.0,0.0,0.0
96342,sour honey,16,0.9902867315621451,0.7142857142857143,1.0,1.0,0.7142857142857143,1.0,-0.009713268437854916,0.0,0.0
96408,spa candles relaxing,16,0.9712545700542154,0.625,1.0,0.9712545700542154,0.625,1.0,0.0,0.0,0.0
96486,spanx back seam skinny pants,30,0.7779249480822705,0.3333333333333333,1.0,0.6859035411477306,0.2962962962962963,1.0,0.09202140693453997,0.037037037037037035,0.0
96499,sparco r100 seat,16,0.971343171861298,0.6428571428571429,1.0,0.971343171861298,0.6428571428571429,1.0,0.0,0.0,0.0
96605,speck moto z2 play case,15,0.8772153153380493,1.0,1.0,1.0,1.0,1.0,-0.1227846846619507,0.0,0.0
96724,spices for food,16,0.866054763277729,1.0,0.5,0.695450319828521,0.8,0.5,0.170604443449208,0.19999999999999996,0.0
96729,spicy chips,16,0.9247956251204557,0.625,1.0,0.9237745426848448,0.625,1.0,0.0010210824356108317,0.0,0.0
96733,spicy ramen noodles sauce,16,0.872528428638774,0.625,1.0,0.8203714359390646,0.625,1.0,0.052156992699709415,0.0,0.0
96736,spider capelet,16,0.6503227561414753,0.5,1.0,0.7176510893081868,0.625,1.0,-0.0673283331667115,-0.125,0.0
96748,spider mirrorless camera holster,14,0.8296327225587593,0.6923076923076923,0.5,0.7972265335892738,0.6923076923076923,0.5,0.03240618896948555,0.0,0.0
96762,spiderman bike for 3 year old,16,0.9260302710008432,0.8,1.0,0.6812275221538915,0.5,0.5,0.24480274884695175,0.30000000000000004,0.5
96779,spiderman gloves for kids,15,0.9652631914518036,0.7142857142857143,1.0,0.8945283249423339,0.6428571428571429,1.0,0.0707348665094697,0.0714285714285714,0.0
96793,spiderman shirt women,16,1.0,0.7692307692307693,1.0,0.6796054844532881,0.5384615384615384,1.0,0.32039451554671194,0.23076923076923084,0.0
96836,spill proof cups for kids,16,0.8354897810513665,0.625,1.0,0.7800955628772291,0.625,1.0,0.055394218174137366,0.0,0.0
96858,spinners game dominoes,40,0.9388633982505333,0.2777777777777778,1.0,0.8150663248433294,0.2777777777777778,1.0,0.12379707340720392,0.0,0.0
96955,spongebob halloween costume,16,0.9510907186004267,0.6,1.0,0.955830517697074,0.6,1.0,-0.004739799096647235,0.0,0.0
96956,spongebob meme keychain,16,0.6094770685740925,0.4,1.0,0.8060589737546706,0.8,1.0,-0.19658190518057816,-0.4,0.0
96969,spooky hourglass,16,0.8155083615085964,0.6666666666666666,1.0,0.7309760975446318,0.5555555555555556,1.0,0.08453226396396463,0.11111111111111105,0.0
96981,spoozie booster pads,16,0.9819309044697602,0.625,1.0,0.9485073751698588,0.625,1.0,0.03342352929990133,0.0,0.0
97081,spray foam,16,0.8812922810914052,0.6,1.0,0.9249579622742015,0.6,1.0,-0.043665681182796234,0.0,0.0
97114,spring powered sig p226,16,0.9383588608533749,1.0,1.0,0.7495202330298745,0.75,1.0,0.18883862782350047,0.25,0.0
97159,spy jackman,16,0.4306765580733931,1.0,0.25,0.6309297535714574,1.0,0.5,-0.2002531954980643,0.0,-0.25
97222,square white clock,16,0.9340265049397942,0.625,1.0,0.9633991057381247,0.625,1.0,-0.029372600798330484,0.0,0.0
97223,square white dresser,16,0.8365328045939238,0.8333333333333334,1.0,0.7727684438304738,0.8333333333333334,0.5,0.06376436076344993,0.0,0.5
97231,squeaky balls for large dogs,16,0.9283272902350127,0.625,1.0,0.9210315637601145,0.625,1.0,0.007295726474898179,0.0,0.0
97404,stained glass remnants,15,0.7259007318721808,0.75,1.0,0.6516798916948996,0.625,1.0,0.07422084017728126,0.125,0.0
97445,stainless steel pot without handle,40,0.8340751399137456,0.4090909090909091,1.0,0.7391088157992955,0.2727272727272727,1.0,0.09496632411445005,0.1363636363636364,0.0
97464,stair climbing wheelchair,40,0.7624562180807369,0.3076923076923077,1.0,0.7844436166359613,0.3076923076923077,1.0,-0.021987398555224358,0.0,0.0
97469,stair treads non-slip blue 8×30,16,0.9681038083104088,0.625,1.0,0.9411338959973068,0.625,1.0,0.026969912313101974,0.0,0.0
97478,stamina x air rower,16,0.9693310284275741,0.625,1.0,0.987182011756103,0.625,1.0,-0.017850983328528858,0.0,0.0
97510,stand mixers kenmore,16,0.8340611153182703,0.5714285714285714,1.0,0.8340611153182703,0.5714285714285714,1.0,0.0,0.0,0.0
97535,standard pillow sham navy coral,16,0.899847008173386,0.625,1.0,0.9693421988565845,0.625,1.0,-0.06949519068319843,0.0,0.0
97597,star jeans,15,0.9322454733232083,0.8333333333333334,1.0,0.880239299045353,0.75,1.0,0.052006174277855255,0.08333333333333337,0.0
97615,star shape glitter,16,0.8587373431122493,0.625,1.0,0.8918690186039293,0.625,1.0,-0.03313167549168006,0.0,0.0
97628,star trek jersey,16,0.9705669479986532,0.7692307692307693,1.0,0.9692201653995299,0.7692307692307693,1.0,0.0013467825991232418,0.0,0.0
97649,star wars dark side ornament,16,0.973130844120795,1.0,1.0,0.9629240957179086,1.0,1.0,0.010206748402886379,0.0,0.0
97672,star wars jacket big and tall,16,0.9755453593002134,0.6666666666666666,1.0,0.9787930706003494,0.6666666666666666,1.0,-0.0032477113001360136,0.0,0.0
97835,steakout blu-ray,14,0.7039180890341347,0.5,1.0,0.7039180890341347,0.5,1.0,0.0,0.0,0.0
97837,stealth cam trail camera 12v/solar auxiliary power pack,16,0.8215061790678698,0.875,1.0,0.6863751890539428,0.625,1.0,0.13513099001392703,0.25,0.0
97840,steam basket for instant pot 6qt,16,0.889419822916209,0.625,1.0,0.8286410209773463,0.625,1.0,0.06077880193886276,0.0,0.0
97848,steam mop disposable pads,16,0.8417684312328588,0.6428571428571429,1.0,0.771044781560482,0.5714285714285714,1.0,0.07072364967237688,0.07142857142857151,0.0
97894,steel toe work boots for men,16,0.9567083294488864,0.6666666666666666,1.0,1.0,0.6666666666666666,1.0,-0.043291670551113604,0.0,0.0
98019,sterios for houses,16,0.9401742983047275,0.625,1.0,1.0,0.625,1.0,-0.05982570169527246,0.0,0.0
98055,stetson hats for women,15,0.8565892875126452,0.6153846153846154,1.0,0.9231218672762516,0.6923076923076923,1.0,-0.06653257976360638,-0.07692307692307687,0.0
98060,steve madden handbags for women,14,0.8687471874513093,0.6923076923076923,1.0,0.7432262726522398,0.6923076923076923,0.5,0.12552091479906946,0.0,0.5
98069,steve o book,16,0.7645946733042934,0.75,1.0,0.33667787968647434,0.5,0.3333333333333333,0.4279167936178191,0.25,0.6666666666666667
98209,stnad alone closet,16,0.9533147403336067,0.625,1.0,0.9334929301469999,0.625,1.0,0.019821810186606892,0.0,0.0
98243,stomach fat burner belt for men,16,0.9223743783630893,0.625,1.0,0.9089853051306158,0.625,1.0,0.013389073232473514,0.0,0.0
98255,stone earrings,16,0.9141536948425277,0.625,1.0,0.945837011841976,0.625,1.0,-0.03168331699944826,0.0,0.0
98344,storager box,16,0.9547715182029446,0.6666666666666666,1.0,0.8473624716675436,0.6,1.0,0.10740904653540095,0.06666666666666665,0.0
98413,stranger,15,0.9965211712836076,0.6666666666666666,1.0,0.9738050896605512,0.6666666666666666,1.0,0.022716081623056383,0.0,0.0
98440,strap didlos for women couples,16,0.6957087440280124,0.5,1.0,0.6661040101104594,0.6,1.0,0.029604733917553028,-0.09999999999999998,0.0
98523,street without a name,16,0.961999147059583,1.0,1.0,0.7495275800817669,0.75,1.0,0.2124715669778161,0.25,0.0
98545,stretch band wall moung,16,0.9097133523258966,0.6,1.0,0.9399337652641017,0.6666666666666666,1.0,-0.0302204129382051,-0.06666666666666665,0.0
98555,stretchable bottoms for women,9,0.9513101631102253,1.0,1.0,0.9927464701801207,1.0,1.0,-0.04143630706989543,0.0,0.0
98581,string lights for patio solar,16,0.9371852826240948,0.625,1.0,0.9494126029739882,0.625,1.0,-0.012227320349893378,0.0,0.0
98607,striped panties for women,16,0.8678693756994968,0.6428571428571429,1.0,0.8447256350539044,0.6428571428571429,1.0,0.023143740645592437,0.0,0.0
98611,striped tee shirt men long sleeve,40,0.8440750338809825,0.24324324324324326,1.0,0.8034086783437034,0.24324324324324326,1.0,0.04066635553727904,0.0,0.0
98634,strong airsoft guns,16,0.8803940234933325,0.7142857142857143,1.0,0.8536049655079422,0.7142857142857143,1.0,0.02678905798539033,0.0,0.0
98687,study table and chair,9,0.978218331505115,1.0,1.0,0.9647774816127758,1.0,1.0,0.01344084989233918,0.0,0.0
98692,stuff for 8 cents,16,0.8081702493733912,0.625,1.0,0.7868402108476684,0.625,1.0,0.021330038525722794,0.0,0.0
98693,stuff for christan singers,16,0.9504120313864757,0.6666666666666666,1.0,0.8687471874513093,0.6,1.0,0.08166484393516638,0.06666666666666665,0.0
98731,stun gun for self defense,16,0.9755453593002134,0.625,1.0,0.9543384299005628,0.625,1.0,0.02120692939965052,0.0,0.0
98824,subtle art of not giving a fuck,15,0.8625651187306992,0.8,1.0,0.801356391513616,0.7,1.0,0.06120872721708315,0.10000000000000009,0.0
98963,sugar bear hair vitamins,16,0.8880156958269811,0.6666666666666666,1.0,0.8839269150077771,0.6666666666666666,1.0,0.004088780819204052,0.0,0.0
98966,sugar bowl without spoon,40,0.6635854508468992,0.2647058823529412,1.0,0.7456351029065521,0.2647058823529412,1.0,-0.08204965205965287,0.0,0.0
99007,suit outfit for boys size 12 big kids,16,0.8270433092474516,1.0,1.0,0.5032251913410369,0.5,1.0,0.3238181179064147,0.5,0.0
99069,sum,16,0.6641895304739578,0.5714285714285714,0.5,0.8165901947515999,0.6428571428571429,1.0,-0.1524006642776421,-0.07142857142857151,-0.5
99077,summer blouses for women,16,0.9684649149495471,0.7692307692307693,1.0,0.9650210372776609,0.7692307692307693,1.0,0.003443877671886253,0.0,0.0
99109,summer tops for women,16,0.9463191373920201,0.6666666666666666,1.0,0.8758568860962803,0.6,1.0,0.0704622512957398,0.06666666666666665,0.0
99115,summer+shirt+women,16,0.9030651717322699,0.625,1.0,0.9143667518355552,0.625,1.0,-0.011301580103285302,0.0,0.0
99160,sun seeds,16,0.9738672436737749,0.625,1.0,0.9738672436737749,0.625,1.0,0.0,0.0,0.0
99204,sunflower on black and white kitchen,16,0.8855815877011984,0.8333333333333334,1.0,0.8196513748277231,0.6666666666666666,1.0,0.06593021287347534,0.16666666666666674,0.0
99262,sunroof decal for car,40,0.7752387368046298,0.3888888888888889,1.0,0.7631925784528221,0.3888888888888889,1.0,0.012046158351807779,0.0,0.0
99338,super nintendo european,16,0.664279997575632,0.7142857142857143,0.5,0.6824030732189952,0.7142857142857143,0.5,-0.01812307564336313,0.0,0.0
99347,super smash bros ultimate,16,0.8252468815701437,0.5,1.0,0.8022630702301324,0.5,1.0,0.022983811340011262,0.0,0.0
99407,superman tshirt slim fit men,16,0.6163370433464825,0.6666666666666666,0.5,0.675570916010595,0.7777777777777778,0.5,-0.05923387266411251,-0.11111111111111116,0.0
99419,supersonic dvd player 7,16,0.9306333844286059,0.7777777777777778,1.0,0.8440305894713765,0.5555555555555556,1.0,0.08660279495722933,0.2222222222222222,0.0
99462,surf shorts for men,16,0.7569021067152308,0.6363636363636364,1.0,0.6773891619299288,0.5454545454545454,1.0,0.07951294478530202,0.09090909090909094,0.0
99545,survival kit,41,0.9432379215722527,0.36,1.0,0.7648908410439711,0.24,1.0,0.17834708052828163,0.12,0.0
99557,sushi knife,16,0.9389791256918615,0.625,1.0,0.9366257706824616,0.625,1.0,0.0023533550093999267,0.0,0.0
99639,swarovski crystal cross ornament,16,0.9891136343250942,0.625,1.0,0.9685287252979218,0.625,1.0,0.02058490902717247,0.0,0.0
99663,sweat caps for men,16,0.8643145546088337,0.5714285714285714,1.0,0.8643145546088337,0.5714285714285714,1.0,0.0,0.0,0.0
99669,sweat pants outfits for women loose fit plus size,42,0.8351201148123997,0.23684210526315788,1.0,0.841492960259019,0.23684210526315788,1.0,-0.006372845446619313,0.0,0.0
99678,sweater caps for boys,16,0.8943612692301721,0.625,1.0,0.926390478989071,0.625,1.0,-0.03202920975889889,0.0,0.0
99680,sweater crop tops for teens under 10,16,0.9743682286692287,0.6666666666666666,1.0,0.8789335177254264,0.6,1.0,0.09543471094380229,0.06666666666666665,0.0
99736,sweet 16 glow in the dark tables,16,0.9533497162960899,0.625,1.0,0.9120131844100002,0.625,1.0,0.041336531886089656,0.0,0.0
99784,swiffer wet jet cleaner solution,16,0.7968060432053915,0.9,0.5,0.9415695295595564,0.9,1.0,-0.14476348635416492,0.0,-0.5
99850,swimsuits for bride,16,0.9733318510892309,0.625,1.0,0.9669400280728928,0.625,1.0,0.006391823016338116,0.0,0.0
99973,syhood ribbon,16,0.9426109793585165,0.7142857142857143,1.0,0.9899138256111094,0.7142857142857143,1.0,-0.047302846252592956,0.0,0.0
99982,synethic wig spray,16,1.0,0.625,1.0,0.977915258848537,0.625,1.0,0.022084741151462972,0.0,0.0
100060,t strap sandals for women,16,0.8674684351761345,0.625,1.0,0.851634150508456,0.625,1.0,0.015834284667678444,0.0,0.0
100062,t tahari shoes for women,16,0.7680628639178931,0.75,1.0,0.6233329185199646,1.0,0.5,0.1447299453979285,-0.25,0.5
100103,ta-nehisi coates,16,0.306109293611504,0.5,0.2,0.4504375981450124,0.6666666666666666,0.25,-0.14432830453350837,-0.16666666666666663,-0.04999999999999999
100158,table hiker,16,0.7004805482085634,0.7,1.0,0.7061562365587306,0.7,1.0,-0.005675688350167185,0.0,0.0
100173,table protector vinyl,16,0.9492493328503673,0.6666666666666666,1.0,0.9146738216410971,0.6666666666666666,1.0,0.03457551120927016,0.0,0.0
100219,tablesaw motor,16,0.8882760012245214,0.6,1.0,1.0,0.6666666666666666,1.0,-0.11172399877547856,-0.06666666666666665,0.0
100268,tablets for cars,16,0.7102193294182025,0.5,0.3333333333333333,0.6924564282078567,0.5,0.25,0.01776290121034585,0.0,0.08333333333333331
100307,tacklebox for fishing,16,0.8967311687784959,0.625,1.0,0.7891528400196763,0.625,1.0,0.10757832875881956,0.0,0.0
100312,tacks for upholstery,16,1.0,0.6666666666666666,1.0,1.0,0.6666666666666666,1.0,0.0,0.0,0.0
100319,taco twosday birthday party,16,0.9956639152520221,0.625,1.0,0.9738050896605512,0.625,1.0,0.0218588255914709,0.0,0.0
100380,taffeta skirt,16,0.8581725814324627,0.625,1.0,0.887094021625327,0.625,1.0,-0.028921440192864356,0.0,0.0
100439,taken,16,1.0,1.0,1.0,1.0,1.0,1.0,0.0,0.0,0.0
100573,tan scarf women,16,0.9023654936539472,0.625,1.0,0.9184237706722591,0.625,1.0,-0.01605827701831186,0.0,0.0
100579,tan thick belt for women,16,0.9295204907858209,0.6666666666666666,1.0,0.9339091084314125,0.6666666666666666,1.0,-0.004388617645591619,0.0,0.0
100616,tank top dress summer,16,0.9042828013298567,0.6923076923076923,1.0,0.8787128044857495,0.6923076923076923,1.0,0.025569996844107212,0.0,0.0
100624,tankglass,16,0.906156666668137,0.8,1.0,0.7702375217369842,0.7,1.0,0.13591914493115276,0.10000000000000009,0.0
100684,tape dispenser lid,16,0.9536424334564002,0.75,1.0,0.9456910047059188,0.75,1.0,0.007951428750481382,0.0,0.0
100716,tapetech drywall tools,40,0.8037826889753862,0.24242424242424243,1.0,0.7518775968357415,0.24242424242424243,1.0,0.05190509213964467,0.0,0.0
100801,tarte concealer 44h,16,0.9008636626471187,0.625,1.0,0.9634117275431491,0.625,1.0,-0.06254806489603038,0.0,0.0
100810,tasers for women,16,0.9176564688508827,0.625,1.0,0.8899541168509599,0.625,1.0,0.02770235199992277,0.0,0.0
100819,taste of oregon,16,0.9090719693810212,0.8888888888888888,1.0,0.9667147927059907,1.0,1.0,-0.057642823324969505,-0.11111111111111116,0.0
100828,tatcha powder exfoliator,37,0.7849475989213756,0.3333333333333333,1.0,0.7264263144665171,0.3333333333333333,1.0,0.05852128445485849,0.0,0.0
100907,tazzer for women,16,0.8327565169125719,0.6,1.0,0.7104770117651427,0.6,0.5,0.12227950514742925,0.0,0.5
100909,tb;15,16,0.8846814215577941,0.75,1.0,0.8249936930992225,0.6666666666666666,1.0,0.05968772845857151,0.08333333333333337,0.0
100922,tcl 6 series 55r617,16,1.0,0.625,1.0,1.0,0.625,1.0,0.0,0.0,0.0
100955,tea bag dish alice,16,0.3562071871080222,1.0,0.16666666666666666,1.0,1.0,1.0,-0.6437928128919779,0.0,-0.8333333333333334
101002,tea set colorful,16,0.918192806060023,0.625,1.0,0.9247956251204557,0.625,1.0,-0.006602819060432696,0.0,0.0
101081,teal satin dress,16,0.7409421583452693,0.6428571428571429,0.5,0.6650102819883269,0.5714285714285714,0.5,0.07593187635694243,0.07142857142857151,0.0
101128,techer pens,16,0.8615698388056826,0.6923076923076923,1.0,0.7901482087219937,0.6923076923076923,1.0,0.07142163008368896,0.0,0.0
101181,ted.taylor,16,0.7071000017953827,0.6666666666666666,1.0,0.7599676921884454,0.6666666666666666,1.0,-0.052867690393062716,0.0,0.0
101203,teen dance skirt,14,0.9315808272549068,0.8333333333333334,1.0,0.8900515836056395,0.8333333333333334,1.0,0.041529243649267245,0.0,0.0
101204,teen desk,16,0.9755453593002134,0.625,1.0,1.0,0.625,1.0,-0.024454640699786645,0.0,0.0
101231,teenage comforter sets for girls grey,13,0.9305771987116873,0.7692307692307693,1.0,0.9346659795308913,0.7692307692307693,1.0,-0.004088780819203941,0.0,0.0
101232,teenage girl backpacks,16,0.788844013367505,0.6923076923076923,1.0,0.723967479687179,0.5384615384615384,1.0,0.06487653368032598,0.15384615384615385,0.0
101242,teeth are not for biting board book,16,0.8848075202814568,0.6666666666666666,1.0,0.8806460334523056,0.6666666666666666,1.0,0.004161486829151184,0.0,0.0
101332,telephone ear phones,16,0.977915258848537,0.6666666666666666,1.0,1.0,0.6666666666666666,1.0,-0.022084741151462972,0.0,0.0
101335,telephoto lens case,16,0.9755453593002134,0.625,1.0,0.9504120313864757,0.625,1.0,0.02513332791373768,0.0,0.0
101376,tell me without telling me,14,0.905218161717064,1.0,1.0,0.9178287402913374,1.0,1.0,-0.01261057857427339,0.0,0.0
101390,temp switch,16,0.9398516921258009,1.0,1.0,0.8696925604150173,0.8333333333333334,1.0,0.07015913171078358,0.16666666666666663,0.0
101443,ten pound weight,16,0.9015344328954484,0.6153846153846154,1.0,0.8417832382281388,0.6153846153846154,1.0,0.059751194667309604,0.0,0.0
101472,tennis elbo band,16,0.9305687780632227,0.6428571428571429,1.0,0.9575861412006988,0.6428571428571429,1.0,-0.027017363137476158,0.0,0.0
101574,terms of endearment dvd movie,16,0.9080585594480532,0.625,1.0,0.9099798642349426,0.625,1.0,-0.001921304786889344,0.0,0.0
101632,test light petsafe,16,0.7799082337019199,0.6923076923076923,0.5,1.0,0.7692307692307693,1.0,-0.22009176629808014,-0.07692307692307698,-0.5
101738,thankgiving napkins,16,0.9537125187088152,0.6666666666666666,1.0,0.8800966960493903,0.6666666666666666,1.0,0.0736158226594249,0.0,0.0
101786,the address book deirdre mask,16,0.8160367802564621,0.7142857142857143,1.0,0.758720640864501,0.8571428571428571,1.0,0.05731613939196112,-0.1428571428571428,0.0
101795,the amazon nightgown dress,40,0.9151005414726318,0.2857142857142857,1.0,0.7332598384869866,0.2571428571428571,1.0,0.18184070298564514,0.02857142857142858,0.0
101846,the big one® gel memory foam side sleeper pillow,43,0.7735174514392728,0.23255813953488372,1.0,0.7735174514392728,0.23255813953488372,1.0,0.0,0.0,0.0
101870,the book of not entirely useful advise,14,0.8065735963827292,1.0,1.0,0.7977228895450267,1.0,1.0,0.008850706837702504,0.0,0.0
101895,the chalice and the blade by riane eisler,16,0.8130655157472735,0.7777777777777778,1.0,0.7604185249450235,0.6666666666666666,1.0,0.05264699080224999,0.11111111111111116,0.0
101930,the dance of anger by harriet lerner,16,0.9171612476796993,0.6666666666666666,1.0,0.9305771987116873,0.6666666666666666,1.0,-0.013415951031988005,0.0,0.0
101956,the end of mental illness daniel amen,16,0.9712545700542154,0.6666666666666666,1.0,0.9178663475624435,0.6,1.0,0.053388222491772,0.06666666666666665,0.0
101960,the expanse season 1,16,0.0,0.0,0.09090909090909091,0.0,0.0,0.09090909090909091,0.0,0.0,0.0
102025,the golden rule,16,0.9251122079923695,0.625,1.0,0.9251122079923695,0.625,1.0,0.0,0.0,0.0
102031,the good witch,21,0.8146991092710851,0.5555555555555556,1.0,0.8146991092710851,0.5555555555555556,1.0,0.0,0.0,0.0
102051,the handmade soap company ireland,16,1.0,0.625,1.0,1.0,0.625,1.0,0.0,0.0,0.0
102055,the happy planner 18 month planner,16,0.9458126436748655,0.625,1.0,0.9943899986877236,0.625,1.0,-0.04857735501285809,0.0,0.0
102057,the happy planner weekly box punch,16,0.945837011841976,0.6666666666666666,1.0,0.9570768474212639,0.6666666666666666,1.0,-0.011239835579287871,0.0,0.0
102078,the hollywood librarian,16,0.8322307037917218,1.0,1.0,0.8316006156867155,1.0,1.0,0.0006300881050063101,0.0,0.0
102128,the last ship,16,0.9547715182029446,0.625,1.0,0.9547715182029446,0.625,1.0,0.0,0.0,0.0
102188,the medium xbox series x,15,0.755767131453928,1.0,1.0,0.714265388089356,0.8,1.0,0.04150174336457202,0.19999999999999996,0.0
102228,the new girl daniel silva,16,0.9634117275431491,0.625,1.0,0.9634117275431491,0.625,1.0,0.0,0.0,0.0
102244,the normal heart,16,0.8565244761138572,0.75,1.0,0.9167936286597902,0.875,1.0,-0.060269152545933014,-0.125,0.0
102291,the outlander season 4,16,0.9411338959973068,0.625,1.0,0.9411338959973068,0.625,1.0,0.0,0.0,0.0
102406,the sound and the fury audiobook,16,0.9877841797012169,0.625,1.0,1.0,0.625,1.0,-0.012215820298783098,0.0,0.0
102429,the summer without men,16,0.5380498181896447,0.5,1.0,0.5331015408918655,0.5,1.0,0.004948277297779247,0.0,0.0
102450,the times they are a changing sonia,14,0.9008636626471187,0.7142857142857143,1.0,0.9392148330510314,0.7142857142857143,1.0,-0.03835117040391267,0.0,0.0
102544,theordinary squalane,14,0.8919568008270393,0.7142857142857143,1.0,0.8978878231145222,0.7142857142857143,1.0,-0.005931022287482879,0.0,0.0
102549,thepriceof everything,13,0.9674679834891694,1.0,1.0,0.7328286204777912,1.0,0.5,0.23463936301137822,0.0,0.5
102553,therabands resistance bands set,16,0.8595182271055365,0.625,1.0,0.8017784263570532,0.625,1.0,0.05773980074848328,0.0,0.0
102585,thermal long sleeve thumb hole,16,0.8050019820300698,0.5714285714285714,1.0,0.8772351761123095,0.6428571428571429,1.0,-0.07223319408223972,-0.07142857142857151,0.0
102658,thick maternity yoga pants,16,1.0,1.0,1.0,0.4457341703503472,1.0,0.14285714285714285,0.5542658296496528,0.0,0.8571428571428572
102664,thick twin xl folding mattress,16,0.9378331744866754,0.625,1.0,0.9379415241839105,0.625,1.0,-0.00010834969723516608,0.0,0.0
102707,thin lizzy t shirts for men,16,0.9768562593544076,0.625,1.0,0.9534606181487504,0.625,1.0,0.02339564120565718,0.0,0.0
102727,thing 1 thing 2 thing 3 shirts,40,0.8957303889680601,0.36363636363636365,1.0,0.7940863949839678,0.3181818181818182,1.0,0.1016439939840923,0.04545454545454547,0.0
102734,things that help pregnancy,40,1.0,0.43478260869565216,1.0,1.0,0.43478260869565216,1.0,0.0,0.0,0.0
102743,think engineer books,16,0.7861346135080701,0.8333333333333334,1.0,0.6392044804056158,0.6666666666666666,1.0,0.14693013310245429,0.16666666666666674,0.0
102805,thomas and friends trackmaster,16,0.9165812321693876,0.8,1.0,0.9485504589357542,0.8,1.0,-0.0319692267663666,0.0,0.0
102838,thor hammer tool set,16,0.8240409267187788,0.6363636363636364,1.0,0.7463219056140729,0.5454545454545454,1.0,0.07771902110470597,0.09090909090909094,0.0
102903,throne chairs for party cheap,40,0.9556493299547569,0.3225806451612903,1.0,0.9684038785434832,0.3225806451612903,1.0,-0.012754548588726267,0.0,0.0
102922,throw pillows not covers,16,1.0,0.625,1.0,0.9634117275431491,0.625,1.0,0.03658827245685092,0.0,0.0
102923,throw pillows without covers,40,0.40547855551763384,0.2,1.0,0.3705851493985651,0.2,1.0,0.03489340611906877,0.0,0.0
102985,ti packer,16,0.6043891208802668,0.7777777777777778,0.3333333333333333,0.6651873457183152,0.8888888888888888,0.3333333333333333,-0.06079822483804842,-0.11111111111111105,0.0
103032,tie,16,0.92663607790064,0.6666666666666666,1.0,0.92663607790064,0.6666666666666666,1.0,0.0,0.0,0.0
103082,tiffany jewelry,16,0.9060254355346823,1.0,1.0,0.7039180890341347,0.5,1.0,0.20210734650054762,0.5,0.0
103134,tik tok things you need,16,0.5152880109744815,0.6,0.5,0.3916830858804163,0.5,0.3333333333333333,0.12360492509406523,0.09999999999999998,0.16666666666666669
103143,tikka t3x scope rings,16,0.7646993329630247,0.5714285714285714,1.0,0.7914575356801041,0.7142857142857143,1.0,-0.026758202717079405,-0.1428571428571429,0.0
103202,time locking container,40,0.92663607790064,0.34615384615384615,1.0,0.8620289579971351,0.3076923076923077,1.0,0.06460711990350487,0.038461538461538436,0.0
103211,time trap,16,1.0,1.0,1.0,0.9833032486989473,1.0,1.0,0.016696751301052748,0.0,0.0
103238,timing chain tension set,16,0.8121417080708,0.6153846153846154,1.0,0.7449114651706856,0.6153846153846154,1.0,0.06723024290011437,0.0,0.0
103258,tinkle dermaplane razor for women face,33,0.895039956444123,0.30303030303030304,1.0,0.9253314794949417,0.30303030303030304,1.0,-0.030291523050818614,0.0,0.0
103266,tint squeegee,40,0.9290059774489636,0.25,1.0,0.9543384299005628,0.2777777777777778,1.0,-0.025332452451599208,-0.02777777777777779,0.0
103289,tinted dry shampoo travel size,16,0.7025909879413567,0.6923076923076923,0.5,0.7025909879413567,0.6923076923076923,0.5,0.0,0.0,0.0
103304,tiny bunny rabbit for girls,16,0.7799082337019199,0.6923076923076923,0.5,0.7799082337019199,0.6923076923076923,0.5,0.0,0.0,0.0
103327,tiny oil diffuser,16,1.0,0.7142857142857143,1.0,1.0,0.7142857142857143,1.0,0.0,0.0,0.0
103399,tissot automatic sport,16,0.9316277775573523,0.625,1.0,0.9292578780090285,0.625,1.0,0.002369899548323784,0.0,0.0
103453,tj wrangler speedo gear,16,0.7939008380798953,0.6666666666666666,1.0,0.5378718043996032,0.5833333333333334,0.3333333333333333,0.25602903368029206,0.08333333333333326,0.6666666666666667
103572,toddler 115mm polarized,16,0.9787930706003494,0.625,1.0,0.96331803895032,0.625,1.0,0.015475031650029392,0.0,0.0
103633,toddler combat boots,16,0.9283272902350127,0.625,1.0,0.9526603142741242,0.625,1.0,-0.024333024039111528,0.0,0.0
103655,toddler fur vest 4t,16,0.7892610396040768,0.75,1.0,0.6846182625339282,0.625,1.0,0.10464277707014857,0.125,0.0
103672,toddler girl swim bottoms,16,0.7954878549093706,0.6428571428571429,1.0,0.7402964086212096,0.6428571428571429,1.0,0.05519144628816097,0.0,0.0
103682,toddler girls size 4t sweaters,16,0.9866232943931771,1.0,1.0,0.9081384137386337,1.0,1.0,0.0784848806545434,0.0,0.0
103687,toddler green coat,16,0.8803485966094552,0.625,1.0,0.8982550386867663,0.625,1.0,-0.01790644207731107,0.0,0.0
103726,toddler pillowcase 13x18,16,0.9526603142741242,0.625,1.0,0.9567083294488864,0.625,1.0,-0.004048015174762165,0.0,0.0
103742,toddler ride on battery powered for girl,16,1.0,0.625,1.0,1.0,0.625,1.0,0.0,0.0,0.0
103767,toddler snowboard,16,0.8315477600526225,0.6,1.0,0.8393826224212941,0.6666666666666666,1.0,-0.007834862368671591,-0.06666666666666665,0.0
103785,toddler tent bed,16,0.9420953467587505,0.7142857142857143,1.0,0.9132541329346265,0.7142857142857143,1.0,0.028841213824123968,0.0,0.0
103790,toddler toys age 2,16,0.8989726566067059,0.6,1.0,0.8532721558012799,0.6,1.0,0.04570050080542598,0.0,0.0
103792,toddler toys for girls age 2,15,0.9115863795843911,0.7142857142857143,1.0,0.8452689936443923,0.7142857142857143,1.0,0.06631738593999881,0.0,0.0
103827,toe toe,16,0.846545194468041,0.6428571428571429,1.0,0.8771481330469951,0.6428571428571429,1.0,-0.03060293857895413,0.0,0.0
103840,toffee nut syrup,41,0.8202400796007896,0.23684210526315788,1.0,0.787380958130292,0.23684210526315788,1.0,0.03285912147049763,0.0,0.0
103862,toilet cake toppee,16,0.9534606181487504,0.8333333333333334,1.0,0.9477344873475498,0.75,1.0,0.005726130801200546,0.08333333333333337,0.0
103896,toilet seat without tank,40,0.6139693490201902,0.35,0.25,0.37101873111188965,0.15,0.25,0.24295061790830053,0.19999999999999998,0.0
103947,tom hardy,16,0.942271122217258,0.625,1.0,0.9526603142741242,0.625,1.0,-0.010389192056866281,0.0,0.0
103994,tommy hilfiger bags for women,16,0.9454862044599013,0.7142857142857143,1.0,0.9216017310213247,0.6428571428571429,1.0,0.02388447343857658,0.0714285714285714,0.0
104021,tommy tippy bottle warmer,16,0.8843295758291483,0.7142857142857143,1.0,0.8726505703289015,0.7142857142857143,1.0,0.011679005500246809,0.0,0.0
104093,tool box foam organizer kit,40,0.8115558478722845,0.24242424242424243,1.0,0.7983228387505403,0.2727272727272727,1.0,0.013233009121744188,-0.030303030303030276,0.0
104134,tooth replacement,16,0.8603818544462509,0.6153846153846154,1.0,0.8200685179888282,0.6153846153846154,1.0,0.040313336457422744,0.0,0.0
104211,top tear checks,16,0.7831679107147151,0.625,1.0,0.6833037498567983,0.75,0.2,0.09986416085791683,-0.125,0.8
104219,tophe oil,39,0.4407283397750383,0.3333333333333333,0.5,0.6201543156208374,0.3333333333333333,1.0,-0.17942597584579917,0.0,-0.5
104220,topical arnica gel,16,0.9392148330510314,0.625,1.0,0.9361767385157805,0.625,1.0,0.003038094535250835,0.0,0.0
104227,toppik colored hair thickener dark brown,23,0.8095120334606722,0.5,1.0,0.7757289439450935,0.4375,1.0,0.033783089515578735,0.0625,0.0
104266,torium 16,16,0.8352662996932582,0.5555555555555556,1.0,0.7548644128814928,0.4444444444444444,1.0,0.08040188681176541,0.11111111111111116,0.0
104269,tornamesa denon,15,0.8361524188960466,0.6363636363636364,1.0,0.7514368332379708,0.5454545454545454,1.0,0.0847155856580758,0.09090909090909094,0.0
104288,toronto blue jays cap,40,1.0,0.2631578947368421,1.0,1.0,0.2631578947368421,1.0,0.0,0.0,0.0
104290,torpedo candelabra filament led bulb,40,0.9325055893091646,0.25,1.0,0.9325055893091646,0.25,1.0,0.0,0.0,0.0
104330,tory burch flats size 7,16,0.6947651160602988,0.6666666666666666,0.5,0.7605591431973848,0.5833333333333334,1.0,-0.06579402713708604,0.08333333333333326,-0.5
104387,totoro chair,16,0.779681614276356,0.8333333333333334,1.0,0.8269492097495402,0.8333333333333334,1.0,-0.047267595473184265,0.0,0.0
104408,touchnew,16,0.9962378929123429,0.625,1.0,0.9916434438239524,0.625,1.0,0.004594449088390462,0.0,0.0
104435,tow hitch,16,0.6907256568330127,0.6363636363636364,0.3333333333333333,0.6765795717922148,0.5454545454545454,0.3333333333333333,0.01414608504079784,0.09090909090909094,0.0
104498,toy brock,16,0.8797654410311587,0.7272727272727273,1.0,0.7921685358371666,0.6363636363636364,1.0,0.0875969051939921,0.09090909090909094,0.0
104555,toy story gabby costume,16,0.9411338959973068,0.6666666666666666,1.0,0.9411338959973068,0.6666666666666666,1.0,0.0,0.0,0.0
104578,toyota camry key fob,16,0.9200263683992064,0.625,1.0,0.9421111095506693,0.625,1.0,-0.022084741151462972,0.0,0.0
104606,toys 8 month old,40,0.8603818544462509,0.25,1.0,0.7381919257729245,0.21875,1.0,0.12218992867332645,0.03125,0.0
104660,toysmith build a birdhouse,16,0.9030710611044827,0.6666666666666666,1.0,0.8582731002950262,0.6,1.0,0.044797960809456416,0.06666666666666665,0.0
104737,traditional navajo songs,16,0.9409949667538079,0.625,1.0,0.8899066142877682,0.625,1.0,0.05108835246603971,0.0,0.0
104743,traeger ironwood,16,0.8352662996932582,0.5555555555555556,1.0,0.7393796785204064,0.5555555555555556,0.5,0.09588662117285174,0.0,0.5
104752,trail camera sends picture to cell phone without wifi,38,0.8550311806631067,0.24324324324324326,1.0,0.8604651292718579,0.24324324324324326,1.0,-0.005433948608751238,0.0,0.0
104756,trail mix without almonds,40,0.6024136656274716,0.26666666666666666,1.0,0.5700372737137949,0.23333333333333334,1.0,0.032376391913676694,0.033333333333333326,0.0
104775,trailer lights for shore lander,16,0.5090967735771897,0.3333333333333333,1.0,0.1696989245257299,0.3333333333333333,0.14285714285714285,0.33939784905145987,0.0,0.8571428571428572
105146,tree of life purse,16,0.9985958121484936,0.7692307692307693,1.0,0.9504185550241154,0.6923076923076923,1.0,0.04817725712437815,0.07692307692307698,0.0
105196,trendy shower curtain,16,0.8991865866283439,0.625,1.0,0.9260210220071132,0.625,1.0,-0.026834435378769284,0.0,0.0
105259,trigger point poster,16,0.9298890387928251,0.75,1.0,0.9206140528173893,0.75,1.0,0.009274985975435857,0.0,0.0
105266,trike motorcycle for adults street legal,16,0.4883070100198551,0.8333333333333334,0.25,0.48603984209582823,0.6666666666666666,0.3333333333333333,0.0022671679240268694,0.16666666666666674,-0.08333333333333331
105301,tripod for tablet,16,0.8400527367984127,0.6153846153846154,1.0,0.8335573141981406,0.6153846153846154,1.0,0.006495422600272138,0.0,0.0
105346,trojan condoms,16,0.96331803895032,0.625,1.0,0.9716189607861263,0.625,1.0,-0.00830092183580633,0.0,0.0
105405,trout jigging spoons,16,0.9534606181487504,0.625,1.0,0.977915258848537,0.625,1.0,-0.024454640699786645,0.0,0.0
105409,trowel machine 36 inch,40,0.4583954726507945,0.375,0.14285714285714285,0.8120144169507358,0.5,1.0,-0.35361894429994134,-0.125,-0.8571428571428572
105419,troybilt mustang 50 blades,16,0.914856882358379,0.6,1.0,0.92663607790064,0.6,1.0,-0.011779195542260923,0.0,0.0
105441,truck roof tent,40,0.9787930706003494,0.3125,1.0,0.9368077570869662,0.28125,1.0,0.04198531351338319,0.03125,0.0
105496,trump shirt,20,0.8849197699716447,0.5,1.0,0.893220691807451,0.5,1.0,-0.00830092183580633,0.0,0.0
105635,tudar watches for men,40,0.8342585510352535,0.25,1.0,0.7800955628772291,0.25,1.0,0.05416298815802434,0.0,0.0
105695,tummy time mirror for babies,16,0.9780272578444925,0.625,1.0,0.889502624589094,0.625,1.0,0.0885246332553985,0.0,0.0
105980,tv wall mount 40 inch,16,0.8067345831802393,0.625,1.0,0.8052499468086523,0.625,1.0,0.0014846363715870226,0.0,0.0
106021,twenty one pilots,16,0.8842222191013388,0.7272727272727273,1.0,0.8743705652481898,0.7272727272727273,1.0,0.009851653853149012,0.0,0.0
106082,twin sheet set girls,16,0.941233297798857,0.625,1.0,0.96331803895032,0.625,1.0,-0.022084741151462972,0.0,0.0
106085,twin size camouflage sheet set,16,0.9744524468944666,0.625,1.0,0.9878431560618389,0.625,1.0,-0.013390709167372283,0.0,0.0
106140,two pack linen curtains,16,0.9041841211769328,0.625,1.0,0.901968467346777,0.625,1.0,0.0022156538301557616,0.0,0.0
106145,two piece bathing suits for girls size 8 9,16,0.9216017310213247,0.75,1.0,0.8415908474314976,0.6666666666666666,1.0,0.08001088358982711,0.08333333333333337,0.0
106163,two seat toddler tricycle,16,0.9295204907858209,0.625,1.0,0.9504318313235595,0.625,1.0,-0.020911340537738576,0.0,0.0
106170,two tier hamster cage,16,0.8333098665631552,0.625,1.0,0.8154765741606319,0.625,1.0,0.017833292402523293,0.0,0.0
106174,two tone dress,15,1.0,1.0,1.0,0.9828920819566878,1.0,1.0,0.017107918043312242,0.0,0.0
106198,tye die bandanas,16,0.9268283195968527,0.6666666666666666,1.0,0.9464620324915696,0.6666666666666666,1.0,-0.019633712894716826,0.0,0.0
106222,type b headphones adapter to aux,16,0.9656991747609192,0.625,1.0,0.8996327780722861,0.625,1.0,0.06606639668863301,0.0,0.0
106322,ubuntu linux laptop,16,0.8931181750461552,0.6428571428571429,1.0,0.7757675328550585,0.6428571428571429,1.0,0.1173506421910967,0.0,0.0
106333,ue boom 3,16,0.8314068155425693,0.5714285714285714,1.0,0.8658614443650419,0.5714285714285714,1.0,-0.03445462882247252,0.0,0.0
106401,ugly stik custom,16,0.9443789913005277,1.0,1.0,0.6751638861903543,0.875,0.3333333333333333,0.26921510511017344,0.125,0.6666666666666667
106405,ugly sweater jesus 1x women’s xl,16,0.42988824857102603,0.6,0.5,0.4738068300471766,0.8,0.3333333333333333,-0.043918581476150576,-0.20000000000000007,0.16666666666666669
106428,ukulele oscar schmidt,16,0.9716189607861263,0.625,1.0,0.9738672436737749,0.625,1.0,-0.002248282887648556,0.0,0.0
106606,under armour compression pants men,16,0.7855602322399045,0.6,1.0,0.7952054789678342,0.6,1.0,-0.009645246727929768,0.0,0.0
106704,under$15 paisley purses and handbags,16,0.9321376950951338,0.625,1.0,0.9008636626471187,0.625,1.0,0.03127403244801508,0.0,0.0
106727,undersink paper towel holder,16,0.866592978810331,0.625,1.0,0.8381657123202053,0.625,1.0,0.028427266490125724,0.0,0.0
106822,unicorn onesie adult xxl,16,0.8894542100291423,0.6666666666666666,1.0,0.8709024413430004,0.6666666666666666,1.0,0.018551768686141834,0.0,0.0
106834,unicorn shirt men funny,16,0.9547715182029446,0.625,1.0,0.9787930706003494,0.625,1.0,-0.024021552397404777,0.0,0.0
106913,united states of jihad,16,0.6131471927654584,0.5,1.0,0.6131471927654584,0.5,1.0,0.0,0.0,0.0
106930,universal diaper caddy with clips,16,0.9991031692211777,0.7692307692307693,1.0,0.8372618594218132,0.6153846153846154,1.0,0.1618413097993645,0.15384615384615385,0.0
106939,universal garage door opener,16,0.945099037339614,0.625,1.0,0.9471234905468496,0.625,1.0,-0.0020244532072356547,0.0,0.0
107083,upsde,16,0.8851417228218851,0.625,1.0,0.8757557806560736,0.625,1.0,0.009385942165811456,0.0,0.0
107191,usb 3.0 type a to micro a,16,0.5127003474928554,0.625,0.5,0.5564736152311264,0.5,1.0,-0.04377326773827095,0.125,-0.5
107206,usb a to c,16,0.441204277788623,0.6,0.25,0.4585453228483803,0.5,0.5,-0.01734104505975731,0.09999999999999998,-0.25
107281,usb charging cable ipad,16,0.8553475075669356,0.6153846153846154,1.0,0.8357804136936721,0.6153846153846154,1.0,0.019567093873263497,0.0,0.0
107341,usb nfc reader writer,16,0.9232798466477631,0.6,1.0,0.8640760478278494,0.6,1.0,0.05920379881991367,0.0,0.0
107498,usf bull patch,16,0.9607686373130876,1.0,1.0,0.7500059677816915,1.0,0.5,0.2107626695313961,0.0,0.5
107532,uti over the counter,41,0.7799597264157677,0.2962962962962963,1.0,0.8384293369914939,0.3333333333333333,1.0,-0.058469610575726194,-0.037037037037037035,0.0
107542,utility pants women,16,0.9191273815716655,0.625,1.0,0.925957390686689,0.625,1.0,-0.0068300091150235165,0.0,0.0
107563,utz chips no salt added,40,1.0,0.3225806451612903,1.0,1.0,0.3225806451612903,1.0,0.0,0.0,0.0
107578,uv protection arm and finger sleeves,16,0.8501603905117286,0.625,1.0,0.8640881151248351,0.625,1.0,-0.01392772461310643,0.0,0.0
107587,uva visor,16,0.9041530404729291,0.6923076923076923,1.0,0.8722577078427374,0.6923076923076923,1.0,0.03189533263019173,0.0,0.0
107700,vaginial tightening serum,16,0.9065559605225726,0.6,1.0,0.8248911165874062,0.6,0.5,0.08166484393516638,0.0,0.5
107779,valvoline premium blue extreme 5w40,16,0.8661538836654453,0.6923076923076923,1.0,0.7917084417943139,0.6153846153846154,1.0,0.07444544187113145,0.07692307692307687,0.0
107819,vanicream 3 pack,16,1.0,0.625,1.0,1.0,0.625,1.0,0.0,0.0,0.0
107856,vanity table without mirror with drawers,40,0.6766683956544345,0.21875,1.0,0.6526975046136735,0.25,1.0,0.023970891040761,-0.03125,0.0
107895,vans shoes men,34,0.933564588803294,0.29411764705882354,1.0,0.9543384299005628,0.29411764705882354,1.0,-0.020773841097268875,0.0,0.0
107897,vans strap shoes,16,0.9607076344908267,0.7692307692307693,1.0,0.8959325127938405,0.6923076923076923,1.0,0.0647751216969863,0.07692307692307698,0.0
107899,vans toddler clothes,16,0.2871532333067071,0.5,0.16666666666666666,0.26293661179112565,0.3333333333333333,0.3333333333333333,0.02421662151558146,0.16666666666666669,-0.16666666666666666
107914,vape without nicotine,41,0.7002393357734378,0.4,1.0,0.7904414922357792,0.4,1.0,-0.09020215646234142,0.0,0.0
107980,vases open on both ends,15,0.9939879474479294,1.0,1.0,0.8838189835510782,0.8333333333333334,1.0,0.11016896389685116,0.16666666666666663,0.0
108065,vegan pancakes,16,0.9141536948425277,0.625,1.0,0.9251290001389068,0.625,1.0,-0.010975305296379023,0.0,0.0
108201,vented bar door,16,0.8175295903539446,1.0,1.0,0.3868528072345416,0.5,0.5,0.430676783119403,0.5,0.5
108221,venu sq garmin watch,16,0.7187388150945169,0.5,0.5,0.7130793059270442,0.5,0.5,0.005659509167472709,0.0,0.0
108236,vera bradley duffel microfiber,16,0.8512360941594272,0.5714285714285714,1.0,0.841492960259019,0.5714285714285714,1.0,0.009743133900408263,0.0,0.0
108302,verticutter,16,0.8160348621784939,0.6666666666666666,1.0,0.9063533987246435,0.75,1.0,-0.09031853654614963,-0.08333333333333337,0.0
108339,vestido con short para mujer,23,0.792141855700309,0.47619047619047616,1.0,0.8233672466791357,0.47619047619047616,1.0,-0.031225390978826706,0.0,0.0
108377,vestidos colombianos sexy de mujer,23,0.955830517697074,0.6,1.0,0.7363927281858863,0.4,1.0,0.21943778951118764,0.19999999999999996,0.0
108403,veterans discount on purchases,16,0.49117205121962165,0.42857142857142855,1.0,0.39032290287815236,0.42857142857142855,0.5,0.1008491483414693,0.0,0.5
108461,vibe plug,16,0.8268133666517739,0.6153846153846154,1.0,0.9787930706003494,0.7692307692307693,1.0,-0.15197970394857552,-0.15384615384615385,0.0
108478,vibranting bullet massager,16,0.9504318313235595,0.625,1.0,1.0,0.625,1.0,-0.04956816867644054,0.0,0.0
108516,victor #00 welding tip,16,0.8781365423327235,0.7142857142857143,1.0,0.9290741459142807,0.8571428571428571,1.0,-0.05093760358155719,-0.1428571428571428,0.0
108618,vihuela,40,0.8824665955977139,0.34782608695652173,1.0,0.8726924496217513,0.34782608695652173,1.0,0.0097741459759626,0.0,0.0
108637,vikings season 6,16,0.8200674137227332,0.5714285714285714,1.0,0.868946723160725,0.6428571428571429,1.0,-0.04887930943799179,-0.07142857142857151,0.0
108738,vintage dresses flowy,16,0.9542323917331974,0.625,1.0,0.8862369978951139,0.625,1.0,0.0679953938380835,0.0,0.0
108874,virtual school kit,16,0.8279110931067362,0.7777777777777778,1.0,0.6866261235257975,0.6666666666666666,1.0,0.1412849695809386,0.11111111111111116,0.0
108910,visual store,16,0.8772153153380493,1.0,1.0,0.5802792108518124,1.0,0.5,0.29693610448623686,0.0,0.5
109052,vizio tv stand,22,0.6602330792470694,0.42857142857142855,1.0,0.7515796211048451,0.42857142857142855,1.0,-0.09134654185777569,0.0,0.0
109057,vlogging camera,21,0.9091099481035073,0.47619047619047616,1.0,0.9051835495894204,0.47619047619047616,1.0,0.003926398514086937,0.0,0.0
109093,voinpurse,16,0.96331803895032,0.625,1.0,0.9537125187088152,0.625,1.0,0.00960552024150474,0.0,0.0
109095,voip headsets,16,0.9676015348501776,0.625,1.0,0.9356306294840558,0.625,1.0,0.03197090536612179,0.0,0.0
109194,vowel workbooks for 2nd grade,16,0.745746055566632,0.5714285714285714,1.0,0.8454343914348066,0.6428571428571429,1.0,-0.0996883358681746,-0.07142857142857151,0.0
109375,waist trainer for women xs,16,0.8285719161899242,0.625,1.0,0.8346870265100178,0.625,1.0,-0.0061151103200935975,0.0,0.0
109428,walking dead compendium 4,16,0.9693310284275741,0.6666666666666666,1.0,0.987182011756103,0.6666666666666666,1.0,-0.017850983328528858,0.0,0.0
109537,wall mounted charging station,16,0.9454862044599013,0.6666666666666666,1.0,0.96331803895032,0.6666666666666666,1.0,-0.017831834490418697,0.0,0.0
109592,wall washing tools,40,0.9401742983047275,0.37037037037037035,1.0,0.626353167131226,0.25925925925925924,1.0,0.3138211311735015,0.1111111111111111,0.0
109596,wall-e robot,16,0.7478441332626443,0.6153846153846154,0.3333333333333333,0.7379023568483708,0.6153846153846154,0.3333333333333333,0.009941776414273518,0.0,0.0
109617,wallet purse,14,0.8584735739111159,0.7142857142857143,1.0,0.890135807967621,0.7142857142857143,1.0,-0.031662234056505145,0.0,0.0
109640,wallpaper scorer,16,0.7836742844649063,0.6666666666666666,1.0,0.7711692381567389,0.6666666666666666,1.0,0.0125050463081674,0.0,0.0
109679,war cartoons,14,0.9878431560618389,0.7142857142857143,1.0,0.9916434438239524,0.7142857142857143,1.0,-0.0038002877621134967,0.0,0.0
109699,warhammer paint,16,0.790642985979301,0.75,1.0,0.6363269406388868,0.625,0.3333333333333333,0.1543160453404142,0.125,0.6666666666666667
109775,washable stickers,16,0.9008636626471187,0.6666666666666666,1.0,0.9008636626471187,0.6666666666666666,1.0,0.0,0.0,0.0
109831,watch for working out,16,0.5975404927949567,0.8,0.5,0.5031911071899207,0.6,0.5,0.09434938560503603,0.20000000000000007,0.0
109848,watch walkie talkies for girls,16,0.9105007132627551,0.625,1.0,0.9346659795308913,0.625,1.0,-0.0241652662681362,0.0,0.0
109861,watches for men on sale clearance,29,0.9556493299547569,0.3448275862068966,1.0,0.9495342196346633,0.3448275862068966,1.0,0.0061151103200935975,0.0,0.0
109881,water bong for smoking,16,0.7125319143451311,0.5,1.0,0.6597826293752204,0.5,1.0,0.052749284969910715,0.0,0.0
109885,water bottle 1/2 gallon,16,0.9618254098361096,0.625,1.0,0.9373088340257888,0.625,1.0,0.02451657581032085,0.0,0.0
109927,water drain pipe sealant,16,0.8456034468057169,0.625,1.0,0.9223424638143088,0.625,1.0,-0.07673901700859198,0.0,0.0
109962,water jel hand sanitizer,16,0.902600658494056,0.6666666666666666,1.0,0.8241391040996432,0.6,1.0,0.07846155439441282,0.06666666666666665,0.0
109965,water jug cooler,16,1.0,0.625,1.0,1.0,0.625,1.0,0.0,0.0,0.0
109975,water pack,16,0.7899940464014837,0.625,1.0,0.8908330306223634,0.625,1.0,-0.10083898422087967,0.0,0.0
109993,water proof waist bag,16,0.977915258848537,0.625,1.0,0.9768562593544076,0.625,1.0,0.0010589994941294645,0.0,0.0
110003,water sandals for women,16,0.9537125187088152,0.625,1.0,0.9537125187088152,0.625,1.0,0.0,0.0,0.0
110008,water shoes kids,16,1.0,0.6666666666666666,1.0,0.96331803895032,0.6666666666666666,1.0,0.03668196104968002,0.0,0.0
110044,water turtle,16,0.8344165809934068,0.7142857142857143,1.0,0.8940127587040926,0.7142857142857143,1.0,-0.059596177710685816,0.0,0.0
110076,watercooled pc case,16,0.6555436346877693,0.7272727272727273,0.5,0.7048059717462049,0.6363636363636364,1.0,-0.049262337058435524,0.09090909090909094,-0.5
110241,wax strung,16,0.46601689276229835,0.8,0.25,0.33794386966163265,0.6,0.2,0.1280730231006657,0.20000000000000007,0.04999999999999999
110321,we're not really strangers,56,0.6783757471361892,0.1891891891891892,1.0,0.7554832681877474,0.1891891891891892,1.0,-0.07710752105155816,0.0,0.0
110343,weather theme cutout,16,0.853026556889711,0.6,1.0,0.9223424638143088,0.6666666666666666,1.0,-0.06931590692459788,-0.06666666666666665,0.0
110359,web absorber cut to fit odor control air filter with carbon,16,0.9877841797012169,0.6666666666666666,1.0,1.0,0.6666666666666666,1.0,-0.012215820298783098,0.0,0.0
110400,weber jumbo joe charcoal grill 18 inch black,16,0.8774290636629704,0.6,1.0,0.891922879295034,0.6,1.0,-0.014493815632063645,0.0,0.0
110406,weber summit grill light,26,0.6698623505528798,0.7,0.5,0.5793627397361659,0.5,1.0,0.09049961081671387,0.19999999999999996,-0.5
110464,wedding shoes,16,0.9072672767940164,0.6666666666666666,1.0,0.8629166067487734,0.6666666666666666,1.0,0.04435067004524307,0.0,0.0
110466,wedding shoes for broad maids,15,0.8424666500137354,0.6923076923076923,1.0,0.7798415329491293,0.6153846153846154,1.0,0.06262511706460616,0.07692307692307687,0.0
110470,wedding table number stickers,16,0.9074115227467621,0.6,1.0,0.8783815335790232,0.6,1.0,0.029029989167738912,0.0,0.0
110498,weed killer not grass,15,0.6830292130202474,0.8888888888888888,0.5,0.6830292130202474,0.8888888888888888,0.5,0.0,0.0,0.0
110500,weed money box,40,0.7102229685368495,0.35,1.0,0.7332617265420897,0.4,1.0,-0.023038758005240134,-0.050000000000000044,0.0
110632,welding hood with fan,40,0.5396690044441607,0.1935483870967742,0.5,0.4394921506666065,0.1935483870967742,0.25,0.10017685377755414,0.0,0.25
110640,well pressure tank,16,0.9432379215722527,0.6428571428571429,1.0,0.9368077570869662,0.6428571428571429,1.0,0.006430164485286549,0.0,0.0
110642,well waterbottle,16,0.9239166642947431,0.625,1.0,0.9212500284989031,0.625,1.0,0.0026666357958399223,0.0,0.0
110648,wella hair gel,16,0.6261088154745572,0.4,1.0,0.6292944776972698,0.4,1.0,-0.0031856622227125486,0.0,0.0
110654,weller spg40 tips,16,0.9527304837512485,0.625,1.0,0.9215866686560925,0.625,1.0,0.031143815095155958,0.0,0.0
110655,weller w100pg soldering iron,16,0.9533497162960899,0.6,1.0,0.9533497162960899,0.6,1.0,0.0,0.0,0.0
110674,wen bandsaw,40,0.8288238167499891,0.2702702702702703,1.0,0.9355014000492359,0.24324324324324326,1.0,-0.10667758329924681,0.02702702702702703,0.0
110718,westie luggage tags,14,0.96331803895032,0.7692307692307693,1.0,0.9325055893091646,0.7692307692307693,1.0,0.03081244964115537,0.0,0.0
110788,what was books,16,0.8982550386867663,0.625,1.0,0.9005033215744148,0.625,1.0,-0.002248282887648556,0.0,0.0
110869,whey protein without sugar,40,0.942271122217258,0.2702702702702703,1.0,1.0,0.2702702702702703,1.0,-0.05772887778274205,0.0,0.0
110889,whirlpool steam shower generator,40,0.8269999400448503,0.3225806451612903,1.0,0.8067267547115275,0.3225806451612903,1.0,0.020273185333322785,0.0,0.0
110916,whistles without lanyard,40,0.6791458875766248,0.2647058823529412,1.0,0.7709944973823003,0.29411764705882354,1.0,-0.09184860980567555,-0.02941176470588236,0.0
110920,white 2 black extreme tanning lotion,39,0.9061209324228746,0.2702702702702703,1.0,0.9716189607861263,0.2702702702702703,1.0,-0.06549802836325169,0.0,0.0
110951,white balusters,16,0.8862181080179797,0.6,1.0,0.8320652264016293,0.6,0.5,0.05415288161635046,0.0,0.5
110989,white bridesmaid dress,16,0.8383865342971615,0.625,1.0,0.8398711706687485,0.625,1.0,-0.0014846363715870226,0.0,0.0
110997,white cami tank tops for women,16,0.8854344362026183,0.625,1.0,0.8633496950511552,0.625,1.0,0.022084741151463083,0.0,0.0
110998,white camo pants,16,0.7800955628772291,0.625,1.0,0.7800955628772291,0.625,1.0,0.0,0.0,0.0
111051,white coveralls for women cotton,16,0.8770326465316313,0.75,1.0,0.8913403640578766,0.75,1.0,-0.014307717526245378,0.0,0.0
111062,white curtains 118 inches long,16,0.8370840133533384,0.6923076923076923,1.0,0.881751275468161,0.6923076923076923,1.0,-0.04466726211482264,0.0,0.0
111095,white entry storage bench,16,0.8837780904947264,0.625,1.0,0.8529008843665362,0.625,1.0,0.030877206128190227,0.0,0.0
111133,white grand piano,16,0.9695254545035652,0.625,1.0,0.9821490166714711,0.625,1.0,-0.012623562167905944,0.0,0.0
111153,white jeans for women high waisted,16,0.9381280014977031,0.625,1.0,0.9402026423625891,0.625,1.0,-0.002074640864885957,0.0,0.0
111174,white leather vans men slippers,10,0.9813162632348015,1.0,1.0,0.9722340851332467,1.0,1.0,0.009082178101554761,0.0,0.0
111177,white linen and lace dress,16,0.9821490166714711,0.6666666666666666,1.0,0.8900887482683919,0.6,1.0,0.09206026840307924,0.06666666666666665,0.0
111179,white linen shorts for women,16,0.842911270824633,0.75,1.0,0.8000546687728995,0.6666666666666666,1.0,0.04285660205173347,0.08333333333333337,0.0
111219,white oak bark oil,16,0.6857105227120389,0.7777777777777778,1.0,0.7191015005800119,0.7777777777777778,1.0,-0.03339097786797296,0.0,0.0
111258,white popsocket,16,0.9605453972156188,0.625,1.0,0.9776834435143988,0.625,1.0,-0.01713804629878002,0.0,0.0
111277,white sapphire engagement ring,16,0.9495342196346633,0.625,1.0,0.9452601378978908,0.625,1.0,0.0042740817367725725,0.0,0.0
111308,white slip on vans size 6 womens,16,0.8165381893113158,0.5833333333333334,1.0,0.8317148064085377,0.6666666666666666,1.0,-0.015176617097221845,-0.08333333333333326,0.0
111329,white star tights,16,0.9374519351039698,0.6428571428571429,1.0,0.8668257833666463,0.5714285714285714,1.0,0.07062615173732356,0.07142857142857151,0.0
111336,white strobe lights,16,0.8652019160164617,0.625,1.0,0.8354253865481059,0.625,1.0,0.02977652946835574,0.0,0.0
111375,white tulle costume dress,16,0.8596765396972179,0.625,1.0,0.870432700992353,0.625,1.0,-0.010756161295135125,0.0,0.0
111479,why were not emergent,17,0.7908387778091585,0.7142857142857143,1.0,0.8020378746650066,0.7142857142857143,1.0,-0.01119909685584819,0.0,0.0
111501,wicker wall shelf,40,0.8606199384889828,0.30303030303030304,1.0,0.8534245485589175,0.2727272727272727,1.0,0.007195389930065299,0.03030303030303033,0.0
111540,wide women’s shoes,16,0.3028124283986501,0.6666666666666666,0.16666666666666666,0.618890676363047,1.0,0.5,-0.3160782479643969,-0.33333333333333337,-0.33333333333333337
111575,wifi printer,26,0.9507235030281824,0.38461538461538464,1.0,0.8094550156433654,0.38461538461538464,1.0,0.141268487384817,0.0,0.0
111592,wifi vibrating egg,16,0.4510645767306554,0.5,0.5,0.5483047853942514,0.5,1.0,-0.097240208663596,0.0,-0.5
111714,william boardman,16,0.8924244579842303,0.625,1.0,0.8946727408718789,0.625,1.0,-0.002248282887648556,0.0,0.0
111737,wilson cell amplifier,16,0.7907529551554804,0.625,1.0,0.8228789105038483,0.625,1.0,-0.03212595534836793,0.0,0.0
111768,wind maps i-vii,12,1.0,1.0,1.0,0.9203346894967079,1.0,1.0,0.07966531050329206,0.0,0.0
111807,window cranks,16,0.9074250374176304,0.6428571428571429,1.0,0.8829703967178437,0.6428571428571429,1.0,0.024454640699786645,0.0,0.0
111852,window track guide,16,0.9154778134745165,1.0,1.0,0.8513954426881779,0.8333333333333334,1.0,0.0640823707863386,0.16666666666666663,0.0
111955,wing bolts 3/8,16,0.6106838557420622,0.6666666666666666,0.25,0.5665975753587733,0.5555555555555556,0.25,0.04408628038328888,0.11111111111111105,0.0
111973,wink white lotion,41,0.680263868774312,0.2571428571428571,1.0,0.795516754764233,0.2857142857142857,1.0,-0.115252885989921,-0.02857142857142858,0.0
111983,winnie the pooh little people,16,0.92663607790064,0.625,1.0,0.9537125187088152,0.625,1.0,-0.027076440808175284,0.0,0.0
111986,winning is not everything,15,0.9425282231339238,1.0,1.0,0.8583037972242924,0.8,1.0,0.08422442590963142,0.19999999999999996,0.0
111992,winsor and newton cotman watercolor,16,0.9477344873475498,0.6,1.0,0.9136640164413737,0.6,1.0,0.0340704709061761,0.0,0.0
112009,winter cozy toddler girl clothes,16,0.7515271944880462,0.6428571428571429,0.5,0.6297197083489875,0.5714285714285714,0.5,0.12180748613905867,0.07142857142857151,0.0
112041,winter ski half mask,16,0.9138900830033844,0.625,1.0,0.9452601378978908,0.625,1.0,-0.031370054894506394,0.0,0.0
112076,wipex natural gym & fitness equipment wipes,16,0.7868709706203587,0.7142857142857143,1.0,0.8847838959703267,0.8571428571428571,1.0,-0.09791292534996798,-0.1428571428571428,0.0
112090,wire rectangular basket large,16,0.8749985875209461,0.625,1.0,0.9286322901092242,0.625,1.0,-0.053633702588278154,0.0,0.0
112117,wired router without wifi,16,0.7540506406841295,0.6,1.0,0.8401052391428399,0.6,1.0,-0.08605459845871033,0.0,0.0
112137,wireless charger case xr heavy duty,16,0.8739707121134177,0.8888888888888888,1.0,0.8850568467474753,0.8888888888888888,1.0,-0.01108613463405761,0.0,0.0
112162,wireless earbuds with microphone,16,0.9363792118010482,0.9,1.0,0.9363792118010482,0.9,1.0,0.0,0.0,0.0
112221,wireless mouse without usb receiver,16,0.8854344362026183,0.625,1.0,0.8937353580384246,0.625,1.0,-0.00830092183580633,0.0,0.0
112269,wisdom of your cells,11,0.960389757104676,0.9090909090909091,1.0,0.9368993152931379,0.9090909090909091,1.0,0.023490441811538143,0.0,0.0
112294,witch hazel wipes,16,0.8612130125490696,0.6,1.0,0.9256052001489634,0.6666666666666666,1.0,-0.06439218759989385,-0.06666666666666665,0.0
112327,wizgear magnetic mount,16,0.9221163972522983,0.625,1.0,0.9005033215744148,0.625,1.0,0.02161307567788351,0.0,0.0
112344,wockoder vinyl record player,16,1.0,0.625,1.0,1.0,0.625,1.0,0.0,0.0,0.0
112349,wok burners for cooking,16,0.8483091121106353,0.5714285714285714,1.0,0.8316700313958024,0.5714285714285714,1.0,0.016639080714832888,0.0,0.0
112352,wok stove,40,0.5076288161633667,0.13636363636363635,1.0,0.534207757499908,0.18181818181818182,1.0,-0.026578941336541262,-0.04545454545454547,0.0
112355,woke up sexy as hell again coffee mug,40,0.9180895571532646,0.2564102564102564,1.0,0.9272682907408835,0.2564102564102564,1.0,-0.009178733587618892,0.0,0.0
112384,woman auburn shirt,16,0.9216017310213247,0.6923076923076923,1.0,0.7289115290270202,0.6153846153846154,1.0,0.19269020199430453,0.07692307692307687,0.0
112402,woman shoes open toe pump,16,0.8357804136936721,0.6153846153846154,1.0,0.8899541168509599,0.6923076923076923,1.0,-0.05417370315728787,-0.07692307692307687,0.0
112414,woman within polo shirts with elbow sleeves,16,0.9722340851332467,0.625,1.0,0.9305771987116873,0.625,1.0,0.0416568864215594,0.0,0.0
112624,women seamless 1/2 zip pullover,16,0.8654463391429171,0.75,1.0,0.80511538178439,0.6666666666666666,1.0,0.060330957358527115,0.08333333333333337,0.0
112750,women's neck tshirt,16,0.920186381065795,0.625,1.0,0.8895869012787158,0.625,1.0,0.03059947978707922,0.0,0.0
112791,women's ultra boost 20,16,0.9261551510738728,0.625,1.0,0.9502477611198408,0.625,1.0,-0.024092610045967966,0.0,0.0
112828,womens baggy oants,16,0.8809803793232499,0.625,1.0,0.9537915794915526,0.625,1.0,-0.07281120016830267,0.0,0.0
112910,womens cintage,16,0.9363792118010482,0.9,1.0,0.7975167679274938,0.8,1.0,0.1388624438735544,0.09999999999999998,0.0
112922,womens columbian jeans,16,0.918592113865501,0.7142857142857143,1.0,0.7537544317017733,0.6428571428571429,1.0,0.16483768216372774,0.0714285714285714,0.0
112927,womens converse sneakers,16,0.6788289612321561,0.5,1.0,0.813695672542209,0.6666666666666666,1.0,-0.1348667113100529,-0.16666666666666663,0.0
113018,womens hats winter,15,0.9322536887490998,0.7692307692307693,1.0,0.8515622580630822,0.6923076923076923,1.0,0.08069143068601758,0.07692307692307698,0.0
113039,womens ivory leggings,16,0.9974537474936096,0.6666666666666666,1.0,0.9216957602114386,0.6,1.0,0.07575798728217098,0.06666666666666665,0.0
113045,womens jeans size 16 bootcut stretch,16,0.9322536887490998,0.625,1.0,0.9179380981781464,0.625,1.0,0.01431559057095333,0.0,0.0
113059,womens learher skirt brown,16,0.9234835663289974,0.6666666666666666,1.0,0.9234835663289974,0.6666666666666666,1.0,0.0,0.0,0.0
113109,womens neck tops plus size,16,0.7266856379359916,0.6,0.5,0.7642588372934912,0.6,1.0,-0.03757319935749959,0.0,-0.5
113127,womens one piece tummy control swimsuits,16,0.9730367401053003,0.625,1.0,0.9754579868626665,0.625,1.0,-0.0024212467573662133,0.0,0.0
113146,womens petite dresses,16,0.9174487478283276,0.625,1.0,0.8880156958269811,0.625,1.0,0.029433052001346494,0.0,0.0
113201,womens running shoes 10.5,16,0.8246176274364745,1.0,1.0,0.7717359337986595,1.0,1.0,0.05288169363781503,0.0,0.0
113234,womens shirt dress,16,0.9275797623825901,0.7692307692307693,1.0,0.8581485404458128,0.6923076923076923,1.0,0.06943122193677731,0.07692307692307698,0.0
113263,womens sketchers walking sneakers,16,0.9431240331897102,0.625,1.0,0.8765611617951722,0.625,1.0,0.06656287139453798,0.0,0.0
113336,womens tankini swimsuit shorts,16,0.8844391176654757,0.6,1.0,0.8842641587947232,0.6,1.0,0.00017495887075247296,0.0,0.0
113354,womens tops clearance,16,0.8397585434315616,0.6,1.0,0.9606536523804245,0.6666666666666666,1.0,-0.1208951089488629,-0.06666666666666665,0.0
113369,womens underwear cotton no visable lines,16,0.932715188505141,0.7692307692307693,1.0,0.7865763921416886,0.6153846153846154,1.0,0.1461387963634524,0.15384615384615385,0.0
113389,womens white hobo purses,15,0.857207008727375,0.6666666666666666,1.0,0.9114459114389492,0.6666666666666666,1.0,-0.054238902711574166,0.0,0.0
113395,womens wide sandals,16,0.9057971386664802,0.625,1.0,0.9334929301469999,0.625,1.0,-0.027695791480519705,0.0,0.0
113421,womens yellow car accesories,16,0.9715777996455635,0.6666666666666666,1.0,0.9507988467774063,0.6666666666666666,1.0,0.02077895286815712,0.0,0.0
113503,wood desk chairs without wheels,40,0.5779246191508938,0.20689655172413793,1.0,0.5463980869411289,0.2413793103448276,0.5,0.03152653220976487,-0.03448275862068967,0.5
113507,wood dresser 6 drawer 35 tall,16,0.9097552128661767,0.625,1.0,0.9426109793585165,0.625,1.0,-0.03285576649233979,0.0,0.0
113541,wood pecker tools,16,0.977915258848537,0.625,1.0,0.948475220140534,0.625,1.0,0.029440038708003047,0.0,0.0
113566,wood spaghetti spoon,16,0.995553227704349,0.625,1.0,0.9616701261829397,0.625,1.0,0.033883101521409276,0.0,0.0
113568,wood stain for crafts,16,0.8603818544462509,0.7272727272727273,1.0,0.6621137423456802,0.5454545454545454,1.0,0.19826811210057071,0.18181818181818188,0.0
113572,wood steamer,16,0.8502318785127561,0.8333333333333334,1.0,0.7977926420980818,0.8333333333333334,1.0,0.052439236414674295,0.0,0.0
113597,woodard patio,40,0.833168923550168,0.36,1.0,0.8284038251555417,0.28,1.0,0.004765098394626355,0.07999999999999996,0.0
113643,wooden gazebo,16,0.8108582970019788,0.5714285714285714,0.5,0.9054291485009893,0.6428571428571429,1.0,-0.09457085149901057,-0.07142857142857151,-0.5
113743,wool bucket hat,16,0.890740357832808,0.8888888888888888,1.0,0.8706956297234143,0.8888888888888888,1.0,0.020044728109393728,0.0,0.0
113746,wool columbia socks women,16,0.872289853781429,0.8571428571428571,1.0,0.9377523456603784,1.0,1.0,-0.06546249187894937,-0.1428571428571429,0.0
113825,work sneakers,16,0.9580068481138779,0.625,1.0,0.9626765698115026,0.625,1.0,-0.004669721697624696,0.0,0.0
113840,work without jobs,16,0.7707175870220598,0.8333333333333334,1.0,0.5605845919317374,0.6666666666666666,1.0,0.21013299509032246,0.16666666666666674,0.0
113874,workout leitords,16,0.5817271694072151,0.5,0.3333333333333333,0.6708806426217223,0.5833333333333334,0.5,-0.08915347321450717,-0.08333333333333337,-0.16666666666666669
113946,would you dare book,16,0.6565279776732388,0.6,1.0,0.8224648050235988,1.0,1.0,-0.16593682735035997,-0.4,0.0
113952,woven beach blanket,16,0.930478310365047,0.6666666666666666,1.0,0.9661204474833889,0.6666666666666666,1.0,-0.035642137118341854,0.0,0.0
113985,wrangler jeans 47mwz regular fit,16,0.9435593591982605,0.625,1.0,0.9435593591982605,0.625,1.0,0.0,0.0,0.0
114059,wrist lanyard black,16,0.9176564688508827,0.625,1.0,0.9218644966922334,0.625,1.0,-0.004208027841350659,0.0,0.0
114077,wristlet wallet with cell phone holder leather,16,0.9218644966922334,0.625,1.0,0.9716189607861263,0.625,1.0,-0.04975446409389295,0.0,0.0
114145,wwe throw blanket,16,0.685119869332369,0.6153846153846154,0.5,0.6698623505528798,0.6153846153846154,0.5,0.01525751877948922,0.0,0.0
114147,wwe toys of seth rollins with championships,16,0.8409305485502252,0.5714285714285714,1.0,0.8898398299497986,0.6428571428571429,1.0,-0.0489092813995734,-0.07142857142857151,0.0
114178,x light,39,0.4777539875088262,0.26666666666666666,1.0,0.31150274814184786,0.26666666666666666,0.5,0.16625123936697833,0.0,0.5
114193,x-plane 7,16,0.5998074267955051,0.625,1.0,0.6120756997338686,0.625,1.0,-0.012268272938363411,0.0,0.0
114197,x-ray shield,16,0.9517825025223118,0.7692307692307693,1.0,0.8965769230603279,0.6923076923076923,1.0,0.0552055794619839,0.07692307692307698,0.0
114206,x370 gaming m7,16,0.8714689666334013,0.6923076923076923,1.0,0.9166271233724493,0.6923076923076923,1.0,-0.045158156739047994,0.0,0.0
114213,x570 strix wifi,16,0.8906568942457544,0.6,1.0,0.8977616707831991,0.6,1.0,-0.007104776537444679,0.0,0.0
114217,x900h sony tv,16,0.900910276853416,0.625,1.0,0.8659313141310768,0.625,1.0,0.034978962722339135,0.0,0.0
114307,xbox one sport red controller,16,0.9209837560776292,0.5714285714285714,1.0,0.9490653000807519,0.6428571428571429,1.0,-0.028081544003122683,-0.07142857142857151,0.0
114343,xenoblade chronicles,16,0.950978686840275,0.7692307692307693,1.0,0.8898205450727548,0.6923076923076923,1.0,0.06115814176752021,0.07692307692307698,0.0
114457,xl bass strings,16,0.9554289676024135,0.625,1.0,0.9554289676024135,0.625,1.0,0.0,0.0,0.0
114479,xl twin sheets for kids,16,0.877498822220854,0.625,1.0,0.9270926202210333,0.625,1.0,-0.04959379800017938,0.0,0.0
114567,xs black fitted hat,40,0.8301145698394728,0.23076923076923078,1.0,0.8854344362026183,0.2564102564102564,1.0,-0.055319866363145453,-0.025641025641025605,0.0
114584,xs womens shirts,16,0.888724126032154,0.6428571428571429,1.0,0.9021496550890941,0.6428571428571429,1.0,-0.013425529056940055,0.0,0.0
114587,xsmall ean overalls women,14,0.7777061538487878,1.0,1.0,0.8395700624665826,1.0,1.0,-0.06186390861779478,0.0,0.0
114622,xxl club dress,40,0.9262688623283958,0.2564102564102564,1.0,0.941233297798857,0.2564102564102564,1.0,-0.014964435470461224,0.0,0.0
114666,y strap neck chiropractor,11,0.8602146043048639,1.0,0.5,0.873985613178944,1.0,0.5,-0.013771008874080115,0.0,0.0
114673,y740 legion 15 inch gaming laptop,16,0.8501002095349773,0.625,1.0,0.8230187154559654,0.625,1.0,0.027081494079011947,0.0,0.0
114690,yakima mako,16,0.8808121325134167,0.6428571428571429,1.0,0.7817964736990565,0.5714285714285714,1.0,0.09901565881436025,0.07142857142857151,0.0
114694,yakima wind fairing,16,0.7740046349079969,0.5833333333333334,1.0,0.6541219638069231,0.5833333333333334,0.5,0.11988267110107376,0.0,0.5
114703,yamaha drums,16,0.9906634091452551,1.0,1.0,0.9854778313888839,1.0,1.0,0.005185577756371185,0.0,0.0
114708,yamaha inverter generator,16,0.9339091084314125,0.625,1.0,0.9339091084314125,0.625,1.0,0.0,0.0,0.0
114713,yamaha ls9 mixer,16,0.9949835997873518,1.0,1.0,0.6266227237045702,0.5,0.3333333333333333,0.3683608760827817,0.5,0.6666666666666667
114725,yamaha vstar 650 rear fender,16,0.8194059334775047,1.0,0.5,0.8335195103040127,0.8571428571428571,0.5,-0.014113576826508045,0.1428571428571429,0.0
114736,yananas,15,0.8963614699861889,0.6666666666666666,1.0,0.8972054005134406,0.75,1.0,-0.000843930527251624,-0.08333333333333337,0.0
114769,yard mosquito killer,11,0.9185536283579023,1.0,1.0,0.9913646294746147,1.0,1.0,-0.07281100111671235,0.0,0.0
114770,yard movie screen,16,0.9851429892008043,0.625,1.0,0.9899138256111094,0.625,1.0,-0.004770836410305068,0.0,0.0
114798,year without santa clause,40,1.0,0.47619047619047616,1.0,1.0,0.47619047619047616,1.0,0.0,0.0,0.0
114831,yellow butterfly car charm,16,0.9087590400876402,0.7692307692307693,1.0,0.7857602644973344,0.6153846153846154,1.0,0.12299877559030581,0.15384615384615385,0.0
114841,yellow desert rose adenium obesum live plant,16,0.9346659795308913,0.625,1.0,0.9692201653995299,0.625,1.0,-0.034554185868638676,0.0,0.0
114867,yellow kurtis for women,16,0.9033343603277788,0.6666666666666666,1.0,0.8978600706126488,0.6666666666666666,1.0,0.005474289715129976,0.0,0.0
114880,yellow pads 8.5 x 11,40,0.8094550156433654,0.25,1.0,0.7998562904612991,0.25,1.0,0.009598725182066281,0.0,0.0
114943,yeti 400 power supply,16,0.858576510102488,0.6923076923076923,0.5,0.828140452285552,0.6923076923076923,0.5,0.030436057816936035,0.0,0.0
114959,yeti for kids,40,0.9720075540143143,0.2857142857142857,1.0,0.9685287252979218,0.2857142857142857,1.0,0.0034788287163924903,0.0,0.0
114962,yeti lowball rambler,40,0.9575861412006988,0.24324324324324326,1.0,0.9787930706003494,0.2702702702702703,1.0,-0.02120692939965052,-0.02702702702702703,0.0
114964,yeti mug,16,0.8482378089219647,0.6153846153846154,1.0,0.92663607790064,0.6923076923076923,1.0,-0.0783982689786753,-0.07692307692307687,0.0
114967,yeti rambler 10 oz wine tumbler,16,0.8852714251900263,0.5714285714285714,1.0,0.9403062338700192,0.6428571428571429,1.0,-0.055034808679992886,-0.07142857142857151,0.0
115009,yocheerful,39,0.6812060741152738,0.25,1.0,0.9092911358458243,0.32142857142857145,1.0,-0.22808506173055054,-0.07142857142857145,0.0
115020,yoga ball chair for kids,16,0.9275797623825901,0.625,1.0,0.9537125187088152,0.625,1.0,-0.026132756326225137,0.0,0.0
115151,your closet detox tea,40,0.8127622980251433,0.2702702702702703,1.0,0.7852590705630821,0.2702702702702703,1.0,0.02750322746206124,0.0,0.0
115237,ysl handbags for women,16,0.9124780706187365,0.9,1.0,0.5013955078335874,0.7,0.3333333333333333,0.4110825627851491,0.20000000000000007,0.6666666666666667
115341,zac brown band cd welcome home,8,0.9455588561690778,1.0,1.0,0.9901541049121547,1.0,1.0,-0.044595248743076965,0.0,0.0
115552,zebco bite alert,16,0.8742434014402578,0.625,1.0,0.8445293798418667,0.625,1.0,0.029714021598391094,0.0,0.0
115564,zebra sarasa clip .7,16,0.8790016043358526,0.625,1.0,0.8967504210171807,0.625,1.0,-0.017748816681328106,0.0,0.0
115566,zebra zd410 printer,16,0.9642163786893302,0.6666666666666666,1.0,0.9892280566320075,0.6666666666666666,1.0,-0.025011677942677335,0.0,0.0
115607,zen dry brush,42,0.6650116659132728,0.19444444444444445,1.0,0.7404724119251633,0.2222222222222222,1.0,-0.07546074601189057,-0.027777777777777762,0.0
115652,zero turn mowers clearance,16,0.8926382747840401,0.6666666666666666,1.0,0.8108582970019788,0.6666666666666666,0.5,0.08177997778206136,0.0,0.5
115676,zesty paws 8 in 1 multivitamin bites,34,0.7867209022146306,0.34615384615384615,1.0,0.7965551230477547,0.34615384615384615,1.0,-0.009834220833124019,0.0,0.0
115735,zip up nightgowns for women,14,0.9427348191973566,0.7142857142857143,1.0,0.9366419569529215,0.7142857142857143,1.0,0.00609286224443506,0.0,0.0
115797,zippy paws leash,16,0.9289180756985237,0.6,1.0,0.8133988651843592,0.6,0.5,0.11551921051416447,0.0,0.5
115803,zkittles bags,39,0.6309869405702286,0.38461538461538464,1.0,0.6724417857876515,0.38461538461538464,1.0,-0.04145484521742282,0.0,0.0
115808,zodiac,27,0.7411902110103872,0.5,1.0,0.7353797772725618,0.5,1.0,0.005810433737825416,0.0,0.0
115861,zoomies pants for men,16,0.7031741134068104,0.6363636363636364,1.0,0.747650212474563,0.7272727272727273,1.0,-0.04447609906775263,-0.09090909090909094,0.0
115921,zxi 900,40,0.5577902588358441,0.375,0.5,0.6169352309446219,0.5,0.5,-0.05914497210877778,-0.125,0.0
115956,“cloth and stone”,16,0.9307066738505995,0.625,1.0,0.9008636626471187,0.625,1.0,0.029843011203480763,0.0,0.0
